Iteration	Posterior	Likelihood	Prior	beta_scale	matrix_probs[1]	matrix_probs[2]	matrix_probs[3]	matrix_probs[4]	rate_log_sd	tree_length
0	-3882.207	-4142.933	260.7265	0.6971846	0.485776	0.297214	0.144087	0.0729236	1.504136	2.670474
6	-3883.876	-4144.435	260.5584	0.7576721	0.460061	0.256073	0.191565	0.0923003	1.542774	2.710726
12	-3870.676	-4131.949	261.2733	0.7067258	0.504143	0.179485	0.215228	0.101144	1.667981	2.217121
18	-3887.301	-4148.412	261.1104	0.7067258	0.404793	0.359012	0.185937	0.0502585	1.794692	2.24045
24	-3883.557	-4144.704	261.1471	0.7846243	0.541573	0.191865	0.174787	0.0917747	1.703376	2.222597
30	-3892.059	-4153.356	261.2972	0.736589	0.466334	0.308614	0.137644	0.0874086	1.758697	2.122077
36	-3890.448	-4151.633	261.1855	0.7609438	0.34863	0.268081	0.279852	0.103437	1.818586	2.13914
42	-3895.403	-4156.672	261.2683	0.7609438	0.517497	0.198581	0.207301	0.0766213	1.818586	2.084891
48	-3906.822	-4167.853	261.0306	0.7848143	0.494403	0.205205	0.225244	0.0751478	1.707423	2.294703
54	-3914.486	-4176.014	261.5286	0.6830205	0.518592	0.215245	0.236264	0.0298987	1.651073	2.078102
60	-3910.932	-4172.127	261.195	0.687801	0.528061	0.200224	0.243903	0.0278122	1.676086	2.275149
66	-3904.143	-4165.228	261.0843	0.687801	0.49691	0.247403	0.229515	0.0261716	1.660719	2.355545
72	-3916.709	-4179.003	262.294	0.637559	0.41625	0.328007	0.153381	0.102361	2.141209	1.199725
78	-3900.041	-4162.078	262.0367	0.6333912	0.391495	0.3085	0.203731	0.0962737	2.075487	1.462442
84	-3885.599	-4147.517	261.9181	0.7507282	0.463558	0.308139	0.114308	0.113995	1.983775	1.527143
90	-3909.042	-4171.05	262.0085	0.8097936	0.439626	0.239429	0.18977	0.131175	1.890561	1.482743
96	-3910.688	-4172.86	262.1716	0.7443617	0.49269	0.236733	0.15092	0.119657	2.005415	1.320087
102	-3920.907	-4182.89	261.9829	0.9025587	0.512965	0.272567	0.15713	0.057338	2.089073	1.271288
108	-3903.969	-4166.098	262.1296	0.9025587	0.563701	0.302262	0.112074	0.0219632	2.019104	1.206993
114	-3915.967	-4178.556	262.5889	0.5682751	0.588393	0.180748	0.176675	0.0541839	2.372245	0.7127894
120	-3911.232	-4173.709	262.4761	0.6919802	0.435301	0.256931	0.163405	0.144363	2.02923	1.086071
126	-3900.689	-4163.191	262.5023	0.6919802	0.441082	0.247062	0.165575	0.14628	2.167332	0.9220567
132	-3908.293	-4170.509	262.2158	0.7085035	0.436767	0.328412	0.15566	0.0791602	2.09332	1.242837
138	-3895.772	-4158.008	262.2361	0.7633802	0.494401	0.244852	0.172847	0.0879002	2.120318	1.15243
144	-3900.369	-4162.613	262.2434	0.8238135	0.483701	0.239147	0.190012	0.0871394	2.194479	1.017924
150	-3910.804	-4173.334	262.53	0.6203376	0.376883	0.411546	0.193783	0.0177874	2.179499	0.9604298
156	-3905.081	-4167.597	262.5162	0.6292561	0.437151	0.400186	0.142031	0.0206317	2.091716	1.05206
162	-3890.495	-4152.916	262.4202	0.7361805	0.423176	0.294052	0.220783	0.0619891	2.190755	0.9348782
168	-3897.976	-4160.49	262.5147	0.6548504	0.419585	0.291556	0.227396	0.061463	2.201346	0.914299
174	-3892.854	-4155.38	262.5255	0.5462772	0.431142	0.285751	0.222868	0.0602391	2.2569	0.96494
180	-3898.568	-4160.828	262.2603	0.6910174	0.385518	0.406657	0.140138	0.0676867	2.195474	1.132092
186	-3897.894	-4160.226	262.3321	0.6991464	0.385518	0.406657	0.140138	0.0676867	2.135139	1.114023
192	-3901.865	-4164.207	262.3413	0.6990864	0.445922	0.254979	0.222543	0.0765553	2.069128	1.164676
198	-3912.32	-4174.728	262.4083	0.6904957	0.466324	0.228883	0.22476	0.0800336	2.296185	0.8848374
204	-3902.359	-4164.793	262.4345	0.6584836	0.41968	0.33952	0.17757	0.0632302	2.253492	0.9405055
210	-3899.968	-4162.278	262.3096	0.7548786	0.453348	0.314509	0.191307	0.0408359	2.146893	1.069575
216	-3902.814	-4164.719	261.9052	0.7560439	0.456653	0.350087	0.152127	0.0411336	2.092026	1.451091
222	-3891.321	-4153.229	261.9077	0.7762476	0.456653	0.350087	0.152127	0.0411336	2.059474	1.457794
228	-3890.338	-4152.447	262.1091	0.6637578	0.518108	0.192921	0.177752	0.111218	1.869047	1.538822
234	-3889.84	-4152.001	262.1603	0.6637578	0.500801	0.297349	0.17439	0.0274602	1.973309	1.42145
240	-3887.262	-4148.945	261.6832	0.8909412	0.394791	0.329303	0.236644	0.0392624	2.001453	1.579433
246	-3885.663	-4147.618	261.955	0.6778689	0.448215	0.290027	0.245806	0.0159521	1.946232	1.584443
252	-3894.455	-4156.49	262.0352	0.7747779	0.341577	0.410612	0.225227	0.0225845	2.017161	1.393385
258	-3900.698	-4162.654	261.9554	0.7409164	0.342594	0.411835	0.225898	0.0196735	1.997938	1.496418
264	-3898.14	-4160.42	262.2795	0.6847677	0.396993	0.298789	0.22798	0.0762382	2.202676	1.114259
270	-3903.192	-4165.485	262.2931	0.5505969	0.311858	0.28554	0.332492	0.0701095	2.114166	1.298877
276	-3895.428	-4157.612	262.184	0.7190107	0.462707	0.232326	0.25186	0.0531073	2.172684	1.193006
282	-3894.373	-4156.258	261.8846	0.7190107	0.482635	0.228765	0.262707	0.0258929	2.035237	1.538661
288	-3906.814	-4168.914	262.1	0.7373892	0.460531	0.240877	0.267677	0.0309145	2.003553	1.38421
294	-3906.025	-4167.74	261.7156	0.7055347	0.377793	0.327371	0.271519	0.0233165	1.756724	1.865978
300	-3892.817	-4154.664	261.8467	0.8298581	0.492788	0.122632	0.354166	0.0304137	1.796132	1.655464
306	-3878.651	-4140.445	261.7937	0.7834773	0.555283	0.212401	0.184636	0.0476798	1.861381	1.681393
312	-3885.71	-4147.399	261.6893	0.7834773	0.450779	0.287494	0.210858	0.0508693	1.809598	1.791108
318	-3888.487	-4150.328	261.841	0.6319939	0.437046	0.195615	0.31802	0.0493195	1.833435	1.780412
324	-3895.27	-4157.363	262.0925	0.5892623	0.460329	0.187524	0.304867	0.0472797	1.920343	1.571134
330	-3887.812	-4150.179	262.367	0.6079722	0.418328	0.261655	0.277051	0.0429659	2.054805	1.237488
336	-3890.317	-4152.175	261.8575	0.704801	0.491927	0.215867	0.24168	0.0505251	1.945343	1.635049
342	-3891.682	-4153.705	262.0239	0.6024546	0.399636	0.38533	0.184411	0.030623	1.89138	1.632064
348	-3887.239	-4149.246	262.0069	0.5367197	0.409348	0.288658	0.270172	0.0318221	1.923426	1.670191
354	-3885.334	-4147.311	261.9768	0.6578392	0.407411	0.287292	0.268894	0.036402	1.79748	1.691089
360	-3891.916	-4153.815	261.8995	0.5891939	0.435441	0.307058	0.223218	0.0342838	1.810764	1.786808
366	-3885.874	-4147.695	261.8218	0.5777544	0.434488	0.306386	0.222729	0.0363975	1.858146	1.816062
372	-3887.875	-4149.778	261.9026	0.7005527	0.4661	0.244034	0.238934	0.0509311	1.832185	1.68701
378	-3890.633	-4152.718	262.0856	0.7005527	0.484951	0.288604	0.211575	0.0148703	1.862573	1.532176
384	-3891.514	-4153.256	261.7419	0.6486187	0.413079	0.299285	0.254453	0.0331835	1.758873	1.887708
390	-3917.306	-4178.931	261.625	0.6988761	0.501088	0.282177	0.114677	0.102059	1.754522	1.933778
396	-3910.415	-4171.614	261.1987	0.7601633	0.467258	0.312104	0.12684	0.0937983	1.706424	2.203967
402	-3900.548	-4162.122	261.5749	0.5498191	0.440101	0.352344	0.172443	0.0351122	1.650116	2.140065
408	-3888.955	-4150.421	261.4663	0.6020464	0.46121	0.276406	0.2148	0.0475842	1.652117	2.174063
414	-3889.344	-4150.894	261.5494	0.6262313	0.448784	0.230522	0.277986	0.0427083	1.652117	2.103231
420	-3888.081	-4149.506	261.4247	0.6441207	0.426502	0.269869	0.243891	0.0597382	1.735118	2.118159
426	-3892.412	-4153.331	260.9195	0.7498081	0.46747	0.246441	0.249591	0.0364976	1.641091	2.430633
432	-3879.421	-4140.908	261.4865	0.4786674	0.456819	0.27333	0.234185	0.035666	1.67591	2.22707
438	-3869.198	-4130.962	261.7637	0.4845726	0.393335	0.373798	0.202089	0.0307778	1.750758	1.992579
444	-3888.162	-4149.724	261.5618	0.6604205	0.537321	0.19763	0.234829	0.0302191	1.770796	1.992579
450	-3883.122	-4144.469	261.3465	0.5868648	0.464353	0.368079	0.130111	0.0374564	1.656331	2.258998
456	-3883.039	-4144.254	261.2145	0.4968826	0.463888	0.3518	0.129981	0.0543318	1.651118	2.404974
462	-3903.94	-4165.829	261.8884	0.6620627	0.36783	0.332193	0.206437	0.09354	1.970265	1.627466
468	-3904.503	-4166.529	262.0266	0.5799056	0.397616	0.40044	0.0895971	0.112346	2.007022	1.563099
474	-3891.841	-4153.111	261.2704	0.7347226	0.470456	0.346847	0.120297	0.0624003	1.814427	2.104414
480	-3879.822	-4141.577	261.7555	0.6048702	0.396264	0.39679	0.128719	0.0782265	1.761979	1.9077
486	-3889.529	-4150.934	261.4055	0.7970439	0.344173	0.440415	0.151261	0.0641508	1.837506	1.955933
492	-3894.701	-4156.158	261.4569	0.4618001	0.460331	0.283889	0.206449	0.0493307	1.743404	2.213137
498	-3918.965	-4180.797	261.8322	0.5299741	0.438979	0.312981	0.196873	0.0511666	1.803707	1.880002
504	-3900.874	-4162.924	262.0503	0.5238202	0.438979	0.312981	0.196873	0.0511666	1.785801	1.746099
510	-3890.815	-4152.469	261.6541	0.5238202	0.464835	0.331415	0.14957	0.0541803	1.844564	1.976934
516	-3901.461	-4163.045	261.5838	0.6090836	0.376976	0.380343	0.192637	0.0500435	1.78011	2.00787
522	-3925.619	-4187.751	262.1316	0.5531349	0.454511	0.232499	0.260021	0.0529686	1.841388	1.627459
528	-3915.935	-4178.046	262.1114	0.6869802	0.571123	0.204136	0.169377	0.0553642	1.818888	1.556011
534	-3898.719	-4159.094	260.3749	0.7155541	0.506784	0.268546	0.14632	0.0783495	1.521896	2.862403
540	-3907.616	-4167.93	260.3142	0.8247012	0.490605	0.260786	0.141649	0.10696	1.467761	2.862403
546	-3897.204	-4156.956	259.7513	1.014653	0.520669	0.163627	0.218245	0.0974588	1.479722	3.077089
552	-3887.448	-4148.554	261.1059	0.6786565	0.467253	0.232928	0.195855	0.103965	1.665788	2.344729
558	-3890.402	-4151.29	260.8875	0.8717968	0.490545	0.244546	0.205624	0.059285	1.681369	2.344729
564	-3906.521	-4167.574	261.053	0.5111056	0.523215	0.260833	0.152718	0.0632334	1.572169	2.546686
570	-3897.775	-4158.769	260.9938	0.7663867	0.523215	0.260833	0.152718	0.0632334	1.620144	2.385947
576	-3896.785	-4157.678	260.8924	0.7748267	0.534832	0.195785	0.160088	0.109295	1.644011	2.429266
582	-3888.713	-4149.396	260.6839	0.7682676	0.552234	0.221022	0.165297	0.061447	1.532683	2.632872
588	-3894.294	-4154.18	259.8854	0.7055882	0.467805	0.301465	0.172685	0.0580454	1.472647	3.191453
594	-3891.173	-4151.044	259.8715	0.7164836	0.51541	0.198928	0.213797	0.0718647	1.448171	3.207346
600	-3895.367	-4155.128	259.7611	0.8024407	0.41384	0.317374	0.171665	0.0971209	1.467957	3.207346
606	-3903.477	-4163.952	260.4751	0.8657322	0.436353	0.239493	0.22175	0.102404	1.498149	2.719923
612	-3901.664	-4162.169	260.505	0.7783952	0.441895	0.229835	0.224566	0.103705	1.559386	2.719923
618	-3885.951	-4146.406	260.455	0.8242132	0.414177	0.286188	0.239297	0.0603376	1.561341	2.719923
624	-3888.23	-4148.968	260.7371	0.7108326	0.431176	0.201143	0.298564	0.0691167	1.569935	2.614459
630	-3891.504	-4151.884	260.3792	0.7929248	0.49197	0.229504	0.19976	0.0787666	1.550672	2.79275
636	-3882.382	-4143.701	261.3191	0.7496282	0.408092	0.345996	0.170554	0.0753578	1.75909	2.098461
642	-3884.512	-4145.917	261.4049	0.7634611	0.559468	0.181324	0.19141	0.0677982	1.763061	2.029565
648	-3873.189	-4134.614	261.4253	0.7358603	0.51855	0.198166	0.209189	0.0740956	1.732088	2.055874
654	-3879.697	-4141.318	261.6207	0.5210651	0.53083	0.246023	0.147296	0.0758503	1.750337	2.063556
660	-3892.047	-4153.219	261.1713	0.5694553	0.474968	0.276437	0.188801	0.0597945	1.701988	2.353267
666	-3903.081	-4164.26	261.1793	0.5201527	0.448894	0.262702	0.212683	0.0757201	1.744653	2.353267
672	-3904.266	-4166.565	262.2991	0.6151106	0.439364	0.328826	0.209911	0.0218991	2.018174	1.317258
678	-3905.78	-4167.752	261.972	0.6730828	0.453964	0.3137	0.205916	0.0264196	1.892031	1.615162
684	-3901.123	-4161.505	260.3817	1.004443	0.609843	0.138302	0.152616	0.0992397	1.694237	2.569571
690	-3887.852	-4149.92	262.0687	0.6438333	0.556946	0.211665	0.204154	0.0272347	2.027127	1.466468
696	-3907.43	-4169.727	262.297	0.6082531	0.5239	0.199106	0.189919	0.0870744	2.119866	1.241384
702	-3902.662	-4165.093	262.4307	0.6412518	0.445536	0.308292	0.179608	0.0665635	2.217627	1.000237
708	-3901.569	-4163.968	262.3987	0.6307356	0.469945	0.265449	0.189449	0.0751565	2.098273	1.152181
714	-3899.729	-4161.881	262.1528	0.6050949	0.416324	0.309137	0.187013	0.0875257	1.971155	1.476117
720	-3901.464	-4159.461	257.9972	0.8599543	0.5452	0.303511	0.106526	0.0447628	1.337787	4.267223
726	-3887.414	-4145.452	258.0381	0.9297746	0.485534	0.19232	0.199307	0.122839	1.363119	4.188951
732	-3887.692	-4146.911	259.2188	0.817979	0.391165	0.357086	0.20885	0.0428995	1.494166	3.501097
738	-3886.838	-4146.283	259.4452	0.8158991	0.425962	0.336677	0.196913	0.0404477	1.47276	3.382465
744	-3891.933	-4151.425	259.4917	0.695933	0.398492	0.325918	0.184214	0.0913752	1.397676	3.473192
750	-3890.517	-4149.921	259.4034	0.695933	0.426055	0.348462	0.127788	0.0976955	1.437445	3.501513
756	-3891.826	-4151.524	259.698	0.7203965	0.495366	0.265977	0.14155	0.0971065	1.451245	3.305576
762	-3884.185	-4143.797	259.6125	0.8104625	0.495366	0.265977	0.14155	0.0971065	1.441934	3.305576
768	-3878.856	-4138.114	259.2578	0.7169841	0.518613	0.204317	0.164334	0.112736	1.415165	3.586306
774	-3890.919	-4150.071	259.1515	0.8544855	0.524552	0.212094	0.181405	0.0819488	1.479363	3.526843
780	-3892.338	-4151.437	259.0985	0.9118788	0.535568	0.0856987	0.287595	0.0911383	1.473151	3.526843
786	-3897.042	-4156.314	259.2727	0.7687978	0.557411	0.0788059	0.310142	0.0536409	1.473151	3.512017
792	-3893.572	-4153.683	260.1107	0.6638342	0.595736	0.151703	0.189412	0.0631488	1.408333	3.122119
798	-3893.004	-4153.68	260.676	0.6638342	0.584237	0.155292	0.219062	0.0414081	1.492462	2.730313
804	-3903.589	-4164.164	260.5759	0.6936978	0.586977	0.17004	0.212598	0.0303849	1.560985	2.730313
810	-3908.415	-4170.956	262.5404	0.5495643	0.359892	0.321561	0.286528	0.0320179	2.306916	0.8908325
816	-3913.685	-4176.37	262.6854	0.5004948	0.404212	0.36116	0.199415	0.0352136	2.319454	0.7528048
822	-3896.637	-4157.257	260.6199	0.6607026	0.452624	0.315134	0.185551	0.0466908	1.586784	2.708971
828	-3879.388	-4140.665	261.2769	0.6158952	0.471617	0.284962	0.212913	0.030509	1.67898	2.269552
834	-3882.48	-4143.925	261.445	0.6035501	0.429533	0.339133	0.193914	0.0374193	1.813022	2.081754
840	-3885.083	-4146.672	261.5883	0.5892622	0.362509	0.299674	0.283174	0.0546436	1.893848	1.942647
846	-3888.605	-4150.15	261.5455	0.6023296	0.435596	0.263938	0.249406	0.0510597	1.749529	2.058266
852	-3884.906	-4146.53	261.6242	0.5635608	0.491488	0.297805	0.181777	0.0289306	1.697201	2.06756
858	-3885.971	-4147.875	261.9036	0.5714175	0.436893	0.264724	0.213518	0.0848649	1.783764	1.815478
864	-3889.548	-4151.317	261.7687	0.7689476	0.460852	0.202262	0.225227	0.111658	1.769317	1.774497
870	-3887.359	-4149.085	261.726	0.6671224	0.45149	0.247899	0.220652	0.0799588	1.849721	1.823005
876	-3882.579	-4144.839	262.2596	0.6618153	0.465184	0.249705	0.220307	0.0648036	1.965497	1.351465
882	-3896.66	-4158.862	262.2022	0.6587009	0.508356	0.313291	0.114786	0.0635674	1.969596	1.396009
888	-3897.161	-4159.278	262.1163	0.7879416	0.501043	0.216828	0.220377	0.0617517	1.969596	1.356181
894	-3899.792	-4161.868	262.0762	0.7540098	0.512155	0.221637	0.137303	0.128905	2.005093	1.387913
900	-3899.44	-4161.971	262.531	0.4491308	0.446693	0.346561	0.187085	0.0196609	2.135663	1.165189
906	-3896.722	-4158.998	262.2753	0.595626	0.329883	0.385826	0.257736	0.0265555	2.135663	1.257367
912	-3897.882	-4160.261	262.3789	0.5537555	0.348418	0.407504	0.194593	0.0494858	2.09108	1.244507
918	-3895.761	-4158.16	262.3995	0.5599403	0.33335	0.409221	0.208338	0.049091	2.109221	1.206373
924	-3889.18	-4151.686	262.5065	0.4867091	0.376701	0.390034	0.19857	0.0346958	2.169289	1.125044
930	-3894.971	-4157.678	262.7073	0.3674374	0.365556	0.378495	0.225705	0.0302436	2.285213	0.9177287
936	-3907.049	-4169.691	262.6421	0.4531298	0.438169	0.344132	0.180842	0.0368564	2.277007	0.9177287
942	-3900.291	-4162.847	262.5561	0.556491	0.45105	0.347807	0.182773	0.0183703	2.236007	0.9437383
948	-3898.56	-4161.238	262.6777	0.4753386	0.407233	0.384226	0.201912	0.00662909	2.300465	0.8232738
954	-3895.354	-4157.955	262.601	0.4837117	0.389078	0.367098	0.234775	0.00904903	2.367854	0.8246346
960	-3911.237	-4173.091	261.8541	0.7045266	0.397035	0.325151	0.170454	0.107359	1.960117	1.627102
966	-3907.079	-4168.69	261.6105	0.6707702	0.443853	0.308035	0.15223	0.0958811	1.844315	1.902957
972	-3904.262	-4166.249	261.9865	0.5089319	0.464509	0.327045	0.161625	0.0468216	1.859384	1.749762
978	-3905.062	-4166.435	261.3732	0.6211915	0.500237	0.275399	0.136101	0.0882633	1.700313	2.190137
984	-3904.905	-4165.974	261.0685	0.8305529	0.517549	0.250321	0.140812	0.091318	1.727813	2.226536
990	-3893.136	-4153.905	260.7683	0.7658018	0.491075	0.237516	0.133609	0.1378	1.6328	2.520028
996	-3910.104	-4170.348	260.2443	0.6953236	0.412056	0.273763	0.192737	0.121444	1.588652	2.913937
1002	-3897.683	-4157.995	260.3115	0.6492891	0.527239	0.220131	0.154978	0.0976518	1.666791	2.855525
1008	-3901.361	-4162.373	261.0116	0.7488951	0.563174	0.252595	0.0492625	0.134969	1.735588	2.313003
1014	-3905.384	-4167.893	262.5091	0.5367086	0.364008	0.420379	0.169895	0.0457184	2.493493	0.6975154
1020	-3891.836	-4154.343	262.507	0.5493705	0.364008	0.420379	0.169895	0.0457184	2.504919	0.6544751
1026	-3910.94	-4173.5	262.5596	0.4637809	0.431122	0.326675	0.190847	0.0513567	2.561994	0.5933331
1032	-3892.14	-4154.663	262.5228	0.4653168	0.368583	0.328885	0.251084	0.0514483	2.586283	0.6244255
1038	-3881.833	-4144.38	262.5472	0.4653168	0.403327	0.359888	0.184204	0.0525812	2.545093	0.6620544
1044	-3899.282	-4161.824	262.5423	0.5303307	0.318002	0.460266	0.156599	0.0651325	2.485494	0.6620544
1050	-3890.564	-4153.002	262.4377	0.5215828	0.33759	0.446843	0.152032	0.0635351	2.485494	0.8345861
1056	-3885.145	-4147.601	262.456	0.5601746	0.422129	0.397975	0.136831	0.0430651	2.492969	0.7454934
1062	-3903.11	-4163.569	260.4591	0.9999198	0.402354	0.312856	0.265243	0.0195464	1.670244	2.53917
1068	-3898.74	-4160.328	261.5884	0.7782213	0.547921	0.286812	0.138407	0.0268607	1.805424	1.867212
1074	-3900.555	-4161.99	261.4351	0.8198116	0.404988	0.36924	0.178183	0.0475887	1.785864	1.954766
1080	-3899.229	-4160.827	261.598	0.6281009	0.439657	0.303762	0.193437	0.0631444	1.825233	1.954766
1086	-3904.542	-4165.872	261.33	0.8350376	0.526507	0.257382	0.162926	0.0531847	1.695137	2.074416
1092	-3899.701	-4161.194	261.493	0.5492082	0.392048	0.340727	0.221634	0.0455915	1.762096	2.120825
1098	-3891.098	-4151.886	260.788	0.6174254	0.462299	0.208521	0.274882	0.0542974	1.63536	2.603682
1104	-3882.81	-4144.015	261.2045	0.590811	0.359782	0.403389	0.213926	0.0229042	1.618458	2.371071
1110	-3892.372	-4153.482	261.1105	0.6534998	0.509364	0.154638	0.281331	0.0546669	1.646397	2.371071
1116	-3901.368	-4162.363	260.9951	0.8636594	0.590989	0.102307	0.186126	0.120578	1.624108	2.318059
1122	-3882.719	-4144.278	261.5591	0.7955426	0.601652	0.07313	0.222292	0.102926	1.75542	1.908748
1128	-3878.596	-4140.094	261.4986	0.7607159	0.628501	0.0763935	0.232212	0.0628931	1.877961	1.891507
1134	-3878.1	-4139.621	261.5213	0.9434676	0.582942	0.0974243	0.251513	0.0681206	1.84391	1.768974
1140	-3884.018	-4145.183	261.165	0.8120455	0.509953	0.210434	0.220021	0.0595913	1.859233	2.090796
1146	-3891.935	-4153.851	261.9152	0.6439741	0.570384	0.220686	0.172073	0.0368576	1.862352	1.699181
1152	-3900.807	-4162.1	261.2928	0.6562423	0.41648	0.402565	0.14618	0.0347744	1.789302	2.160505
1158	-3900.53	-4161.557	261.0271	0.7032774	0.463438	0.274076	0.217186	0.0452997	1.795165	2.295891
1164	-3904.771	-4167.162	262.3913	0.6253849	0.401075	0.370854	0.133332	0.0947391	2.111682	1.151899
1170	-3886.016	-4148.457	262.4417	0.6229989	0.432415	0.376176	0.111899	0.0795102	2.241955	0.9841161
1176	-3904.157	-4166.717	262.5606	0.4850469	0.374045	0.370449	0.143751	0.111756	2.254332	0.9947795
1182	-3909.039	-4171.45	262.4108	0.4376591	0.316833	0.419115	0.162636	0.101416	2.184898	1.235126
1188	-3897.283	-4159.51	262.2269	0.4613516	0.31928	0.421852	0.223038	0.0358294	1.920346	1.567396
1194	-3900.159	-4161.539	261.3796	0.8000795	0.366162	0.327002	0.255788	0.0510484	1.776251	2.012093
1200	-3877.185	-4138.853	261.6687	0.5469582	0.495962	0.291117	0.191448	0.021473	1.753603	2.012093
1206	-3894.156	-4155.483	261.3273	0.5335684	0.425972	0.317369	0.216057	0.040602	1.716938	2.267768
1212	-3894.361	-4155.652	261.2919	0.4662362	0.408044	0.339588	0.161015	0.0913534	1.646452	2.377888
1218	-3896.092	-4157.359	261.2666	0.4663878	0.388087	0.36811	0.185743	0.0580605	1.570634	2.441583
1224	-3903.737	-4164.901	261.1639	0.5114245	0.479009	0.270872	0.222746	0.0273729	1.682527	2.407883
1230	-3903.141	-4164.779	261.6382	0.5383572	0.36734	0.227807	0.349103	0.0557498	1.715711	2.063264
1236	-3904.045	-4165.675	261.6303	0.5383572	0.258501	0.443343	0.257098	0.0410571	1.657641	2.106668
1242	-3894.401	-4156.041	261.6404	0.5449598	0.400794	0.354899	0.17959	0.064717	1.701426	2.066737
1248	-3893.957	-4155.635	261.6789	0.5857011	0.494691	0.252528	0.185819	0.0669617	1.701426	2.013266
1254	-3893.029	-4154.952	261.9228	0.6040942	0.370471	0.308513	0.256243	0.064773	1.796733	1.769507
1260	-3885.908	-4147.398	261.4893	0.7152876	0.380291	0.310449	0.257851	0.0514087	1.796733	1.984869
1266	-3893.304	-4154.379	261.0753	0.765589	0.383757	0.308713	0.256409	0.0511212	1.724235	2.268305
1272	-3882.391	-4143.778	261.387	0.7184232	0.460892	0.220764	0.256947	0.0613966	1.860932	2.008071
1278	-3886.087	-4147.211	261.1234	0.8328516	0.368216	0.284102	0.26867	0.0790113	1.858692	2.104203
1284	-3893.193	-4154.907	261.7144	0.6960991	0.5208	0.227404	0.188552	0.0632432	1.850425	1.809341
1290	-3893.192	-4154.886	261.6939	0.7080018	0.434656	0.294262	0.205134	0.0659486	1.764439	1.873789
1296	-3892.174	-4153.83	261.6556	0.7080018	0.452963	0.260077	0.221343	0.0656169	1.80269	1.873789
1302	-3907.709	-4169.6	261.891	0.7402218	0.44649	0.25636	0.21818	0.0789696	1.88276	1.629048
1308	-3899.724	-4161.632	261.9078	0.7074959	0.480525	0.24923	0.212111	0.0581337	1.999253	1.557081
1314	-3892.305	-4154.528	262.2233	0.6442133	0.42842	0.340024	0.189111	0.0424442	1.989556	1.375829
1320	-3895.944	-4158.435	262.4916	0.5700192	0.401342	0.318533	0.240363	0.0397615	2.142375	1.085927
1326	-3894.472	-4156.818	262.3453	0.6274272	0.41141	0.353333	0.140244	0.0950129	2.154702	1.152665
1332	-3910.352	-4172.81	262.4582	0.6225472	0.355456	0.309892	0.251321	0.0833314	2.175486	1.034156
1338	-3886.762	-4149.245	262.4832	0.6086388	0.354024	0.308644	0.240661	0.0966706	2.225294	0.9741883
1344	-3904.974	-4167.401	262.4271	0.6772707	0.405521	0.35354	0.124664	0.116276	2.15564	1.027407
1350	-3904.456	-4166.858	262.4022	0.603225	0.35404	0.397546	0.139281	0.109133	2.384439	0.896331
1356	-3893.983	-4156.469	262.4853	0.603225	0.33326	0.452207	0.0889029	0.12563	2.301314	0.896331
1362	-3909.934	-4172.51	262.5767	0.603225	0.440101	0.302591	0.142518	0.11479	2.259965	0.8371923
1368	-3907.151	-4169.577	262.4261	0.6111212	0.472967	0.307582	0.148294	0.0711566	2.233317	1.020793
1374	-3908.04	-4170.55	262.5104	0.6309428	0.425846	0.305305	0.138546	0.130302	2.233317	0.9116345
1380	-3907.502	-4169.873	262.3703	0.7164602	0.357515	0.354707	0.202975	0.0848034	2.233317	0.9646702
1386	-3893.832	-4156.361	262.5286	0.5421299	0.41707	0.356683	0.173573	0.0526738	2.227979	0.9957046
1392	-3890.988	-4153.46	262.4728	0.5647419	0.364268	0.388621	0.189114	0.0579974	2.227979	1.027752
1398	-3893.442	-4155.99	262.5477	0.4999818	0.374895	0.399958	0.165457	0.0596894	2.316967	0.9275175
1404	-3894.394	-4156.873	262.4785	0.5570514	0.264683	0.474382	0.196245	0.0646892	2.346669	0.907134
1410	-3893.673	-4156.273	262.5998	0.4810685	0.28866	0.404826	0.235965	0.0705492	2.315206	0.8923132
1416	-3890.426	-4152.802	262.3763	0.5785174	0.358656	0.364991	0.212746	0.0636072	2.21099	1.12057
1422	-3888.392	-4150.641	262.2481	0.5861374	0.371118	0.394754	0.184118	0.0500102	1.98711	1.406154
1428	-3890.525	-4153.028	262.503	0.5900236	0.426894	0.347029	0.168551	0.0575264	2.169776	1.029341
1434	-3897.719	-4160.094	262.3748	0.6627087	0.457769	0.327831	0.142865	0.0715349	2.110447	1.132573
1440	-3897.968	-4160.376	262.4087	0.6472824	0.422547	0.373129	0.162606	0.0417179	2.146953	1.083287
1446	-3897.169	-4159.563	262.3936	0.6553257	0.389394	0.356391	0.201668	0.0525472	2.052031	1.174476
1452	-3888.953	-4151.046	262.0923	0.6153478	0.450548	0.368207	0.110748	0.070496	2.100131	1.415516
1458	-3901.032	-4162.913	261.8808	0.6153478	0.343241	0.392658	0.198048	0.0660528	1.867547	1.741069
1464	-3900.983	-4162.675	261.6912	0.5977308	0.315107	0.444334	0.145222	0.0953376	1.817566	1.91864
1470	-3905.846	-4167.444	261.5982	0.6252133	0.43324	0.249676	0.186005	0.131079	1.830184	1.953347
1476	-3907.022	-4167.855	260.8336	0.8627595	0.592532	0.0987345	0.254395	0.0543386	1.520748	2.48593
1482	-3917.193	-4177.19	259.9975	1.031978	0.600634	0.100084	0.257873	0.0414091	1.499874	2.906805
1488	-3915.76	-4175.821	260.061	0.9026407	0.545139	0.0908373	0.326441	0.0375831	1.574086	2.90244
1494	-3890.224	-4152.109	261.8849	0.7255176	0.409921	0.2668	0.262456	0.0608235	1.837408	1.677058
1500	-3891.425	-4152.802	261.3766	0.8888714	0.477753	0.288136	0.181125	0.0529856	1.859214	1.896344
1506	-3897.199	-4158.707	261.5077	0.7711648	0.428136	0.329019	0.206824	0.0360213	1.818547	1.918129
1512	-3907.525	-4168.44	260.9146	0.9481577	0.583135	0.10454	0.21449	0.0978349	1.826429	2.184106
1518	-3894.556	-4155.825	261.2682	0.887419	0.466866	0.288364	0.223333	0.0214371	1.793756	2.014187
1524	-3896.535	-4158.024	261.4896	0.6589933	0.422724	0.307316	0.184906	0.0850533	1.769366	2.042532
1530	-3899.839	-4161.282	261.4429	0.7776497	0.431764	0.264157	0.23097	0.0731085	1.831964	1.948238
1536	-3899.464	-4160.986	261.5217	0.7483165	0.411082	0.299406	0.219906	0.0696064	1.785175	1.947464
1542	-3922.98	-4182.894	259.9148	0.72718	0.514452	0.213434	0.182245	0.0898689	1.510433	3.137985
1548	-3931.463	-4192.243	260.7807	0.72718	0.377636	0.317165	0.170409	0.13479	1.627606	2.540941
1554	-3899.012	-4160.178	261.1658	0.8080193	0.564864	0.249767	0.128947	0.0564226	1.702542	2.195239
1560	-3894.087	-4155.268	261.1815	0.8080193	0.567865	0.24578	0.129632	0.0567224	1.767272	2.142964
1566	-3888.916	-4149.995	261.0785	0.8723317	0.302657	0.396619	0.20919	0.0915338	1.791312	2.150865
1572	-3903.925	-4165.223	261.298	0.8001239	0.535806	0.266802	0.14072	0.0566716	1.745168	2.086563
1578	-3892.384	-4153.511	261.1267	1.010519	0.502032	0.193555	0.191227	0.113187	1.753888	2.051693
1584	-3903.381	-4164.606	261.2252	0.8061492	0.389379	0.36465	0.209909	0.0360623	1.805863	2.090382
1590	-3888.015	-4149.235	261.2199	0.7542716	0.429709	0.313181	0.231651	0.0254594	1.714535	2.188986
1596	-3887.268	-4149.006	261.7374	0.6902506	0.456208	0.285529	0.213763	0.0444995	1.694861	1.904268
1602	-3896.304	-4157.58	261.276	0.7704291	0.462077	0.22968	0.266268	0.0419756	1.713177	2.142329
1608	-3903.158	-4164.772	261.6142	0.7600125	0.48112	0.207383	0.247052	0.0644444	1.713177	1.925355
1614	-3887.863	-4149.692	261.8293	0.756204	0.588021	0.206083	0.143211	0.0626855	1.795011	1.723496
1620	-3884.457	-4145.983	261.5265	0.756204	0.51886	0.179751	0.244305	0.0570841	1.812439	1.920205
1626	-3885.863	-4147.427	261.5639	0.8190469	0.510458	0.17684	0.24035	0.0723516	1.87319	1.808084
1632	-3900.126	-4161.937	261.8116	0.7746123	0.443668	0.251562	0.239164	0.0656063	1.836403	1.693031
1638	-3896.907	-4158.954	262.0468	0.7746123	0.487501	0.247129	0.193282	0.072088	1.902457	1.472677
1644	-3908.809	-4171.453	262.6448	0.4337822	0.363251	0.38609	0.229535	0.0211248	2.061379	1.142798
1650	-3896.057	-4157.405	261.3472	0.8665032	0.454946	0.234028	0.19322	0.117805	1.845395	1.9412
1656	-3900.457	-4161.765	261.3086	0.8726781	0.526723	0.241827	0.143126	0.0883242	1.812484	1.984859
1662	-3886.743	-4148.061	261.3181	0.7816402	0.575828	0.217891	0.136802	0.0694788	1.775229	2.066291
1668	-3895.519	-4157.055	261.5359	0.7190975	0.395387	0.298508	0.258398	0.0477071	1.734616	1.992543
1674	-3881.898	-4143.551	261.6524	0.7190975	0.544556	0.229168	0.198375	0.0278999	1.820405	1.855873
1680	-3879.844	-4141.436	261.5917	0.7090734	0.540855	0.223261	0.19389	0.0419942	1.891661	1.855873
1686	-3883.676	-4145.045	261.3688	0.8624976	0.499404	0.25698	0.172046	0.07157	1.920893	1.878202
1692	-3875.573	-4137.315	261.7418	0.8624976	0.50124	0.257925	0.169001	0.0718331	1.972025	1.579597
1698	-3888.504	-4150.587	262.0826	0.7301189	0.46974	0.283642	0.15838	0.0882377	1.977004	1.424265
1704	-3893.709	-4155.514	261.8048	0.7720533	0.428645	0.258828	0.232008	0.0805184	2.075864	1.526197
1710	-3901.606	-4162.356	260.7494	0.7402928	0.46362	0.271876	0.160983	0.10352	1.630369	2.550041
1716	-3905.283	-4166.657	261.3735	0.7020444	0.477142	0.273907	0.142411	0.10654	1.745856	2.104455
1722	-3902.757	-4164.294	261.5369	0.8333371	0.452318	0.286911	0.149173	0.111598	1.827926	1.847573
1728	-3903.529	-4164.895	261.3655	0.8317802	0.471158	0.25721	0.155386	0.116246	1.904375	1.913317
1734	-3879.561	-4140.979	261.4175	0.8317802	0.471158	0.25721	0.155386	0.116246	1.937582	1.855378
1740	-3882.592	-4144.036	261.4447	0.7387658	0.545262	0.297663	0.100775	0.0562998	1.788279	2.003693
1746	-3888.006	-4148.928	260.9226	0.7525865	0.468724	0.310263	0.146563	0.0744503	1.716944	2.378965
1752	-3894.934	-4155.9	260.9659	0.75914	0.400133	0.26486	0.198578	0.136429	1.66671	2.378965
1758	-3901.091	-4161.658	260.5674	0.817315	0.384899	0.255755	0.191751	0.167595	1.531845	2.673454
1764	-3899.086	-4159.204	260.1185	1.013252	0.499127	0.153997	0.245963	0.100913	1.581682	2.79515
1770	-3889.668	-4150.822	261.1541	0.7623557	0.478582	0.264529	0.195598	0.0612918	1.839221	2.145192
1776	-3885.97	-4146.977	261.0064	0.9193825	0.434696	0.331972	0.177661	0.0556713	1.777549	2.175226
1782	-3884.585	-4145.355	260.7698	0.7482454	0.47127	0.293295	0.179262	0.0561729	1.724239	2.473492
1788	-3888.552	-4149.841	261.2894	0.7312914	0.398087	0.354554	0.192344	0.0550156	1.709432	2.162971
1794	-3884.763	-4146.334	261.5706	0.5704261	0.305985	0.468289	0.174463	0.0512632	1.601043	2.160933
1800	-3893.304	-4154.495	261.191	0.6006751	0.305634	0.467753	0.174264	0.0523493	1.637022	2.361264
1806	-3912.598	-4173.292	260.694	0.6986528	0.290499	0.372233	0.165634	0.171635	1.551788	2.660235
1812	-3904.521	-4165.528	261.0071	0.6441541	0.361336	0.349045	0.102558	0.187061	1.542122	2.507903
1818	-3905.695	-4166.408	260.7125	0.9635638	0.390227	0.34906	0.0752246	0.185488	1.735295	2.362076
1824	-3906.274	-4167.995	261.7216	0.8372515	0.457251	0.384187	0.0714905	0.0870715	1.836749	1.710114
1830	-3911.609	-4173.983	262.3741	0.7458331	0.460646	0.346431	0.110644	0.0822795	2.336519	0.8055129
1836	-3907.571	-4169.945	262.3741	0.7681845	0.543206	0.25929	0.130474	0.0670291	2.312918	0.8055129
1842	-3897.729	-4159.245	261.5156	0.849204	0.519108	0.221148	0.217626	0.0421172	1.861435	1.827875
1848	-3894.603	-4156.449	261.8462	0.6892113	0.430541	0.283483	0.256213	0.0297631	1.930903	1.665402
1854	-3898.461	-4160.39	261.9293	0.7254614	0.557032	0.176157	0.233058	0.0337527	1.809397	1.665402
1860	-3880.006	-4141.718	261.7121	0.7656859	0.425263	0.269124	0.289216	0.0163975	1.763844	1.819916
1866	-3895.321	-4157.08	261.7588	0.6673451	0.479172	0.325214	0.185118	0.0104955	1.914126	1.755398
1872	-3896.288	-4158.042	261.7535	0.6673451	0.389142	0.345974	0.250672	0.0142122	1.885746	1.778836
1878	-3896.987	-4158.778	261.7906	0.7179653	0.362011	0.257867	0.370231	0.00989027	1.885746	1.715319
1884	-3901.157	-4162.996	261.8386	0.6418614	0.427023	0.304177	0.257134	0.0116664	1.91833	1.715319
1890	-3893.517	-4155.403	261.8864	0.7226801	0.463057	0.279243	0.242747	0.0149527	1.908908	1.626837
1896	-3894.063	-4155.903	261.8402	0.7226801	0.415276	0.35485	0.203997	0.0258768	1.842149	1.707548
1902	-3894.835	-4156.008	261.173	0.6979201	0.413802	0.378534	0.203273	0.00439168	1.771158	2.221266
1908	-3912.185	-4173.282	261.0972	0.6224147	0.412894	0.377704	0.202827	0.00657548	1.731535	2.346276
1914	-3907.152	-4168.745	261.5928	0.5419273	0.423907	0.337878	0.230735	0.00748025	1.784436	2.045404
1920	-3898.8	-4160.347	261.5477	0.6966039	0.4263	0.228914	0.329464	0.0153219	1.883155	1.90064
1926	-3902.278	-4163.925	261.6463	0.6832723	0.457965	0.228991	0.258735	0.054309	1.784403	1.910349
1932	-3893.694	-4155.145	261.4511	0.7270437	0.496674	0.169559	0.280605	0.0531631	1.736445	2.042095
1938	-3898.527	-4159.71	261.183	0.7660426	0.370822	0.348892	0.205651	0.0746353	1.772918	2.167016
1944	-3912.212	-4173.92	261.7074	0.6650352	0.352482	0.374028	0.21446	0.0590291	1.947626	1.769585
1950	-3902.957	-4163.449	260.4916	0.7994423	0.467739	0.163174	0.290756	0.0783308	1.676607	2.642482
1956	-3908.758	-4169.416	260.6584	0.7359264	0.558978	0.160392	0.243419	0.0372108	1.721501	2.552826
1962	-3902.855	-4163.807	260.9521	0.6981943	0.49402	0.184016	0.279272	0.0426916	1.693121	2.411719
1968	-3915.48	-4176.205	260.7245	0.8857879	0.402602	0.276393	0.239445	0.08156	1.693711	2.430923
1974	-3911.019	-4172.245	261.2264	0.7183365	0.399318	0.326042	0.201763	0.0728769	1.68167	2.230557
1980	-3906.413	-4168.835	262.4216	0.6422379	0.407933	0.27885	0.203717	0.109499	2.082016	1.13555
1986	-3904.576	-4166.87	262.2933	0.6422379	0.404034	0.362508	0.157589	0.0758689	2.103674	1.227988
1992	-3909.93	-4172.023	262.0924	0.7177846	0.413807	0.347088	0.161401	0.0777041	2.097007	1.332702
1998	-3896.227	-4158.547	262.3196	0.6012499	0.490768	0.249319	0.175447	0.0844667	1.939687	1.374951
2004	-3871.637	-4133.348	261.7114	0.8017876	0.565055	0.155201	0.25007	0.0296732	1.80055	1.768675
2010	-3889.003	-4150.967	261.9643	0.7505831	0.559979	0.224783	0.168241	0.0469974	2.026558	1.460363
2016	-3896.635	-4158.875	262.2403	0.7420625	0.428752	0.327925	0.126522	0.116801	2.113428	1.174482
2022	-3887.353	-4149.601	262.2481	0.6801657	0.447687	0.376877	0.0534765	0.12196	2.102561	1.233177
2028	-3892.321	-4154.648	262.3262	0.6601506	0.377066	0.444531	0.151115	0.0272879	2.064779	1.216991
2034	-3902.059	-4164.189	262.1306	0.7687398	0.384347	0.42734	0.131205	0.0571073	2.244325	1.130948
2040	-3891.695	-4154.011	262.3161	0.6044025	0.360873	0.419529	0.136489	0.0831094	2.194011	1.165031
2046	-3886.096	-4148.351	262.2553	0.7636797	0.480074	0.285454	0.181574	0.0528987	2.205295	1.056946
2052	-3894.755	-4157.11	262.3551	0.6679714	0.465073	0.276535	0.207146	0.0512458	2.210486	1.05341
2058	-3880.643	-4142.875	262.2319	0.672308	0.416284	0.287959	0.248752	0.0470045	2.242423	1.133286
2064	-3889.446	-4151.753	262.3065	0.672308	0.416399	0.33763	0.189028	0.056942	2.163434	1.137198
2070	-3890.455	-4152.634	262.179	0.7392613	0.411626	0.33376	0.206838	0.0477763	2.152735	1.19605
2076	-3907.878	-4170.13	262.2514	0.7983289	0.499478	0.212379	0.241519	0.0466237	2.093479	1.129979
2082	-3892.015	-4154.22	262.205	0.8085005	0.548786	0.228233	0.177641	0.0453401	2.070294	1.181958
2088	-3875.983	-4138.344	262.3611	0.7275484	0.402549	0.311554	0.225699	0.0601985	2.158291	1.03714
2094	-3903.458	-4165.939	262.4812	0.495631	0.448169	0.34605	0.147634	0.0581472	2.115981	1.186571
2100	-3891.171	-4153.665	262.4945	0.5250545	0.38035	0.392154	0.167215	0.0602808	2.088199	1.173449
2106	-3885.508	-4148.139	262.6314	0.5250545	0.342569	0.429003	0.154345	0.074083	2.08794	1.049199
2112	-3900.215	-4162.738	262.5234	0.6080764	0.492713	0.269295	0.214631	0.0233616	2.377267	0.7427508
2118	-3904.306	-4166.832	262.5258	0.6128495	0.412252	0.379802	0.183472	0.0244733	2.316315	0.8174613
2124	-3893.54	-4155.913	262.3728	0.7097618	0.498366	0.228764	0.236023	0.0368469	2.242262	0.9601246
2130	-3894.211	-4156.795	262.5842	0.6040206	0.406687	0.272263	0.30132	0.0197301	2.042054	1.059904
2136	-3894.83	-4157.208	262.3779	0.61726	0.413249	0.276656	0.306182	0.00391356	2.017411	1.251437
2142	-3892.791	-4155.168	262.377	0.6142589	0.413249	0.276656	0.306182	0.00391356	2.071727	1.209169
2148	-3898.228	-4160.633	262.405	0.7251703	0.443017	0.338554	0.216972	0.00145819	2.065992	1.08531
2154	-3903.43	-4165.879	262.4485	0.5610717	0.469054	0.298144	0.230365	0.00243617	2.043797	1.219376
2160	-3910.084	-4172.28	262.1961	0.6687229	0.396543	0.341843	0.144563	0.117051	2.055906	1.32416
2166	-3911.648	-4173.997	262.3487	0.5782815	0.409183	0.320864	0.149171	0.120782	1.903432	1.399358
2172	-3901.988	-4164.226	262.2376	0.5782815	0.347077	0.314383	0.266602	0.0719378	1.975941	1.429215
2178	-3896.042	-4158.153	262.1106	0.5444123	0.433704	0.280208	0.22197	0.0641178	1.853759	1.640163
2184	-3903.654	-4165.943	262.2892	0.4674269	0.333175	0.405841	0.236436	0.0245492	1.852509	1.567194
2190	-3908.202	-4170.592	262.3901	0.4547885	0.318766	0.440185	0.216125	0.0249247	2.00116	1.387583
2196	-3908.279	-4170.547	262.2681	0.6369114	0.311681	0.430401	0.211321	0.0465975	2.000037	1.338161
2202	-3887.433	-4149.772	262.3393	0.5827396	0.442113	0.329314	0.161688	0.0668845	2.077203	1.263941
2208	-3885.004	-4147.417	262.4133	0.5255935	0.442113	0.329314	0.161688	0.0668845	2.002377	1.312827
2214	-3893.388	-4155.716	262.3274	0.6249355	0.424376	0.237249	0.26676	0.0716159	2.042289	1.266018
2220	-3894.429	-4156.872	262.4435	0.5430004	0.450715	0.257392	0.219919	0.0719745	2.040922	1.24174
2226	-3902.6	-4164.976	262.3761	0.5673895	0.343375	0.439277	0.184258	0.0330896	2.040922	1.27671
2232	-3899.709	-4162.15	262.4408	0.4819496	0.349483	0.44709	0.187536	0.0158908	2.130422	1.220319
2238	-3908.648	-4170.987	262.3393	0.5758299	0.32262	0.457546	0.186533	0.0333005	2.130422	1.225483
2244	-3911.632	-4174.053	262.4208	0.6364475	0.378758	0.342862	0.243827	0.0345533	2.180976	1.050654
2250	-3900.469	-4162.95	262.4809	0.6329933	0.372299	0.3256	0.231551	0.0705503	2.170094	1.006327
2256	-3876.492	-4138.899	262.4066	0.5678153	0.45004	0.297489	0.204418	0.0480536	2.253662	1.063508
2262	-3868.556	-4131.1	262.5438	0.5678153	0.413742	0.347416	0.187931	0.0509115	2.236652	0.9435781
2268	-3871.626	-4134.059	262.4327	0.5617803	0.415568	0.348949	0.18876	0.0467234	2.369405	0.9270639
2274	-3890.218	-4152.658	262.4399	0.6021182	0.344968	0.290301	0.235049	0.129682	2.360328	0.8820671
2280	-3892.687	-4155.193	262.5056	0.5982434	0.34172	0.367713	0.184147	0.10642	2.309373	0.8695956
2286	-3915.411	-4177.854	262.4433	0.5982434	0.341658	0.35274	0.176265	0.129336	2.170367	1.077436
2292	-3905.184	-4167.515	262.3311	0.7370169	0.424569	0.315201	0.138367	0.121863	2.105331	1.105597
2298	-3912.849	-4174.949	262.0998	0.8569019	0.55842	0.293361	0.0992542	0.0489642	2.218026	1.099117
2304	-3896.897	-4159.113	262.2158	0.682748	0.541514	0.305831	0.102225	0.0504298	2.205963	1.169966
2310	-3903.033	-4165.437	262.4041	0.4997708	0.338773	0.498599	0.128447	0.0341803	2.135382	1.232226
2316	-3888.645	-4150.617	261.9722	0.7918884	0.427911	0.318028	0.21854	0.0355214	2.071593	1.386021
2322	-3880.181	-4142.576	262.3955	0.4684712	0.365	0.39432	0.18641	0.05427	2.000628	1.373514
2328	-3880.598	-4143.019	262.4213	0.4120773	0.342123	0.369606	0.237402	0.0508687	1.973001	1.415378
2334	-3895.722	-4157.722	262	0.6291495	0.348434	0.376423	0.241781	0.0333626	1.92034	1.608002
2340	-3889.155	-4151.092	261.9369	0.7020666	0.509583	0.328849	0.132723	0.0288447	2.175652	1.406343
2346	-3913.894	-4176.002	262.1075	0.7628476	0.486346	0.313853	0.143366	0.0564347	2.171178	1.220067
2352	-3923.003	-4185.201	262.1985	0.5662546	0.386757	0.298613	0.261346	0.0532846	2.167191	1.319409
2358	-3923.591	-4185.949	262.3587	0.6329707	0.320091	0.435476	0.216298	0.0281345	2.123253	1.16338
2364	-3903.529	-4165.819	262.2902	0.622702	0.474138	0.357659	0.131233	0.03697	2.112648	1.240358
2370	-3913.318	-4175.567	262.2488	0.65738	0.570691	0.182631	0.179086	0.0675924	2.30418	1.075789
2376	-3904.431	-4166.792	262.3612	0.6184311	0.392389	0.354275	0.183919	0.0694166	2.268272	1.042368
2382	-3902.609	-4165.022	262.4133	0.6029401	0.304621	0.367471	0.238058	0.0898505	2.232474	1.042368
2388	-3895.523	-4157.942	262.4187	0.6484444	0.386641	0.351727	0.248829	0.0128024	2.217168	1.005078
2394	-3914.845	-4177.248	262.4035	0.5693767	0.416712	0.336111	0.234944	0.0122339	2.213137	1.102582
2400	-3893.449	-4155.877	262.4285	0.5693767	0.418413	0.347072	0.215416	0.0190985	2.259487	1.035526
2406	-3886.27	-4148.582	262.3128	0.665236	0.399111	0.333403	0.211199	0.0562869	2.263473	1.045935
2412	-3897.416	-4159.785	262.3685	0.6496436	0.504115	0.237716	0.233906	0.0242631	2.224224	1.045956
2418	-3899.453	-4161.811	262.3579	0.6030722	0.482803	0.254153	0.224017	0.0390268	2.129957	1.185637
2424	-3896.865	-4159.197	262.3316	0.6850747	0.490867	0.258398	0.211056	0.0396786	2.09145	1.166607
2430	-3905.575	-4168.083	262.5071	0.5757844	0.42241	0.324933	0.241072	0.011584	2.136265	1.071644
2436	-3904.558	-4166.619	262.0606	0.7723886	0.476089	0.344484	0.16736	0.0120669	2.130415	1.284703
2442	-3908.948	-4171.217	262.2688	0.7607382	0.444356	0.262467	0.258954	0.0342228	2.169416	1.080821
2448	-3906.349	-4168.483	262.1342	0.7064575	0.33268	0.391965	0.243381	0.0319736	1.99951	1.386233
2454	-3902.515	-4164.475	261.9604	0.5501402	0.348105	0.419124	0.205739	0.0270321	2.099105	1.566786
2460	-3891.778	-4153.729	261.951	0.583502	0.460917	0.292575	0.115936	0.130572	2.02994	1.598875
2466	-3893.068	-4155.005	261.9374	0.8060401	0.471928	0.286235	0.134956	0.106882	1.947545	1.496303
2472	-3881.561	-4143.431	261.8705	0.735188	0.498626	0.302428	0.12198	0.0769666	2.02947	1.540741
2478	-3899.856	-4161.993	262.138	0.6582834	0.320141	0.403235	0.174976	0.101649	1.960638	1.45271
2484	-3905.811	-4168.093	262.2821	0.5798008	0.339997	0.483003	0.120663	0.0563369	2.067819	1.320799
2490	-3902.273	-4164.337	262.064	0.7370898	0.326931	0.4408	0.11012	0.122149	2.19298	1.261086
2496	-3890.13	-4152.269	262.1393	0.6914896	0.335067	0.451769	0.101722	0.111441	2.176524	1.252306
2502	-3877.854	-4140.208	262.3536	0.6006544	0.366388	0.337132	0.179022	0.117457	2.193332	1.136001
2508	-3895.795	-4158.313	262.5177	0.5547124	0.501724	0.272857	0.150374	0.0750455	2.227099	0.9944353
2514	-3904.957	-4167.414	262.4576	0.6036647	0.385807	0.306119	0.205512	0.102562	2.271891	0.9578787
2520	-3891.4	-4153.798	262.3984	0.6036647	0.393052	0.44254	0.104192	0.060216	2.179868	1.104848
2526	-3919.773	-4182.213	262.4396	0.5381807	0.368662	0.509304	0.0941499	0.0278844	2.201033	1.110059
2532	-3901.437	-4163.661	262.2244	0.6465958	0.433563	0.325684	0.222921	0.0178312	2.252772	1.154921
2538	-3899.491	-4161.707	262.2153	0.6465958	0.355287	0.38716	0.201768	0.0557853	2.167194	1.2363
2544	-3909.83	-4172.385	262.5544	0.5223055	0.349343	0.496218	0.10422	0.0502186	1.997583	1.202383
2550	-3891.601	-4153.96	262.3588	0.5313806	0.413454	0.389293	0.111343	0.08591	1.997583	1.355551
2556	-3900.981	-4163.241	262.2601	0.5221976	0.296307	0.430528	0.215483	0.0576814	2.004615	1.43426
2562	-3888.559	-4150.593	262.0341	0.7476594	0.530951	0.275101	0.137691	0.0562571	2.022581	1.412252
2568	-3885.122	-4147.339	262.2175	0.6629693	0.489636	0.29715	0.151369	0.0618455	2.033902	1.329507
2574	-3907.25	-4169.937	262.687	0.5083149	0.491971	0.302374	0.180743	0.0249122	2.209726	0.8823106
2580	-3893.808	-4156.376	262.5682	0.5514873	0.477961	0.322438	0.172775	0.026827	2.190349	0.983998
2586	-3882.754	-4145.258	262.503	0.5703928	0.300615	0.431976	0.231469	0.0359406	2.262179	0.9568766
2592	-3877.584	-4140.194	262.6097	0.5250356	0.342949	0.435129	0.133483	0.0884396	2.236964	0.9196588
2598	-3891.69	-4154.154	262.4634	0.5661211	0.32189	0.408409	0.186693	0.0830088	2.337101	0.9238993
2604	-3895.248	-4157.688	262.4397	0.5787083	0.342711	0.436516	0.170387	0.050386	2.221258	1.052117
2610	-3903.124	-4165.733	262.6088	0.4721635	0.344759	0.399128	0.197661	0.0584512	2.178005	1.034785
2616	-3892.347	-4154.891	262.5446	0.4832042	0.379121	0.413649	0.163145	0.0440852	2.180307	1.083323
2622	-3903.088	-4165.66	262.5718	0.4728725	0.438889	0.297913	0.207206	0.0559915	2.254486	0.9952589
2628	-3894.787	-4157.21	262.423	0.6038395	0.440308	0.334419	0.1691	0.0561726	2.315381	0.948337
2634	-3897.089	-4159.798	262.7093	0.4233625	0.420352	0.364586	0.161436	0.0536266	2.343051	0.7894854
2640	-3909.553	-4172.193	262.64	0.4966185	0.437066	0.379083	0.167855	0.0159954	2.314742	0.8264411
2646	-3902.74	-4165.27	262.5308	0.5568934	0.43977	0.298866	0.193207	0.0681575	2.337535	0.8574503
2652	-3894.696	-4157.253	262.557	0.560052	0.462023	0.337861	0.17115	0.0289653	2.316521	0.8472825
2658	-3900.324	-4162.928	262.604	0.5407457	0.432584	0.350421	0.177512	0.0394826	2.355263	0.7599109
2664	-3888.403	-4151.04	262.6375	0.4988703	0.454594	0.325298	0.16041	0.0596977	2.259286	0.8930624
2670	-3892.694	-4155.112	262.4176	0.6744069	0.461051	0.318653	0.162688	0.057608	2.21884	0.976759
2676	-3889.169	-4151.736	262.5671	0.5030685	0.439942	0.334141	0.202621	0.0232958	2.165439	1.057689
2682	-3899.79	-4162.206	262.4161	0.599083	0.530534	0.239218	0.192667	0.0375817	2.209041	1.06582
2688	-3885.691	-4147.998	262.3073	0.6476952	0.389987	0.373283	0.175237	0.061493	2.123106	1.194642
2694	-3891.171	-4153.393	262.222	0.6455896	0.48532	0.298242	0.14892	0.0675181	1.959256	1.399412
2700	-3892.461	-4154.605	262.1438	0.6541997	0.404241	0.249682	0.286682	0.0593945	1.933803	1.471933
2706	-3896.022	-4158.221	262.199	0.5990646	0.404241	0.249682	0.286682	0.0593945	1.936758	1.471933
2712	-3885.725	-4148.086	262.3608	0.5780352	0.453817	0.280303	0.199202	0.0666786	1.936758	1.363987
2718	-3886.523	-4148.83	262.3069	0.5780352	0.427798	0.320665	0.188681	0.0628558	2.019604	1.341013
2724	-3904.885	-4167.135	262.2497	0.6517647	0.435034	0.313805	0.191128	0.0600339	2.122229	1.240584
2730	-3892.604	-4154.789	262.1856	0.7187354	0.428114	0.308813	0.203993	0.059079	2.039828	1.302862
2736	-3889.738	-4151.634	261.8957	0.6478758	0.421598	0.267365	0.23967	0.0713672	1.899115	1.683979
2742	-3893.8	-4155.511	261.7113	0.6473151	0.421278	0.334863	0.185332	0.0585273	1.868279	1.834744
2748	-3895.876	-4157.71	261.8342	0.5467017	0.523944	0.275458	0.152454	0.0481445	1.850774	1.834744
2754	-3888.607	-4150.512	261.9051	0.6627999	0.399973	0.279279	0.243767	0.076981	1.951604	1.628332
2760	-3898.381	-4160.446	262.0647	0.6121253	0.381628	0.315318	0.232335	0.0707193	1.82992	1.639582
2766	-3914.138	-4176.169	262.0315	0.5645022	0.426649	0.300155	0.207173	0.0660232	1.832339	1.697117
2772	-3887.553	-4149.735	262.1814	0.7908034	0.507741	0.277702	0.165357	0.0491998	2.089117	1.202008
2778	-3878.738	-4140.986	262.2475	0.7368681	0.453714	0.279372	0.190157	0.0767568	2.079862	1.202008
2784	-3890.311	-4152.397	262.0853	0.7068621	0.472428	0.220135	0.2258	0.0816368	1.932301	1.475165
2790	-3905.89	-4167.71	261.8198	0.7209723	0.496597	0.220133	0.256783	0.0264869	1.866809	1.705801
2796	-3902.25	-4164.181	261.9314	0.7209723	0.463432	0.23027	0.268607	0.0376905	1.885455	1.612561
2802	-3888.786	-4150.061	261.2756	0.62881	0.29219	0.486329	0.145372	0.0761091	1.706311	2.244075
2808	-3906.538	-4168.011	261.4736	0.635428	0.29219	0.486329	0.145372	0.0761091	1.762177	2.074328
2814	-3876.615	-4137.178	260.5625	0.6656203	0.330601	0.334312	0.296912	0.0381746	1.636833	2.710274
2820	-3911.103	-4173.303	262.1997	0.8077889	0.345682	0.462203	0.165945	0.02617	2.04584	1.208133
2826	-3883.016	-4145.537	262.5204	0.5366806	0.35771	0.455837	0.156681	0.0297714	2.116925	1.11446
2832	-3894.961	-4156.978	262.017	0.6766801	0.360964	0.381154	0.195725	0.0621581	1.916865	1.561415
2838	-3900.073	-4162.419	262.3458	0.6652773	0.353962	0.387575	0.196165	0.0622981	2.088131	1.175468
2844	-3897.895	-4159.964	262.0691	0.5069903	0.409756	0.370875	0.198501	0.0208685	1.777057	1.750974
2850	-3886.481	-4147.918	261.4368	0.6400567	0.466921	0.260278	0.26253	0.0102719	1.736357	2.112224
2856	-3890.374	-4151.81	261.4363	0.6259629	0.475764	0.262688	0.251081	0.0104664	1.803701	2.078087
2862	-3896.23	-4157.756	261.5266	0.7409989	0.414931	0.320095	0.255846	0.00912816	1.771027	1.958884
2868	-3905.329	-4166.859	261.5294	0.615817	0.366783	0.309689	0.281858	0.0416703	1.726661	2.074596
2874	-3891.875	-4154.488	262.6138	0.590447	0.385377	0.32054	0.272547	0.0215365	2.202013	0.8782368
2880	-3895.602	-4158.094	262.4919	0.5741467	0.366226	0.412563	0.166042	0.0551691	2.335922	0.8839861
2886	-3914.859	-4177.177	262.3182	0.6631025	0.363647	0.409657	0.171916	0.0547805	2.299386	1.007821
2892	-3907.145	-4169.453	262.3089	0.6257927	0.443752	0.358342	0.179571	0.0183356	2.12409	1.212216
2898	-3892.784	-4155.132	262.3477	0.6527467	0.424629	0.290603	0.255359	0.0294081	2.041378	1.225226
2904	-3895.489	-4157.836	262.347	0.6527467	0.501722	0.220048	0.260468	0.0177615	1.977798	1.278792
2910	-3897.985	-4160.278	262.2931	0.6434028	0.444007	0.239853	0.224327	0.091813	2.041528	1.278792
2916	-3896.069	-4158.396	262.327	0.6286472	0.388018	0.270132	0.261615	0.0802354	2.0687	1.241098
2922	-3896.243	-4157.952	261.7092	0.7260464	0.458535	0.276852	0.214695	0.0499176	1.950495	1.721023
2928	-3909.97	-4171.881	261.9117	0.5019893	0.364569	0.401859	0.169803	0.0637687	1.892395	1.783794
2934	-3901.364	-4163.012	261.6481	0.5930443	0.355238	0.391573	0.165457	0.0877314	1.874586	1.912606
2940	-3901.229	-4162.913	261.6846	0.6137375	0.391069	0.319468	0.230065	0.0593981	1.816322	1.912606
2946	-3899.556	-4161.286	261.7299	0.477952	0.391114	0.413542	0.149563	0.045782	1.838816	1.960558
2952	-3911.369	-4173.746	262.3769	0.4944725	0.375534	0.40822	0.192799	0.0234463	2.037256	1.33911
2958	-3927.097	-4189.752	262.6555	0.4914979	0.374387	0.384404	0.140935	0.100274	2.056815	1.087388
2964	-3907.403	-4168.094	260.6912	0.7412572	0.430879	0.243569	0.236318	0.0892337	1.633624	2.583538
2970	-3896.561	-4156.882	260.3206	0.8617283	0.575698	0.195272	0.168686	0.0603437	1.597598	2.756124
2976	-3894.14	-4155.302	261.1623	0.6760147	0.477725	0.328068	0.141083	0.0531241	1.654879	2.317586
2982	-3889.088	-4150.021	260.9329	0.6962042	0.522778	0.17531	0.294366	0.00754649	1.66617	2.442091
2988	-3913.771	-4174.671	260.8999	0.7923683	0.522419	0.271395	0.176514	0.0296721	1.66611	2.398984
2994	-3906.681	-4167.261	260.5799	0.9277671	0.473904	0.260503	0.232194	0.0333995	1.583463	2.563332
3000	-3909.316	-4170.67	261.3538	0.7226246	0.486323	0.189301	0.238279	0.0860969	1.690459	2.139348
3006	-3903.28	-4163.659	260.379	0.6443474	0.488634	0.1902	0.314967	0.00619899	1.549264	2.888966
3012	-3913.484	-4174.938	261.454	0.7799922	0.50978	0.155388	0.328598	0.0062339	1.620022	2.080185
3018	-3898.117	-4159.521	261.4044	0.7611308	0.493053	0.150289	0.344577	0.01208	1.734418	2.050496
3024	-3895.982	-4157.783	261.8013	0.6638774	0.458449	0.337947	0.150626	0.0529779	1.789609	1.814873
3030	-3905.276	-4167.068	261.7918	0.77593	0.349168	0.391417	0.143945	0.115469	1.778704	1.746671
3036	-3896.204	-4158.442	262.2377	0.633082	0.380349	0.305152	0.196429	0.11807	1.887073	1.453105
3042	-3894.456	-4156.368	261.9121	0.6732903	0.432703	0.284404	0.185207	0.0976854	1.846011	1.690935
3048	-3884.099	-4146.42	262.3217	0.5028037	0.421466	0.341663	0.190825	0.0460461	2.009879	1.397687
3054	-3903.019	-4165.402	262.3837	0.4734999	0.379472	0.415779	0.145266	0.0594841	2.009879	1.371698
3060	-3907.745	-4169.509	261.7637	0.7940464	0.433051	0.374241	0.0857552	0.106953	1.832951	1.714953
3066	-3902.775	-4164.54	261.7646	0.7293638	0.428524	0.370328	0.0953132	0.105835	1.759408	1.813195
3072	-3906.309	-4167.997	261.6883	0.8064956	0.447014	0.230212	0.294392	0.0283812	1.913902	1.701788
3078	-3889.121	-4151.007	261.8859	0.6784279	0.454874	0.32019	0.179785	0.0451511	1.893416	1.671966
3084	-3911.733	-4173.53	261.7977	0.7746924	0.450137	0.316856	0.151122	0.0818856	1.936308	1.631502
3090	-3901.952	-4163.967	262.0143	0.6728342	0.418027	0.310399	0.196192	0.0753819	2.032506	1.480289
3096	-3913.251	-4174.992	261.7409	0.6857921	0.408496	0.303321	0.214519	0.0736631	1.908286	1.758306
3102	-3911.037	-4172.854	261.8163	0.8310232	0.388607	0.26732	0.273997	0.0700765	1.908286	1.595601
3108	-3901.514	-4163.371	261.8565	0.7700278	0.481947	0.180397	0.240735	0.0969209	1.875049	1.636766
3114	-3910.614	-4172.324	261.7098	0.7896831	0.449774	0.264669	0.252156	0.0334013	1.897276	1.710812
3120	-3913.529	-4175.266	261.7363	0.7866906	0.570468	0.179325	0.178707	0.0715	1.873643	1.71102
3126	-3910.458	-4172.211	261.7533	0.7774316	0.532636	0.236543	0.172429	0.0583915	1.838662	1.730525
3132	-3919.26	-4181.102	261.8421	0.5739818	0.398986	0.292176	0.230858	0.0779799	1.807704	1.839521
3138	-3916.308	-4177.997	261.6895	0.5690597	0.412621	0.302161	0.204573	0.0806448	1.783805	1.962738
3144	-3901.24	-4162.39	261.1498	0.6104272	0.450109	0.302871	0.205054	0.0419658	1.735195	2.318543
3150	-3905.436	-4166.531	261.0948	0.6135548	0.42638	0.310322	0.210099	0.0531995	1.762271	2.334219
3156	-3904.599	-4166.113	261.5145	0.6755802	0.442999	0.322417	0.211642	0.0229427	1.804321	1.991048
3162	-3910.18	-4171.788	261.6084	0.6338761	0.49467	0.291808	0.192639	0.0208827	1.839955	1.933788
3168	-3918.915	-4180.287	261.3715	0.6970363	0.572348	0.184911	0.222889	0.0198518	1.911832	1.999584
3174	-3902.347	-4163.077	260.7298	0.8294407	0.534743	0.208652	0.205664	0.0509418	1.720876	2.447202
3180	-3869.366	-4130.309	260.9432	0.8294407	0.468146	0.238518	0.235102	0.0582336	1.78058	2.273925
3186	-3878.164	-4139.087	260.9232	0.7970654	0.470284	0.26024	0.236176	0.0333002	1.751494	2.326926
3192	-3896.382	-4157.436	261.0536	0.7970654	0.496519	0.25878	0.195637	0.0490636	1.798065	2.213441
3198	-3887.104	-4148.294	261.1892	0.7166639	0.501308	0.261276	0.197524	0.0398914	1.783867	2.189707
3204	-3884.519	-4145.872	261.3533	0.7652874	0.467835	0.299072	0.181326	0.0517662	1.788703	2.045521
3210	-3889.391	-4151.379	261.9879	0.5928291	0.372602	0.322124	0.249518	0.0557561	1.871598	1.679201
3216	-3886.764	-4148.822	262.0575	0.6291124	0.404356	0.291323	0.22566	0.078661	1.945486	1.547545
3222	-3883.573	-4145.433	261.8601	0.6922792	0.416162	0.270632	0.232248	0.0809577	1.887044	1.68444
3228	-3898.514	-4160.309	261.7949	0.5821386	0.403038	0.367953	0.169815	0.0591945	1.867191	1.825215
3234	-3914.544	-4175.37	260.8257	0.6274268	0.500238	0.237208	0.196301	0.0662523	1.566233	2.616607
3240	-3908.8	-4170.371	261.5715	0.6940563	0.465264	0.184586	0.252298	0.0978523	1.915333	1.864396
3246	-3884.989	-4146.508	261.519	0.782717	0.451666	0.237824	0.180152	0.130358	1.874219	1.864396
3252	-3894.515	-4156.072	261.5574	0.6724176	0.445518	0.226597	0.1993	0.128584	2.004716	1.828496
3258	-3887.696	-4149.51	261.8137	0.7481534	0.48371	0.160299	0.216385	0.139607	1.859072	1.695283
3264	-3883.754	-4145.191	261.4371	0.807954	0.554319	0.172256	0.22112	0.0523046	1.748095	1.986975
3270	-3880.743	-4141.873	261.131	0.882459	0.530945	0.21811	0.200846	0.050099	1.801276	2.103209
3276	-3885.814	-4147.117	261.3028	0.7888585	0.530945	0.21811	0.200846	0.050099	1.82424	2.039027
3282	-3922.767	-4184.861	262.0942	0.6954592	0.572416	0.153049	0.220591	0.053944	1.971201	1.447975
3288	-3913.373	-4174.923	261.5497	0.9079651	0.572416	0.153049	0.220591	0.053944	1.906349	1.730764
3294	-3900.413	-4162.101	261.6884	0.78312	0.552034	0.147599	0.248344	0.0520232	1.883581	1.740367
3300	-3897.43	-4159.179	261.749	0.762072	0.497379	0.253385	0.200728	0.0485083	1.884513	1.712625
3306	-3906.017	-4167.719	261.7027	0.7655391	0.338631	0.368099	0.236211	0.0570586	1.963736	1.686768
3312	-3903.208	-4165.012	261.804	0.6979642	0.449675	0.326242	0.172341	0.0517425	1.887839	1.719289
3318	-3889.463	-4151.312	261.849	0.7206323	0.48134	0.28877	0.184476	0.0454137	1.880123	1.675909
3324	-3896.239	-4158.155	261.9156	0.6346301	0.452772	0.229419	0.270704	0.0471044	1.939459	1.650968
3330	-3892.223	-4154.152	261.9285	0.6349827	0.462191	0.220362	0.268129	0.0493171	1.909986	1.662567
3336	-3869.247	-4130.909	261.662	0.6888413	0.421216	0.235507	0.286557	0.0567192	1.900934	1.815967
3342	-3888.474	-4150.244	261.7705	0.6756578	0.497375	0.274994	0.191885	0.0357462	1.810697	1.812971
3348	-3894.283	-4155.99	261.7071	0.5537038	0.481231	0.266068	0.233993	0.0187083	1.812776	1.942144
3354	-3897.334	-4158.825	261.4917	0.6703394	0.373914	0.359077	0.247241	0.0197675	1.80706	2.008115
3360	-3906.618	-4168.492	261.8739	0.4570535	0.369787	0.353284	0.250856	0.026073	1.643734	2.008115
3366	-3893.041	-4154.096	261.0549	0.4570535	0.364808	0.340591	0.241843	0.0527577	1.692034	2.503753
3372	-3886.956	-4148.836	261.8803	0.6317626	0.35804	0.419047	0.172758	0.0501546	1.862007	1.733163
3378	-3895.554	-4156.998	261.4439	0.7153136	0.571281	0.143147	0.199743	0.0858285	1.762155	2.038043
3384	-3919.256	-4181.284	262.0273	0.7758866	0.348577	0.278755	0.305271	0.0673978	2.12118	1.316283
3390	-3908.628	-4169.331	260.7027	0.950452	0.400821	0.291705	0.18576	0.121713	1.662353	2.422761
3396	-3894.998	-4155.069	260.0712	0.8588523	0.458259	0.183193	0.243474	0.115073	1.587763	2.915314
3402	-3897.576	-4157.871	260.2948	0.8712332	0.505974	0.215256	0.162539	0.11623	1.550755	2.794438
3408	-3913.537	-4174.099	260.5619	0.8261616	0.486383	0.206922	0.194965	0.11173	1.685032	2.576556
3414	-3902.947	-4164.092	261.145	0.8167338	0.458783	0.199223	0.31195	0.0300439	1.691778	2.209761
3420	-3901.683	-4161.472	259.7884	0.8624315	0.520832	0.200895	0.211563	0.0667096	1.581516	3.086472
3426	-3914.162	-4174.744	260.5821	0.8572028	0.475893	0.203918	0.236341	0.0838473	1.503147	2.656555
3432	-3905.03	-4165.221	260.1908	0.7866718	0.524575	0.0811931	0.349267	0.0449653	1.492047	2.94629
3438	-3899.718	-4159.656	259.9378	0.7416811	0.459006	0.249669	0.251981	0.0393448	1.359652	3.204711
3444	-3897.59	-4157.33	259.7401	0.7816322	0.453975	0.246932	0.287466	0.0116271	1.484929	3.222676
3450	-3906.808	-4167.323	260.5156	0.7586278	0.453975	0.246932	0.287466	0.0116271	1.520097	2.7502
3456	-3906.293	-4166.177	259.8844	0.7094379	0.493922	0.228212	0.218938	0.0589269	1.527751	3.15694
3462	-3887.871	-4147.641	259.7699	0.7818854	0.481685	0.296316	0.18322	0.0387789	1.418976	3.243909
3468	-3901.616	-4161.005	259.3889	0.5526057	0.47747	0.254291	0.255252	0.0129879	1.471382	3.578006
3474	-3910.647	-4169.769	259.1224	0.8136352	0.49279	0.234899	0.235787	0.036525	1.463077	3.578006
3480	-3911.03	-4171.077	260.047	0.7113424	0.370875	0.37683	0.187459	0.0648358	1.471653	3.09234
3486	-3883.263	-4143.851	260.5875	0.7166658	0.442123	0.219168	0.246806	0.0919036	1.571139	2.702055
3492	-3899.914	-4160.857	260.9435	0.9332795	0.560541	0.218657	0.129112	0.0916894	1.732753	2.23574
3498	-3890.446	-4151.17	260.7239	0.7891176	0.475118	0.193364	0.252352	0.0791652	1.697636	2.49195
3504	-3878.26	-4139.183	260.9235	0.6839251	0.562009	0.210182	0.188643	0.0391657	1.609339	2.491809
3510	-3885.369	-4146.17	260.8011	0.7664286	0.521979	0.251819	0.175207	0.0509944	1.662308	2.480622
3516	-3891.581	-4152.365	260.7846	0.9063599	0.554275	0.222704	0.1745	0.048522	1.698567	2.376575
3522	-3909.935	-4170.49	260.5553	0.996052	0.473017	0.263385	0.203357	0.0602416	1.853497	2.36613
3528	-3891.238	-4152.423	261.1847	0.8307146	0.458409	0.283314	0.228683	0.0295937	1.821649	2.089759
3534	-3894.386	-4155.472	261.0854	0.7660933	0.511049	0.315848	0.153863	0.0192398	1.75166	2.243846
3540	-3883.51	-4144.55	261.0393	0.6848369	0.459467	0.369874	0.138333	0.0323264	1.712637	2.353155
3546	-3888.875	-4149.558	260.683	0.8489733	0.427943	0.249901	0.280474	0.041682	1.70248	2.475389
3552	-3879.284	-4140.603	261.3189	0.7374029	0.409898	0.272472	0.268647	0.0489829	1.755999	2.109055
3558	-3888.978	-4150.19	261.2114	0.8528217	0.557145	0.142643	0.268825	0.0313869	1.755999	2.10027
3564	-3886.52	-4147.958	261.4376	0.8528217	0.442675	0.307261	0.213592	0.0364716	1.824945	1.903458
3570	-3883.774	-4145.613	261.8396	0.6379941	0.438994	0.283075	0.211816	0.0661143	1.809862	1.793346
3576	-3890.039	-4151.783	261.744	0.6394481	0.444678	0.318702	0.198699	0.0379205	2.022751	1.710155
3582	-3910.075	-4172.043	261.9675	0.6394481	0.437877	0.281177	0.259793	0.0211526	1.936659	1.611918
3588	-3897.311	-4159.185	261.8739	0.5843326	0.442591	0.217292	0.309744	0.0303731	1.869403	1.767372
3594	-3892.677	-4154.645	261.9679	0.6507669	0.396526	0.256834	0.332741	0.013899	1.901552	1.628302
3600	-3881.513	-4143.521	262.0084	0.6381307	0.475322	0.307871	0.199114	0.0176929	2.029631	1.514472
3606	-3880.416	-4142.428	262.0124	0.6436951	0.370958	0.324858	0.279361	0.0248235	2.049969	1.491809
3612	-3892.385	-4154.811	262.4269	0.495199	0.465609	0.232783	0.276995	0.0246133	2.049969	1.287872
3618	-3891.197	-4153.532	262.3358	0.6066553	0.481177	0.227037	0.232493	0.0592924	2.139988	1.19278
3624	-3886.475	-4148.782	262.3078	0.5706992	0.376486	0.311879	0.266577	0.0450576	2.14773	1.24192
3630	-3913.559	-4176.151	262.5924	0.4749799	0.370531	0.335784	0.214128	0.0795577	2.146351	1.077838
3636	-3909.029	-4171.548	262.5187	0.5510755	0.361278	0.392283	0.218852	0.0275868	2.037008	1.17379
3642	-3903.174	-4165.329	262.1546	0.6317164	0.476222	0.258517	0.17606	0.0892006	2.010377	1.423365
3648	-3909.395	-4171.641	262.2452	0.6189546	0.38371	0.384004	0.133097	0.099189	1.98347	1.38439
3654	-3911.083	-4173.347	262.2647	0.6057342	0.319332	0.411078	0.187043	0.0825473	1.977859	1.38439
3660	-3904.617	-4167.024	262.4071	0.4782506	0.329632	0.424338	0.193076	0.0529541	1.980914	1.372449
3666	-3903.382	-4165.073	261.691	0.6178509	0.321466	0.413825	0.213067	0.0516422	1.891905	1.853816
3672	-3888.674	-4150.231	261.5569	0.8217431	0.439354	0.312016	0.22377	0.0248596	1.866375	1.815657
3678	-3890.247	-4151.863	261.616	0.6926352	0.545934	0.262054	0.150107	0.0419051	1.628214	2.028698
3684	-3896.532	-4157.612	261.0801	0.7764952	0.463913	0.144232	0.354471	0.0373845	1.67813	2.287369
3690	-3915.265	-4177.476	262.2107	0.5720017	0.407886	0.304993	0.162867	0.124254	1.900261	1.511873
3696	-3905.39	-4167.25	261.8595	0.7770372	0.402714	0.301126	0.173482	0.122679	2.035075	1.511873
3702	-3909.661	-4171.302	261.6415	0.7770372	0.453905	0.212288	0.195534	0.138273	1.916745	1.754501
3708	-3900.357	-4162.102	261.7444	0.6114403	0.407734	0.374962	0.137164	0.0801393	1.790179	1.891378
3714	-3902.967	-4164.725	261.7571	0.7319956	0.393093	0.397563	0.128712	0.080633	1.855353	1.749774
3720	-3908.901	-4170.298	261.3974	0.7319956	0.395499	0.399996	0.123378	0.0811265	1.804261	2.029281
3726	-3919.615	-4180.937	261.3216	0.7578469	0.480833	0.209037	0.137205	0.172925	1.825009	2.047663
3732	-3896.368	-4158.002	261.6333	0.8280887	0.520682	0.198371	0.233421	0.0475261	1.787957	1.812529
3738	-3908.49	-4170.071	261.5804	0.6302148	0.471949	0.238965	0.281187	0.00789936	1.855885	1.94448
3744	-3899.887	-4161.706	261.8187	0.6043766	0.538231	0.240816	0.216504	0.00444827	1.866286	1.793284
3750	-3903.291	-4165.019	261.7284	0.6082499	0.445997	0.304707	0.195975	0.0533212	1.9026	1.827778
3756	-3903.372	-4164.563	261.1914	1.0186	0.394286	0.364134	0.217299	0.0242806	1.841759	1.944538
3762	-3906.96	-4168.317	261.3573	0.7275319	0.497127	0.205174	0.204433	0.0932652	1.781301	2.074085
3768	-3894.687	-4155.835	261.148	0.6875726	0.394022	0.33649	0.232827	0.0366612	1.800863	2.225321
3774	-3887.856	-4148.9	261.044	0.8009008	0.477846	0.286249	0.155191	0.0807137	1.785252	2.225321
3780	-3894.162	-4155.494	261.3325	0.7624304	0.487238	0.291875	0.158242	0.062645	1.756402	2.082567
3786	-3892.585	-4153.893	261.3081	0.72606	0.481619	0.284305	0.156417	0.0776591	1.819146	2.082567
3792	-3885.205	-4146.498	261.2936	0.7183732	0.55276	0.200595	0.208906	0.0377387	1.841755	2.082567
3798	-3891.327	-4153.005	261.6784	0.6793647	0.520416	0.208696	0.237958	0.0329304	1.853903	1.843935
3804	-3884.163	-4146.043	261.8804	0.765009	0.502426	0.188368	0.277414	0.031792	1.848958	1.642161
3810	-3897.944	-4159.517	261.5728	0.7298866	0.343232	0.404772	0.206465	0.0455315	1.869745	1.868733
3816	-3887.901	-4149.238	261.3368	0.7100874	0.481162	0.211155	0.213505	0.0941787	1.741719	2.125604
3822	-3889.902	-4151.125	261.223	0.7100874	0.432336	0.347159	0.121956	0.0985493	1.736726	2.202858
3828	-3903.31	-4164.552	261.2417	0.7723742	0.535572	0.276665	0.151077	0.0366854	1.781232	2.118927
3834	-3915.051	-4176.375	261.3236	0.7723742	0.486361	0.234526	0.222204	0.056909	1.699342	2.118927
3840	-3909.343	-4170.653	261.3102	0.7463012	0.50553	0.24377	0.230962	0.0197385	1.657646	2.172819
3846	-3925.851	-4187.179	261.3279	0.7463012	0.563807	0.126226	0.291289	0.0186786	1.63992	2.172819
3852	-3905.358	-4166.038	260.6798	0.8514974	0.474227	0.242781	0.239639	0.0433535	1.582462	2.550638
3858	-3917.312	-4177.775	260.463	0.7655331	0.529536	0.230758	0.213685	0.0260204	1.583826	2.738965
3864	-3897.728	-4158.535	260.8065	0.8243341	0.533056	0.234921	0.136697	0.0953265	1.611426	2.47109
3870	-3898.863	-4159.232	260.369	0.8261848	0.457539	0.345419	0.113623	0.0834182	1.579748	2.76003
3876	-3913.349	-4173.954	260.6057	0.7862534	0.549243	0.18446	0.16616	0.100137	1.547381	2.660333
3882	-3920.759	-4182.352	261.5929	0.8119834	0.395123	0.376891	0.154544	0.0734422	1.894004	1.778647
3888	-3904.779	-4166.506	261.7265	0.7022347	0.450869	0.256412	0.235386	0.0573323	1.803737	1.828718
3894	-3906.958	-4168.139	261.1805	0.9293235	0.520969	0.172433	0.240352	0.0662461	1.779907	2.053008
3900	-3908.562	-4170.765	262.2032	0.6008329	0.372969	0.305865	0.212068	0.109098	1.96668	1.444579
3906	-3910.632	-4172.764	262.132	0.6215568	0.411656	0.337591	0.234065	0.0166882	2.039465	1.426658
3912	-3897.234	-4159.494	262.2601	0.6215568	0.365341	0.386061	0.2291	0.0194989	2.077723	1.295042
3918	-3900.944	-4163.355	262.4108	0.5727235	0.494396	0.264956	0.173253	0.0673962	2.022166	1.258953
3924	-3894.01	-4156.007	261.9973	0.8603116	0.521509	0.223719	0.202069	0.0527029	1.971995	1.388505
3930	-3885.355	-4147.497	262.1417	0.6924146	0.449993	0.202991	0.299196	0.0478199	2.066196	1.339329
3936	-3885.786	-4147.906	262.1205	0.7766719	0.412346	0.258544	0.274165	0.0549445	2.144116	1.219668
3942	-3885.2	-4147.415	262.2141	0.6674597	0.464638	0.238066	0.246703	0.0505925	2.144116	1.238138
3948	-3893.073	-4155.301	262.2276	0.6533645	0.47616	0.243969	0.252821	0.0270505	2.144116	1.239302
3954	-3889.009	-4151.355	262.3457	0.6706135	0.401413	0.363967	0.222075	0.0125454	2.173544	1.094102
3960	-3897.15	-4159.573	262.4234	0.6055943	0.366915	0.287414	0.335765	0.00990675	2.134804	1.121239
3966	-3890.508	-4152.836	262.3277	0.7297002	0.491879	0.217938	0.254601	0.035582	2.15021	1.074407
3972	-3889.092	-4151.326	262.2345	0.6762998	0.425767	0.291527	0.220381	0.0623242	2.13907	1.217261
3978	-3890.522	-4153.101	262.5785	0.5964324	0.318592	0.352557	0.266518	0.062333	2.10575	1.011513
3984	-3908.154	-4170.611	262.4563	0.6050084	0.463258	0.388349	0.0970212	0.0513718	2.096594	1.126582
3990	-3891.789	-4154.12	262.3308	0.6881578	0.387496	0.324837	0.217688	0.0699782	1.956185	1.278992
3996	-3897.013	-4159.568	262.5546	0.4636543	0.345475	0.419416	0.181359	0.0537497	2.01516	1.236427
4002	-3905.572	-4167.718	262.1456	0.7468681	0.532964	0.303722	0.131331	0.0319823	1.986982	1.353455
4008	-3904.492	-4166.718	262.2256	0.5986819	0.299413	0.461124	0.172622	0.0668411	1.925752	1.460437
4014	-3907.319	-4169.623	262.3041	0.4707092	0.405525	0.412028	0.0984364	0.0840107	1.868703	1.541951
4020	-3921.665	-4183.967	262.3014	0.5129688	0.312234	0.317242	0.256059	0.114465	1.829693	1.541951
4026	-3901.048	-4162.913	261.8646	0.7490312	0.310406	0.315384	0.25456	0.11965	1.820892	1.685561
4032	-3892.594	-4154.401	261.8071	0.6520301	0.37492	0.371557	0.241722	0.0118012	1.850175	1.777623
4038	-3897.529	-4159.551	262.0218	0.6520301	0.332234	0.427765	0.224499	0.0155017	1.977914	1.532084
4044	-3896.591	-4158.903	262.312	0.4361576	0.255646	0.470836	0.247103	0.026416	1.912729	1.527546
4050	-3897.026	-4159.274	262.248	0.4466387	0.288938	0.416951	0.264255	0.0298561	1.884844	1.588069
4056	-3896.166	-4158.266	262.0994	0.4353386	0.343726	0.472535	0.14502	0.0387194	1.904092	1.688674
4062	-3893.564	-4155.575	262.0107	0.4353386	0.371988	0.437506	0.156943	0.0335627	1.853016	1.786802
4068	-3907.662	-4169.81	262.1471	0.4968679	0.373379	0.439142	0.153791	0.0336882	1.853016	1.649035
4074	-3914.86	-4176.964	262.104	0.6465852	0.410397	0.357291	0.191503	0.0408091	1.904722	1.529665
4080	-3909.233	-4171.155	261.9221	0.6259941	0.368029	0.371876	0.208349	0.0517464	1.844152	1.720578
4086	-3903.651	-4165.458	261.8072	0.7121027	0.392836	0.329537	0.222393	0.0552344	1.878675	1.712964
4092	-3913.536	-4175.079	261.5426	0.8409472	0.530505	0.185579	0.22512	0.0587953	1.795417	1.860512
4098	-3910.956	-4172.58	261.6241	0.6662055	0.47315	0.273631	0.200781	0.0524387	1.71344	1.985188
4104	-3910.634	-4172.274	261.6392	0.8340053	0.50316	0.258044	0.189344	0.0494516	1.796667	1.798127
4110	-3906.32	-4167.951	261.6305	0.8511203	0.452847	0.331808	0.0874605	0.127885	1.841985	1.76026
4116	-3911.299	-4172.713	261.4141	0.8980684	0.487777	0.349532	0.0983897	0.0643011	1.788523	1.912411
4122	-3907.946	-4170.235	262.2887	0.5928684	0.440084	0.290056	0.144225	0.125635	2.005821	1.354082
4128	-3897.036	-4159.286	262.2502	0.5604997	0.358174	0.419931	0.168389	0.0535057	2.021854	1.39822
4134	-3899.077	-4161.139	262.0619	0.5657891	0.467474	0.309066	0.164363	0.059097	1.807976	1.691924
4140	-3893.104	-4155.431	262.3271	0.6042974	0.542921	0.265278	0.141076	0.0507243	2.201125	1.149191
4146	-3890.47	-4152.864	262.3939	0.6042974	0.373394	0.429346	0.140206	0.0570545	2.31158	0.9819271
4152	-3887.966	-4150.651	262.6854	0.4715119	0.330405	0.448563	0.180148	0.040884	2.182139	0.9542568
4158	-3894.745	-4157.263	262.5186	0.4715119	0.512194	0.291365	0.156498	0.0399421	2.156324	1.139097
4164	-3891.627	-4154.115	262.4884	0.5260094	0.464473	0.286793	0.219738	0.0289964	2.143196	1.129449
4170	-3895.895	-4158.082	262.1872	0.6131894	0.397478	0.37261	0.188044	0.0418691	2.134916	1.314939
4176	-3901.955	-4164.218	262.2632	0.6607212	0.392097	0.381102	0.185498	0.0413024	2.008297	1.315266
4182	-3905.718	-4167.737	262.0181	0.7337656	0.488752	0.211482	0.231225	0.0685407	1.981028	1.467598
4188	-3896.425	-4158.5	262.0743	0.7570134	0.402186	0.200525	0.325513	0.0717757	2.111391	1.302282
4194	-3907.678	-4169.994	262.316	0.5752179	0.437382	0.361268	0.168777	0.0325731	2.061604	1.302282
4200	-3907.288	-4169.606	262.3175	0.5486849	0.357023	0.380754	0.219803	0.0424207	2.218029	1.193358
4206	-3893.174	-4155.673	262.4992	0.5377557	0.469328	0.208977	0.293575	0.0281201	2.070998	1.173098
4212	-3904.101	-4166.272	262.1703	0.6525537	0.473029	0.18797	0.304853	0.0341486	2.090082	1.331132
4218	-3885.926	-4148.043	262.1171	0.775569	0.490616	0.223104	0.179008	0.107272	2.090082	1.26871
4224	-3892.77	-4154.998	262.2283	0.6516228	0.476978	0.212475	0.194182	0.116365	2.0726	1.29931
4230	-3880.502	-4142.7	262.1978	0.6505726	0.422322	0.334472	0.124088	0.119118	2.0726	1.324833
4236	-3891.611	-4153.758	262.1461	0.6942324	0.462431	0.212173	0.207083	0.118312	2.078017	1.324833
4242	-3913.898	-4175.704	261.8053	0.6413945	0.540003	0.17941	0.243565	0.0370223	1.88087	1.765281
4248	-3901.657	-4162.689	261.0326	0.8242494	0.515283	0.185484	0.232415	0.0668178	1.801228	2.206605
4254	-3899.563	-4161.719	262.1562	0.6362694	0.407327	0.257514	0.280215	0.0549444	2.04296	1.393104
4260	-3898.854	-4160.991	262.1372	0.6043132	0.461495	0.327158	0.161838	0.0495096	2.027321	1.4459
4266	-3900.282	-4162.452	262.1697	0.6241345	0.344136	0.435048	0.150999	0.0698166	1.973904	1.4459
4272	-3897.319	-4159.565	262.2457	0.6112357	0.387481	0.33045	0.201696	0.0803723	2.002566	1.375374
4278	-3907.715	-4170.11	262.395	0.6083222	0.407235	0.347296	0.137774	0.107696	1.978417	1.277363
4284	-3911.12	-4173.364	262.2434	0.6261607	0.485567	0.271189	0.136525	0.106719	2.096801	1.289193
4290	-3910.19	-4172.443	262.2534	0.6578184	0.418158	0.233541	0.256396	0.0919042	2.06299	1.281272
4296	-3905.056	-4167.309	262.253	0.703633	0.468445	0.261627	0.166972	0.102956	2.165703	1.15317
4302	-3898.022	-4160.202	262.1803	0.5383799	0.376488	0.416759	0.173423	0.0333302	2.078455	1.426177
4308	-3892.72	-4154.857	262.1369	0.6129384	0.379113	0.419665	0.16766	0.0335625	2.010615	1.451921
4314	-3899.9	-4162.243	262.3426	0.6445298	0.361263	0.416511	0.1664	0.0558271	2.005567	1.266706
4320	-3901.13	-4163.28	262.1493	0.7576523	0.392855	0.396748	0.166496	0.0439011	2.096517	1.252293
4326	-3895.108	-4157.489	262.3806	0.6083945	0.37714	0.380877	0.159836	0.0821481	2.053485	1.22678
4332	-3899.114	-4161.624	262.5091	0.5234149	0.343628	0.347033	0.265541	0.0437985	2.021578	1.219574
4338	-3886.527	-4149.016	262.4895	0.527304	0.343628	0.347033	0.265541	0.0437985	2.037306	1.219574
4344	-3883.782	-4146.123	262.3403	0.5932163	0.35551	0.356832	0.222411	0.0652472	1.97335	1.338579
4350	-3884.621	-4147.087	262.4658	0.5663693	0.340909	0.415958	0.180565	0.0625675	2.141157	1.114199
4356	-3881.441	-4144.071	262.6302	0.4506893	0.383314	0.408772	0.159471	0.0484424	2.098059	1.108925
4362	-3881.433	-4144.007	262.5738	0.5335498	0.406072	0.41974	0.124446	0.0497422	2.25893	0.9253545
4368	-3887.072	-4149.684	262.6118	0.5725238	0.406072	0.41974	0.124446	0.0497422	2.192469	0.9125098
4374	-3873.21	-4135.689	262.4795	0.63019	0.462701	0.30529	0.213615	0.0183937	2.192469	0.9882433
4380	-3883.339	-4145.833	262.4944	0.5915243	0.410385	0.329305	0.17696	0.0833497	2.218239	0.9882433
4386	-3891.261	-4153.578	262.3175	0.6966328	0.432922	0.34739	0.186678	0.0330096	2.335675	0.934508
4392	-3873.497	-4135.852	262.3545	0.6338449	0.428011	0.343449	0.184561	0.0439783	2.133416	1.157271
4398	-3885.594	-4147.677	262.0829	0.7095502	0.4351	0.349137	0.187617	0.0281457	1.864261	1.525814
4404	-3885.192	-4146.842	261.6501	0.7640845	0.473997	0.227214	0.277595	0.0211932	1.856032	1.800242
4410	-3874.907	-4136.861	261.9542	0.5212718	0.423429	0.275013	0.275906	0.0256516	1.897899	1.736684
4416	-3894.146	-4156.095	261.9489	0.6339862	0.534737	0.245405	0.181289	0.03857	1.903729	1.653212
4422	-3889.375	-4151.335	261.96	0.5761523	0.545915	0.237743	0.175629	0.0407126	1.903729	1.688589
4428	-3876.254	-4137.777	261.5232	0.7732239	0.494118	0.264013	0.214931	0.0269378	1.893046	1.855441
4434	-3881.129	-4142.977	261.8475	0.8197504	0.456616	0.191284	0.29641	0.0556906	1.933306	1.563067
4440	-3883.035	-4145.093	262.0587	0.5912067	0.39462	0.344036	0.214173	0.0471717	1.90455	1.605875
4446	-3896.804	-4158.767	261.9627	0.6422389	0.373724	0.303941	0.287527	0.0348074	1.94677	1.605875
4452	-3878.711	-4140.328	261.6171	0.6460096	0.38787	0.315446	0.260559	0.0361249	1.86524	1.902118
4458	-3877.57	-4139.634	262.0639	0.6368442	0.46108	0.292358	0.200799	0.0457632	2.027235	1.475619
4464	-3885.63	-4147.947	262.3172	0.5166818	0.476653	0.302232	0.173806	0.0473088	2.029039	1.375306
4470	-3884.959	-4147.03	262.0712	0.4831387	0.517893	0.251144	0.179561	0.051402	2.053323	1.568633
4476	-3897.711	-4159.716	262.0053	0.8346565	0.421619	0.311461	0.181137	0.0857827	2.065512	1.32926
4482	-3907.772	-4170.002	262.2302	0.713114	0.409761	0.328284	0.182486	0.0794691	2.130718	1.194788
4488	-3917.165	-4179.547	262.3816	0.5642311	0.490706	0.2956	0.164479	0.0492147	2.065705	1.254371
4494	-3902.099	-4164.373	262.2744	0.6548632	0.372016	0.408733	0.203291	0.0159604	2.099778	1.235945
4500	-3893.535	-4155.8	262.2646	0.626181	0.323169	0.376234	0.250429	0.0501676	2.23029	1.158316
4506	-3892.192	-4154.657	262.4646	0.5719228	0.364374	0.312045	0.28236	0.0412221	2.332994	0.9204739
4512	-3886.278	-4148.858	262.5802	0.5327134	0.402127	0.344376	0.223749	0.0297487	2.332994	0.8330288
4518	-3883.511	-4146.03	262.5188	0.5327134	0.337986	0.381904	0.18806	0.0920497	2.417981	0.802612
4524	-3875.743	-4138.162	262.4186	0.6196656	0.334676	0.387957	0.186218	0.0911483	2.301533	0.9499386
4530	-3878.207	-4140.521	262.3139	0.6196656	0.422912	0.252109	0.257029	0.0679502	2.22429	1.125932
4536	-3879.782	-4142.235	262.4535	0.6169817	0.42304	0.341177	0.125384	0.110399	2.167324	1.052083
4542	-3880.901	-4143.251	262.3497	0.6422216	0.390857	0.315222	0.19192	0.102	2.185564	1.107001
4548	-3887.694	-4150.204	262.5096	0.5814032	0.440035	0.289773	0.176426	0.0937656	2.08959	1.107001
4554	-3905.781	-4168.333	262.5516	0.5160324	0.343176	0.374975	0.224739	0.0571104	2.125428	1.097313
4560	-3889.629	-4152.247	262.6176	0.5160324	0.362783	0.322335	0.237579	0.0773026	2.174125	0.9870524
4566	-3896.326	-4158.874	262.5477	0.5589792	0.362783	0.322335	0.237579	0.0773026	2.200063	0.9870524
4572	-3887.289	-4149.749	262.46	0.5589792	0.315288	0.416077	0.161824	0.106812	2.287767	0.9870524
4578	-3889.358	-4151.926	262.5679	0.5076916	0.343716	0.452916	0.0869247	0.116443	2.224776	0.9945122
4584	-3892.829	-4155.447	262.6175	0.5537708	0.39461	0.374337	0.0987583	0.132295	2.224776	0.8917038
4590	-3882.235	-4144.885	262.6494	0.525316	0.435559	0.335742	0.134464	0.0942359	2.308324	0.7845131
4596	-3886.7	-4149.362	262.6613	0.4723566	0.435559	0.335742	0.134464	0.0942359	2.238609	0.9186205
4602	-3877.68	-4140.229	262.5494	0.5706383	0.390217	0.346142	0.179216	0.0844258	2.311449	0.8493144
4608	-3878.89	-4141.557	262.6671	0.5131625	0.441012	0.305595	0.190565	0.0628278	2.307609	0.7779806
4614	-3886.426	-4148.985	262.5592	0.5663476	0.427608	0.277946	0.173324	0.121122	2.361046	0.7779806
4620	-3893.317	-4155.821	262.504	0.5663476	0.447576	0.321589	0.11004	0.120795	2.316149	0.9019141
4626	-3898.891	-4161.451	262.5604	0.5473354	0.357196	0.441195	0.150967	0.0506425	2.279462	0.9019141
4632	-3896.149	-4158.882	262.7326	0.4225365	0.438778	0.355257	0.165347	0.0406177	2.304365	0.8109914
4638	-3898.81	-4161.488	262.6782	0.4637207	0.388728	0.392203	0.188081	0.0309874	2.22385	0.9253278
4644	-3911.18	-4173.72	262.5404	0.5430196	0.400908	0.294804	0.193974	0.110315	2.306714	0.8987271
4650	-3922.162	-4182.485	260.3228	0.5956508	0.492516	0.26413	0.133558	0.109796	1.431678	3.024486
4656	-3931.175	-4191.327	260.1527	0.7412918	0.491514	0.273826	0.116252	0.118408	1.542888	2.96738
4662	-3905.264	-4167.823	262.5587	0.5144071	0.353334	0.350245	0.224937	0.0714837	2.400307	0.7977222
4668	-3910.923	-4173.594	262.6709	0.5144071	0.403047	0.36462	0.157915	0.0744175	2.297105	0.7855073
4674	-3896.335	-4159.003	262.668	0.5144071	0.415445	0.375836	0.142058	0.0666622	2.297105	0.7895185
4680	-3900.472	-4163.081	262.6088	0.5144071	0.466983	0.352412	0.133204	0.047402	2.264423	0.9021031
4686	-3897.314	-4159.995	262.6812	0.508816	0.507632	0.266414	0.139657	0.086297	2.260645	0.8273291
4692	-3900.15	-4162.794	262.6439	0.5278024	0.30023	0.409625	0.187291	0.102855	2.278749	0.8273291
4698	-3907.395	-4170.046	262.6513	0.5132604	0.315148	0.429978	0.216479	0.0383957	2.056551	1.07136
4704	-3909.427	-4172.073	262.6455	0.490741	0.392686	0.344862	0.178793	0.0836586	2.163976	0.9946096
4710	-3892.841	-4155.311	262.4702	0.5262183	0.307437	0.461186	0.200737	0.0306402	2.185319	1.107599
4716	-3888.266	-4150.863	262.5972	0.5096559	0.327801	0.40541	0.214033	0.052756	2.135419	1.05134
4722	-3879.68	-4142.323	262.643	0.4790322	0.414911	0.396737	0.155525	0.0328267	2.214283	0.9573364
4728	-3884.758	-4147.428	262.6708	0.4790322	0.408943	0.391031	0.141755	0.0582717	2.120731	1.023745
4734	-3897.642	-4160.114	262.4713	0.5771298	0.425154	0.372538	0.147374	0.0549332	2.220664	1.023745
4740	-3887.27	-4149.712	262.4417	0.6132353	0.362344	0.406189	0.147253	0.0842141	2.22743	1.008994
4746	-3898.864	-4161.544	262.6794	0.4397633	0.339594	0.494611	0.138063	0.0277329	2.164419	1.008994
4752	-3882.746	-4145.272	262.5265	0.5152558	0.374536	0.394069	0.159659	0.0717361	2.241993	1.011072
4758	-3897.073	-4159.533	262.4602	0.6139458	0.413505	0.27754	0.229755	0.0792001	2.228626	0.9885744
4764	-3891.86	-4154.376	262.5165	0.5859376	0.473131	0.324621	0.101366	0.100882	2.241405	0.9474906
4770	-3897.645	-4160.086	262.4403	0.6389915	0.457141	0.352104	0.0956059	0.0951488	2.273053	0.9354639
4776	-3891.504	-4153.983	262.4787	0.6350655	0.435041	0.403293	0.0830661	0.0786004	2.273053	0.8978401
4782	-3888.282	-4150.958	262.6754	0.5181635	0.388108	0.446522	0.112294	0.0530761	2.268243	0.8129713
4788	-3883.552	-4146.25	262.6977	0.4959396	0.431165	0.339313	0.185943	0.0435792	2.268243	0.8129713
4794	-3901.292	-4163.568	262.2764	0.6822634	0.452472	0.368256	0.112278	0.0669939	1.920543	1.356646
4800	-3901.566	-4164.14	262.5737	0.5074873	0.414731	0.336623	0.176911	0.0717349	2.409933	0.7733681
4806	-3893.657	-4156.107	262.4494	0.6072898	0.402937	0.325794	0.201842	0.0694272	2.489244	0.680264
4812	-3890.398	-4153.006	262.6078	0.4424738	0.337925	0.361269	0.22382	0.0769869	2.507564	0.6588027
4818	-3879.522	-4142.1	262.5779	0.531511	0.35427	0.353987	0.234646	0.0570974	2.450263	0.6588027
4824	-3882.948	-4145.37	262.422	0.6096223	0.394367	0.35969	0.126716	0.119227	2.556241	0.5764288
4830	-3905.089	-4167.616	262.5269	0.5120686	0.349594	0.301042	0.247045	0.102319	2.556241	0.5592456
4836	-3886.043	-4148.602	262.5594	0.5158951	0.350635	0.390087	0.247781	0.0114965	2.504903	0.611054
4842	-3896.238	-4158.685	262.4468	0.5675113	0.411177	0.324865	0.2453	0.0186581	2.544624	0.6582268
4848	-3900.809	-4163.347	262.5373	0.5328547	0.339497	0.403393	0.241818	0.0152924	2.494552	0.6479854
4854	-3903.313	-4165.847	262.534	0.5037217	0.330433	0.485601	0.159948	0.0240183	2.480349	0.7332783
4860	-3891.75	-4154.267	262.5176	0.5997184	0.415439	0.387857	0.127753	0.0689509	2.328085	0.830435
4866	-3901.745	-4164.294	262.5487	0.5666439	0.468231	0.241221	0.204645	0.0859031	2.273556	0.8992377
4872	-3908.481	-4171.167	262.6857	0.5312128	0.397979	0.401819	0.119336	0.0808665	2.335117	0.6740821
4878	-3910.907	-4173.399	262.4921	0.6486588	0.484311	0.269051	0.179095	0.0675423	2.347218	0.7702023
4884	-3912.558	-4175.089	262.5306	0.6486588	0.512019	0.214021	0.206866	0.0670932	2.272216	0.8194083
4890	-3897.714	-4160.388	262.674	0.5576143	0.435905	0.231993	0.209433	0.122669	2.220705	0.8240759
4896	-3903.256	-4165.8	262.5438	0.5619857	0.329048	0.374432	0.186994	0.109526	2.220705	0.9667002
4902	-3895.863	-4158.693	262.8301	0.3244703	0.40777	0.37644	0.166405	0.0493855	2.146869	0.9648257
4908	-3901.359	-4164.099	262.7402	0.3884187	0.393743	0.363492	0.160681	0.0820841	2.067208	1.08654
4914	-3903.085	-4165.605	262.52	0.4754463	0.426535	0.327169	0.174063	0.0722327	2.093315	1.189727
4920	-3900.858	-4163.329	262.4704	0.4927722	0.392329	0.300932	0.160104	0.146635	2.20416	1.120751
4926	-3905.376	-4167.987	262.6113	0.4927722	0.37799	0.454529	0.154252	0.0132296	2.20416	0.9864965
4932	-3904.347	-4166.86	262.5136	0.5704229	0.360281	0.288778	0.275784	0.0751571	2.229854	0.9793501
4938	-3897.946	-4160.678	262.7311	0.3915641	0.345796	0.331528	0.255397	0.0672789	2.125269	1.037874
4944	-3900.727	-4163.313	262.5858	0.540313	0.454369	0.285177	0.198316	0.0621379	2.203032	0.9646912
4950	-3918.885	-4181.579	262.6941	0.5298804	0.46946	0.244592	0.217299	0.0686491	2.203032	0.8562462
4956	-3916.475	-4179.019	262.5447	0.574802	0.429329	0.263093	0.233736	0.0738418	2.257893	0.9116696
4962	-3897.488	-4159.028	261.5408	0.6718866	0.4344	0.237036	0.243119	0.0854448	1.743337	2.0168
4968	-3894.913	-4155.963	261.0496	0.6985157	0.465544	0.222822	0.231313	0.0803209	1.704033	2.342841
4974	-3902.856	-4165.529	262.6727	0.4909379	0.425641	0.377567	0.166191	0.0306002	2.27661	0.8402879
4980	-3902.335	-4164.778	262.443	0.6600351	0.342018	0.432539	0.190388	0.0350554	2.310512	0.8652465
4986	-3902.212	-4164.731	262.5194	0.6065156	0.381347	0.393287	0.208182	0.0171847	2.287012	0.8694781
4992	-3898.32	-4160.845	262.525	0.5407605	0.360907	0.372208	0.193966	0.0729195	2.349891	0.8694781
4998	-3906.748	-4169.32	262.5722	0.52781	0.360907	0.372208	0.193966	0.0729195	2.387509	0.7782531
5004	-3899.812	-4162.315	262.5034	0.5795957	0.407934	0.33169	0.182481	0.0778953	2.402839	0.7782531
5010	-3881.584	-4142.972	261.3874	0.7524666	0.50586	0.189725	0.231928	0.0724868	1.73579	2.066861
5016	-3894.668	-4155.883	261.215	0.7562237	0.553875	0.207734	0.197216	0.0411757	1.740397	2.174101
5022	-3897.571	-4158.497	260.9258	0.7562237	0.414446	0.230061	0.279624	0.0758685	1.68445	2.395069
5028	-3900.427	-4161.803	261.376	0.8168021	0.438192	0.24549	0.225927	0.0903907	1.754067	2.017572
5034	-3893.103	-4154.19	261.0873	0.7815021	0.41274	0.257412	0.212804	0.117044	1.673543	2.282315
5040	-3891.51	-4152.417	260.9073	0.8023088	0.435512	0.219918	0.283378	0.061191	1.68286	2.377103
5046	-3887.792	-4148.206	260.4138	0.8161726	0.468493	0.236573	0.229109	0.065825	1.522845	2.773774
5052	-3886.513	-4146.512	259.9994	0.9211852	0.538627	0.195117	0.184791	0.081465	1.583431	2.922559
5058	-3881.402	-4141.399	259.9971	0.9211852	0.509158	0.2815	0.150808	0.058534	1.604313	2.911344
5064	-3885.851	-4147.01	261.1586	0.6429044	0.485455	0.225472	0.241466	0.0476066	1.69504	2.316694
5070	-3891.013	-4152.142	261.129	0.7156751	0.487466	0.275312	0.222145	0.0150771	1.785004	2.228564
5076	-3883.202	-4144.547	261.3444	0.7662482	0.386413	0.363034	0.176094	0.0744592	1.812361	2.035096
5082	-3889.124	-4151.319	262.1942	0.6208792	0.52454	0.242362	0.163826	0.0692717	1.966959	1.435101
5088	-3891.011	-4153.059	262.0479	0.5931271	0.41352	0.298954	0.202079	0.0854468	1.847373	1.653435
5094	-3902.17	-4164.713	262.5426	0.5762094	0.390123	0.306828	0.255018	0.0480316	2.355525	0.7942166
5100	-3884.85	-4147.471	262.6209	0.5384304	0.411795	0.348943	0.184638	0.0546243	2.302596	0.8123859
5106	-3903.705	-4166.017	262.3127	0.7417562	0.347872	0.386864	0.204704	0.0605606	2.268536	0.9601381
5112	-3906.936	-4169.415	262.4789	0.6648105	0.492218	0.320688	0.101405	0.0856895	2.183846	0.9601381
5118	-3907.406	-4169.885	262.4791	0.6392882	0.336331	0.442948	0.162978	0.0577427	2.146998	1.024327
5124	-3901.183	-4163.518	262.3353	0.674843	0.294961	0.476317	0.16663	0.0620926	2.146998	1.123666
5130	-3910.226	-4172.648	262.4226	0.6415182	0.359185	0.395273	0.169929	0.0756126	2.100506	1.118721
5136	-3908.05	-4170.396	262.3457	0.575297	0.381393	0.39898	0.180436	0.0391906	2.240805	1.124323
5142	-3916.635	-4178.914	262.2791	0.6498796	0.463699	0.333605	0.184477	0.0182191	2.156162	1.188403
5148	-3918.511	-4180.809	262.2979	0.5833048	0.295416	0.501889	0.183404	0.0192909	2.137413	1.247862
5154	-3894.638	-4156.215	261.5763	0.7328769	0.448649	0.187913	0.285635	0.0778032	1.764513	1.935596
5160	-3915.715	-4177.299	261.5844	0.5668691	0.288388	0.43582	0.189579	0.0862124	1.687276	2.098034
5166	-3897.707	-4159.09	261.3826	0.6392416	0.299509	0.452626	0.182224	0.0656409	1.725583	2.155217
5172	-3895.519	-4156.903	261.3844	0.6093489	0.333294	0.444452	0.178933	0.0433209	1.712175	2.183226
5178	-3883.029	-4144.172	261.1439	0.8093378	0.496798	0.317019	0.155283	0.0309	1.712175	2.202258
5184	-3883.282	-4144.421	261.1388	0.7106886	0.510774	0.254695	0.191018	0.0435128	1.6998	2.280413
5190	-3891.092	-4151.647	260.5546	0.6854583	0.404668	0.201786	0.337505	0.056041	1.644277	2.697654
5196	-3883.327	-4143.955	260.6275	0.7919836	0.486391	0.180101	0.308651	0.0248573	1.650041	2.579703
5202	-3886.899	-4147.546	260.6463	0.8699207	0.444656	0.293945	0.215349	0.0460501	1.5501	2.579703
5208	-3896.542	-4156.841	260.2982	0.6334864	0.533136	0.155631	0.250345	0.0608877	1.552334	2.942821
5214	-3896.107	-4154.663	258.5558	0.7115359	0.460279	0.304469	0.158567	0.0766853	1.392539	4.006902
5220	-3878.289	-4138.675	260.3853	0.627268	0.460279	0.304469	0.158567	0.0766853	1.469535	2.944208
5226	-3882.728	-4143.056	260.3278	0.8494424	0.499884	0.244621	0.172211	0.0832837	1.617215	2.747496
5232	-3879.695	-4140.293	260.5985	0.9177365	0.463912	0.243052	0.241886	0.0511497	1.670677	2.503798
5238	-3893.421	-4153.708	260.2869	0.7772074	0.527419	0.276324	0.101754	0.0945036	1.625226	2.813568
5244	-3898.585	-4159.049	260.4633	0.8339111	0.508415	0.244778	0.228816	0.0179915	1.625226	2.669395
5250	-3883.446	-4144.459	261.0134	0.6909922	0.519305	0.250021	0.212298	0.0183769	1.633205	2.415657
5256	-3883.034	-4144.033	260.9986	0.6992889	0.537923	0.187731	0.252491	0.021856	1.633205	2.419421
5262	-3890.187	-4151.697	261.5102	0.7152195	0.459853	0.23252	0.233216	0.0744112	1.676677	2.050809
5268	-3884.637	-4145.752	261.1151	0.6705923	0.469409	0.21657	0.238063	0.0759576	1.596089	2.388516
5274	-3888.297	-4148.853	260.5567	0.7939523	0.465146	0.230256	0.253107	0.0514899	1.667687	2.611385
5280	-3870.804	-4131.638	260.8339	0.8346127	0.474193	0.268102	0.205213	0.0524914	1.692704	2.395959
5286	-3873.564	-4134.557	260.9929	0.78368	0.428748	0.261348	0.234767	0.075136	1.785202	2.269832
5292	-3883.316	-4144.456	261.1397	0.78368	0.368303	0.291931	0.272502	0.0672633	1.745559	2.200766
5298	-3881.866	-4142.947	261.0812	0.7607615	0.423018	0.319065	0.176932	0.0809855	1.753547	2.248912
5304	-3892.73	-4153.768	261.0375	0.7307708	0.523931	0.202803	0.223179	0.0500873	1.619025	2.38277
5310	-3887.348	-4148.463	261.1157	0.7032854	0.485165	0.170566	0.281168	0.0631016	1.678424	2.313879
5316	-3889.21	-4150.244	261.0342	0.707945	0.526755	0.185187	0.219546	0.068511	1.656007	2.376746
5322	-3903.923	-4164.933	261.0102	0.8015885	0.506541	0.218952	0.208625	0.0658819	1.712313	2.293358
5328	-3885.126	-4146.608	261.4812	0.7743521	0.477137	0.264292	0.196514	0.0620575	1.716347	2.002273
5334	-3882.504	-4143.879	261.3745	0.7735384	0.518097	0.237561	0.201341	0.0430007	1.810318	2.011348
5340	-3887.618	-4148.879	261.2609	0.8700168	0.461587	0.320722	0.179381	0.0383106	1.857448	1.988564
5346	-3881.987	-4143.291	261.3039	0.716427	0.462411	0.361246	0.137964	0.0383789	1.774211	2.121507
5352	-3892.525	-4154.16	261.6345	0.6656217	0.421732	0.354482	0.125828	0.0979579	1.774211	1.937868
5358	-3914.699	-4176.378	261.6796	0.6658936	0.322851	0.415097	0.147344	0.114708	1.604739	2.020872
5364	-3908.321	-4170.412	262.0908	0.6393857	0.324701	0.30421	0.290472	0.0806171	1.917095	1.535869
5370	-3905.063	-4167.088	262.025	0.7104114	0.29564	0.360487	0.27047	0.0734018	1.90769	1.535869
5376	-3899.492	-4161.672	262.1801	0.5535983	0.370692	0.405558	0.131715	0.0920356	1.936416	1.521958
5382	-3892.02	-4154.177	262.1565	0.678181	0.328601	0.376983	0.208864	0.085551	2.044136	1.35714
5388	-3888.682	-4151.028	262.3464	0.5919482	0.350134	0.450307	0.175294	0.0242642	2.037792	1.282598
5394	-3905.691	-4168.007	262.3162	0.4712547	0.343732	0.318832	0.239783	0.0976521	2.013258	1.423342
5400	-3907.464	-4169.511	262.047	0.7119829	0.361384	0.383004	0.134873	0.120738	2.091576	1.377793
5406	-3896.666	-4158.658	261.9924	0.760146	0.47952	0.262006	0.143603	0.114872	1.994703	1.455572
5412	-3904.057	-4166.071	262.0139	0.5586512	0.410333	0.35914	0.17282	0.057706	2.068613	1.543348
5418	-3898.086	-4160.219	262.133	0.6075852	0.316449	0.458924	0.170287	0.0543402	2.190737	1.31843
5424	-3896.593	-4158.836	262.243	0.6953527	0.463605	0.230221	0.255113	0.0510609	2.083763	1.23972
5430	-3910.86	-4172.69	261.8295	0.6353864	0.51258	0.282454	0.166027	0.0389386	1.806921	1.804241
5436	-3911.455	-4173.207	261.7513	0.6354088	0.499187	0.280567	0.13295	0.0872963	1.890711	1.800401
5442	-3917.335	-4179.797	262.4617	0.4546372	0.42922	0.33754	0.159829	0.0734099	2.056849	1.285939
5448	-3902.283	-4164.695	262.4115	0.5288563	0.363368	0.333593	0.230488	0.0725513	2.075539	1.251594
5454	-3899.368	-4160.976	261.6081	0.813451	0.596988	0.154784	0.119082	0.129146	1.96806	1.715041
5460	-3910.204	-4172.323	262.1192	0.6150447	0.344612	0.337449	0.255066	0.0628734	1.96806	1.495872
5466	-3905.948	-4168.001	262.053	0.6493695	0.414461	0.227237	0.309247	0.0490551	1.997957	1.495872
5472	-3897.694	-4160.116	262.4219	0.5120909	0.425293	0.24388	0.301603	0.0292232	2.148553	1.195452
5478	-3893.651	-4155.98	262.3289	0.6028392	0.415002	0.256337	0.294305	0.0343559	2.18369	1.164356
5484	-3891.473	-4153.821	262.3483	0.6291431	0.378301	0.27636	0.317294	0.028045	2.292167	1.020703
5490	-3912.948	-4175.206	262.2573	0.4961208	0.47955	0.260418	0.245141	0.0148916	1.922353	1.518403
5496	-3907.511	-4169.702	262.191	0.5542321	0.35497	0.289472	0.327148	0.0284091	1.900426	1.540112
5502	-3904.178	-4166.104	261.9263	0.6441965	0.424938	0.292412	0.256333	0.0263166	1.852042	1.698417
5508	-3904.632	-4166.255	261.6232	0.6635509	0.380231	0.366099	0.224318	0.0293524	1.90464	1.858472
5514	-3900.877	-4162.463	261.586	0.6908634	0.362863	0.414218	0.194471	0.0284481	1.865606	1.890717
5520	-3896.426	-4157.843	261.417	0.8516286	0.515263	0.162542	0.21565	0.106545	1.865606	1.890707
5526	-3894.157	-4155.856	261.6988	0.7048309	0.518664	0.196461	0.217073	0.0678017	1.685575	1.926216
5532	-3894.117	-4155.481	261.3633	0.7048309	0.455084	0.21789	0.307534	0.0194926	1.76991	2.093428
5538	-3893.019	-4154.499	261.48	0.6468904	0.482919	0.313251	0.183145	0.0206848	1.745529	2.073047
5544	-3888.3	-4149.949	261.6497	0.6414083	0.437822	0.343683	0.200938	0.0175565	1.699656	1.99485
5550	-3895.004	-4156.176	261.1729	0.5875142	0.510658	0.256557	0.224457	0.00832826	1.682001	2.353013
5556	-3889.262	-4150.707	261.4451	0.7297304	0.431213	0.279178	0.244247	0.0453618	1.711021	2.060981
5562	-3888.421	-4149.844	261.4225	0.8072013	0.440513	0.285199	0.249514	0.0247735	1.907306	1.890119
5568	-3899.534	-4161.382	261.8479	0.7017019	0.407123	0.263581	0.3064	0.0228957	1.996878	1.607159
5574	-3889.934	-4152.062	262.1282	0.6502149	0.456403	0.264609	0.250621	0.0283664	2.163707	1.307796
5580	-3879.527	-4141.384	261.8574	0.8397107	0.488021	0.288971	0.200333	0.0226746	2.158377	1.368823
5586	-3885.145	-4147.239	262.0949	0.6614942	0.440117	0.264314	0.282813	0.012755	2.085346	1.387062
5592	-3896.317	-4158.263	261.9461	0.7722127	0.497068	0.161247	0.329357	0.0123284	1.962608	1.505142
5598	-3909.186	-4171.288	262.102	0.8316534	0.510824	0.150549	0.30833	0.0302971	2.063967	1.254195
5604	-3891.627	-4153.66	262.0329	0.8316534	0.397924	0.338291	0.240184	0.023601	2.13303	1.254195
5610	-3909.663	-4172.06	262.3971	0.633321	0.348466	0.372882	0.264744	0.0139078	2.114069	1.137219
5616	-3910.826	-4173.202	262.3755	0.5899483	0.370958	0.416353	0.11657	0.0961189	2.08769	1.218549
5622	-3915.653	-4177.621	261.9685	0.8111635	0.410576	0.320384	0.223469	0.0455713	2.071472	1.373202
5628	-3903.515	-4165.651	262.1366	0.7003763	0.433756	0.282014	0.236085	0.0481442	2.020179	1.373202
5634	-3898.841	-4160.568	261.7269	0.7644635	0.385212	0.28889	0.279779	0.0461196	2.047825	1.609796
5640	-3889.938	-4151.615	261.6773	0.7706979	0.399493	0.272307	0.247811	0.0803896	1.967388	1.698293
5646	-3895.323	-4157.124	261.8013	0.7720442	0.56665	0.202525	0.190743	0.0400819	2.056468	1.543176
5652	-3902.042	-4164.077	262.0352	0.5749225	0.494417	0.183749	0.23358	0.0882539	1.905518	1.634447
5658	-3891.908	-4153.86	261.9515	0.7802282	0.43845	0.282542	0.188004	0.0910036	2.071492	1.411728
5664	-3896.27	-4158.289	262.0186	0.7425458	0.545312	0.200168	0.210442	0.0440781	1.971061	1.467703
5670	-3905.647	-4167.135	261.4876	0.8475079	0.474499	0.174175	0.312972	0.0383542	1.971061	1.772539
5676	-3907.375	-4169.128	261.753	0.6872824	0.530488	0.137803	0.282778	0.0489319	1.874201	1.772539
5682	-3893.034	-4155.032	261.9977	0.672488	0.399975	0.338569	0.215227	0.0462281	1.901593	1.589985
5688	-3900.467	-4162.209	261.7426	1.006545	0.504051	0.149589	0.289335	0.057025	2.005823	1.444202
5694	-3898.452	-4159.921	261.469	0.8996397	0.455419	0.278443	0.137801	0.128336	1.864153	1.822203
5700	-3891.114	-4152.841	261.7273	0.7944364	0.525631	0.218533	0.155113	0.100723	1.884492	1.703924
5706	-3902.755	-4164.679	261.9247	0.7476826	0.514884	0.26431	0.148045	0.0727606	1.938201	1.558335
5712	-3907.002	-4168.927	261.9248	0.733857	0.477507	0.195243	0.259771	0.0674786	1.952739	1.558335
5718	-3916.926	-4178.829	261.9027	0.8671236	0.430898	0.289725	0.211338	0.0680391	2.07298	1.377968
5724	-3908.348	-4170.676	262.3277	0.6892026	0.447328	0.317371	0.200931	0.0343698	2.053661	1.198948
5730	-3910.757	-4172.898	262.1405	0.8285798	0.37582	0.256978	0.281046	0.0861554	2.176089	1.127038
5736	-3913.22	-4175.697	262.4774	0.6567314	0.455227	0.176003	0.264411	0.104359	2.128119	1.026326
5742	-3908.381	-4170.527	262.1463	0.6715072	0.501976	0.239614	0.122634	0.135776	1.977567	1.4226
5748	-3900.882	-4162.929	262.0472	0.7034156	0.416512	0.299766	0.229266	0.054456	2.032471	1.430607
5754	-3895.478	-4157.591	262.113	0.6580326	0.472542	0.289074	0.184481	0.0539023	1.904622	1.514002
5760	-3894.818	-4156.927	262.1093	0.6229612	0.391926	0.301262	0.229339	0.0774732	2.063211	1.424724
5766	-3897.324	-4159.584	262.2606	0.5800157	0.483853	0.324106	0.131121	0.0609199	2.091452	1.318853
5772	-3883.037	-4144.977	261.9399	0.6051669	0.483853	0.324106	0.131121	0.0609199	1.963946	1.638194
5778	-3888.938	-4150.892	261.9539	0.6051669	0.442579	0.381761	0.119936	0.0557233	1.934608	1.649221
5784	-3885.938	-4147.679	261.7404	0.7761525	0.419228	0.348664	0.179324	0.0527833	1.865986	1.721329
5790	-3902.468	-4164.339	261.8707	0.5395115	0.43042	0.372003	0.152646	0.0449308	1.879137	1.795056
5796	-3896.173	-4158.499	262.3266	0.5767336	0.308106	0.406213	0.197238	0.0884421	1.962146	1.37201
5802	-3891.3	-4153.442	262.1422	0.5908517	0.384448	0.290548	0.24611	0.0788942	2.063272	1.425312
5808	-3891.811	-4153.767	261.9568	0.7237696	0.354912	0.388096	0.227202	0.0297895	2.063212	1.459768
5814	-3898.214	-4160.52	262.306	0.6313699	0.345562	0.377871	0.221216	0.0553511	2.07863	1.248001
5820	-3918.582	-4180.711	262.1288	0.7590986	0.37411	0.345468	0.202246	0.0781749	1.960422	1.377458
5826	-3900.341	-4162.807	262.4662	0.6060892	0.37411	0.345468	0.202246	0.0781749	2.002438	1.199472
5832	-3892.099	-4154.311	262.2119	0.6956725	0.379297	0.350258	0.220531	0.0499133	2.065286	1.280549
5838	-3896.61	-4158.871	262.2611	0.6919494	0.383883	0.354493	0.211107	0.0505168	2.080608	1.230185
5844	-3906.002	-4168.429	262.4272	0.5669101	0.412299	0.37229	0.17741	0.038001	2.080608	1.20098
5850	-3906.265	-4168.536	262.2711	0.6837268	0.523438	0.203085	0.225232	0.0482446	2.077341	1.231842
5856	-3897.505	-4159.715	262.2104	0.6837268	0.395181	0.409259	0.158615	0.0369453	1.98398	1.357382
5862	-3900.696	-4162.856	262.1598	0.7315758	0.507079	0.356905	0.0822936	0.0537223	1.98398	1.357382
5868	-3878.445	-4140.675	262.2304	0.5736489	0.443999	0.310075	0.237228	0.00869749	2.010059	1.412195
5874	-3887.965	-4150.259	262.2934	0.5846033	0.385384	0.33182	0.213077	0.0697194	1.93563	1.412195
5880	-3894.258	-4156.304	262.0466	0.8237042	0.459615	0.328663	0.177206	0.0345161	1.92459	1.416617
5886	-3885.05	-4146.79	261.7403	0.8237042	0.459663	0.296036	0.209781	0.0345198	1.977532	1.606043
5892	-3891.212	-4153.341	262.1291	0.808087	0.4864	0.216152	0.186582	0.110866	1.942956	1.350402
5898	-3902.296	-4164.291	261.995	0.8951426	0.514391	0.174436	0.227626	0.083546	1.965682	1.367016
5904	-3908.385	-4170.299	261.9142	0.8307114	0.521943	0.176997	0.216287	0.0847726	1.983613	1.467188
5910	-3903.603	-4164.743	261.1394	0.7873308	0.401011	0.414892	0.12414	0.0599564	1.778489	2.177137
5916	-3903.768	-4164.762	260.9942	0.826679	0.408471	0.317612	0.213585	0.0603329	1.701563	2.293706
5922	-3906.02	-4167.307	261.287	0.7963145	0.412549	0.320783	0.177157	0.0895113	1.752065	2.091861
5928	-3900.835	-4162.251	261.4157	0.6663214	0.309306	0.382346	0.211156	0.0971928	1.726695	2.114175
5934	-3888.019	-4149.686	261.6675	0.5213805	0.3543	0.350586	0.190242	0.104873	1.775283	2.015836
5940	-3886.139	-4147.14	261.0009	0.8406959	0.398758	0.415555	0.124713	0.0609734	1.762149	2.241173
5946	-3893.576	-4154.606	261.0299	0.8406959	0.430354	0.28991	0.213931	0.0658046	1.762149	2.222527
5952	-3887.311	-4148.392	261.0808	0.8289469	0.418036	0.281612	0.231455	0.0688972	1.798611	2.173895
5958	-3909.234	-4170.737	261.5027	0.8289469	0.496483	0.282259	0.152202	0.0690555	1.913835	1.815139
5964	-3901.533	-4163.074	261.5411	0.8047081	0.535421	0.223909	0.164139	0.0765311	1.853244	1.847817
5970	-3893.187	-4154.68	261.4929	0.8432506	0.459783	0.260364	0.190862	0.0889911	1.823398	1.873716
5976	-3905.732	-4166.715	260.983	0.9518518	0.420405	0.193357	0.233189	0.153049	1.823398	2.139113
5982	-3903.31	-4164.988	261.6774	0.5746934	0.471671	0.284843	0.162529	0.0809567	1.748194	1.990747
5988	-3912.233	-4173.317	261.0845	0.647182	0.55903	0.239028	0.162891	0.0390514	1.748194	2.327151
5994	-3910.238	-4170.82	260.5819	0.7326888	0.443456	0.282288	0.192371	0.0818852	1.653789	2.644261
6000	-3887.624	-4149.086	261.4629	0.577679	0.412644	0.329992	0.211627	0.0457365	1.765897	2.118751
6006	-3891.897	-4152.762	260.8647	0.6092466	0.450644	0.244787	0.22729	0.0772788	1.679258	2.53416
6012	-3910.969	-4171.65	260.6807	0.5324843	0.440632	0.32892	0.164016	0.0664319	1.660241	2.708865
6018	-3916.371	-4176.773	260.4016	0.7779243	0.438367	0.325164	0.163172	0.0732971	1.681257	2.708865
6024	-3891.736	-4152.651	260.9148	0.6084894	0.535164	0.151734	0.24166	0.071441	1.626729	2.536142
6030	-3882.205	-4142.567	260.3624	0.6694245	0.547121	0.153169	0.24706	0.0526504	1.569459	2.87078
6036	-3895.318	-4155.954	260.6367	0.5891805	0.507004	0.161659	0.260754	0.0705829	1.70383	2.673062
6042	-3908.652	-4169.31	260.658	0.7178413	0.46362	0.176058	0.299572	0.0607495	1.689372	2.584918
6048	-3896.598	-4157.533	260.9347	0.73577	0.46362	0.176058	0.299572	0.0607495	1.706643	2.389054
6054	-3893.337	-4154.18	260.8435	0.7670538	0.505654	0.228337	0.212032	0.0539772	1.76679	2.387801
6060	-3890.241	-4151.933	261.6921	0.7110262	0.566064	0.155224	0.196054	0.0826581	1.911975	1.771119
6066	-3895.974	-4157.467	261.493	0.6730759	0.508993	0.279477	0.176288	0.035242	1.906595	1.938655
6072	-3887.994	-4149.039	261.0453	0.6730759	0.385553	0.300722	0.237917	0.0758089	1.778324	2.315468
6078	-3887.13	-4148.196	261.0665	0.7505662	0.529692	0.230177	0.182105	0.0580254	1.675099	2.315468
6084	-3891.768	-4153.723	261.9554	0.5912883	0.370076	0.46108	0.117967	0.0508776	1.847884	1.720203
6090	-3898.465	-4159.457	260.9919	0.5519691	0.40688	0.393146	0.122204	0.0777707	1.58703	2.549585
6096	-3905.535	-4166.077	260.542	0.5519691	0.45954	0.355162	0.146213	0.0390842	1.573728	2.834081
6102	-3905.45	-4165.978	260.5284	0.6606826	0.398005	0.307603	0.272785	0.0216071	1.473214	2.834081
6108	-3897.532	-4158.329	260.7974	0.5622215	0.456868	0.323612	0.179725	0.0397947	1.583518	2.665479
6114	-3894.522	-4155.333	260.8112	0.5856177	0.498766	0.314839	0.140686	0.0457089	1.535615	2.671484
6120	-3912.039	-4173.142	261.103	0.7362416	0.533596	0.292034	0.123477	0.0508941	1.658072	2.312708
6126	-3898.726	-4160.208	261.4815	0.6904062	0.484009	0.314846	0.129449	0.0716961	1.720361	2.05826
6132	-3909.002	-4170.284	261.282	0.6408542	0.468718	0.304899	0.14696	0.0794227	1.720361	2.222681
6138	-3894.601	-4155.654	261.0537	0.5313807	0.437983	0.34631	0.150947	0.0647596	1.662174	2.477246
6144	-3875.284	-4135.418	260.1342	0.6084701	0.421902	0.333594	0.145404	0.0990996	1.4698	3.106295
6150	-3891.278	-4151.411	260.1334	0.8043001	0.390225	0.312571	0.189773	0.107431	1.477021	2.978759
6156	-3899.325	-4159.469	260.1438	0.7755821	0.556024	0.14227	0.212113	0.0895925	1.496772	2.978759
6162	-3904.386	-4165.637	261.2515	0.585184	0.38653	0.338903	0.221251	0.0533166	1.6539	2.322385
6168	-3908.094	-4169.249	261.1545	0.572827	0.386707	0.339059	0.220893	0.0533411	1.793126	2.303698
6174	-3902.858	-4163.745	260.8874	0.5588462	0.449731	0.311952	0.153012	0.0853059	1.664216	2.562124
6180	-3910.155	-4171.565	261.41	0.8005866	0.480037	0.221756	0.240203	0.0580041	1.837941	1.950142
6186	-3899.667	-4161.273	261.6057	0.7656261	0.444783	0.250809	0.237394	0.0670135	1.910408	1.792183
6192	-3900.541	-4162.37	261.8288	0.8081882	0.417689	0.27649	0.231946	0.0738751	1.926514	1.590557
6198	-3901.298	-4163.025	261.7264	0.7696928	0.498654	0.271945	0.194715	0.0346859	1.865881	1.736064
6204	-3896.332	-4157.992	261.66	0.7661932	0.376827	0.281274	0.282778	0.0591208	1.847337	1.797841
6210	-3898.443	-4159.976	261.5331	0.7210281	0.489337	0.179157	0.271104	0.0604023	1.644932	2.052627
6216	-3889.021	-4150.534	261.5129	0.7503951	0.434852	0.267667	0.16858	0.1289	1.772971	1.960122
6222	-3900.844	-4162.228	261.3836	0.8712865	0.476903	0.181787	0.282282	0.0590278	1.865162	1.89988
6228	-3920.318	-4181.932	261.6139	0.799668	0.546304	0.208242	0.222194	0.0232595	1.865162	1.793066
6234	-3899.215	-4160.423	261.2074	0.799668	0.478164	0.14411	0.315029	0.0626966	1.763459	2.134242
6240	-3909.221	-4170.909	261.6875	0.5544433	0.458831	0.17562	0.26781	0.0977385	1.763031	1.988148
6246	-3907.654	-4169.007	261.3522	0.5418923	0.412334	0.350355	0.149478	0.0878337	1.824855	2.176597
6252	-3892.204	-4153.584	261.3803	0.7108085	0.389151	0.344203	0.167955	0.098691	1.761882	2.083357
6258	-3893.267	-4154.389	261.1226	0.7108085	0.400485	0.266648	0.231302	0.101565	1.715648	2.280564
6264	-3892.66	-4153.967	261.3061	0.7356031	0.483239	0.177707	0.272983	0.0660713	1.8311	2.069349
6270	-3890.858	-4152.714	261.8559	0.7930153	0.576962	0.16477	0.225388	0.03288	1.981366	1.542043
6276	-3890.542	-4152.759	262.2166	0.7102796	0.546997	0.208148	0.213682	0.0311723	2.132642	1.207305
6282	-3896.918	-4159.291	262.3726	0.6854891	0.472979	0.180959	0.302005	0.0440569	2.042399	1.173306
6288	-3898.743	-4161.125	262.3822	0.6451791	0.460534	0.335899	0.160669	0.0428977	1.999849	1.237946
6294	-3905.265	-4167.536	262.2715	0.6346484	0.447102	0.303432	0.21926	0.0302059	2.222435	1.151293
6300	-3908.223	-4170.553	262.3304	0.6306208	0.311054	0.425619	0.203294	0.0600334	2.365962	0.9627726
6306	-3897.216	-4159.642	262.4263	0.6306208	0.374095	0.309208	0.244496	0.0722005	2.40711	0.8043574
6312	-3885.983	-4148.025	262.0425	0.7839767	0.43968	0.401691	0.116104	0.0425248	2.014329	1.382322
6318	-3910.602	-4172.734	262.1316	0.7839767	0.4333	0.307859	0.16149	0.0973515	2.025492	1.302471
6324	-3918.86	-4181.167	262.307	0.6734832	0.488768	0.312799	0.10514	0.0932929	2.044786	1.238166
6330	-3908.437	-4170.74	262.3038	0.6910885	0.493101	0.264769	0.139308	0.102823	2.106656	1.172115
6336	-3905.716	-4168.059	262.3438	0.6910885	0.371852	0.406313	0.108653	0.113181	2.136206	1.110192
6342	-3885.805	-4148.119	262.3133	0.5277172	0.331778	0.355995	0.236968	0.0752595	2.006749	1.387032
6348	-3905.151	-4167.587	262.4359	0.5525392	0.43609	0.331813	0.133175	0.0989214	1.984642	1.28641
6354	-3899.842	-4161.938	262.0961	0.6280734	0.431313	0.336802	0.202951	0.0289339	2.081594	1.416497
6360	-3901.041	-4163.232	262.1913	0.6621913	0.431313	0.336802	0.202951	0.0289339	2.154504	1.253166
6366	-3895.139	-4157.258	262.1194	0.6403972	0.394236	0.344222	0.17084	0.0907031	2.063062	1.402766
6372	-3904.912	-4167.088	262.1759	0.6771497	0.438198	0.323559	0.18989	0.0483532	2.177807	1.233332
6378	-3897.566	-4159.976	262.4097	0.6231115	0.479367	0.289822	0.183966	0.0468447	2.215582	1.041657
6384	-3897.043	-4159.37	262.3266	0.6231115	0.296586	0.44599	0.205178	0.052246	2.189645	1.142255
6390	-3882.822	-4145.14	262.3181	0.6381841	0.331119	0.384398	0.212078	0.0724049	2.032366	1.270361
6396	-3887.659	-4150.027	262.3681	0.4683548	0.346415	0.35596	0.221875	0.0757497	2.065323	1.3441
6402	-3897.053	-4159.291	262.2378	0.6141462	0.277379	0.48431	0.177658	0.0606537	2.178607	1.236582
6408	-3903.344	-4165.68	262.3359	0.5476781	0.373847	0.414492	0.152047	0.0596138	2.149826	1.236582
6414	-3924.939	-4187.119	262.1802	0.6368218	0.319037	0.447035	0.129755	0.104174	2.109587	1.320945
6420	-3922.939	-4184.037	261.098	0.7219767	0.379937	0.460366	0.120663	0.0390344	1.809226	2.228633
6426	-3895.703	-4156.134	260.4315	0.6682311	0.310153	0.375809	0.282172	0.0318649	1.668533	2.769336
6432	-3890.453	-4151.284	260.831	0.8254368	0.390578	0.362488	0.174185	0.0727482	1.668533	2.419085
6438	-3896.006	-4155.755	259.7486	0.8850193	0.47225	0.256956	0.164948	0.105845	1.579875	3.097296
6444	-3893.749	-4153.875	260.1257	0.7776246	0.47157	0.217309	0.271917	0.0392034	1.60575	2.922754
6450	-3916.194	-4176.201	260.0068	0.8239147	0.439686	0.205217	0.253533	0.101564	1.629072	2.951106
6456	-3891.769	-4151.861	260.0921	0.7880182	0.456273	0.205425	0.228861	0.109441	1.538107	2.977128
6462	-3898.289	-4159.322	261.0325	0.8313098	0.462471	0.208216	0.23197	0.0973437	1.681321	2.279051
6468	-3885.634	-4146.4	260.7659	0.7765652	0.553838	0.125279	0.285153	0.0357305	1.651253	2.502933
6474	-3898.606	-4159.895	261.2897	0.7959697	0.397458	0.37976	0.204638	0.0181429	1.715859	2.114118
6480	-3890.687	-4151.505	260.8183	0.6901236	0.428468	0.40939	0.124084	0.0380585	1.593419	2.563208
6486	-3892.086	-4152.718	260.6328	0.830553	0.457524	0.200947	0.305269	0.03626	1.619838	2.570173
6492	-3886.634	-4147.421	260.7866	0.7165714	0.472039	0.299696	0.170557	0.0577085	1.585889	2.570173
6498	-3894.196	-4155.126	260.9298	0.7538597	0.430761	0.325825	0.155642	0.0877715	1.56099	2.471797
6504	-3908.61	-4170.506	261.8963	0.6954175	0.448879	0.25659	0.205782	0.08875	1.787142	1.727099
6510	-3910.035	-4170.642	260.6069	0.8187688	0.452049	0.325542	0.150989	0.0714201	1.53076	2.648879
6516	-3881.94	-4141.277	259.3375	0.7544227	0.435376	0.298681	0.153384	0.112558	1.283035	3.593756
6522	-3887.148	-4147.182	260.0337	0.7523013	0.467955	0.283421	0.141816	0.106807	1.485551	3.066095
6528	-3912.58	-4172.447	259.8667	0.696282	0.42386	0.258619	0.198057	0.119464	1.476243	3.206245
6534	-3903.613	-4165.793	262.1798	0.7338033	0.478545	0.37772	0.0591835	0.0845513	2.100576	1.244437
6540	-3906.141	-4168.328	262.1868	0.7208174	0.528875	0.295324	0.125605	0.050196	2.096045	1.2539
6546	-3917.888	-4180.319	262.4305	0.5278696	0.404502	0.43884	0.0896781	0.0669798	2.040404	1.265787
6552	-3901.347	-4163.865	262.518	0.5643416	0.360805	0.356638	0.217669	0.0648888	2.089035	1.116011
6558	-3915.397	-4177.963	262.5665	0.4936917	0.50623	0.268861	0.133867	0.0910426	2.057897	1.164526
6564	-3898.162	-4160.462	262.3003	0.672607	0.428083	0.343729	0.155032	0.0731554	2.201869	1.107828
6570	-3881.736	-4144.087	262.3511	0.6418061	0.442993	0.347671	0.111589	0.0977472	2.15668	1.132179
6576	-3892.864	-4155.344	262.4797	0.6164301	0.267991	0.406752	0.2109	0.114358	2.036137	1.148901
6582	-3910.896	-4173.295	262.3992	0.6381274	0.449512	0.313101	0.149359	0.0880278	2.133923	1.112884
6588	-3909.527	-4171.817	262.2904	0.6549789	0.500884	0.272984	0.149383	0.076749	2.116059	1.208526
6594	-3909.175	-4171.569	262.395	0.5517506	0.39226	0.429553	0.170379	0.00780773	1.99713	1.310229
6600	-3898.409	-4160.786	262.3772	0.5517506	0.393389	0.417426	0.165569	0.0236162	2.05089	1.28094
6606	-3909.058	-4171.48	262.4228	0.5810377	0.475855	0.410871	0.0869469	0.0263269	2.058447	1.211171
6612	-3902.971	-4165.451	262.48	0.5259116	0.434319	0.343377	0.182116	0.0401872	2.026597	1.237733
6618	-3906.149	-4168.703	262.5538	0.5334222	0.339659	0.391153	0.185314	0.083873	2.353042	0.8399159
6624	-3899.641	-4159.632	259.992	0.598172	0.426256	0.389451	0.127365	0.0569286	1.371169	3.25564
6630	-3887.369	-4147.306	259.9371	0.7657618	0.359574	0.328526	0.287831	0.0240688	1.428301	3.149336
6636	-3896.513	-4157.168	260.6555	0.7262206	0.421049	0.338904	0.211864	0.0281837	1.662937	2.597341
6642	-3887.831	-4149.293	261.4622	0.6676853	0.418787	0.275208	0.240828	0.0651764	1.622109	2.151168
6648	-3899.108	-4160.698	261.5896	0.6607211	0.502471	0.261151	0.221073	0.0153047	1.752543	1.986022
6654	-3909.972	-4171.7	261.728	0.7971825	0.469915	0.259953	0.254898	0.0152345	1.896972	1.692593
6660	-3913.63	-4175.447	261.8168	0.7408784	0.386099	0.301056	0.295201	0.0176434	1.940249	1.64059
6666	-3897.547	-4159.538	261.991	0.7632423	0.444948	0.272387	0.26709	0.015575	1.938678	1.496511
6672	-3889.209	-4151.177	261.9682	0.7038044	0.477715	0.225913	0.289298	0.00707437	1.938678	1.560123
6678	-3888.618	-4150.559	261.9414	0.7383111	0.52043	0.194398	0.24894	0.0362317	1.929009	1.560123
6684	-3896.892	-4158.709	261.8177	0.7383111	0.478321	0.298431	0.173671	0.049577	1.941281	1.641128
6690	-3893.304	-4155.284	261.9799	0.7626302	0.489806	0.144043	0.262581	0.103569	1.956419	1.491951
6696	-3905.123	-4166.675	261.5517	0.7238529	0.50797	0.288747	0.165255	0.0380292	1.868383	1.888415
6702	-3896.919	-4159.338	262.4193	0.5440184	0.394428	0.33868	0.213802	0.0530907	2.126562	1.18867
6708	-3900.748	-4163.172	262.4235	0.5998985	0.474246	0.26758	0.203449	0.0547253	2.154285	1.108909
6714	-3902.789	-4164.286	261.4965	0.8518861	0.439042	0.36341	0.164845	0.0327032	1.889717	1.819564
6720	-3896.612	-4158.27	261.6583	0.8146184	0.49194	0.300698	0.140404	0.0669584	1.866299	1.750441
6726	-3899.994	-4161.584	261.5904	0.6573882	0.414015	0.255412	0.270949	0.0596241	1.784756	1.966241
6732	-3912.977	-4175.526	262.5496	0.5634142	0.348994	0.366291	0.246029	0.0386861	2.240189	0.938534
6738	-3912.163	-4174.695	262.5326	0.5634142	0.437737	0.304575	0.232473	0.0252149	2.240189	0.9565449
6744	-3897.66	-4159.428	261.7679	0.7430575	0.442262	0.257101	0.263416	0.0372207	1.946356	1.669589
6750	-3909.743	-4171.291	261.5486	0.805148	0.444204	0.396161	0.124374	0.0352602	1.986545	1.749985
6756	-3907.947	-4169.712	261.765	0.7469522	0.407079	0.426137	0.131302	0.0354815	1.959231	1.659522
6762	-3902.812	-4164.516	261.7036	0.4620521	0.370867	0.401067	0.184402	0.0436637	1.704686	2.077352
6768	-3896.453	-4157.996	261.543	0.5814566	0.362783	0.392324	0.180382	0.0645103	1.744939	2.077352
6774	-3909.612	-4171.509	261.8964	0.5471002	0.319879	0.424583	0.185723	0.0698146	1.810325	1.819488
6780	-3902.532	-4164.461	261.9294	0.5317082	0.351034	0.369396	0.203812	0.0757583	1.816985	1.802987
6786	-3897.497	-4159.365	261.868	0.4610823	0.335568	0.403099	0.222408	0.038925	1.798943	1.905268
6792	-3894.106	-4156.143	262.0368	0.6392823	0.389337	0.34132	0.198223	0.0711209	1.929252	1.566828
6798	-3896.928	-4159.125	262.1974	0.6392823	0.408947	0.361632	0.185793	0.0436277	2.038354	1.361948
6804	-3890.308	-4152.454	262.146	0.6713567	0.405335	0.358438	0.20662	0.0296075	2.055807	1.361948
6810	-3893.468	-4155.625	262.1568	0.6713567	0.565321	0.154101	0.239284	0.0412936	2.044948	1.361948
6816	-3884.771	-4146.96	262.1888	0.6830287	0.40837	0.209864	0.274023	0.107743	1.966747	1.388515
6822	-3882.635	-4144.746	262.1103	0.6860915	0.476718	0.203813	0.227131	0.0923378	2.084422	1.355199
6828	-3892.646	-4154.974	262.328	0.6947039	0.451863	0.289259	0.171354	0.0875237	2.109566	1.144902
6834	-3902.76	-4165.062	262.302	0.667647	0.365763	0.325008	0.256637	0.052592	2.300831	1.017724
6840	-3897.7	-4159.872	262.1718	0.6081661	0.411209	0.299832	0.230994	0.0579649	2.026203	1.417064
6846	-3886.666	-4148.995	262.3287	0.5735734	0.372476	0.265078	0.299104	0.0633422	2.017667	1.328801
6852	-3908.627	-4170.825	262.1983	0.7460801	0.358293	0.293062	0.287715	0.0609303	2.046215	1.263469
6858	-3903.523	-4165.588	262.0645	0.6416472	0.431968	0.353324	0.145301	0.0694071	2.006151	1.487229
6864	-3913.28	-4175.214	261.9342	0.8201803	0.515941	0.250177	0.187534	0.0463474	1.861212	1.551953
6870	-3897.416	-4159.219	261.803	0.6231582	0.502868	0.303115	0.182782	0.0112346	1.949759	1.732166
6876	-3896.393	-4158.185	261.7914	0.7441695	0.460493	0.266083	0.2444	0.0290243	1.997674	1.614916
6882	-3903.61	-4165.472	261.8621	0.6659841	0.423141	0.303176	0.234193	0.0394896	1.964246	1.647759
6888	-3892.099	-4153.989	261.8908	0.6737483	0.35973	0.332175	0.290161	0.0179345	1.882205	1.680029
6894	-3904.927	-4167.105	262.178	0.6306986	0.357172	0.329813	0.288097	0.024918	1.996909	1.416562
6900	-3902.644	-4164.748	262.1037	0.5793061	0.389701	0.275642	0.314336	0.020321	2.130893	1.412159
6906	-3893.075	-4155.253	262.1775	0.6688369	0.448235	0.247494	0.271321	0.0329502	2.108192	1.296783
6912	-3903.081	-4165.387	262.3062	0.6688369	0.404041	0.320154	0.245938	0.0298675	2.106592	1.190467
6918	-3904.736	-4167.116	262.3795	0.700986	0.528116	0.268956	0.176172	0.026755	2.083415	1.116149
6924	-3898.373	-4160.57	262.1968	0.6219385	0.379871	0.320368	0.260239	0.039522	1.988569	1.415615
6930	-3893.071	-4155.233	262.162	0.6682987	0.390717	0.329514	0.239119	0.0406504	1.974319	1.415615
6936	-3907.486	-4169.389	261.9033	0.7904738	0.42289	0.310568	0.155785	0.110758	1.935826	1.542652
6942	-3920.639	-4182.27	261.6308	0.7452836	0.392462	0.327048	0.183976	0.0965137	1.863598	1.822012
6948	-3919.389	-4181.305	261.9165	0.8639729	0.505873	0.232865	0.136857	0.124404	1.911925	1.493464
6954	-3893.741	-4155.489	261.7472	0.716063	0.463284	0.225791	0.248078	0.0628473	1.853294	1.769917
6960	-3903.663	-4165.606	261.9428	0.716063	0.46811	0.321469	0.137371	0.0730508	2.011131	1.515675
6966	-3915.303	-4177.084	261.7814	0.7839059	0.464628	0.266423	0.196441	0.0725076	1.981582	1.603495
6972	-3912.241	-4174.044	261.8036	0.7195479	0.461203	0.296545	0.176148	0.0661046	1.952432	1.657465
6978	-3898.726	-4160.661	261.9352	0.8033441	0.473301	0.278092	0.180768	0.0678387	2.052105	1.420552
6984	-3892.388	-4154.508	262.1198	0.5868312	0.448116	0.263294	0.171149	0.11744	1.919046	1.553922
6990	-3913.979	-4176.467	262.488	0.5954908	0.507684	0.252969	0.181584	0.057763	2.46021	0.6854939
6996	-3909.096	-4171.492	262.3954	0.7438342	0.316791	0.45659	0.113307	0.113311	2.410427	0.6573262
7002	-3892.751	-4155.046	262.2948	0.748089	0.461828	0.320428	0.141167	0.0765768	2.160587	1.077334
7008	-3887.636	-4150	262.3639	0.6519952	0.450118	0.247393	0.227854	0.0746351	2.034742	1.217819
7014	-3894.065	-4156.452	262.3868	0.6519952	0.494146	0.189694	0.250142	0.0660179	2.055699	1.180226
7020	-3902.173	-4164.643	262.4708	0.6336658	0.55183	0.291843	0.100555	0.0557719	2.427576	0.7027112
7026	-3907.4	-4169.882	262.4826	0.6009554	0.429323	0.404921	0.10662	0.0591359	2.485992	0.6312077
7032	-3917.481	-4179.744	262.2628	0.608489	0.409398	0.384566	0.139333	0.0667031	2.099262	1.286546
7038	-3917.906	-4180.121	262.2145	0.7673165	0.409398	0.384566	0.139333	0.0667031	2.145364	1.145681
7044	-3911.219	-4172.471	261.2519	0.7710824	0.430397	0.274392	0.201805	0.0934052	1.676385	2.18148
7050	-3927.761	-4190.22	262.4591	0.5554925	0.348992	0.488061	0.126341	0.0366069	2.551075	0.6446808
7056	-3927.428	-4189.923	262.4955	0.5857258	0.373986	0.448856	0.143138	0.0340187	2.477276	0.657367
7062	-3913.74	-4176.15	262.4104	0.6678498	0.442239	0.304751	0.152663	0.100346	2.170304	1.03902
7068	-3902.691	-4165.152	262.4616	0.6074378	0.379405	0.339083	0.169861	0.111651	2.182881	1.03902
7074	-3895.577	-4158.091	262.5134	0.5617745	0.260166	0.452551	0.252965	0.034319	2.302735	0.9117061
7080	-3908.908	-4171.256	262.3488	0.6819635	0.344201	0.391356	0.156435	0.108009	2.340854	0.9117061
7086	-3903.255	-4165.796	262.5417	0.52834	0.356572	0.405422	0.162057	0.0759492	2.308799	0.9117061
7092	-3900.926	-4162.994	262.0681	0.7897558	0.470503	0.265335	0.245224	0.0189374	2.212838	1.194033
7098	-3907.423	-4169.428	262.0052	0.7897558	0.476647	0.328612	0.167199	0.0275411	2.131302	1.314175
7104	-3916.322	-4178.77	262.4486	0.6089488	0.357986	0.362957	0.264908	0.0141482	2.086379	1.138905
7110	-3900.799	-4163.06	262.2612	0.7004666	0.379215	0.357143	0.227634	0.0360083	2.11208	1.195677
7116	-3915.939	-4178.064	262.1246	0.7196955	0.405394	0.381799	0.174313	0.0384941	2.061777	1.333479
7122	-3898.879	-4161.029	262.1503	0.6474224	0.422193	0.229755	0.316915	0.0311372	2.061777	1.373758
7128	-3899.186	-4161.094	261.9083	0.7232278	0.458896	0.210459	0.234262	0.0963836	2.024734	1.525576
7134	-3899.216	-4160.746	261.5308	0.6760256	0.378954	0.348	0.193453	0.0795932	1.845844	1.951975
7140	-3902.628	-4163.678	261.0503	0.8784352	0.466291	0.236247	0.238037	0.0594258	1.764009	2.182834
7146	-3901.678	-4162.472	260.7943	0.6628148	0.458151	0.253571	0.230688	0.057591	1.717099	2.519188
7152	-3918.913	-4179.908	260.995	0.6480083	0.465641	0.238511	0.224221	0.0716268	1.717099	2.403067
7158	-3911.389	-4171.458	260.069	0.8836227	0.52161	0.189815	0.178442	0.110133	1.545946	2.926396
7164	-3915.474	-4176.403	260.9293	0.5715476	0.432854	0.402431	0.116986	0.0477286	1.558502	2.593557
7170	-3913.464	-4172.379	258.9143	0.9466254	0.494979	0.282426	0.17581	0.0467842	1.358677	3.679729
7176	-3901.349	-4160.506	259.1563	0.7280092	0.484241	0.32569	0.122995	0.0670732	1.389387	3.653347
7182	-3914.813	-4174.613	259.8004	0.7593208	0.587524	0.147819	0.183279	0.0813791	1.350171	3.280569
7188	-3900.236	-4160.255	260.0189	0.8999819	0.504599	0.204007	0.231275	0.0601196	1.534924	2.953094
7194	-3906.51	-4167.81	261.2993	0.8008405	0.4428	0.326186	0.140167	0.0908467	1.793791	2.053161
7200	-3904.147	-4165.746	261.5985	0.7195168	0.300139	0.4097	0.176055	0.114106	1.828289	1.886923
7206	-3900.984	-4162.847	261.8627	0.7195168	0.404803	0.2724	0.195856	0.126941	1.828289	1.703805
7212	-3895.097	-4155.781	260.684	0.6708463	0.403264	0.31122	0.219709	0.0658061	1.575394	2.66998
7218	-3898.808	-4159.491	260.683	0.7012651	0.459137	0.310201	0.165072	0.0655906	1.535516	2.675307
7224	-3889.503	-4150.614	261.1109	0.645461	0.426086	0.307319	0.209144	0.0574508	1.660173	2.367452
7230	-3888.195	-4149.425	261.2295	0.5547424	0.355683	0.421773	0.174587	0.0479581	1.652589	2.35738
7236	-3887.313	-4147.862	260.549	0.5809936	0.425123	0.308122	0.204245	0.0625106	1.649184	2.765496
7242	-3893.934	-4154.939	261.0049	0.7189968	0.378573	0.384097	0.160723	0.0766071	1.699547	2.360281
7248	-3895.094	-4155.649	260.5547	0.8080996	0.451509	0.302721	0.162347	0.0834232	1.619189	2.633414
7254	-3904.108	-4165.456	261.3486	0.6089094	0.496068	0.187954	0.142987	0.172991	1.722173	2.200269
7260	-3897.278	-4158.557	261.2786	0.8102246	0.497337	0.188435	0.244382	0.0698466	1.579611	2.200269
7266	-3897.089	-4157.693	260.6042	0.8059401	0.468288	0.246634	0.230108	0.0549704	1.616402	2.605918
7272	-3892.94	-4153.742	260.8024	0.8627302	0.543581	0.139015	0.275261	0.0421435	1.638016	2.431938
7278	-3888.025	-4148.795	260.7698	0.6556248	0.476666	0.245001	0.241377	0.0369557	1.624518	2.596676
7284	-3901.502	-4162.124	260.6218	0.5883849	0.405399	0.357883	0.205288	0.0314304	1.592443	2.751023
7290	-3900.946	-4162.009	261.0638	0.5549194	0.405399	0.357883	0.205288	0.0314304	1.641983	2.468453
7296	-3899.111	-4160.347	261.2364	0.7271086	0.368614	0.324702	0.278106	0.0285784	1.744032	2.177782
7302	-3889.219	-4150.546	261.3274	0.7271086	0.508729	0.245353	0.210064	0.0358544	1.79574	2.08454
7308	-3883.105	-4143.911	260.8062	0.6006484	0.411038	0.367805	0.192187	0.0289693	1.729356	2.545
7314	-3890.156	-4151.452	261.2963	0.7618559	0.455914	0.182445	0.262397	0.0992439	1.790452	2.084368
7320	-3890.951	-4152.227	261.2763	0.7473942	0.414233	0.259973	0.235624	0.0901707	1.686226	2.175518
7326	-3885.004	-4145.991	260.9867	0.6745177	0.405577	0.325782	0.2307	0.0379417	1.585417	2.473468
7332	-3905.623	-4165.716	260.0929	0.729904	0.409015	0.304171	0.189808	0.0970053	1.520989	3.023635
7338	-3891.801	-4152.793	260.9925	0.6450301	0.409015	0.304171	0.189808	0.0970053	1.60634	2.476256
7344	-3892.477	-4153.118	260.641	0.827114	0.482307	0.211675	0.187575	0.118444	1.632308	2.559512
7350	-3893.879	-4153.969	260.0904	0.6557498	0.443486	0.308465	0.181884	0.0661651	1.576937	3.038658
7356	-3895.521	-4156.101	260.5796	0.6207801	0.446628	0.241162	0.216254	0.0959561	1.576937	2.765465
7362	-3895.491	-4156.032	260.5414	0.5298613	0.328556	0.440735	0.150524	0.0801855	1.497318	2.894465
7368	-3908.387	-4168.772	260.3848	0.4972384	0.330387	0.490972	0.0980089	0.0806325	1.496932	3.008732
7374	-3910.582	-4171.99	261.4078	0.6267897	0.415159	0.313527	0.234807	0.036507	1.664282	2.187248
7380	-3910.978	-4171.853	260.8746	0.4967187	0.298108	0.498227	0.153638	0.0500265	1.592684	2.653344
7386	-3894.263	-4154.868	260.6045	0.6270786	0.379747	0.360813	0.195713	0.0637267	1.58252	2.742738
7392	-3890.082	-4151.08	260.9976	0.6270786	0.379747	0.360813	0.195713	0.0637267	1.764046	2.385746
7398	-3883.88	-4145.26	261.3801	0.6234923	0.500755	0.252614	0.201233	0.0453982	1.702996	2.182334
7404	-3902.365	-4163.707	261.3419	0.6422692	0.513541	0.192227	0.245982	0.0482501	1.721372	2.182334
7410	-3912.882	-4174.487	261.6053	0.6568221	0.442127	0.350458	0.186454	0.0209606	1.871176	1.898324
7416	-3894.438	-4156.342	261.9049	0.6568221	0.462691	0.289655	0.174388	0.0732648	1.833393	1.717314
7422	-3896.793	-4158.471	261.6774	0.6858994	0.374174	0.354714	0.248119	0.022993	1.891317	1.814119
7428	-3891.639	-4153.03	261.3913	0.6545038	0.418008	0.27912	0.277186	0.0256866	1.767036	2.111943
7434	-3888.599	-4150.094	261.4956	0.6370074	0.442641	0.30133	0.212869	0.0431601	1.837008	2.009106
7440	-3891.791	-4153.339	261.5483	0.6947074	0.471739	0.265035	0.226863	0.0363633	1.704536	2.02148
7446	-3891.787	-4151.807	260.0207	0.6986043	0.3443	0.392445	0.229847	0.033408	1.625871	3.023938
7452	-3891.581	-4153.188	261.6063	0.5009319	0.366088	0.344687	0.283882	0.00534272	1.751972	2.085291
7458	-3907.799	-4169.676	261.8766	0.5069168	0.356636	0.407273	0.230157	0.00593402	1.848535	1.834906
7464	-3898.631	-4160.771	262.1393	0.505962	0.395438	0.380086	0.211156	0.0133201	1.870261	1.635721
7470	-3893.196	-4154.838	261.642	0.618231	0.327536	0.419234	0.232905	0.020325	1.9817	1.825517
7476	-3875.817	-4137.274	261.4573	0.5312126	0.301391	0.38577	0.294136	0.0187027	1.778132	2.145711
7482	-3888.527	-4149.576	261.0488	0.606818	0.373604	0.349409	0.266413	0.0105741	1.74426	2.37936
7488	-3884.499	-4145.175	260.6757	0.6048642	0.495095	0.266233	0.231945	0.00672663	1.672213	2.658372
7494	-3905.756	-4166.056	260.3005	0.6979836	0.496358	0.266912	0.232537	0.00419266	1.445768	2.964508
7500	-3889.401	-4148.633	259.232	0.7312152	0.496808	0.261973	0.228234	0.0129843	1.469713	3.560803
7506	-3882.301	-4142.956	260.6555	0.6211734	0.472764	0.269024	0.234377	0.0238346	1.609786	2.698647
7512	-3887.448	-4148.924	261.4764	0.521507	0.370714	0.379851	0.228755	0.0206789	1.662829	2.214579
7518	-3896.372	-4157.519	261.1462	0.5823908	0.473011	0.276298	0.240483	0.0102072	1.59798	2.426349
7524	-3898.416	-4160.326	261.9104	0.6086999	0.459355	0.268321	0.23354	0.0387831	1.875563	1.719538
7530	-3901.252	-4163.058	261.806	0.7190659	0.440458	0.257283	0.265072	0.0371876	1.992241	1.627495
7536	-3891.582	-4153.44	261.8583	0.7158746	0.424483	0.273674	0.255458	0.0463845	2.038063	1.558479
7542	-3893.787	-4156.12	262.333	0.5794787	0.515465	0.277492	0.198803	0.00823978	1.999986	1.334596
7548	-3882.418	-4144.355	261.9375	0.663022	0.502534	0.221071	0.271017	0.00537776	2.093325	1.500174
7554	-3878.973	-4140.799	261.8262	0.6583645	0.493508	0.2171	0.26615	0.0232428	2.093325	1.586132
7560	-3891.005	-4152.945	261.9403	0.6304975	0.416708	0.32677	0.218341	0.0381808	2.005243	1.588635
7566	-3908.487	-4170.555	262.0676	0.6521903	0.521912	0.308129	0.123938	0.0460209	2.005243	1.477129
7572	-3886.483	-4148.716	262.233	0.5403345	0.339096	0.382588	0.201075	0.0772411	2.034614	1.417755
7578	-3888.695	-4151.041	262.3457	0.447123	0.377349	0.341124	0.211053	0.0704751	2.02804	1.406769
7584	-3905.062	-4167.128	262.0656	0.5977944	0.414612	0.29785	0.231894	0.0556442	2.02804	1.50467
7590	-3893.894	-4155.884	261.9905	0.6493815	0.452196	0.321352	0.181836	0.0446153	1.941746	1.583823
7596	-3898.897	-4160.833	261.9356	0.5571742	0.425687	0.352452	0.181086	0.0407759	1.841957	1.763176
7602	-3897.456	-4159.547	262.0912	0.5221821	0.409036	0.416097	0.128817	0.0460502	1.954452	1.597802
7608	-3894.129	-4155.747	261.6176	0.6788272	0.333986	0.434241	0.183714	0.0480583	1.946919	1.822154
7614	-3890.897	-4152.175	261.2778	0.7425138	0.462683	0.230723	0.254506	0.052088	1.937458	2.012853
7620	-3878.497	-4140.082	261.5858	0.6352279	0.484416	0.299628	0.177807	0.0381495	1.916504	1.896281
7626	-3884.644	-4146.184	261.5399	0.6730157	0.396623	0.350648	0.208083	0.0446456	1.886903	1.920348
7632	-3886.864	-4148.269	261.4053	0.678248	0.395841	0.349957	0.207673	0.0465276	1.833016	2.04273
7638	-3895.441	-4157.213	261.7726	0.7343901	0.549387	0.271295	0.146497	0.0328215	1.941483	1.676255
7644	-3899.973	-4162.038	262.0645	0.5750263	0.44969	0.329752	0.128169	0.0923887	1.963109	1.571249
7650	-3894.252	-4156.184	261.9327	0.5876397	0.376513	0.373062	0.158653	0.0917713	2.019423	1.61662
7656	-3896.532	-4158.353	261.8211	0.7886129	0.4295	0.348586	0.125586	0.0963273	2.003296	1.554966
7662	-3886.834	-4148.939	262.1051	0.5802182	0.456511	0.370509	0.161144	0.011836	2.149854	1.39559
7668	-3888.079	-4150.153	262.0747	0.8759021	0.354095	0.428181	0.169397	0.0483271	2.243423	1.080724
7674	-3906.613	-4168.881	262.2685	0.5885774	0.379067	0.421218	0.177729	0.0219861	2.155315	1.252865
7680	-3912.653	-4173.397	260.7446	0.860812	0.4812	0.267762	0.163601	0.0874366	1.802437	2.365844
7686	-3896.55	-4157.715	261.1649	0.815356	0.37694	0.333439	0.187375	0.102246	1.805349	2.123912
7692	-3887.115	-4148.761	261.6463	0.815356	0.483516	0.25377	0.186292	0.0764224	1.927934	1.71503
7698	-3888.624	-4150.196	261.5713	0.815356	0.483431	0.248751	0.148796	0.119023	1.909252	1.780601
7704	-3880.957	-4142.378	261.4206	0.8942407	0.496269	0.255357	0.152747	0.0956277	1.878471	1.849446
7710	-3891.674	-4153.15	261.4756	0.8942407	0.483365	0.248717	0.148776	0.119142	1.896162	1.799363
7716	-3896.046	-4157.702	261.6562	0.7764953	0.424219	0.319494	0.161982	0.0943047	1.894889	1.75989
7722	-3900.104	-4161.949	261.8451	0.7344819	0.420258	0.311757	0.176299	0.0916862	1.937285	1.627185
7728	-3906.253	-4168.192	261.9395	0.6906397	0.467528	0.286961	0.18311	0.0624008	1.963864	1.57296
7734	-3912.604	-4174.549	261.9448	0.659082	0.494583	0.279969	0.1837	0.0417479	1.87757	1.655829
7740	-3907.215	-4168.772	261.5579	0.6712615	0.450079	0.313996	0.191949	0.0439749	1.847707	1.935899
7746	-3923.835	-4185.16	261.3245	0.8144874	0.465588	0.259392	0.185298	0.0897218	1.822125	2.008142
7752	-3902.394	-4164.052	261.6576	0.7360366	0.454992	0.290343	0.179814	0.0748509	1.80607	1.849867
7758	-3908.362	-4169.721	261.3589	0.7360366	0.480171	0.26049	0.183115	0.0762247	1.818662	2.042413
7764	-3931.299	-4192.299	260.9993	0.7249983	0.477559	0.259073	0.182119	0.0812489	1.740496	2.333789
7770	-3901.002	-4162.345	261.3436	0.7951069	0.503133	0.264831	0.158914	0.0731217	1.882732	1.968518
7776	-3901.105	-4162.5	261.395	0.7686852	0.522687	0.24274	0.221336	0.013237	1.719514	2.061341
7782	-3910.18	-4172.429	262.2492	0.6584388	0.502982	0.209577	0.246073	0.0413681	2.017458	1.321143
7788	-3916.874	-4179.235	262.3608	0.4803673	0.448547	0.271634	0.213601	0.066219	2.024367	1.373106
7794	-3909.578	-4171.98	262.4018	0.6459713	0.498414	0.275665	0.199143	0.0267786	2.045964	1.181194
7800	-3910.63	-4172.902	262.2716	0.7394403	0.471236	0.271782	0.217797	0.0391857	2.077201	1.181194
7806	-3898.65	-4161.18	262.53	0.6022553	0.429945	0.348769	0.128893	0.0923927	2.088086	1.069321
7812	-3886.878	-4147.84	260.9617	0.7575901	0.477871	0.266941	0.186544	0.0686451	1.715084	2.35199
7818	-3886.508	-4147.6	261.0922	0.7644769	0.46192	0.236993	0.26723	0.0338568	1.686623	2.282277
7824	-3897.854	-4159.314	261.46	0.7161568	0.456117	0.234016	0.229963	0.0799045	1.81223	1.993458
7830	-3892.162	-4153.598	261.4357	0.7637334	0.546051	0.227596	0.152364	0.0739888	1.767957	2.005659
7836	-3895.108	-4156.681	261.573	0.7505087	0.514241	0.214337	0.166077	0.105345	1.911267	1.825195
7842	-3910.448	-4172.055	261.6075	0.7505087	0.450227	0.344098	0.145403	0.0602722	1.96994	1.76057
7848	-3904.317	-4166.143	261.8252	0.6768853	0.448409	0.219678	0.262003	0.0699101	1.858691	1.74063
7854	-3902.823	-4162.901	260.0778	0.830199	0.564478	0.230363	0.169163	0.0359967	1.484703	2.991269
7860	-3915.346	-4175.577	260.231	0.8010711	0.566898	0.23135	0.169888	0.0318639	1.525352	2.892822
7866	-3912.553	-4172.992	260.4392	0.695092	0.455964	0.339452	0.136643	0.0679411	1.506674	2.845784
7872	-3902.667	-4163.064	260.3975	0.7443396	0.497446	0.263489	0.130569	0.108496	1.595986	2.785157
7878	-3894.351	-4155.475	261.1243	0.6881423	0.553863	0.226252	0.149182	0.0707024	1.537179	2.408172
7884	-3909.986	-4171.183	261.1975	0.6893617	0.504845	0.201528	0.254536	0.0390905	1.651422	2.288295
7890	-3912.791	-4174.266	261.4752	0.7504628	0.480208	0.240495	0.242114	0.0371828	1.8705	1.919782
7896	-3904.152	-4165.908	261.7565	0.6210401	0.46915	0.234957	0.248297	0.0475954	1.963918	1.756421
7902	-3907.643	-4169.236	261.5933	0.6807389	0.587616	0.18445	0.210828	0.0171059	1.877209	1.885152
7908	-3895.476	-4156.805	261.3289	0.7251025	0.509612	0.162905	0.286166	0.0413168	1.889647	2.022918
7914	-3882.404	-4143.799	261.3958	0.7597078	0.461213	0.235482	0.251842	0.0514628	1.786159	2.022918
7920	-3901.237	-4162.378	261.1415	0.8886683	0.49705	0.253779	0.193709	0.0554616	1.809855	2.086462
7926	-3902.167	-4163.451	261.2847	0.8878746	0.55196	0.0940768	0.286093	0.0678706	1.716424	2.054168
7932	-3900.075	-4162.487	262.4126	0.6270271	0.477674	0.255434	0.17797	0.088922	2.22341	1.027308
7938	-3897.899	-4160.233	262.3347	0.656241	0.423906	0.257349	0.210077	0.108667	2.169657	1.121585
7944	-3902.368	-4164.697	262.3289	0.6485544	0.413511	0.355341	0.165453	0.0656957	2.125785	1.172822
7950	-3893.747	-4156.149	262.4013	0.6485544	0.412823	0.35475	0.165178	0.0672488	2.156899	1.079673
7956	-3905.107	-4167.644	262.5371	0.5712478	0.408049	0.373247	0.154146	0.0645574	2.13236	1.051434
7962	-3910.887	-4172.279	261.3925	0.9396027	0.618383	0.0626133	0.261911	0.0570925	1.8772	1.837791
7968	-3921.095	-4182.368	261.2731	1.005626	0.521263	0.210404	0.194157	0.0741755	1.818614	1.913782
7974	-3889.326	-4151.032	261.7061	0.7388448	0.489135	0.228474	0.212788	0.0696037	1.913064	1.740025
7980	-3908.188	-4170.154	261.9665	0.56742	0.49709	0.224916	0.209474	0.0685198	1.913064	1.683824
7986	-3898.354	-4160.037	261.6832	0.6993536	0.383282	0.294975	0.2332	0.0885432	1.985199	1.734787
7992	-3899.086	-4160.473	261.3867	0.6860311	0.419232	0.306586	0.216541	0.0576406	1.905083	2.001674
7998	-3905.942	-4167.258	261.3163	0.6971753	0.461079	0.292656	0.194493	0.0517717	1.713573	2.166282
8004	-3904.128	-4166.671	262.5429	0.5397426	0.525726	0.290603	0.164633	0.0190378	2.261066	0.9493799
8010	-3915.54	-4178.04	262.4998	0.591638	0.36946	0.436807	0.150034	0.0436985	2.109428	1.087993
8016	-3907.819	-4170.329	262.5106	0.5564837	0.415384	0.347324	0.211884	0.0254075	2.155062	1.069464
8022	-3913.537	-4174.653	261.1161	0.6516978	0.433378	0.239955	0.266527	0.0601404	1.643549	2.370524
8028	-3909.843	-4171.913	262.0699	0.4480519	0.412308	0.380453	0.1843	0.0229391	1.787506	1.783018
8034	-3895.453	-4157.476	262.0236	0.529002	0.313567	0.444374	0.215265	0.0267931	1.822337	1.735531
8040	-3895.781	-4157.464	261.6826	0.5715316	0.452404	0.266813	0.174849	0.105933	1.765577	1.977845
8046	-3894.212	-4155.745	261.533	0.7507153	0.376788	0.366494	0.168491	0.0882273	1.773232	1.946206
8052	-3897.44	-4158.991	261.5506	0.5641554	0.347809	0.415218	0.155532	0.0814415	1.808012	2.042574
8058	-3905.915	-4168.012	262.0977	0.5071538	0.425762	0.363071	0.11997	0.0911962	1.854172	1.676173
8064	-3904.485	-4166.08	261.5946	0.8477607	0.359322	0.253732	0.265326	0.121621	2.000683	1.676173
8070	-3905.777	-4167.47	261.6927	0.8772088	0.44947	0.305419	0.0893775	0.155733	1.872109	1.676173
8076	-3889.659	-4151.124	261.4654	0.8010921	0.406345	0.40813	0.119434	0.0660907	1.801359	1.9371
8082	-3908.791	-4169.984	261.1927	0.8072742	0.416203	0.345633	0.170469	0.0676941	1.829602	2.095386
8088	-3899.94	-4161.398	261.4576	0.8253719	0.394598	0.33457	0.241914	0.028917	1.831479	1.904844
8094	-3907.165	-4168.789	261.6244	0.7800185	0.381806	0.360405	0.234072	0.0237164	1.887387	1.784653
8100	-3901.365	-4162.882	261.5171	0.7616982	0.507495	0.297149	0.144046	0.0513103	1.821137	1.916809
8106	-3913.761	-4174.917	261.1559	0.7273653	0.460266	0.325645	0.157859	0.0562307	1.868248	2.149166
8112	-3916.091	-4178.619	262.5286	0.5719828	0.321929	0.452334	0.118579	0.107158	2.429469	0.7114619
8118	-3905.208	-4167.703	262.4953	0.6288077	0.343302	0.419841	0.137396	0.0994605	2.429469	0.6630285
8124	-3891.076	-4153.637	262.5616	0.6156096	0.393068	0.364012	0.178468	0.0644514	2.356983	0.7007636
8130	-3904.105	-4166.705	262.6	0.5441456	0.420913	0.389799	0.161147	0.0281407	2.384047	0.7161857
8136	-3899.342	-4161.89	262.5477	0.5441456	0.440205	0.293051	0.258414	0.00833009	2.477471	0.6370148
8142	-3890.376	-4153.01	262.6343	0.5075384	0.370499	0.409426	0.204425	0.0156498	2.412853	0.6695171
8148	-3900.692	-4163.313	262.621	0.5075384	0.401925	0.304704	0.252687	0.0406836	2.452487	0.6087168
8154	-3894.175	-4156.754	262.5794	0.4404772	0.3366	0.366749	0.263477	0.033174	2.567896	0.5805397
8160	-3893.544	-4156.041	262.4972	0.517442	0.311977	0.413072	0.244204	0.0307473	2.575333	0.5805397
8166	-3910.445	-4172.959	262.5139	0.517442	0.327971	0.434247	0.12827	0.109512	2.552745	0.5999389
8172	-3908.497	-4170.774	262.2769	0.6338571	0.518231	0.222539	0.228119	0.0311103	2.19765	1.169038
8178	-3913.735	-4176.212	262.4776	0.6409102	0.469948	0.257501	0.231626	0.0409251	2.212971	0.9574784
8184	-3910.157	-4172.752	262.5954	0.5362761	0.457403	0.220859	0.24123	0.0805088	2.293592	0.8580982
8190	-3899.5	-4162.13	262.6303	0.5390118	0.393541	0.307399	0.23284	0.0662205	2.34463	0.7391159
8196	-3901.205	-4163.705	262.5	0.6325885	0.459754	0.350639	0.167184	0.0224229	2.394025	0.7121248
8202	-3902.679	-4165.274	262.5941	0.5517185	0.347291	0.363785	0.173452	0.115472	2.230011	0.9143422
8208	-3914.433	-4176.787	262.3542	0.6866114	0.310644	0.258924	0.334937	0.0954959	2.324611	0.9182196
8214	-3903.701	-4166.132	262.4307	0.6151113	0.313345	0.261175	0.33785	0.0876293	2.324611	0.9172879
8220	-3900.51	-4162.889	262.3795	0.6165383	0.438624	0.290747	0.20929	0.0613387	2.374313	0.9172879
8226	-3900.56	-4162.916	262.3567	0.7415648	0.497121	0.26008	0.156808	0.0859905	2.380871	0.7749202
8232	-3897.31	-4159.741	262.4317	0.6516259	0.42113	0.287204	0.1804	0.111266	2.358612	0.8312674
8238	-3919.045	-4181.475	262.4301	0.6208835	0.397701	0.298828	0.187701	0.11577	2.372008	0.8566363
8244	-3921.503	-4183.939	262.4356	0.6474891	0.531566	0.215228	0.169824	0.083382	2.357031	0.8338205
8250	-3927.994	-4190.471	262.4763	0.5443468	0.362915	0.390942	0.221181	0.024962	2.573226	0.5630026
8256	-3921.044	-4183.553	262.5092	0.5093343	0.359206	0.41721	0.155913	0.0676705	2.571109	0.5820147
8262	-3890.219	-4152.688	262.469	0.5093343	0.350918	0.407583	0.168389	0.0731102	2.613739	0.5727271
8268	-3917.854	-4180.339	262.4851	0.4995357	0.354294	0.411504	0.170009	0.0641924	2.602777	0.5895069
8274	-3904.362	-4167.01	262.649	0.5140488	0.43512	0.3489	0.152082	0.0638984	2.393389	0.6660237
8280	-3907.873	-4169.816	261.9431	0.7546631	0.389514	0.420886	0.149951	0.0396491	2.106316	1.412137
8286	-3901.817	-4164.142	262.3254	0.6720353	0.539533	0.202113	0.211455	0.0468985	2.096071	1.180061
8292	-3900.801	-4163.069	262.2683	0.7650165	0.425489	0.330378	0.182037	0.0620962	2.385449	0.8517566
8298	-3898.489	-4161.011	262.5221	0.572014	0.447612	0.347556	0.150512	0.0543195	2.381033	0.7933643
8304	-3907.926	-4170.501	262.5748	0.5422653	0.431287	0.33488	0.181494	0.0523384	2.412057	0.7146614
8310	-3901.751	-4164.315	262.5648	0.5443169	0.424948	0.329958	0.178826	0.0662683	2.387254	0.7651376
8316	-3899.646	-4162.299	262.6533	0.4734706	0.432893	0.290269	0.18418	0.0926582	2.30439	0.8509042
8322	-3904.509	-4167.089	262.5801	0.5856686	0.396429	0.396722	0.14599	0.0608592	2.263788	0.8509042
8328	-3907.319	-4169.873	262.5537	0.5856686	0.342485	0.373675	0.200328	0.0835114	2.290151	0.8509042
8334	-3902.875	-4165.458	262.5831	0.5437002	0.342485	0.373675	0.200328	0.0835114	2.304303	0.8509042
8340	-3898.494	-4161.125	262.6307	0.5357663	0.369606	0.324078	0.216192	0.0901245	2.154449	0.9732903
8346	-3878.586	-4141.195	262.6092	0.5357663	0.32617	0.436391	0.16346	0.0739794	2.206035	0.9417879
8352	-3890.814	-4153.21	262.3958	0.6398748	0.408933	0.367195	0.132706	0.0911656	2.206035	1.047143
8358	-3895.222	-4157.528	262.3057	0.6412392	0.428175	0.346255	0.139603	0.0859667	2.05599	1.258347
8364	-3899.034	-4161.239	262.205	0.6201823	0.502978	0.266855	0.166178	0.0639883	2.021358	1.385183
8370	-3905.012	-4166.838	261.8262	0.7585563	0.408689	0.330748	0.176703	0.0838593	1.944523	1.61723
8376	-3892.514	-4154.399	261.8855	0.673023	0.520791	0.178759	0.227624	0.0728255	1.908055	1.665861
8382	-3894.368	-4156.307	261.939	0.673023	0.419323	0.342606	0.16045	0.0776201	1.921015	1.618128
8388	-3881.403	-4143.178	261.7751	0.7556782	0.448326	0.264204	0.270331	0.0171389	1.910669	1.680392
8394	-3889.82	-4151.084	261.2638	0.7044953	0.437997	0.217381	0.299667	0.0449549	1.778969	2.152806
8400	-3904.432	-4165.991	261.5586	0.671223	0.555077	0.275489	0.145549	0.0238851	1.791275	1.973409
8406	-3900.84	-4162.192	261.3516	0.686301	0.445212	0.179732	0.33769	0.0373662	1.708247	2.154274
8412	-3916.425	-4178.561	262.1364	0.7531823	0.400179	0.333234	0.23071	0.0358778	2.040196	1.312903
8418	-3899.066	-4161.07	262.0033	0.8728654	0.458082	0.309873	0.17138	0.0606657	2.049608	1.311747
8424	-3895.506	-4156.666	261.1601	0.6213313	0.447615	0.293077	0.234413	0.0248949	1.657413	2.354191
8430	-3896.389	-4157.908	261.5185	0.5809908	0.466986	0.275959	0.234607	0.0224484	1.63016	2.168736
8436	-3888.439	-4150.376	261.9365	0.4751903	0.445934	0.263518	0.279441	0.0111066	1.734076	1.893615
8442	-3876.236	-4138.032	261.7956	0.4678046	0.432018	0.312113	0.243757	0.0121111	1.734076	1.993238
8448	-3890.104	-4151.781	261.6773	0.4553853	0.453945	0.233227	0.256129	0.0566995	1.70599	2.097941
8454	-3897.929	-4159.281	261.3526	0.7042231	0.507881	0.175596	0.26535	0.0511738	1.784839	2.091084
8460	-3905.457	-4166.764	261.3066	0.7263521	0.487179	0.178759	0.255065	0.0789981	1.749745	2.12889
8466	-3896.602	-4157.685	261.0831	0.7263521	0.466711	0.191171	0.257635	0.0844835	1.641754	2.342398
8472	-3889.052	-4150.722	261.6702	0.6173204	0.558239	0.155513	0.198542	0.0877058	1.691986	2.003213
8478	-3904.425	-4165.762	261.3371	0.6512259	0.572645	0.159527	0.201634	0.0661942	1.636339	2.234246
8484	-3887.748	-4149.07	261.3215	0.67816	0.472282	0.30683	0.166295	0.0545929	1.738917	2.159525
8490	-3893.338	-4155.424	262.0862	0.630514	0.436361	0.356314	0.175923	0.0314019	1.848575	1.596532
8496	-3879.946	-4141.902	261.9557	0.6981443	0.354714	0.397509	0.196263	0.0515144	1.900131	1.601813
8502	-3893.575	-4155.286	261.7107	0.8448331	0.505273	0.244176	0.196533	0.0540175	1.990916	1.601813
8508	-3890.699	-4152.589	261.8896	0.6808766	0.489076	0.281403	0.177235	0.0522859	1.923506	1.645944
8514	-3906.609	-4168.4	261.7903	0.6889017	0.471846	0.27484	0.227327	0.0259867	1.942316	1.697313
8520	-3912.766	-4174.411	261.6452	0.8277489	0.590988	0.157451	0.195179	0.0563821	1.94112	1.697313
8526	-3906.222	-4168.256	262.0349	0.7409429	0.483932	0.286712	0.14753	0.0818253	1.965228	1.461034
8532	-3907.66	-4169.766	262.1061	0.6742742	0.433258	0.249981	0.209471	0.10729	1.884163	1.521599
8538	-3903.305	-4165.46	262.1555	0.8049137	0.447772	0.31513	0.156791	0.0803072	2.003855	1.282658
8544	-3892.51	-4154.345	261.8345	0.8096186	0.452815	0.243268	0.184518	0.119399	1.92963	1.583005
8550	-3899.649	-4161.473	261.8241	0.7669008	0.422223	0.234064	0.289882	0.0538301	1.905594	1.640528
8556	-3890.478	-4152.191	261.7126	0.6196698	0.427829	0.258349	0.293731	0.0200911	1.769223	1.921297
8562	-3896.352	-4157.881	261.5296	0.871519	0.4591	0.268532	0.176983	0.0953851	1.897242	1.777377
8568	-3891.934	-4153.956	262.0214	0.6746613	0.451964	0.272075	0.179317	0.0966434	1.920619	1.556977
8574	-3895.464	-4157.494	262.0301	0.6683906	0.466645	0.274985	0.167848	0.0905216	1.918557	1.556977
8580	-3892.26	-4154.439	262.1788	0.6290116	0.547503	0.199715	0.18173	0.0710527	1.910931	1.482907
8586	-3892.62	-4155.071	262.4516	0.4775355	0.397749	0.308114	0.204388	0.0897494	1.894454	1.405787
8592	-3905.187	-4167.346	262.1586	0.5884818	0.545117	0.220265	0.194654	0.0399641	1.889845	1.545578
8598	-3896.778	-4159.069	262.2905	0.5884818	0.497213	0.262587	0.192557	0.0476429	1.902473	1.436804
8604	-3895.512	-4156.922	261.4102	0.7535298	0.510367	0.209812	0.241754	0.0380676	1.735041	2.051564
8610	-3897.438	-4159.188	261.7494	0.5619065	0.518957	0.206459	0.236036	0.0385481	1.720506	1.969966
8616	-3892.496	-4153.715	261.2188	0.8023704	0.529179	0.162155	0.281434	0.0272331	1.631713	2.210583
8622	-3894.633	-4156.418	261.7854	0.6475803	0.585034	0.192545	0.189885	0.032536	1.848413	1.797161
8628	-3914.728	-4175.971	261.2437	0.6381137	0.385073	0.363918	0.19919	0.0518186	1.781469	2.209865
8634	-3898.037	-4159.274	261.2377	0.5768164	0.421729	0.34325	0.186503	0.0485181	1.805188	2.239942
8640	-3898.96	-4160.218	261.2572	0.5483352	0.40639	0.304621	0.236264	0.0527255	1.807354	2.245037
8646	-3903.083	-4164.817	261.7336	0.6478841	0.438074	0.288361	0.223653	0.0499112	1.997722	1.728898
8652	-3905.793	-4167.934	262.1419	0.4133237	0.296749	0.477598	0.191843	0.0338095	2.01743	1.590656
8658	-3898.129	-4159.764	261.6347	0.5422364	0.298792	0.480887	0.193164	0.027157	1.882118	1.95215
8664	-3894.245	-4155.768	261.5223	0.5791325	0.298792	0.480887	0.193164	0.027157	1.818197	2.044243
8670	-3929.039	-4189.1	260.0616	0.7143407	0.412036	0.213777	0.273177	0.101011	1.474813	3.07984
8676	-3910.809	-4171.949	261.1394	0.5848448	0.441351	0.228986	0.292613	0.0370502	1.658742	2.390708
8682	-3902.218	-4163.18	260.9611	0.8314808	0.487521	0.262341	0.166785	0.0833531	1.792714	2.253278
8688	-3913.752	-4174.583	260.8303	0.7661992	0.537043	0.193334	0.177804	0.0918201	1.573156	2.518276
8694	-3902.579	-4163.168	260.5883	0.6108247	0.415215	0.279024	0.258354	0.0474069	1.685475	2.700101
8700	-3896.098	-4157.133	261.0352	0.6977777	0.415215	0.279024	0.258354	0.0474069	1.683425	2.365557
8706	-3891.631	-4152.37	260.7397	0.5335288	0.438893	0.294936	0.211239	0.0549326	1.739454	2.623113
8712	-3891.648	-4152.559	260.911	0.6469252	0.330523	0.353794	0.250532	0.0651507	1.730666	2.448164
8718	-3896.356	-4157.262	260.9056	0.7235647	0.395366	0.2799	0.268637	0.0560979	1.65486	2.448164
8724	-3889.431	-4150.287	260.8561	0.7235647	0.434639	0.239822	0.263869	0.0616703	1.704324	2.448164
8730	-3891.416	-4152.394	260.9777	0.8656791	0.611613	0.175988	0.193635	0.0187645	1.77761	2.229498
8736	-3890.197	-4151.145	260.9481	0.855515	0.483081	0.139004	0.337621	0.0402937	1.817755	2.229498
8742	-3893.829	-4155.105	261.2764	0.673809	0.449701	0.213153	0.314292	0.0228538	1.680477	2.229498
8748	-3908.313	-4169.975	261.6617	0.8617721	0.491882	0.221328	0.280018	0.00677154	2.024429	1.600287
8754	-3898.553	-4160.677	262.1244	0.5984598	0.491882	0.221328	0.280018	0.00677154	2.118894	1.389771
8760	-3891.093	-4153.396	262.3026	0.7295382	0.483916	0.217744	0.275483	0.022857	2.107906	1.136121
8766	-3897.933	-4160.025	262.0927	0.7295382	0.534101	0.160132	0.280539	0.0252274	2.174206	1.259428
8772	-3912.495	-4175.066	262.5703	0.5840975	0.442998	0.289	0.223445	0.0445575	2.021452	1.11122
8778	-3904.436	-4166.92	262.4837	0.5840975	0.32925	0.420864	0.19747	0.0524163	2.118343	1.101877
8784	-3897.792	-4159.85	262.0578	0.6252197	0.372647	0.354558	0.215781	0.0570145	1.992447	1.515527
8790	-3899.169	-4160.922	261.7522	0.6139515	0.420504	0.277526	0.243493	0.0584774	1.823628	1.861475
8796	-3890.996	-4152.677	261.6817	0.7677744	0.47704	0.244044	0.227494	0.0514225	1.903566	1.742355
8802	-3896.246	-4158.025	261.7788	0.778828	0.521101	0.226188	0.173273	0.0794373	1.927904	1.647986
8808	-3886.716	-4148.291	261.5754	0.7357908	0.413011	0.227862	0.279102	0.0800251	1.907421	1.836884
8814	-3877.149	-4138.487	261.3372	0.7767132	0.590756	0.171037	0.21408	0.024127	1.889051	1.981485
8820	-3881.108	-4142.147	261.0382	0.8432859	0.47419	0.197519	0.303617	0.0246738	1.836053	2.167517
8826	-3895.928	-4157.374	261.446	0.6975352	0.453324	0.188827	0.290257	0.0675923	1.964705	1.913666
8832	-3897.585	-4159.004	261.4193	0.8116524	0.448838	0.212114	0.287385	0.0516633	1.887932	1.902246
8838	-3922.047	-4183.972	261.9249	0.5984022	0.364003	0.221235	0.351561	0.0632004	1.902323	1.698023
8844	-3902.037	-4164.571	262.5338	0.6155815	0.408976	0.443895	0.112514	0.0346155	2.271138	0.8598893
8850	-3897.935	-4160.462	262.5271	0.5535634	0.314556	0.488536	0.15809	0.0388181	2.342699	0.8598893
8856	-3897.137	-4159.667	262.5295	0.5535634	0.290203	0.476237	0.195719	0.0378408	2.34026	0.8598893
8862	-3890.842	-4153.354	262.5126	0.6028825	0.368296	0.351727	0.248386	0.0315905	2.34026	0.817081
8868	-3889.839	-4152.281	262.442	0.5907543	0.368296	0.351727	0.248386	0.0315905	2.414287	0.8290134
8874	-3892.618	-4153.763	261.1449	0.9668828	0.497205	0.131833	0.313195	0.0577669	1.773736	2.055467
8880	-3897.97	-4158.717	260.7466	0.7102427	0.413349	0.304498	0.213282	0.0688719	1.551239	2.620529
8886	-3899.477	-4159.957	260.4804	0.7102427	0.375034	0.314373	0.193512	0.117081	1.558053	2.779726
8892	-3893.79	-4154.69	260.8994	0.6811024	0.418198	0.370026	0.16086	0.0509156	1.675132	2.467537
8898	-3891.674	-4153.136	261.4624	0.646923	0.302763	0.397177	0.201884	0.0981762	1.864307	2.006034
8904	-3887.348	-4148.315	260.9665	0.646923	0.305667	0.400986	0.20382	0.0895264	1.749679	2.401221
8910	-3891.444	-4152.003	260.5595	0.5597863	0.373544	0.346024	0.203176	0.0772552	1.658529	2.766856
8916	-3886.17	-4146.997	260.8265	0.5597863	0.410572	0.320754	0.223317	0.0453566	1.608881	2.633477
8922	-3899.154	-4159.694	260.5392	0.6089329	0.418665	0.327077	0.227718	0.0265393	1.633926	2.76296
8928	-3900.608	-4160.572	259.9641	0.6808819	0.432097	0.260428	0.235024	0.0724506	1.585736	3.092965
8934	-3905.292	-4164.703	259.4105	0.7264356	0.351186	0.241634	0.320016	0.0871641	1.459731	3.465508
8940	-3890.443	-4149.267	258.8245	0.939812	0.462216	0.20007	0.26542	0.0722935	1.490798	3.659224
8946	-3879.413	-4138.93	259.5172	0.890515	0.577763	0.192934	0.143268	0.0860352	1.463081	3.3003
8952	-3898.441	-4160.671	262.2293	0.621322	0.450812	0.252608	0.207061	0.0895183	2.008575	1.375175
8958	-3905.667	-4167.887	262.2201	0.5347331	0.409845	0.376914	0.141921	0.0713199	2.107965	1.375175
8964	-3903.529	-4162.487	258.9573	0.6438668	0.453009	0.255847	0.249121	0.0420241	1.384214	3.822659
8970	-3907.815	-4169.423	261.6076	0.6242366	0.425569	0.265348	0.257804	0.0512793	1.766769	1.990221
8976	-3905.097	-4166.55	261.4528	0.7156489	0.420868	0.257563	0.257325	0.064244	1.731881	2.05194
8982	-3918.651	-4179.103	260.4511	0.725879	0.46822	0.252801	0.208874	0.0701046	1.552263	2.791012
8988	-3907.645	-4168.454	260.8087	0.6607875	0.430886	0.253285	0.275475	0.0403546	1.618773	2.572706
8994	-3888.375	-4149.413	261.0378	0.7509986	0.46482	0.295317	0.192811	0.0470514	1.632377	2.360584
9000	-3905.411	-4166.797	261.3863	0.6425912	0.459565	0.246442	0.236323	0.0576695	1.638461	2.20704
9006	-3898.823	-4160.229	261.4059	0.7657554	0.461455	0.247456	0.237294	0.0537949	1.767696	2.024228
9012	-3922.91	-4184.583	261.6722	0.6373503	0.553547	0.128793	0.258954	0.0587053	1.767954	1.93684
9018	-3907.235	-4169.085	261.8493	0.7655039	0.458646	0.278155	0.214559	0.0486407	1.806184	1.69454
9024	-3910.552	-4171.895	261.3431	0.9157112	0.562586	0.162329	0.183099	0.0919859	1.787667	1.94872
9030	-3905.848	-4167.552	261.7032	0.784317	0.478527	0.278778	0.160278	0.0824172	1.802834	1.785521
9036	-3916.175	-4177.943	261.7682	0.784317	0.453006	0.262622	0.222883	0.061489	1.931175	1.649147
9042	-3898.053	-4160.508	262.4554	0.5439478	0.431798	0.390031	0.155019	0.0231515	2.117849	1.164846
9048	-3901.15	-4163.62	262.4704	0.5234396	0.387712	0.413177	0.191283	0.00782893	2.043545	1.233685
9054	-3893.097	-4155.132	262.0353	0.7001371	0.34353	0.434108	0.200973	0.0213884	2.073609	1.410689
9060	-3889.046	-4151.346	262.3	0.6463106	0.389769	0.220127	0.257856	0.132248	2.18549	1.147825
9066	-3898.342	-4160.788	262.4462	0.6687884	0.413384	0.233464	0.300315	0.0528365	2.280172	0.8860865
9072	-3895.369	-4157.767	262.3986	0.6001057	0.38288	0.337398	0.22422	0.0555022	2.488839	0.7745019
9078	-3893.358	-4155.771	262.413	0.6001057	0.378994	0.333974	0.232093	0.0549389	2.486634	0.75688
9084	-3887.435	-4150.026	262.5913	0.5146723	0.317566	0.390409	0.190168	0.101857	2.403362	0.7467042
9090	-3874.052	-4136.509	262.4576	0.5613306	0.302209	0.456733	0.167275	0.0737833	2.523287	0.6908317
9096	-3879.819	-4142.374	262.5549	0.5613306	0.425195	0.327406	0.170734	0.0766653	2.426004	0.6908317
9102	-3878.638	-4141.203	262.5659	0.5194136	0.366629	0.28231	0.284955	0.0661056	2.403341	0.776843
9108	-3882.767	-4145.341	262.5742	0.5123605	0.359591	0.461163	0.131701	0.0475448	2.402103	0.776843
9114	-3879.933	-4142.431	262.4982	0.5521912	0.391816	0.412876	0.143503	0.0518055	2.460746	0.7428608
9120	-3889.51	-4151.961	262.4507	0.5521912	0.376285	0.354297	0.197956	0.071463	2.549306	0.6727446
9126	-3879.426	-4141.905	262.479	0.5901299	0.458819	0.314456	0.166587	0.0601388	2.500567	0.6321235
9132	-3892.824	-4155.3	262.4768	0.5645135	0.432233	0.292342	0.219516	0.0559095	2.522795	0.6472366
9138	-3894.555	-4157.065	262.5095	0.5645135	0.386634	0.2688	0.201839	0.142727	2.479788	0.6687273
9144	-3903.714	-4166.27	262.5561	0.5645135	0.346954	0.359539	0.152776	0.140732	2.43323	0.6687273
9150	-3893.035	-4155.505	262.4691	0.6046281	0.339893	0.371113	0.143731	0.145262	2.477626	0.6700505
9156	-3895.586	-4158.149	262.5629	0.5523612	0.534817	0.272897	0.116517	0.0757691	2.434627	0.6772088
9162	-3884.877	-4147.391	262.5137	0.5523612	0.494605	0.305477	0.130427	0.0694906	2.491612	0.6617865
9168	-3896.535	-4159.128	262.5927	0.4743711	0.492136	0.336207	0.129776	0.0418812	2.491612	0.6605048
9174	-3886.222	-4148.813	262.5907	0.4600236	0.450246	0.221173	0.28316	0.0454216	2.534525	0.5931728
9180	-3884.092	-4146.588	262.4962	0.5709744	0.388323	0.323557	0.223957	0.0641627	2.499079	0.6420263
9186	-3892.532	-4155.16	262.6286	0.4856941	0.433913	0.347272	0.201328	0.0174874	2.445472	0.6588221
9192	-3881.783	-4144.286	262.5035	0.5643939	0.398862	0.316388	0.221814	0.0629367	2.446644	0.7369779
9198	-3897.838	-4160.216	262.3786	0.6670878	0.432398	0.29157	0.213513	0.0625201	2.463127	0.7375656
9204	-3889.017	-4151.546	262.5289	0.5177572	0.456153	0.307588	0.163021	0.073238	2.527706	0.6261583
9210	-3879	-4141.54	262.5398	0.5623218	0.352341	0.383294	0.156159	0.108206	2.435221	0.699585
9216	-3877.363	-4139.803	262.4393	0.55883	0.371022	0.319024	0.275635	0.0343183	2.564425	0.6510934
9222	-3890.36	-4152.929	262.569	0.5136268	0.4033	0.346778	0.203057	0.0468653	2.483266	0.6459886
9228	-3912.747	-4175.327	262.58	0.5956949	0.497772	0.295182	0.160395	0.0466506	2.331913	0.7455662
9234	-3890.014	-4149.875	259.8606	0.9663665	0.501536	0.136178	0.304195	0.0580912	1.555367	2.995335
9240	-3894.275	-4153.475	259.1999	0.9411857	0.422123	0.284594	0.261181	0.032102	1.47059	3.451719
9246	-3884.707	-4144.696	259.989	0.7793461	0.529819	0.231556	0.212506	0.0261193	1.450974	3.096419
9252	-3890.499	-4150.702	260.2026	0.7088388	0.383775	0.283284	0.221151	0.11179	1.557943	2.948979
9258	-3896.828	-4158.018	261.1899	0.8094263	0.487071	0.294298	0.147197	0.0714343	1.784015	2.125596
9264	-3897.002	-4158.424	261.4223	0.6581924	0.502296	0.260585	0.214097	0.0230225	1.751262	2.099403
9270	-3901.203	-4163.737	262.5338	0.5586937	0.342727	0.356854	0.223222	0.0771966	2.474959	0.6403206
9276	-3902.32	-4164.853	262.5326	0.5823229	0.440573	0.249029	0.230637	0.0797609	2.434876	0.675139
9282	-3899.649	-4162.079	262.4297	0.66417	0.478944	0.270717	0.149691	0.100648	2.437137	0.7014589
9288	-3917.495	-4180.08	262.5844	0.5170565	0.422759	0.350926	0.159731	0.0665843	2.450285	0.6751492
9294	-3912.383	-4175.062	262.679	0.4957886	0.364933	0.443105	0.129549	0.0624128	2.373546	0.6816014
9300	-3902.773	-4165.287	262.5137	0.5750915	0.465597	0.264864	0.182186	0.0873519	2.433127	0.7245335
9306	-3908.163	-4170.729	262.5658	0.6083086	0.437522	0.33946	0.162704	0.0603135	2.375599	0.6729915
9312	-3892.131	-4152.7	260.5683	0.8526754	0.50294	0.0867667	0.355938	0.0543561	1.654815	2.574181
9318	-3896.559	-4157.201	260.6415	0.8519194	0.621973	0.0932276	0.236428	0.0483716	1.66242	2.524404
9324	-3885.024	-4147.631	262.6076	0.5939111	0.323429	0.35961	0.215302	0.101659	2.254915	0.8168028
9330	-3888.017	-4150.584	262.5672	0.5619514	0.363916	0.330238	0.21249	0.0933562	2.297442	0.8555851
9336	-3900.461	-4162.968	262.5075	0.5639503	0.386926	0.408743	0.14484	0.0594913	2.297442	0.9215028
9342	-3886.351	-4148.914	262.5633	0.5415563	0.296537	0.466629	0.143982	0.0928522	2.281259	0.9032363
9348	-3897.717	-4160.157	262.4395	0.6231197	0.443122	0.323034	0.191934	0.0419102	2.320034	0.9032363
9354	-3892.621	-4155.218	262.5969	0.528943	0.333234	0.437592	0.197657	0.0315171	2.346556	0.7988729
9360	-3896.179	-4158.754	262.5755	0.5280328	0.322825	0.440143	0.21466	0.0223723	2.393816	0.7642038
9366	-3903.913	-4166.36	262.4472	0.5844141	0.335129	0.325295	0.305042	0.0345351	2.476945	0.7448367
9372	-3910.709	-4173.188	262.479	0.5900099	0.440651	0.349501	0.182346	0.0275019	2.472906	0.6893572
9378	-3909.313	-4171.824	262.511	0.5317658	0.290649	0.464747	0.208033	0.0365705	2.521893	0.6483233
9384	-3904.134	-4164.939	260.805	0.7912734	0.531237	0.213702	0.180321	0.0747395	1.6038	2.498495
9390	-3895.722	-4156.197	260.4751	0.7440133	0.489424	0.232764	0.196406	0.0814062	1.528796	2.778988
9396	-3900.706	-4161.405	260.6989	0.6732741	0.487008	0.219347	0.229176	0.0644689	1.379954	2.778988
9402	-3904.817	-4164.664	259.8466	0.672682	0.416613	0.187641	0.292995	0.102751	1.327251	3.320843
9408	-3892.499	-4151.952	259.4528	0.9316214	0.503083	0.192953	0.233182	0.0707818	1.450583	3.320843
9414	-3894.919	-4154.367	259.4473	0.6544165	0.47253	0.181235	0.25603	0.0902048	1.314312	3.573251
9420	-3900.432	-4160.035	259.6027	0.7601561	0.483322	0.219322	0.227803	0.069554	1.365412	3.387362
9426	-3895.786	-4153.662	257.8763	0.7601561	0.445058	0.201958	0.209768	0.143216	1.350852	4.387158
9432	-3909.341	-4171.739	262.3982	0.5200267	0.34381	0.335543	0.294533	0.0261143	2.137575	1.218149
9438	-3904.971	-4167.477	262.5054	0.4533955	0.308814	0.353438	0.310241	0.027507	2.128133	1.190466
9444	-3894.057	-4156.504	262.4468	0.561277	0.4081	0.33296	0.221031	0.037909	2.163733	1.115721
9450	-3895.336	-4157.618	262.2818	0.636663	0.462509	0.32508	0.162643	0.0497688	2.24974	1.115721
9456	-3885.23	-4147.699	262.4692	0.5871883	0.451652	0.324271	0.158366	0.0657106	2.269562	0.9661945
9462	-3885.821	-4148.258	262.4368	0.5274439	0.355135	0.384899	0.208297	0.0516685	2.165093	1.154526
9468	-3900.946	-4163.276	262.3296	0.5809888	0.410105	0.314508	0.233911	0.0414754	2.236133	1.137579
9474	-3883.97	-4146.307	262.3364	0.5114999	0.391336	0.368867	0.218518	0.021279	2.145144	1.270704
9480	-3896.016	-4158.362	262.3464	0.6111456	0.370714	0.349429	0.226537	0.05332	2.152346	1.168783
9486	-3890.535	-4152.983	262.4478	0.5545787	0.430519	0.347054	0.14126	0.0811676	2.110007	1.168783
9492	-3906.261	-4168.848	262.5872	0.5201213	0.385263	0.406754	0.175647	0.0323362	2.085035	1.097977
9498	-3895.834	-4158.103	262.2685	0.6407579	0.358633	0.378639	0.232627	0.0301012	2.055085	1.290128
9504	-3898.732	-4160.944	262.2127	0.6429716	0.457743	0.317931	0.198625	0.0257014	2.10855	1.290128
9510	-3908.436	-4170.786	262.3498	0.6619248	0.437913	0.304158	0.19002	0.0679095	2.023662	1.230203
9516	-3908.462	-4170.663	262.2006	0.6655158	0.355667	0.348663	0.217824	0.0778461	2.057584	1.321876
9522	-3882.501	-4145.013	262.512	0.5243184	0.378703	0.371245	0.231932	0.018121	2.056805	1.186157
9528	-3881.756	-4144.19	262.4342	0.6614606	0.483242	0.295264	0.184464	0.0370299	2.083346	1.104547
9534	-3877.311	-4139.719	262.4071	0.6533888	0.487058	0.297596	0.203766	0.0115798	2.148974	1.076876
9540	-3897.054	-4159.449	262.3951	0.6787404	0.498109	0.25554	0.208389	0.0379632	2.331599	0.873486
9546	-3894.019	-4156.396	262.3771	0.6961231	0.501496	0.257277	0.209805	0.0314219	2.194816	1.018426
9552	-3907.638	-4169.825	262.1866	0.6961231	0.521316	0.243394	0.157372	0.0779188	2.210867	1.178716
9558	-3904.82	-4167.174	262.3534	0.5664749	0.349678	0.434592	0.122617	0.093113	2.059293	1.281061
9564	-3899.216	-4161.562	262.3462	0.6084998	0.358447	0.430091	0.112556	0.0989059	2.097456	1.218574
9570	-3898.824	-4161.289	262.465	0.5873454	0.385236	0.393206	0.162453	0.0591047	2.074435	1.155025
9576	-3903.238	-4165.834	262.5954	0.5312134	0.399597	0.362053	0.177318	0.061032	2.064067	1.099307
9582	-3899.777	-4162.106	262.3284	0.5087112	0.346655	0.361698	0.234886	0.0567613	2.030541	1.371592
9588	-3877.577	-4139.856	262.2793	0.6389453	0.477908	0.289035	0.187699	0.0453583	1.944543	1.371592
9594	-3897.315	-4159.783	262.4678	0.5184673	0.395595	0.390993	0.185213	0.0281991	2.089156	1.201522
9600	-3913.479	-4176.021	262.5418	0.4428468	0.436927	0.345823	0.204565	0.0126846	2.088696	1.201522
9606	-3900.918	-4163.389	262.4712	0.5803449	0.384056	0.303976	0.179811	0.132156	2.056917	1.171395
9612	-3900.445	-4162.556	262.1112	0.6253537	0.422972	0.320609	0.165765	0.0906554	2.006128	1.464975
9618	-3890.948	-4153.178	262.23	0.6521746	0.410549	0.311193	0.190265	0.0879929	2.078177	1.292842
9624	-3887.493	-4149.708	262.2152	0.6777021	0.419799	0.299635	0.158562	0.122004	2.051708	1.304447
9630	-3901.103	-4163.185	262.0815	0.8119642	0.426509	0.369288	0.161096	0.0431067	1.964187	1.368071
9636	-3891.377	-4153.446	262.0691	0.682471	0.381185	0.399671	0.129724	0.0894191	1.981287	1.46988
9642	-3892.247	-4154.547	262.2997	0.7045076	0.37845	0.396803	0.178534	0.0462128	1.992778	1.260169
9648	-3907.643	-4169.723	262.0801	0.6923136	0.443471	0.377052	0.135565	0.0439125	1.992778	1.444832
9654	-3919.045	-4180.874	261.8287	0.7786084	0.39367	0.334709	0.120341	0.151281	1.992778	1.564835
9660	-3901.458	-4163.324	261.866	0.7546305	0.412546	0.301323	0.126111	0.16002	1.950855	1.586703
9666	-3911.474	-4173.309	261.8343	0.7522096	0.443627	0.344901	0.0971871	0.114285	1.910497	1.64074
9672	-3904.532	-4166.498	261.9661	0.6804568	0.37356	0.451783	0.149839	0.0248183	1.866375	1.6323
9678	-3902.184	-4163.746	261.5629	0.9040085	0.458931	0.278741	0.184082	0.0782463	1.878318	1.743975
9684	-3898.808	-4160.468	261.6599	0.9040085	0.552736	0.177158	0.175866	0.0942398	2.054139	1.547961
9690	-3912.346	-4174.676	262.33	0.7031849	0.425028	0.397886	0.10151	0.0755754	2.034637	1.200605
9696	-3906.744	-4168.873	262.1294	0.8468772	0.477814	0.305866	0.124	0.0923196	2.053322	1.226897
9702	-3886.84	-4149.173	262.3335	0.6800024	0.502643	0.299305	0.121341	0.0767109	2.007735	1.241217
9708	-3881.185	-4143.565	262.3798	0.6742944	0.377292	0.379164	0.172768	0.0707761	2.029635	1.188366
9714	-3883.192	-4145.584	262.3919	0.6330354	0.461955	0.344868	0.152509	0.0406672	2.116677	1.139785
9720	-3898.212	-4160.449	262.2371	0.7337235	0.431446	0.25888	0.25157	0.058103	2.17141	1.133925
9726	-3887.681	-4150.036	262.3553	0.5520279	0.381582	0.344534	0.222495	0.0513879	2.039262	1.308037
9732	-3886.657	-4149.148	262.4908	0.5947043	0.392224	0.315363	0.239592	0.052821	2.057297	1.140535
9738	-3895.086	-4157.25	262.1641	0.639172	0.530855	0.188342	0.246063	0.0347396	2.057297	1.373298
9744	-3884.486	-4146.844	262.3583	0.639172	0.381472	0.351572	0.233929	0.0330265	2.05243	1.219134
9750	-3878.21	-4140.263	262.0526	0.639172	0.362821	0.30794	0.247452	0.0817871	1.95646	1.535214
9756	-3887.91	-4149.845	261.9349	0.778445	0.373547	0.304053	0.254768	0.0676324	2.045062	1.446249
9762	-3896.65	-4158.822	262.172	0.6746705	0.390788	0.373071	0.20755	0.0285909	2.045848	1.346411
9768	-3901.793	-4163.992	262.1987	0.7014256	0.574016	0.193716	0.210606	0.0216624	2.028395	1.316317
9774	-3890.209	-4152.166	261.9568	0.6990592	0.501201	0.191697	0.270975	0.0361262	1.896546	1.602954
9780	-3891.271	-4153.113	261.8427	0.772425	0.523898	0.182606	0.264888	0.0286081	1.885842	1.637159
9786	-3883.151	-4145	261.8496	0.7629485	0.530154	0.263044	0.173013	0.0337894	1.888882	1.637159
9792	-3896.492	-4158.376	261.8836	0.7595639	0.499288	0.293241	0.1687	0.0387713	1.968738	1.556876
9798	-3892.702	-4154.602	261.8997	0.7652578	0.441014	0.345491	0.179249	0.0342461	1.893536	1.595801
9804	-3889.799	-4152.195	262.3962	0.5716448	0.355527	0.377882	0.19702	0.06957	2.027603	1.267478
9810	-3889.131	-4151.463	262.3313	0.5286261	0.386315	0.410606	0.140608	0.0624711	2.013253	1.367136
9816	-3907.586	-4169.873	262.2867	0.6629832	0.354013	0.465705	0.1299	0.0503824	1.987164	1.311469
9822	-3901.584	-4164.193	262.609	0.4946412	0.340336	0.403466	0.124882	0.131317	2.027332	1.153265
9828	-3906.058	-4168.509	262.4502	0.4699004	0.291541	0.471035	0.115731	0.121694	2.199969	1.162322
9834	-3907.658	-4169.741	262.0833	0.6899995	0.383304	0.423415	0.140828	0.0524535	2.074323	1.381105
9840	-3896.884	-4159.179	262.2945	0.7038901	0.397456	0.428122	0.130613	0.0438084	2.186983	1.096409
9846	-3906.093	-4168.54	262.4466	0.5575167	0.414907	0.397511	0.140468	0.0471139	2.075096	1.197471
9852	-3897.491	-4159.806	262.3155	0.6094928	0.444809	0.28907	0.213866	0.0522556	2.227334	1.131374
9858	-3903.753	-4166.134	262.3817	0.6561244	0.4258	0.35898	0.154148	0.0610715	2.264144	0.9869042
9864	-3900.371	-4162.808	262.4366	0.6228643	0.367785	0.395251	0.169722	0.067242	2.182707	1.047593
9870	-3898.984	-4161.595	262.6113	0.5302716	0.381622	0.35507	0.152468	0.11084	2.233127	0.9162224
9876	-3901.388	-4163.781	262.3921	0.6043614	0.51599	0.252723	0.189398	0.0418894	2.135981	1.149272
9882	-3910.503	-4170.75	260.2471	0.710315	0.462892	0.2715	0.235833	0.0297746	1.523624	2.941921
9888	-3908.184	-4168.238	260.054	0.5886979	0.447216	0.329454	0.118272	0.105058	1.593607	3.092708
9894	-3901.003	-4160.933	259.93	0.6592929	0.347435	0.306453	0.31168	0.0344323	1.460304	3.201399
9900	-3894.432	-4154.25	259.8185	0.7485533	0.528849	0.193081	0.256612	0.0214578	1.549897	3.158363
9906	-3897.228	-4157.871	260.6428	0.7240674	0.446276	0.246258	0.292589	0.0148778	1.549897	2.676344
9912	-3896.603	-4156.246	259.643	0.7133562	0.576871	0.149019	0.265597	0.00851262	1.452582	3.341529
9918	-3901.197	-4161.014	259.8168	0.8300981	0.517754	0.233916	0.238379	0.00995099	1.558305	3.103407
9924	-3919.801	-4180.466	260.6651	0.5940921	0.543919	0.201547	0.24596	0.00857399	1.556594	2.742797
9930	-3896.848	-4157.463	260.6147	0.6541771	0.53915	0.200358	0.243804	0.0166884	1.543656	2.742797
9936	-3911.444	-4172.755	261.3104	0.5133541	0.429429	0.360725	0.192263	0.0175826	1.728677	2.284225
9942	-3916.786	-4177.839	261.053	0.7049261	0.433025	0.370329	0.181496	0.0151502	1.678287	2.352715
9948	-3914.939	-4175.95	261.0108	0.7004751	0.486765	0.296172	0.207288	0.00977548	1.686564	2.37721
9954	-3910.509	-4172.627	262.118	0.620657	0.330983	0.446196	0.196113	0.0267082	2.00822	1.46197
9960	-3927.965	-4188.78	260.8152	0.6708172	0.456249	0.277604	0.247663	0.0184835	1.650893	2.542131
9966	-3932.413	-4193.575	261.1614	0.6708172	0.468383	0.284987	0.215808	0.0308214	1.650893	2.324227
9972	-3917.161	-4179.435	262.2736	0.6969214	0.450706	0.344388	0.173727	0.0311799	2.078309	1.217154
9978	-3898.635	-4160.95	262.3149	0.6969214	0.402225	0.371845	0.187577	0.0383536	2.141197	1.12619
9984	-3890.252	-4152.494	262.2428	0.6100386	0.394515	0.388083	0.195768	0.0216336	2.19769	1.219939
9990	-3895.53	-4157.654	262.1241	0.6365647	0.408525	0.366353	0.20272	0.0224018	2.032744	1.425705
9996	-3895.19	-4157.365	262.1749	0.6639925	0.408525	0.366353	0.20272	0.0224018	2.051801	1.348359
10002	-3902.209	-4164.418	262.2083	0.6153251	0.493319	0.319596	0.139674	0.0474118	2.038861	1.372825
10008	-3892.652	-4154.959	262.3075	0.6311726	0.466426	0.302173	0.186574	0.0448272	2.071302	1.253041
10014	-3904.075	-4166.226	262.1513	0.4417319	0.487611	0.265124	0.193925	0.0533402	1.887714	1.659147
10020	-3901.374	-4163.435	262.0613	0.5125411	0.421678	0.303624	0.228569	0.0461278	1.909098	1.659147
10026	-3910.261	-4172.414	262.1528	0.566797	0.436692	0.284766	0.203308	0.0752343	2.002872	1.482353
10032	-3910.96	-4173.339	262.3795	0.6102374	0.402248	0.364714	0.186174	0.0468642	2.147818	1.144449
10038	-3909.101	-4171.479	262.3773	0.6102374	0.426034	0.332394	0.19108	0.0504926	2.167309	1.12901
10044	-3912.905	-4173.7	260.7946	0.5610937	0.372218	0.442646	0.120982	0.064155	1.552301	2.687141
10050	-3907.216	-4168.07	260.8541	0.4900406	0.390725	0.374959	0.179971	0.0543448	1.623747	2.650891
10056	-3901.328	-4162.487	261.1592	0.5841763	0.36866	0.308148	0.291603	0.0315894	1.561246	2.440143
10062	-3905.173	-4167.633	262.4603	0.6673247	0.496297	0.292935	0.154359	0.0564098	2.25076	0.9051045
10068	-3908.535	-4170.916	262.3812	0.6629773	0.396392	0.261214	0.287496	0.0548982	2.218364	1.025743
10074	-3894.4	-4156.807	262.4067	0.5731583	0.303941	0.464261	0.129872	0.101927	2.164055	1.140406
10080	-3899.954	-4162.13	262.1752	0.6737972	0.340875	0.39916	0.145653	0.114312	2.106558	1.295733
10086	-3908.289	-4170.511	262.2218	0.6708932	0.340875	0.39916	0.145653	0.114312	2.142033	1.230356
10092	-3896.471	-4158.668	262.1967	0.6773019	0.386124	0.278733	0.254109	0.081034	2.119329	1.264563
10098	-3896.971	-4159.253	262.2821	0.603735	0.521167	0.231142	0.210722	0.0369688	2.159049	1.224989
10104	-3904.035	-4166.296	262.2612	0.603735	0.443693	0.295936	0.208119	0.0522523	2.093076	1.296956
10110	-3900.091	-4162.089	261.9978	0.6948515	0.465239	0.219819	0.244757	0.0701854	1.961831	1.528138
10116	-3916.736	-4178.941	262.2048	0.5731041	0.45864	0.216701	0.241285	0.0833746	1.941402	1.484594
10122	-3904.35	-4165.657	261.3074	0.7344419	0.531923	0.191077	0.161984	0.115016	1.717984	2.143466
10128	-3911.382	-4172.403	261.0213	1.061648	0.520333	0.138071	0.199758	0.141837	1.784327	2.067745
10134	-3903.106	-4165.371	262.265	0.6426546	0.381804	0.29226	0.253105	0.0728315	1.906211	1.40961
10140	-3901.397	-4163.289	261.8914	0.8019707	0.387425	0.314344	0.256859	0.0413726	2.003902	1.491733
10146	-3899.142	-4161.1	261.9575	0.8183631	0.494519	0.164529	0.137476	0.203476	1.949346	1.470068
10152	-3907.856	-4170.119	262.2627	0.716163	0.519893	0.172971	0.164123	0.143013	1.963648	1.304335
10158	-3899.012	-4161.203	262.191	0.6198961	0.463112	0.282025	0.163023	0.0918391	1.962134	1.442081
10164	-3892.771	-4154.93	262.1589	0.5731402	0.430707	0.277601	0.151616	0.140076	2.030037	1.452138
10170	-3902.363	-4164.453	262.0903	0.693357	0.443667	0.228268	0.19795	0.130115	1.992162	1.436654
10176	-3896.197	-4157.568	261.3703	0.7345301	0.442047	0.266054	0.144656	0.147243	1.807342	2.043408
10182	-3896.132	-4157.553	261.4212	0.76298	0.475517	0.247851	0.155609	0.121023	1.660304	2.086994
10188	-3911.316	-4172.616	261.2994	0.76298	0.393984	0.28638	0.179799	0.139837	1.77562	2.091301
10194	-3899.835	-4161.443	261.6082	0.6150679	0.442487	0.304233	0.137796	0.115484	1.739663	2.014321
10200	-3896.088	-4157.564	261.4765	0.554448	0.406455	0.352115	0.153732	0.0876986	1.801949	2.102012
10206	-3895.297	-4156.679	261.3819	0.7128523	0.457272	0.198529	0.21917	0.125029	1.721932	2.10715
10212	-3907.061	-4167.859	260.7974	0.6961498	0.391157	0.244012	0.226174	0.138657	1.588467	2.575253
10218	-3904.918	-4165.638	260.7202	0.7367503	0.441871	0.275647	0.125848	0.156634	1.622745	2.575253
10224	-3888.413	-4149.068	260.6553	0.8373234	0.475833	0.177283	0.263984	0.0829008	1.58203	2.575253
10230	-3898.706	-4159.522	260.816	0.8760641	0.522197	0.194557	0.192268	0.0909784	1.666072	2.396941
10236	-3893.855	-4155.392	261.5377	0.6444362	0.487386	0.182661	0.222734	0.107219	1.793569	2.00473
10242	-3892.916	-4154.25	261.3331	0.7824305	0.538644	0.127683	0.246159	0.0875145	1.754459	2.069568
10248	-3895.774	-4155.665	259.8902	0.6794238	0.373281	0.334779	0.224749	0.0671905	1.638184	3.106682
10254	-3909.982	-4169.833	259.8516	0.8025001	0.458974	0.182067	0.276344	0.0826152	1.546837	3.106682
10260	-3893.696	-4153.977	260.2813	0.6706081	0.465984	0.228363	0.237202	0.0684507	1.560305	2.924555
10266	-3916.714	-4177.223	260.5089	0.8946177	0.472033	0.231328	0.240281	0.0563579	1.582334	2.628999
10272	-3899.73	-4160.997	261.2667	0.678063	0.504238	0.211631	0.232825	0.0513063	1.715038	2.210548
10278	-3884.036	-4145.157	261.1207	0.7835371	0.506709	0.228046	0.233966	0.03128	1.768181	2.198562
10284	-3877.546	-4138.506	260.9593	0.7315448	0.500688	0.129178	0.31135	0.0587841	1.677443	2.394772
10290	-3875.051	-4135.378	260.3269	0.8080159	0.536942	0.138531	0.220913	0.103614	1.580831	2.796606
10296	-3881.324	-4141.862	260.5386	0.9013608	0.433394	0.304663	0.17831	0.0836322	1.659654	2.55845
10302	-3891.719	-4152.516	260.7966	0.9013608	0.515723	0.13156	0.275995	0.0767214	1.557607	2.461077
10308	-3892.424	-4153.149	260.7243	0.6714375	0.44385	0.208265	0.237531	0.110354	1.693483	2.571698
10314	-3904.201	-4166.063	261.8615	0.626206	0.464992	0.204454	0.248845	0.0817094	1.722591	1.846953
10320	-3900.017	-4162.033	262.0158	0.4541182	0.36329	0.339127	0.271354	0.0262289	1.754689	1.839109
10326	-3898.135	-4159.685	261.55	0.6973658	0.377747	0.352622	0.21158	0.0580513	1.84363	1.925304
10332	-3913.18	-4174.823	261.643	0.7212191	0.461949	0.208317	0.258743	0.0709913	1.890474	1.812589
10338	-3899.358	-4161.259	261.9007	0.7212191	0.461949	0.208317	0.258743	0.0709913	2.0103	1.543515
10344	-3892.076	-4153.617	261.5417	0.7951945	0.419042	0.273328	0.251254	0.0563756	1.866291	1.845302
10350	-3895.357	-4157.134	261.7771	0.7378934	0.341424	0.339494	0.204715	0.114366	1.881595	1.712881
10356	-3884.106	-4146.077	261.9714	0.7192095	0.395033	0.359557	0.216813	0.0285975	1.935108	1.548392
10362	-3890.146	-4152.127	261.9808	0.7475878	0.468397	0.360117	0.151503	0.0199832	1.849403	1.582425
10368	-3889.952	-4151.89	261.9383	0.644098	0.44341	0.35322	0.168703	0.0346672	1.950988	1.619123
10374	-3884.255	-4146.293	262.0388	0.644098	0.285949	0.474555	0.192921	0.0465758	1.915817	1.57152
10380	-3897.478	-4159.613	262.1353	0.6979624	0.423561	0.221685	0.285763	0.0689903	1.933747	1.443175
10386	-3885.316	-4147.424	262.1079	0.6049522	0.425266	0.357437	0.18481	0.0324871	2.00269	1.486278
10392	-3881.628	-4143.844	262.2163	0.7558678	0.42121	0.354029	0.180122	0.0446391	2.161917	1.140143
10398	-3882.618	-4145.037	262.4187	0.5323803	0.341722	0.327976	0.297214	0.0330885	2.098681	1.223126
10404	-3901.49	-4163.859	262.3694	0.6081955	0.368942	0.285793	0.258988	0.0862772	2.073546	1.219524
10410	-3906.191	-4168.711	262.5203	0.4961702	0.280918	0.458669	0.164075	0.0963385	2.151083	1.120561
10416	-3883.951	-4146.34	262.3892	0.635522	0.34349	0.37024	0.264094	0.0221765	2.111022	1.144839
10422	-3889.193	-4151.405	262.2113	0.7386035	0.503357	0.230751	0.172668	0.0932235	2.12839	1.189806
10428	-3889.959	-4152.298	262.3384	0.6625511	0.470017	0.27647	0.164629	0.0888833	2.12839	1.149153
10434	-3902.105	-4164.476	262.3713	0.6488006	0.361164	0.395111	0.213106	0.0306181	2.110038	1.149153
10440	-3902.645	-4164.871	262.2265	0.6529822	0.467896	0.285343	0.182813	0.0639477	2.070057	1.301612
10446	-3882.044	-4144.183	262.1389	0.8018802	0.447164	0.20256	0.229312	0.120963	2.108958	1.211407
10452	-3889.388	-4151.682	262.2946	0.7448614	0.435365	0.235429	0.266522	0.0626834	2.190939	1.052104
10458	-3892.84	-4155.154	262.3133	0.7012309	0.451368	0.244083	0.263479	0.0410704	2.093432	1.165922
10464	-3890.843	-4153.043	262.1993	0.6661994	0.56654	0.195373	0.207203	0.030884	2.118477	1.272802
10470	-3886.853	-4149.058	262.2047	0.627512	0.419705	0.297425	0.218199	0.0646719	2.024043	1.377237
10476	-3885.798	-4147.934	262.136	0.7343997	0.403068	0.285635	0.258894	0.0524025	1.979579	1.377237
10482	-3891.993	-4154.154	262.1612	0.7109821	0.390104	0.297619	0.250567	0.0617104	2.051031	1.320136
10488	-3888.431	-4150.608	262.1771	0.6716711	0.338814	0.389966	0.217623	0.0535969	1.932669	1.433327
10494	-3905.527	-4167.847	262.3202	0.5661017	0.389802	0.356168	0.198762	0.055268	2.040093	1.32389
10500	-3915.225	-4177.406	262.1811	0.6571157	0.385946	0.352817	0.206516	0.0547213	2.143332	1.275305
10506	-3880.824	-4143.043	262.2192	0.6571157	0.376977	0.364899	0.209558	0.0485663	2.113408	1.268548
10512	-3894.039	-4155.992	261.9536	0.6571157	0.444817	0.250608	0.247269	0.0573061	2.073613	1.507515
10518	-3893.634	-4155.595	261.9609	0.6071791	0.290951	0.455847	0.182182	0.0710202	1.949119	1.632237
10524	-3901.627	-4163.81	262.1833	0.5396404	0.317751	0.384217	0.198963	0.0990686	1.831176	1.607516
10530	-3908.793	-4171.284	262.4908	0.5021811	0.36318	0.313608	0.227408	0.095804	1.831176	1.405585
10536	-3891.059	-4153.565	262.5062	0.5985952	0.423245	0.292072	0.211791	0.0728919	2.099653	1.084361
10542	-3904.89	-4167.741	262.8513	0.3928347	0.44271	0.325773	0.185337	0.0461797	2.099653	0.941152
10548	-3895.407	-4157.904	262.4975	0.5256035	0.44271	0.325773	0.185337	0.0461797	2.027631	1.222391
10554	-3905.014	-4167.375	262.3609	0.5226138	0.437076	0.339873	0.205825	0.0172264	2.047653	1.321033
10560	-3897.479	-4159.674	262.1947	0.6656822	0.429925	0.302471	0.202457	0.0651463	2.036089	1.343708
10566	-3896.323	-4158.798	262.4755	0.4991793	0.389118	0.371104	0.181406	0.0583725	2.015385	1.273182
10572	-3891.072	-4153.371	262.2996	0.668938	0.454627	0.358762	0.141904	0.0447076	2.09902	1.202603
10578	-3891.281	-4153.516	262.2346	0.6014341	0.482589	0.341912	0.135239	0.0402606	2.086342	1.325882
10584	-3882.639	-4144.808	262.1687	0.6862414	0.498894	0.302796	0.128671	0.0696394	2.125622	1.274656
10590	-3875.552	-4137.934	262.382	0.5052292	0.386533	0.364789	0.171868	0.0768108	1.914181	1.423178
10596	-3877.319	-4139.235	261.9161	0.6012085	0.363391	0.276376	0.28802	0.0722122	1.896461	1.706268
10602	-3892.195	-4154.534	262.3395	0.6282749	0.443278	0.281515	0.193623	0.0815837	1.979387	1.304722
10608	-3892.557	-4154.852	262.2945	0.6191848	0.476687	0.310552	0.125028	0.0877325	1.946732	1.374316
10614	-3888.745	-4150.731	261.9859	0.6318506	0.437096	0.334047	0.134487	0.0943698	1.868443	1.653547
10620	-3884.514	-4146.32	261.8063	0.6288881	0.383372	0.344776	0.188544	0.0833081	1.774123	1.847562
10626	-3883.077	-4144.632	261.5559	0.7628277	0.506247	0.167565	0.248974	0.0772132	1.764276	1.928202
10632	-3887.06	-4148.689	261.6293	0.7628277	0.41328	0.300927	0.203253	0.0825401	1.767099	1.876481
10638	-3875.351	-4136.973	261.6219	0.7450638	0.419257	0.305279	0.165007	0.110457	1.845083	1.84104
10644	-3891.879	-4153.446	261.5675	0.7847862	0.384178	0.279737	0.306153	0.0299316	1.841018	1.852433
10650	-3886.828	-4148.512	261.6842	0.7230783	0.429054	0.221138	0.316264	0.0335438	1.917428	1.763965
10656	-3884.735	-4146.062	261.3273	0.7048707	0.478976	0.251364	0.234891	0.0347701	1.817403	2.085833
10662	-3895.706	-4157.455	261.7483	0.6007492	0.448034	0.243088	0.289512	0.0193656	1.761068	1.916141
10668	-3895.603	-4157.147	261.5438	0.581791	0.400882	0.28682	0.200248	0.11205	1.812073	2.032225
10674	-3889.388	-4151.18	261.7919	0.5780161	0.403042	0.306811	0.177493	0.112654	1.821397	1.8616
10680	-3882.866	-4144.892	262.0253	0.5667614	0.409053	0.268887	0.275307	0.0467526	1.815739	1.711574
10686	-3882.079	-4143.937	261.8577	0.7155266	0.436737	0.290678	0.24767	0.024915	1.826547	1.711574
10692	-3903.39	-4164.864	261.474	0.7565007	0.526859	0.220679	0.214712	0.0377502	1.875821	1.912645
10698	-3900.746	-4161.972	261.2267	0.7493621	0.534072	0.21558	0.214351	0.0359973	1.889176	2.073882
10704	-3890.597	-4151.117	260.5203	0.6677291	0.465065	0.229961	0.245836	0.0591381	1.649958	2.726732
10710	-3888.996	-4149.311	260.3151	0.6746441	0.427673	0.314423	0.203521	0.0543834	1.516591	2.927945
10716	-3901.373	-4162.269	260.8965	0.6746441	0.374801	0.349213	0.215585	0.0604008	1.582488	2.531564
10722	-3889.816	-4151.03	261.2134	0.911719	0.491319	0.287057	0.155888	0.0657362	1.807919	2.024623
10728	-3887.273	-4148.621	261.3484	0.8483305	0.423889	0.305022	0.216206	0.0548828	1.841866	1.955431
10734	-3899.422	-4161.18	261.7587	0.7981156	0.547393	0.29319	0.113665	0.0457525	1.89529	1.671219
10740	-3889.363	-4150.931	261.5678	0.6633548	0.425158	0.309509	0.159271	0.106062	1.867864	1.921288
10746	-3904.507	-4165.819	261.3127	0.7628713	0.501568	0.255844	0.18949	0.0530976	1.813058	2.057912
10752	-3899.905	-4161.493	261.5878	0.615628	0.505137	0.230557	0.201528	0.062778	1.892259	1.925373
10758	-3901.441	-4163.268	261.8268	0.6616977	0.421416	0.192345	0.295244	0.0909942	1.83953	1.764146
10764	-3903.527	-4165.374	261.8472	0.5844553	0.47399	0.216341	0.195254	0.114415	1.900577	1.764146
10770	-3901.156	-4163.253	262.0965	0.5844553	0.498427	0.276069	0.171232	0.0542721	1.865153	1.612122
10776	-3892.85	-4154.786	261.936	0.6843672	0.430294	0.340427	0.147826	0.0814529	1.922153	1.610721
10782	-3896.009	-4157.975	261.9658	0.6609652	0.542036	0.211398	0.181607	0.0649594	1.815634	1.683627
10788	-3890.359	-4152.384	262.0253	0.6438421	0.473742	0.246979	0.158726	0.120553	1.917124	1.580609
10794	-3890.665	-4152.526	261.8609	0.6438421	0.492052	0.274001	0.16486	0.0690868	1.8836	1.722596
10800	-3882.761	-4144.655	261.8946	0.6438421	0.472077	0.303473	0.158168	0.0662822	1.833278	1.734306
10806	-3890.36	-4151.733	261.373	0.8052342	0.423041	0.271951	0.25077	0.0542379	1.773483	2.014712
10812	-3898.215	-4159.667	261.4522	0.590353	0.360988	0.344298	0.240172	0.0545425	1.789896	2.10133
10818	-3912.299	-4173.956	261.6569	0.581795	0.447322	0.190489	0.295159	0.0670299	1.831075	1.943923
10824	-3901.95	-4164.002	262.052	0.5416269	0.37276	0.354051	0.215365	0.0578248	1.896441	1.653644
10830	-3906.673	-4168.682	262.009	0.6806681	0.368593	0.350093	0.224135	0.0571785	1.964212	1.529241
10836	-3905.215	-4167.365	262.15	0.6806681	0.384353	0.41458	0.161798	0.0392691	1.85629	1.504513
10842	-3897.014	-4159.207	262.193	0.6120158	0.514646	0.249907	0.22536	0.0100873	1.960054	1.448492
10848	-3901.156	-4163.362	262.2063	0.6453993	0.483474	0.23477	0.259799	0.0219561	1.979103	1.39632
10854	-3896.873	-4158.77	261.8969	0.6453993	0.365925	0.24644	0.330034	0.057601	1.887677	1.693114
10860	-3897.274	-4158.481	261.2076	0.7195842	0.469133	0.27287	0.169789	0.0882086	1.804374	2.162491
10866	-3895.854	-4157.166	261.3119	0.7113382	0.395435	0.351683	0.156872	0.0960103	1.645895	2.203247
10872	-3889.592	-4150.39	260.7986	0.7635718	0.502462	0.248667	0.124178	0.124692	1.669127	2.479798
10878	-3889.674	-4151.059	261.3855	0.6908725	0.488149	0.276123	0.137889	0.0978381	1.750421	2.101356
10884	-3897.304	-4158.697	261.3936	0.6781907	0.393606	0.277354	0.242319	0.0867202	1.755761	2.101356
10890	-3892.902	-4154.258	261.3565	0.7003079	0.439594	0.284411	0.203314	0.0726811	1.672183	2.164872
10896	-3903.303	-4163.55	260.2467	0.5812801	0.267725	0.371636	0.265668	0.0949713	1.57498	2.993198
10902	-3892.122	-4153.865	261.743	0.7037797	0.46237	0.218769	0.283457	0.0354034	1.834012	1.795254
10908	-3900.756	-4162.791	262.0345	0.4157609	0.417074	0.397439	0.152276	0.0332121	1.822441	1.803662
10914	-3888.557	-4150.269	261.712	0.4614792	0.421324	0.299111	0.246014	0.0335506	1.792765	2.013918
10920	-3906.809	-4167.433	260.6246	0.782583	0.438015	0.11879	0.359081	0.0841144	1.711268	2.549662
10926	-3896.921	-4158.224	261.3033	0.8693441	0.437995	0.208887	0.269007	0.0841106	1.784022	2.009667
10932	-3887.271	-4149.581	262.3095	0.5189198	0.499989	0.285174	0.176701	0.0381365	2.010353	1.394197
10938	-3876.947	-4139.161	262.214	0.5645801	0.464329	0.209301	0.271005	0.0553652	2.00573	1.435372
10944	-3892.497	-4154.181	261.6837	0.7835559	0.466828	0.24899	0.24632	0.0378626	1.926786	1.712958
10950	-3891.537	-4153.175	261.6385	0.7933816	0.532539	0.284038	0.140231	0.0431922	1.859136	1.784768
10956	-3902.071	-4164.14	262.0691	0.5695654	0.507185	0.294446	0.176195	0.0221738	1.938736	1.589884
10962	-3898.795	-4160.869	262.0739	0.5887918	0.520133	0.244623	0.208904	0.0263396	2.01629	1.514324
10968	-3902.033	-4164.299	262.2662	0.6536481	0.406791	0.253592	0.286995	0.052622	2.004539	1.321897
10974	-3886.368	-4148.655	262.2878	0.5804487	0.423469	0.26399	0.298762	0.0137798	2.100923	1.288751
10980	-3914.006	-4175.494	261.4881	0.737865	0.505417	0.201577	0.213526	0.0794795	2.002629	1.829955
10986	-3897.43	-4158.568	261.1381	0.7986277	0.303486	0.373569	0.261178	0.0617681	1.814399	2.146931
10992	-3879.915	-4141.104	261.1891	0.7832567	0.484512	0.266295	0.171457	0.0777353	1.779586	2.146931
10998	-3892.198	-4153.081	260.8836	0.9951801	0.468978	0.275061	0.16596	0.0900008	1.867245	2.146931
11004	-3888.183	-4149.751	261.5673	0.8831809	0.523034	0.222018	0.177845	0.0771029	1.899181	1.741275
11010	-3903.721	-4165.714	261.9924	0.677076	0.428536	0.328045	0.184631	0.058788	1.974897	1.536386
11016	-3893.151	-4155.148	261.9971	0.5997196	0.390188	0.393986	0.193366	0.0224595	1.932723	1.623589
11022	-3892.848	-4154.71	261.8618	0.8262002	0.435614	0.310485	0.155453	0.0984487	1.860369	1.600978
11028	-3899.438	-4161.341	261.9027	0.8540007	0.553254	0.131231	0.244851	0.0706641	1.944712	1.487001
11034	-3902.893	-4164.955	262.0621	0.8540007	0.5199	0.185065	0.244538	0.0504979	2.008714	1.313097
11040	-3910.641	-4172.809	262.1678	0.799317	0.461957	0.224614	0.27559	0.0378397	2.044948	1.243336
11046	-3917.862	-4179.767	261.9049	0.7726192	0.436282	0.354987	0.182141	0.0265903	2.002752	1.505571
11052	-3893.926	-4155.746	261.8199	0.7952161	0.3819	0.390169	0.200192	0.0277384	1.948524	1.590893
11058	-3893.42	-4154.868	261.4484	0.8501987	0.522676	0.329134	0.113136	0.0350536	1.945698	1.815362
11064	-3894.573	-4156.39	261.8169	0.5974801	0.522676	0.329134	0.113136	0.0350536	1.918705	1.763105
11070	-3890.052	-4152.117	262.0654	0.6537903	0.435419	0.274187	0.261192	0.0292017	1.903092	1.553776
11076	-3883.187	-4144.989	261.8019	0.6898748	0.386565	0.31288	0.261256	0.0392997	1.953819	1.680151
11082	-3896.026	-4157.402	261.3758	0.7901185	0.399841	0.35542	0.151541	0.0931976	1.796806	2.007846
11088	-3900.157	-4161.295	261.1379	0.8579187	0.455473	0.307026	0.130907	0.106595	1.820074	2.102977
11094	-3913.276	-4172.283	259.0067	0.9390009	0.413671	0.280998	0.142131	0.1632	1.354178	3.633299
11100	-3897.659	-4157.226	259.5672	0.8131131	0.419272	0.278314	0.140773	0.161641	1.551093	3.266282
11106	-3902.272	-4163.061	260.7894	0.6848496	0.398682	0.361938	0.170698	0.0686814	1.711117	2.511353
11112	-3902.631	-4163.592	260.9606	0.8404125	0.49561	0.268771	0.193721	0.0418974	1.713296	2.298536
11118	-3889.518	-4150.846	261.3282	0.6714617	0.438981	0.25381	0.236823	0.0703856	1.709396	2.178941
11124	-3894.63	-4155.838	261.2082	0.7854433	0.530687	0.071981	0.347962	0.0493701	1.614463	2.239981
11130	-3880.786	-4141.92	261.1343	0.7786955	0.586567	0.0795605	0.279303	0.0545687	1.694307	2.240706
11136	-3891.596	-4153.101	261.5058	0.5313787	0.452126	0.25083	0.248495	0.0485494	1.703761	2.162497
11142	-3879.415	-4140.343	260.928	0.714058	0.451413	0.212019	0.215376	0.121192	1.716361	2.401676
11148	-3891.691	-4153.261	261.5704	0.7579131	0.516689	0.268359	0.154957	0.0599944	1.751468	1.930572
11154	-3920.332	-4182.791	262.4588	0.5078729	0.424568	0.306157	0.221978	0.047297	2.060718	1.242168
11160	-3915.184	-4177.65	262.4661	0.4359096	0.424568	0.306157	0.221978	0.047297	1.991181	1.349372
11166	-3898.748	-4161.142	262.3943	0.407306	0.422514	0.265331	0.228928	0.0832277	1.993715	1.42337
11172	-3895.547	-4157.642	262.0958	0.5648415	0.443743	0.278662	0.248608	0.0289872	1.938155	1.574331
11178	-3888.707	-4151.028	262.3209	0.4071336	0.418341	0.305307	0.272379	0.00397295	1.952954	1.510091
11184	-3895.237	-4157.675	262.4386	0.3962384	0.409552	0.359594	0.228306	0.00254729	1.855561	1.501813
11190	-3903.82	-4164.034	260.2143	0.792667	0.526813	0.106753	0.293211	0.0732235	1.637144	2.840557
11196	-3899.803	-4159.509	259.706	0.9039929	0.569638	0.104497	0.283869	0.0419958	1.5443	3.132244
11202	-3898.529	-4158.523	259.9941	0.9332284	0.572693	0.0810206	0.299379	0.0469069	1.498984	2.96919
11208	-3876.68	-4137.517	260.8369	0.7203336	0.453525	0.286258	0.237083	0.0231341	1.573957	2.543822
11214	-3905.046	-4166.398	261.3529	0.6033347	0.334472	0.343237	0.284275	0.0380168	1.597157	2.281721
11220	-3887.782	-4149.321	261.5394	0.5292007	0.472651	0.260345	0.215622	0.0513822	1.624165	2.193787
11226	-3886.003	-4146.31	260.3067	0.7195687	0.461999	0.254478	0.195071	0.0884526	1.553619	2.881915
11232	-3888.53	-4149.202	260.6721	0.6691813	0.42784	0.326336	0.15389	0.0919341	1.569943	2.68172
11238	-3880.549	-4140.466	259.9163	0.6691813	0.503325	0.277561	0.152587	0.0665267	1.507849	3.175094
11244	-3886.675	-4147.043	260.3686	0.7746345	0.492848	0.271783	0.149411	0.0859575	1.527936	2.824715
11250	-3894.679	-4155.607	260.9272	0.7446636	0.451504	0.212872	0.225085	0.110539	1.569678	2.474032
11256	-3887.343	-4148.006	260.6634	0.7446636	0.53745	0.18425	0.209129	0.0691707	1.512242	2.673457
11262	-3896.878	-4157.449	260.5702	0.8597629	0.524747	0.179895	0.227822	0.0675358	1.484903	2.673457
11268	-3887.266	-4147.814	260.548	0.6646165	0.503696	0.237209	0.19238	0.0667143	1.627248	2.725672
11274	-3888.26	-4149.618	261.3581	0.5483587	0.423839	0.407062	0.131293	0.0378066	1.72988	2.229937
11280	-3880.41	-4141.867	261.4572	0.6873894	0.491969	0.267577	0.196571	0.0438838	1.639063	2.129762
11286	-3882.487	-4143.88	261.3923	0.6571968	0.469171	0.255177	0.202895	0.0727557	1.687493	2.161308
11292	-3881.65	-4142.752	261.1025	0.5987762	0.47326	0.257401	0.204664	0.0646752	1.744778	2.350328
11298	-3886.473	-4146.594	260.121	0.8565959	0.551326	0.231954	0.16448	0.0522404	1.540093	2.91539
11304	-3890.53	-4150.67	260.14	0.7710681	0.551326	0.231954	0.16448	0.0522404	1.534775	2.961041
11310	-3905.413	-4165.185	259.7718	0.7710681	0.413389	0.274352	0.23699	0.0752701	1.481509	3.212508
11316	-3901.672	-4162.393	260.7202	0.7018588	0.386979	0.289055	0.24048	0.0834858	1.647599	2.582742
11322	-3907.256	-4166.728	259.4716	0.7266478	0.547637	0.17176	0.202481	0.0781221	1.461626	3.428561
11328	-3896.583	-4155.759	259.1757	0.9937938	0.422804	0.290799	0.19465	0.0917471	1.48136	3.428561
11334	-3899.767	-4159.873	260.1069	0.7464417	0.3866	0.265899	0.263513	0.0839886	1.595884	2.959803
11340	-3878.747	-4139.288	260.5405	0.8422459	0.452754	0.228194	0.25632	0.0627317	1.738808	2.546012
11346	-3896.94	-4157.783	260.843	0.819386	0.534293	0.150257	0.197034	0.118415	1.704928	2.392539
11352	-3901.452	-4162.062	260.6102	0.7242734	0.473328	0.161861	0.259907	0.104904	1.720416	2.591099
11358	-3895.44	-4155.924	260.4834	0.8352297	0.482728	0.225423	0.224763	0.0670858	1.730574	2.591099
11364	-3889.846	-4150.638	260.7926	0.6579789	0.495598	0.235561	0.234872	0.0339686	1.650533	2.564851
11370	-3915.272	-4174.402	259.1297	0.7555651	0.454298	0.288073	0.150867	0.106761	1.414515	3.63735
11376	-3913.433	-4174.514	261.0805	0.6725863	0.509448	0.251004	0.157615	0.0819323	1.554705	2.435131
11382	-3912.266	-4173.704	261.4378	0.8337845	0.44787	0.216018	0.297896	0.038216	1.80836	1.927962
11388	-3906.41	-4167.485	261.0751	0.8337845	0.560438	0.196461	0.16737	0.0757311	1.662079	2.262419
11394	-3888.529	-4149.149	260.6199	0.8337845	0.572779	0.178057	0.171055	0.0781089	1.592752	2.59286
11400	-3892.56	-4153.134	260.5741	0.8126863	0.472216	0.234829	0.225595	0.0673602	1.6606	2.59286
11406	-3898.087	-4158.804	260.7168	0.8126863	0.489576	0.243462	0.233889	0.0330736	1.553546	2.570715
11412	-3879.866	-4139.865	259.9991	0.8907702	0.502366	0.224665	0.215831	0.0571377	1.566095	2.951923
11418	-3878.612	-4139.202	260.5897	0.8037174	0.52435	0.239553	0.201536	0.0345606	1.655138	2.592361
11424	-3897.677	-4158.401	260.7239	0.6765988	0.498207	0.215041	0.235326	0.0514255	1.655138	2.592361
11430	-3908.085	-4169.747	261.6622	0.6976981	0.418225	0.342486	0.166996	0.0722932	1.724919	1.929505
11436	-3890.399	-4152.277	261.8777	0.5897301	0.391361	0.427963	0.117813	0.0628628	1.654487	1.908525
11442	-3890.994	-4152.472	261.4783	0.7767118	0.393559	0.430367	0.118475	0.057599	1.720341	1.999904
11448	-3900.439	-4161.377	260.9377	0.7422812	0.288412	0.371552	0.137634	0.202402	1.673336	2.403829
11454	-3903.767	-4164.959	261.1918	0.7756199	0.428364	0.281682	0.161514	0.128439	1.714869	2.192443
11460	-3901.853	-4162.331	260.4779	0.8564242	0.483701	0.252458	0.200196	0.0636452	1.697153	2.601586
11466	-3907.993	-4169.481	261.4885	0.7002772	0.483701	0.252458	0.200196	0.0636452	1.742664	2.031946
11472	-3898.953	-4160.645	261.6918	0.6387003	0.429207	0.237044	0.269572	0.0641766	1.76749	1.922948
11478	-3891.002	-4152.779	261.7777	0.6558943	0.473631	0.229589	0.199186	0.0975938	1.749166	1.864696
11484	-3893.681	-4155.888	262.2071	0.6558943	0.470599	0.24035	0.180962	0.108088	1.935349	1.420994
11490	-3890.146	-4152.087	261.9402	0.7249937	0.498474	0.195354	0.191681	0.11449	1.887787	1.601408
11496	-3893.654	-4155.722	262.0677	0.7296554	0.460644	0.180529	0.256405	0.102422	1.98606	1.42919
11502	-3893.458	-4155.619	262.161	0.7203932	0.42843	0.242443	0.238474	0.0906527	1.964157	1.381333
11508	-3883.208	-4145.305	262.0974	0.6476981	0.441043	0.249581	0.216054	0.0933215	1.980656	1.476839
11514	-3888.412	-4150.283	261.8718	0.7083566	0.467652	0.264639	0.229089	0.0386197	1.840268	1.697227
11520	-3885.28	-4147.019	261.7397	0.7318622	0.539414	0.149366	0.261467	0.0497531	1.879539	1.745112
11526	-3901.99	-4163.676	261.6853	0.7600959	0.543541	0.152962	0.198154	0.105343	1.897849	1.749521
11532	-3906.194	-4166.277	260.0831	0.8489178	0.482039	0.216539	0.195646	0.105775	1.58085	2.918494
11538	-3921.568	-4182.029	260.4609	0.8472185	0.662722	0.0992441	0.196263	0.0417709	1.578765	2.690916
11544	-3906.502	-4167.5	260.998	0.7080542	0.486933	0.153274	0.303111	0.0566816	1.673086	2.388789
11550	-3904.95	-4166.926	261.9761	0.684771	0.393096	0.341994	0.236411	0.0284988	1.961399	1.552413
11556	-3904.71	-4166.743	262.0334	0.6756637	0.357627	0.363956	0.128965	0.149452	1.927377	1.542385
11562	-3898.433	-4160.356	261.9229	0.5832715	0.387635	0.411742	0.142897	0.0577256	1.927377	1.692879
11568	-3905.205	-4167.433	262.2287	0.5477798	0.315112	0.444729	0.154345	0.0858135	1.981645	1.45581
11574	-3920.09	-4181.959	261.8687	0.6654269	0.444988	0.407816	0.126307	0.0208892	1.908095	1.683556
11580	-3895.041	-4157.231	262.1901	0.4969319	0.375713	0.379702	0.198126	0.0464587	2.00869	1.503457
11586	-3875.719	-4138.046	262.3272	0.4969319	0.364938	0.394332	0.193346	0.0473843	1.989272	1.413925
11592	-3891.41	-4153.731	262.3214	0.497701	0.347984	0.394835	0.209736	0.0474447	2.058066	1.364148
11598	-3889.571	-4151.85	262.279	0.5983929	0.339421	0.385119	0.219792	0.0556676	1.99702	1.364148
11604	-3896.319	-4158.537	262.2182	0.6790908	0.378685	0.339531	0.232707	0.049078	1.979469	1.35867
11610	-3901.879	-4164.151	262.272	0.5194086	0.491386	0.319545	0.101412	0.087658	1.935863	1.479668
11616	-3905.462	-4167.912	262.4498	0.5821554	0.463206	0.30122	0.192721	0.0428528	2.046062	1.197601
11622	-3892.64	-4154.918	262.2787	0.6137078	0.483734	0.28182	0.180308	0.0541385	2.046062	1.312369
11628	-3906.18	-4168.458	262.278	0.6003614	0.391137	0.376869	0.189851	0.0421429	2.060801	1.312369
11634	-3896.566	-4159.003	262.437	0.4608111	0.39388	0.379513	0.191182	0.0354248	2.043226	1.312369
11640	-3897.882	-4159.213	261.331	0.7852954	0.418761	0.271787	0.281291	0.0281606	1.734983	2.081808
11646	-3902.558	-4163.636	261.0776	0.6538995	0.499938	0.324472	0.14197	0.0336196	1.672132	2.375337
11652	-3908.555	-4168.629	260.0739	0.9223806	0.419509	0.288988	0.2098	0.0817022	1.450321	2.957139
11658	-3898.116	-4158.035	259.9194	0.986048	0.517602	0.240154	0.174348	0.0678959	1.535427	2.960067
11664	-3892.559	-4154.191	261.6318	0.7847716	0.410355	0.297496	0.229357	0.062792	1.790361	1.843071
11670	-3895.284	-4156.845	261.5614	0.7847716	0.455072	0.254855	0.228903	0.0611703	1.805137	1.881093
11676	-3900.3	-4162	261.7	0.741522	0.53986	0.222084	0.199469	0.0385867	1.830328	1.799942
11682	-3901.438	-4163.257	261.8189	0.7647284	0.481586	0.236327	0.261571	0.0205161	2.025804	1.558515
11688	-3922.418	-4184.482	262.0643	0.6937731	0.509398	0.193727	0.276677	0.0201985	2.001289	1.449213
11694	-3914.637	-4175.945	261.3081	0.8599626	0.511417	0.243873	0.200637	0.0440727	1.676019	2.084403
11700	-3901.905	-4163.258	261.3527	0.7484715	0.523138	0.249462	0.205236	0.0221643	1.748115	2.084403
11706	-3904.619	-4165.253	260.6342	0.7920601	0.419394	0.206648	0.333063	0.0408958	1.588728	2.613506
11712	-3905.865	-4167.594	261.7291	0.7151319	0.492607	0.336525	0.122824	0.0480432	1.820162	1.806144
11718	-3891.674	-4153.479	261.8049	0.605198	0.439246	0.300071	0.199841	0.0608414	1.81766	1.835786
11724	-3890.626	-4152.109	261.483	0.7142661	0.439246	0.300071	0.199841	0.0608414	1.752258	2.019402
11730	-3886.093	-4147.663	261.5701	0.5631975	0.44299	0.298068	0.198507	0.0604352	1.752258	2.067197
11736	-3892.842	-4154.269	261.4268	0.8498937	0.468471	0.358958	0.132294	0.0402766	1.735685	1.972932
11742	-3870.512	-4131.868	261.356	0.7014006	0.432696	0.308353	0.224353	0.0345985	1.639258	2.185811
11748	-3874.523	-4135.906	261.3832	0.7829165	0.448761	0.280733	0.232682	0.0378233	1.720313	2.058694
11754	-3877.415	-4138.833	261.4182	0.7211812	0.552954	0.188846	0.197736	0.060464	1.834378	2.003049
11760	-3882.288	-4143.863	261.575	0.701633	0.523538	0.222439	0.189685	0.0643383	1.698211	2.003049
11766	-3888.066	-4149.032	260.9655	0.7270002	0.428206	0.301513	0.257115	0.013166	1.767796	2.336585
11772	-3898.942	-4160.186	261.2437	0.7160985	0.555947	0.23553	0.200848	0.00767612	1.692043	2.214273
11778	-3891.693	-4152.525	260.8322	0.7475938	0.555604	0.205497	0.218768	0.0201308	1.613028	2.50446
11784	-3887.292	-4147.992	260.7007	0.8571265	0.51386	0.190057	0.248843	0.0472399	1.656229	2.487926
11790	-3898.906	-4160.178	261.2715	0.5779589	0.333546	0.438422	0.19409	0.0339416	1.661651	2.309559
11796	-3907.725	-4168.974	261.2496	0.5441946	0.339506	0.466549	0.126352	0.0675931	1.700925	2.320721
11802	-3892.337	-4153.648	261.311	0.5681293	0.294038	0.416341	0.188683	0.100938	1.722894	2.251575
11808	-3900.972	-4162.074	261.1014	0.8881326	0.481918	0.232844	0.185827	0.09941	1.695141	2.187889
11814	-3902.146	-4162.685	260.5387	0.8415847	0.385248	0.2444	0.297348	0.0730035	1.617134	2.623009
11820	-3904.402	-4165.452	261.0493	0.8881326	0.510372	0.228149	0.205906	0.0555725	1.715304	2.208529
11826	-3911.138	-4172.489	261.3512	0.7235687	0.469193	0.290425	0.189293	0.0510886	1.696417	2.136514
11832	-3899.823	-4161.143	261.3203	0.7978452	0.45685	0.309093	0.184313	0.0497446	1.896336	1.973037
11838	-3896.663	-4158.407	261.7435	0.5933665	0.531433	0.201045	0.20662	0.060902	1.802171	1.896738
11844	-3896.287	-4157.961	261.6744	0.5501794	0.481639	0.230509	0.204207	0.0836447	1.779151	1.989039
11850	-3895.979	-4157.283	261.3043	0.8650554	0.574897	0.179168	0.199507	0.0464281	1.724261	2.051607
11856	-3902.887	-4164.496	261.6098	0.7373906	0.547774	0.14597	0.268431	0.0378253	1.830101	1.8651
11862	-3883.75	-4145.484	261.7343	0.7647394	0.508831	0.193369	0.247903	0.0498961	1.810025	1.773204
11868	-3881.201	-4143.047	261.8457	0.7540106	0.490747	0.186497	0.239092	0.0836644	1.902451	1.637007
11874	-3893.803	-4155.933	262.1292	0.7540106	0.584629	0.222174	0.14389	0.0493064	2.052167	1.308365
11880	-3893.742	-4156.07	262.328	0.6229157	0.465487	0.327528	0.192553	0.0144326	1.992032	1.308365
11886	-3893.524	-4155.72	262.1965	0.6398153	0.447718	0.30256	0.217333	0.0323889	1.976638	1.410463
11892	-3892.01	-4153.927	261.9165	0.7108059	0.408818	0.320679	0.230348	0.0401555	2.023851	1.52988
11898	-3894.106	-4156.198	262.0914	0.7323852	0.456189	0.265533	0.230253	0.0480248	2.118031	1.304113
11904	-3884.177	-4146.476	262.2986	0.7168963	0.36883	0.272959	0.308843	0.0493679	2.151577	1.112482
11910	-3903.589	-4166.115	262.5253	0.5314448	0.429627	0.318839	0.215718	0.0358161	2.245227	0.9925962
11916	-3889.469	-4152.038	262.5692	0.5314448	0.43223	0.320772	0.217025	0.0299729	2.245227	0.9473592
11922	-3890.729	-4152.836	262.1072	0.7676592	0.495139	0.212617	0.214825	0.0774185	1.989048	1.364849
11928	-3909.803	-4172.04	262.2367	0.7676592	0.495139	0.212617	0.214825	0.0774185	2.005911	1.246167
11934	-3910.796	-4172.703	261.9078	0.9362076	0.493458	0.239299	0.196447	0.0707956	2.116213	1.282495
11940	-3917.701	-4180.082	262.3811	0.7732472	0.433367	0.359706	0.159044	0.0478826	2.305849	0.7985684
11946	-3913.226	-4175.691	262.4647	0.6403001	0.461128	0.304418	0.194451	0.0400035	2.249332	0.9332049
11952	-3918.718	-4181.08	262.3626	0.801481	0.41856	0.331074	0.211477	0.038888	2.170407	0.9448185
11958	-3898.914	-4161.173	262.2587	0.6879128	0.508245	0.282313	0.139844	0.0695976	2.101107	1.218497
11964	-3902.301	-4164.472	262.171	0.7461272	0.453666	0.266823	0.119657	0.159853	2.09024	1.249596
11970	-3882.828	-4145.404	262.5763	0.5388951	0.509771	0.279613	0.158587	0.0520286	2.219619	0.9587304
11976	-3877.554	-4140.199	262.6449	0.4550745	0.424838	0.28425	0.23844	0.0524714	2.239833	0.9526446
11982	-3888.096	-4150.701	262.6054	0.4680412	0.44087	0.283205	0.200692	0.0752341	2.291912	0.9259583
11988	-3884.398	-4146.742	262.3438	0.5863663	0.476915	0.337485	0.129236	0.0563644	2.146222	1.198896
11994	-3893.584	-4156.046	262.4622	0.5564448	0.47058	0.263747	0.205144	0.060529	2.141761	1.126206
12000	-3893.279	-4155.753	262.4738	0.5965451	0.428638	0.354842	0.167189	0.0493301	2.088326	1.126206
12006	-3896.043	-4158.463	262.4196	0.5965451	0.382937	0.357949	0.219637	0.0394759	2.154223	1.115645
12012	-3902.085	-4164.544	262.4591	0.4844104	0.453373	0.275164	0.224726	0.0467369	2.076933	1.24781
12018	-3897.101	-4159.7	262.5997	0.4844104	0.369887	0.408639	0.183343	0.0381306	2.110897	1.095455
12024	-3899.182	-4161.695	262.5135	0.4895022	0.377442	0.39656	0.187088	0.0389094	2.109333	1.169576
12030	-3900.19	-4162.731	262.5412	0.498831	0.358678	0.361803	0.237923	0.0415959	2.00745	1.225312
12036	-3897.624	-4160.013	262.389	0.6707941	0.422215	0.24875	0.28007	0.0489643	2.102069	1.119663
12042	-3895.398	-4157.886	262.4877	0.5828641	0.438956	0.160751	0.345866	0.0544269	2.06264	1.14951
12048	-3909.411	-4171.152	261.7409	0.8251589	0.493173	0.293672	0.129049	0.0841061	1.962795	1.615152
12054	-3905.889	-4168.002	262.1133	0.7355215	0.462461	0.199021	0.234633	0.103885	1.962795	1.40715
12060	-3886.538	-4148.289	261.751	0.5943324	0.477802	0.215515	0.281231	0.0254524	2.038668	1.727536
12066	-3908.664	-4170.132	261.4684	0.622823	0.458104	0.247855	0.269637	0.0244031	1.892362	2.000298
12072	-3901.783	-4163.808	262.0249	0.8567829	0.388065	0.364413	0.177844	0.0696789	2.167873	1.209618
12078	-3902.102	-4164.311	262.2085	0.6955391	0.424509	0.245643	0.278242	0.0516059	2.111742	1.245008
12084	-3907.28	-4169.556	262.2758	0.6627357	0.444359	0.304911	0.115292	0.135437	2.098378	1.228928
12090	-3886.132	-4148.252	262.1192	0.6627357	0.502193	0.301224	0.113899	0.0826842	2.098378	1.356675
12096	-3890.084	-4152.104	262.0199	0.7319762	0.501756	0.287469	0.190557	0.0202178	2.129069	1.352887
12102	-3893.971	-4156.238	262.2674	0.7571759	0.420024	0.336794	0.136848	0.106334	2.19329	1.063342
12108	-3908.917	-4171.378	262.4605	0.6411268	0.308588	0.393361	0.167725	0.130326	2.180108	1.008143
12114	-3895.217	-4157.444	262.2266	0.6433885	0.408734	0.338132	0.149562	0.103572	2.152939	1.241584
12120	-3916.61	-4178.793	262.1833	0.7951866	0.399574	0.34337	0.151879	0.105177	2.049006	1.23059
12126	-3902.649	-4164.911	262.262	0.6629615	0.438046	0.304773	0.144456	0.112725	2.199118	1.153781
12132	-3903.91	-4165.989	262.0782	0.7029826	0.409016	0.269955	0.265869	0.0551603	2.117727	1.339994
12138	-3886.907	-4149.082	262.175	0.6602485	0.415826	0.278779	0.278636	0.0267594	2.073782	1.333903
12144	-3901.116	-4163.238	262.1226	0.745988	0.379362	0.29618	0.296028	0.0284297	2.058457	1.315431
12150	-3899.02	-4161.038	262.0183	0.745988	0.524491	0.212905	0.21336	0.049245	1.855485	1.551631
12156	-3911.99	-4173.91	261.9202	0.701688	0.447707	0.298996	0.207235	0.0460612	1.857349	1.655608
12162	-3906.928	-4168.691	261.7635	0.8952669	0.380636	0.245063	0.262788	0.111513	1.968631	1.541215
12168	-3916.092	-4177.628	261.536	0.8364091	0.440938	0.32743	0.196576	0.0350558	2.011487	1.718412
12174	-3912.167	-4173.768	261.6019	0.8189057	0.422895	0.324931	0.154488	0.0976856	1.911653	1.755049
12180	-3910.856	-4171.242	260.3856	0.7383909	0.475849	0.286302	0.215126	0.0227241	1.714397	2.723911
12186	-3895.337	-4155.636	260.2991	0.7166752	0.433134	0.299688	0.226256	0.0409216	1.714397	2.790771
12192	-3893.538	-4154.458	260.9198	0.5361749	0.303435	0.394249	0.228973	0.0733426	1.55854	2.621947
12198	-3897.124	-4158.231	261.1074	0.6501424	0.440332	0.245717	0.235776	0.0781754	1.680817	2.35345
12204	-3890.74	-4151.942	261.2023	0.7532309	0.439327	0.252908	0.217593	0.0901723	1.670495	2.229538
12210	-3894.641	-4155.807	261.1662	0.7330563	0.476128	0.274093	0.152052	0.0977258	1.727887	2.229538
12216	-3899.155	-4160.818	261.6635	0.6696755	0.513028	0.295335	0.163836	0.0278008	1.896639	1.831827
12222	-3894.343	-4156.519	262.1757	0.6288729	0.485388	0.28867	0.182582	0.043361	1.898071	1.495061
12228	-3896.216	-4158.202	261.9857	0.6261782	0.388331	0.464074	0.146073	0.00152225	1.816338	1.695138
12234	-3895.652	-4157.408	261.756	0.6784827	0.492581	0.3202	0.185288	0.00193091	1.848442	1.794844
12240	-3894.559	-4156.521	261.9617	0.7947069	0.556958	0.201369	0.233818	0.00785514	2.050933	1.408028
12246	-3890.128	-4152.036	261.9079	0.7947069	0.465771	0.190587	0.242103	0.101538	1.926182	1.54311
12252	-3889.925	-4151.321	261.3963	0.7947069	0.368423	0.366007	0.189634	0.0759367	1.876095	1.937823
12258	-3885.691	-4147.67	261.979	0.6635815	0.368408	0.345505	0.210153	0.0759336	1.958009	1.569263
12264	-3901.795	-4163.769	261.9736	0.7299663	0.497511	0.299847	0.118129	0.0845137	1.931833	1.540737
12270	-3913.687	-4175.801	262.1144	0.4639749	0.313818	0.419143	0.250333	0.0167054	1.793223	1.737457
12276	-3913.087	-4175.531	262.4435	0.4157131	0.31553	0.399645	0.238687	0.0461383	2.048838	1.335838
12282	-3907.02	-4169.596	262.5754	0.535327	0.330158	0.398053	0.249753	0.0220354	2.046673	1.129437
12288	-3898.227	-4160.464	262.2368	0.7266621	0.401729	0.32173	0.238418	0.0381237	2.039773	1.253939
12294	-3904.033	-4165.804	261.7712	0.8133213	0.42787	0.234889	0.29075	0.0464916	1.825228	1.700842
12300	-3914.047	-4176.103	262.0565	0.5755961	0.375087	0.382058	0.192107	0.0507478	1.832367	1.671112
12306	-3907.678	-4169.841	262.163	0.5134933	0.370998	0.377894	0.190013	0.0610945	1.863838	1.617778
12312	-3901.441	-4163.292	261.8505	0.6608992	0.43575	0.280004	0.236282	0.0479629	1.819065	1.762493
12318	-3900.726	-4162.576	261.8504	0.6680911	0.431194	0.277077	0.233812	0.0579171	1.816351	1.759103
12324	-3896.342	-4158.165	261.823	0.6932889	0.443887	0.226527	0.241579	0.0880071	1.83929	1.743573
12330	-3894.023	-4155.99	261.9672	0.6764036	0.465974	0.300792	0.161754	0.0714805	1.908341	1.604282
12336	-3894.448	-4156.629	262.1813	0.6307224	0.32627	0.333864	0.283424	0.0564428	2.073518	1.354023
12342	-3889.826	-4152.043	262.2173	0.6428419	0.439271	0.263005	0.273815	0.0239098	2.024677	1.354023
12348	-3886.899	-4148.964	262.0658	0.7425366	0.435653	0.260839	0.27156	0.0319481	1.968125	1.433908
12354	-3885.699	-4147.821	262.1217	0.6993414	0.39598	0.338755	0.222901	0.0423632	1.93986	1.447793
12360	-3890.611	-4152.814	262.2037	0.5969424	0.39598	0.338755	0.222901	0.0423632	1.87306	1.517921
12366	-3888.974	-4151.077	262.103	0.5529576	0.39598	0.338755	0.222901	0.0423632	1.884498	1.617169
12372	-3892.494	-4154.448	261.9541	0.5428027	0.380739	0.325716	0.252812	0.0407327	1.836607	1.764278
12378	-3906.228	-4168	261.7723	0.7027181	0.404633	0.265031	0.26909	0.0612456	1.836607	1.77392
12384	-3893.244	-4153.625	260.3809	0.8141026	0.482668	0.215374	0.254335	0.0476219	1.550839	2.778071
12390	-3889.899	-4150.293	260.3941	0.6363057	0.479161	0.21381	0.252487	0.0545417	1.450601	2.944552
12396	-3900.818	-4160.346	259.5276	0.8276375	0.535668	0.239024	0.164335	0.0609737	1.432887	3.350276
12402	-3900.337	-4160.91	260.573	0.6381664	0.497106	0.273904	0.19243	0.0365595	1.569622	2.762722
12408	-3907.901	-4167.757	259.856	0.6165168	0.440057	0.322904	0.170346	0.0666928	1.478696	3.261018
12414	-3888.312	-4149.665	261.353	0.7644316	0.369114	0.332303	0.225011	0.0735728	1.705315	2.101276
12420	-3886.974	-4148.209	261.235	0.5644909	0.438307	0.346459	0.179705	0.0355284	1.726989	2.300055
12426	-3900.453	-4161.812	261.3589	0.7672716	0.47528	0.284781	0.208326	0.0316128	1.744655	2.069517
12432	-3899.349	-4159.894	260.5449	0.7475352	0.517501	0.132834	0.257792	0.0918733	1.526254	2.735648
12438	-3906.287	-4167.445	261.1577	0.868896	0.583879	0.187058	0.125405	0.103658	1.616864	2.214915
12444	-3911.728	-4173.082	261.3542	0.8249171	0.409961	0.231719	0.229913	0.128407	1.768505	2.016865
12450	-3925.128	-4185.577	260.4493	0.7985727	0.457647	0.236988	0.23197	0.0733949	1.692073	2.659581
12456	-3914.877	-4176.173	261.2958	0.7226423	0.457647	0.236988	0.23197	0.0733949	1.764773	2.128694
12462	-3903	-4164.456	261.4558	0.6267342	0.447977	0.25311	0.227069	0.0718441	1.794313	2.070884
12468	-3894.285	-4156.056	261.7718	0.5128531	0.4389	0.29592	0.180196	0.084984	1.758702	1.963007
12474	-3902.561	-4164.001	261.4394	0.5619938	0.456672	0.267411	0.187492	0.0884251	1.773267	2.139947
12480	-3899.579	-4161.366	261.7867	0.6435972	0.439208	0.284181	0.199251	0.0773606	1.781445	1.845292
12486	-3878.693	-4140.586	261.8926	0.5777274	0.431599	0.279258	0.214996	0.0741472	1.858775	1.766548
12492	-3887.33	-4149.089	261.7596	0.5925292	0.494279	0.319813	0.0844681	0.10144	1.875581	1.836264
12498	-3895.581	-4157.216	261.6349	0.7610793	0.589295	0.189059	0.100706	0.12094	1.828138	1.832131
12504	-3904.497	-4166.19	261.6931	0.6906938	0.387497	0.372001	0.160977	0.0795254	1.844354	1.832131
12510	-3915.48	-4176.488	261.0082	0.6646115	0.36807	0.357525	0.190679	0.083727	1.661891	2.418466
12516	-3901.199	-4162.196	260.9974	0.8102195	0.467641	0.307826	0.180656	0.043877	1.702209	2.302261
12522	-3908.812	-4169.907	261.0951	0.8191208	0.495219	0.267006	0.19131	0.0464647	1.653956	2.264638
12528	-3905.498	-4166.967	261.4693	0.655476	0.570343	0.178301	0.225508	0.025847	1.636867	2.145322
12534	-3901.285	-4161.786	260.5005	0.655476	0.56454	0.176487	0.223213	0.0357601	1.685925	2.724783
12540	-3893.346	-4154.911	261.5651	0.652658	0.530839	0.308642	0.0979814	0.0625377	1.77348	1.994069
12546	-3886.816	-4147.805	260.9897	0.6218209	0.306398	0.384494	0.253092	0.0560161	1.675459	2.450049
12552	-3898.533	-4160.059	261.5255	0.6218209	0.306398	0.384494	0.253092	0.0560161	1.667182	2.112063
12558	-3897.858	-4158.947	261.0891	0.7218133	0.377051	0.473155	0.0793669	0.0704269	1.698351	2.305611
12564	-3888.311	-4149.557	261.2465	0.6627832	0.476511	0.250041	0.187252	0.0861955	1.709627	2.237546
12570	-3902.389	-4163.039	260.6507	0.6820044	0.414497	0.462571	0.0961355	0.0267958	1.689147	2.613069
12576	-3916.8	-4177.369	260.5692	0.6097542	0.311927	0.413624	0.237275	0.0371737	1.603079	2.762911
12582	-3910.295	-4170.905	260.6095	0.6394709	0.41845	0.34959	0.200542	0.0314187	1.669026	2.678619
12588	-3908.992	-4169.955	260.9633	0.6659843	0.473343	0.278143	0.222858	0.0256556	1.664441	2.444233
12594	-3898.725	-4159.897	261.172	0.7620695	0.469721	0.276015	0.209695	0.0445679	1.765929	2.181416
12600	-3899.543	-4160.878	261.335	0.7160252	0.472163	0.306921	0.162438	0.0584783	1.651526	2.181416
12606	-3903.702	-4165.525	261.8232	0.7038683	0.476807	0.30994	0.135315	0.0779367	1.649123	1.867191
12612	-3882.141	-4143.678	261.5369	0.7690695	0.444117	0.288691	0.233666	0.0335261	1.784613	1.922871
12618	-3904.565	-4165.45	260.8843	0.7690695	0.549094	0.164429	0.200087	0.0863905	1.902375	2.274139
12624	-3893.566	-4154.792	261.2262	0.8449808	0.4897	0.347923	0.108179	0.0541972	1.72177	2.118294
12630	-3892.743	-4152.661	259.9178	0.9411197	0.505757	0.303556	0.0764846	0.114202	1.623737	2.935179
12636	-3890.168	-4150.722	260.5539	0.8101421	0.393855	0.344182	0.195179	0.0667848	1.511233	2.699031
12642	-3906.138	-4166.058	259.9209	0.8102421	0.390769	0.341486	0.203928	0.0638168	1.549171	3.059104
12648	-3913.404	-4173.035	259.6307	0.9452353	0.479812	0.213432	0.281567	0.0251885	1.45682	3.203892
12654	-3894.727	-4154.45	259.7236	1.004257	0.438654	0.19495	0.257415	0.108981	1.496783	3.089583
12660	-3901.102	-4160.573	259.4709	0.8865459	0.523376	0.180563	0.245791	0.05027	1.496331	3.310419
12666	-3903.551	-4163.802	260.2505	0.8865459	0.458689	0.219996	0.239183	0.0821312	1.506153	2.838886
12672	-3899.354	-4160.176	260.8226	0.8228782	0.489567	0.292504	0.134138	0.0837906	1.609022	2.463441
12678	-3905.85	-4167	261.1504	0.858224	0.51813	0.226829	0.166362	0.0886792	1.627478	2.219887
12684	-3920.914	-4182.488	261.5738	0.5527729	0.506153	0.238782	0.200588	0.0544774	1.675301	2.122361
12690	-3924.967	-4186.302	261.3354	0.6395869	0.480408	0.196473	0.243646	0.0794728	1.645158	2.237598
12696	-3922.252	-4182.847	260.5943	0.6339288	0.473517	0.207999	0.240151	0.0783329	1.48479	2.804212
12702	-3899.005	-4160.423	261.4187	0.9114145	0.523811	0.258696	0.146703	0.0707889	1.79136	1.898135
12708	-3902.26	-4163.885	261.6249	0.8061002	0.439385	0.336088	0.155874	0.0686522	1.780945	1.83892
12714	-3905.843	-4167.729	261.8859	0.8061002	0.55063	0.20431	0.195339	0.0497212	1.897836	1.571365
12720	-3896.644	-4158.412	261.7679	0.8132776	0.529954	0.187764	0.208573	0.0737086	1.858127	1.679814
12726	-3898.293	-4160.007	261.7134	0.8132776	0.529954	0.187764	0.208573	0.0737086	1.841112	1.730455
12732	-3904.127	-4165.817	261.6898	0.8933969	0.466228	0.281427	0.0977626	0.154583	1.9408	1.616916
12738	-3900.02	-4161.786	261.7659	0.7945125	0.428983	0.338831	0.0899527	0.142234	1.89133	1.671641
12744	-3904.515	-4166.33	261.8155	0.7108576	0.553056	0.265208	0.0704074	0.111329	1.919062	1.679374
12750	-3885.399	-4147.018	261.6184	0.7924181	0.498943	0.282032	0.105885	0.113139	1.913961	1.7613
12756	-3895.022	-4156.218	261.1961	0.8168007	0.477192	0.287555	0.107959	0.127295	1.614359	2.226677
12762	-3889.692	-4150.199	260.5078	0.743461	0.492697	0.251868	0.182087	0.0733485	1.656702	2.681079
12768	-3895.928	-4156.43	260.5026	0.8351343	0.471152	0.240854	0.222764	0.0652303	1.565662	2.681079
12774	-3900.348	-4162.508	262.1601	0.5923917	0.389346	0.414946	0.185629	0.0100784	1.935011	1.507812
12780	-3907.14	-4167.489	260.3496	0.5798462	0.411291	0.304124	0.25117	0.0334152	1.60003	2.9171
12786	-3894.389	-4154.667	260.2776	0.7806917	0.511076	0.263047	0.158962	0.0669152	1.500809	2.892422
12792	-3896.137	-4156.574	260.4374	0.7529576	0.473919	0.243922	0.248621	0.0335374	1.522295	2.800194
12798	-3902.584	-4163.411	260.8266	0.7496595	0.442415	0.26613	0.256953	0.0345018	1.61906	2.502799
12804	-3900.571	-4162.84	262.2686	0.4691036	0.422842	0.284063	0.222965	0.0701305	1.840391	1.589945
12810	-3891.877	-4153.981	262.1047	0.618755	0.404218	0.29794	0.218812	0.0790296	1.883298	1.566634
12816	-3888.617	-4150.856	262.2393	0.618755	0.434157	0.349238	0.196426	0.0201788	1.912751	1.443784
12822	-3893.197	-4155.675	262.4787	0.5477221	0.346025	0.407263	0.208817	0.0378946	2.065738	1.186525
12828	-3887.322	-4149.654	262.3319	0.587617	0.328813	0.371891	0.248526	0.05077	2.035251	1.300227
12834	-3885.571	-4147.767	262.1955	0.6587326	0.416194	0.292412	0.233696	0.0576975	2.030482	1.353352
12840	-3895.828	-4158.022	262.1941	0.6587326	0.402696	0.261347	0.315159	0.0207976	2.03191	1.353352
12846	-3894.774	-4156.936	262.1623	0.6865618	0.507078	0.259466	0.207268	0.0261884	2.104496	1.296917
12852	-3900.098	-4162.179	262.0817	0.6733394	0.26804	0.445826	0.242785	0.0433491	2.139836	1.3446
12858	-3886.396	-4148.55	262.1544	0.5835743	0.297966	0.408263	0.269892	0.0238785	2.118433	1.378887
12864	-3898.571	-4160.913	262.3421	0.6167648	0.466454	0.171903	0.329162	0.0324815	2.122982	1.192833
12870	-3896.095	-4158.405	262.3107	0.6233971	0.483021	0.253349	0.237798	0.0258324	2.122982	1.21372
12876	-3899.679	-4161.881	262.2023	0.5568906	0.440666	0.277762	0.251895	0.0296762	1.967536	1.479465
12882	-3903.431	-4165.365	261.934	0.6569926	0.490925	0.175172	0.305045	0.0288584	1.917993	1.636123
12888	-3899.916	-4161.965	262.0494	0.5107605	0.405255	0.31911	0.251813	0.0238224	1.954824	1.636123
12894	-3893.869	-4156.062	262.193	0.5060026	0.465092	0.235184	0.272385	0.0273398	1.946697	1.540764
12900	-3897.902	-4159.942	262.0397	0.5308116	0.510606	0.261801	0.205404	0.0221896	1.946697	1.634304
12906	-3893.579	-4155.403	261.824	0.7434154	0.488473	0.263256	0.225958	0.0223129	1.981231	1.603769
12912	-3891.402	-4153.308	261.9063	0.7633846	0.448922	0.239334	0.291238	0.0205063	1.942468	1.556515
12918	-3894.451	-4156.72	262.2694	0.4675119	0.460691	0.223308	0.271737	0.0442638	1.942903	1.514862
12924	-3909.503	-4171.406	261.9033	0.5677382	0.618135	0.228762	0.141071	0.012032	1.826577	1.788732
12930	-3900.722	-4162.506	261.7841	0.6280791	0.593729	0.219729	0.135501	0.0510411	1.882493	1.788732
12936	-3910.661	-4171.963	261.3015	0.5920256	0.518345	0.244347	0.172376	0.0649316	1.769498	2.211595
12942	-3908.888	-4170.335	261.4467	0.5920256	0.46039	0.28556	0.224353	0.0296968	1.764801	2.120266
12948	-3915.772	-4177.313	261.5411	0.6991151	0.429837	0.246515	0.300909	0.0227379	1.804576	1.956362
12954	-3892.124	-4153.313	261.1882	0.7117318	0.511074	0.238278	0.223598	0.0270511	1.753211	2.213591
12960	-3898.134	-4159.67	261.5358	0.6989285	0.379877	0.270082	0.229921	0.120121	1.830536	1.942637
12966	-3891.314	-4152.482	261.1683	0.8175328	0.423744	0.242784	0.211443	0.122029	1.800223	2.123589
12972	-3898.122	-4159.865	261.7429	0.5158535	0.423744	0.242784	0.211443	0.122029	1.915158	1.874706
12978	-3905.16	-4167.214	262.054	0.5601809	0.419184	0.240171	0.315578	0.0250671	1.956857	1.594753
12984	-3892.068	-4154.258	262.19	0.6319779	0.392519	0.361107	0.192371	0.0540033	1.998402	1.405006
12990	-3894.749	-4157.237	262.4887	0.4382966	0.366181	0.361982	0.21466	0.0571765	2.026963	1.300687
12996	-3888.674	-4150.911	262.2373	0.5200276	0.382747	0.348657	0.20962	0.058977	2.07529	1.398975
13002	-3889.312	-4151.414	262.102	0.5215631	0.361665	0.409182	0.159305	0.0698491	1.933276	1.605803
13008	-3896.139	-4158.177	262.038	0.5249019	0.383334	0.34399	0.198642	0.0740342	1.920503	1.658689
13014	-3875.549	-4137.979	262.4299	0.6473536	0.434315	0.363577	0.173216	0.0288914	2.247673	0.9639148
13020	-3899.106	-4160.909	261.8033	0.5976417	0.464979	0.314137	0.188041	0.0328425	1.807515	1.84928
13026	-3908.009	-4169.678	261.6684	0.584882	0.407988	0.346412	0.211847	0.0337527	1.727578	2.003399
13032	-3888.901	-4151.168	262.2668	0.6020207	0.351361	0.387153	0.184509	0.076977	2.067727	1.314445
13038	-3891.869	-4154.3	262.4304	0.5030185	0.365605	0.402849	0.191989	0.0395561	2.007428	1.313334
13044	-3885.796	-4148.066	262.2699	0.6059746	0.330075	0.425411	0.202742	0.0417716	2.043955	1.32775
13050	-3901.402	-4163.827	262.4242	0.5613155	0.322286	0.415374	0.197958	0.0643816	2.170021	1.130461
13056	-3903.259	-4165.855	262.5964	0.5063804	0.350861	0.32532	0.257712	0.0661075	2.236855	0.9541513
13062	-3894.887	-4157.444	262.5572	0.4989072	0.397592	0.368648	0.178953	0.0548065	2.302332	0.9341552
13068	-3882.729	-4145.252	262.5227	0.6123778	0.407803	0.378117	0.138768	0.0753115	2.307026	0.8338556
13074	-3918.281	-4180.695	262.4133	0.5417645	0.434633	0.343793	0.182488	0.0390856	1.885889	1.392107
13080	-3913.873	-4176.202	262.3291	0.6953104	0.365321	0.341722	0.224895	0.0680625	2.208878	1.05204
13086	-3915.572	-4178.156	262.5835	0.5668998	0.544636	0.221869	0.203449	0.0300458	2.145867	0.9972656
13092	-3916.14	-4178.648	262.5083	0.5692824	0.446009	0.295044	0.198344	0.0606032	2.138827	1.074416
13098	-3900.891	-4163.256	262.3648	0.71783	0.465159	0.224326	0.24731	0.0632053	2.138827	1.062063
13104	-3902.181	-4164.608	262.4262	0.71783	0.48463	0.233716	0.257662	0.0239919	2.235053	0.9009648
13110	-3895.86	-4158.374	262.5134	0.6081371	0.398086	0.389291	0.188235	0.0243886	2.259007	0.9064252
13116	-3899.705	-4162.24	262.5353	0.5351595	0.478311	0.29771	0.168781	0.0551979	2.259007	0.964464
13122	-3912.819	-4175.365	262.5466	0.5517919	0.484228	0.301393	0.170869	0.0435097	2.258129	0.9353826
13128	-3904.596	-4167.01	262.4132	0.6625038	0.330066	0.491938	0.106979	0.071017	2.233178	0.9795072
13134	-3898.77	-4161.235	262.4643	0.6484378	0.404778	0.325786	0.16431	0.105127	2.220549	0.9551548
13140	-3890.578	-4153.144	262.5662	0.5860938	0.401452	0.323108	0.228025	0.0474147	2.204915	0.9332374
13146	-3890.602	-4153.063	262.4619	0.6441945	0.379599	0.350026	0.200114	0.0702612	2.256169	0.9244131
13152	-3889.955	-4152.395	262.4395	0.5212319	0.447917	0.340918	0.142733	0.068433	2.087596	1.224502
13158	-3879.184	-4141.27	262.0863	0.6697444	0.431527	0.315081	0.203262	0.0501301	2.083634	1.388292
13164	-3893.81	-4155.681	261.8704	0.7430439	0.428916	0.242761	0.240998	0.0873254	2.028306	1.535488
13170	-3890.764	-4152.874	262.1103	0.5645893	0.446769	0.252866	0.209405	0.0909602	2.064826	1.469434
13176	-3899.178	-4161.584	262.4057	0.6781051	0.42945	0.225274	0.296596	0.04868	2.179132	1.024488
13182	-3883.207	-4145.522	262.3151	0.602621	0.443164	0.232468	0.306068	0.0183007	2.123222	1.228322
13188	-3897.426	-4159.992	262.5653	0.4531429	0.27312	0.474429	0.225562	0.0268888	2.256627	1.01826
13194	-3898.325	-4160.792	262.4677	0.6192884	0.372176	0.338608	0.258411	0.0308047	2.217306	0.986682
13200	-3907.042	-4169.521	262.4787	0.5969374	0.428744	0.238082	0.297688	0.0354868	2.189973	1.026279
13206	-3914.437	-4176.749	262.3115	0.7587234	0.46608	0.191623	0.323611	0.0186856	2.188598	1.023896
13212	-3893.602	-4156.046	262.4443	0.6458626	0.459783	0.277155	0.21643	0.0466322	2.188598	1.01082
13218	-3881.514	-4143.91	262.3957	0.6730925	0.416032	0.339822	0.172841	0.0713041	2.188598	1.03018
13224	-3893.82	-4156.27	262.4499	0.6152165	0.475182	0.388137	0.10868	0.0280008	2.188598	1.03693
13230	-3884.717	-4147.212	262.4954	0.5787537	0.392278	0.32042	0.267059	0.0202435	2.246453	0.9721254
13236	-3878.201	-4140.8	262.5994	0.5393914	0.335415	0.414053	0.212502	0.0380288	2.205471	0.9487965
13242	-3897.614	-4160.273	262.6593	0.4888411	0.333941	0.390572	0.237625	0.0378617	2.14963	0.9970172
13248	-3884.654	-4147.191	262.5371	0.5562497	0.416983	0.361001	0.190645	0.0313706	2.211693	0.9889018
13254	-3887.561	-4150.067	262.5056	0.5720475	0.393549	0.332177	0.180127	0.0941473	2.037824	1.16554
13260	-3878.243	-4140.745	262.502	0.4513901	0.320684	0.437964	0.210284	0.0310678	2.113067	1.207946
13266	-3887.504	-4149.809	262.3049	0.5421676	0.439598	0.351895	0.165918	0.0425882	2.017625	1.373564
13272	-3898.512	-4160.861	262.3488	0.5628618	0.242491	0.452912	0.263717	0.0408801	1.977367	1.353781
13278	-3918.332	-4180.607	262.2744	0.5809398	0.335574	0.41209	0.155968	0.0963679	2.025951	1.359368
13284	-3922.956	-4184.738	261.7819	0.5947914	0.453079	0.330006	0.168883	0.0480333	1.767623	1.893132
13290	-3904.748	-4166.616	261.8681	0.7228523	0.391141	0.290811	0.275571	0.0424768	1.800854	1.716854
13296	-3903.349	-4165.194	261.845	0.7073347	0.455109	0.235462	0.286898	0.0225306	1.840455	1.716854
13302	-3911.283	-4172.635	261.3518	0.8605448	0.466811	0.231998	0.282677	0.0185138	1.791457	1.978454
13308	-3898.893	-4160.362	261.4697	0.655223	0.429579	0.276064	0.25234	0.0420173	1.821047	2.024136
13314	-3886.711	-4148.188	261.4772	0.6524667	0.508331	0.224553	0.219815	0.0473016	1.796778	2.037192
13320	-3901.921	-4163.782	261.8607	0.709344	0.434559	0.253515	0.245828	0.0660982	1.881979	1.674754
13326	-3907.725	-4169.655	261.9294	0.714966	0.441023	0.221866	0.224658	0.112454	1.935297	1.582374
13332	-3902.383	-4164.594	262.2111	0.714966	0.445861	0.2243	0.227122	0.102716	1.994307	1.322235
13338	-3894.635	-4156.833	262.1981	0.6136165	0.48389	0.258717	0.177238	0.0801559	1.968541	1.436734
13344	-3908.533	-4170.682	262.1481	0.7399065	0.350138	0.26841	0.273407	0.108045	2.078311	1.283759
13350	-3891.94	-4154.098	262.1577	0.5581436	0.545233	0.187546	0.191532	0.0756891	1.992536	1.493196
13356	-3886.927	-4149.245	262.3181	0.6098376	0.379756	0.308539	0.254994	0.056711	2.047487	1.282502
13362	-3898.49	-4160.884	262.3939	0.5284455	0.379995	0.314928	0.238663	0.0664134	1.981978	1.342449
13368	-3885.346	-4147.892	262.546	0.4558523	0.383621	0.317934	0.251676	0.0467692	2.14292	1.139932
13374	-3889.925	-4152.507	262.5814	0.4799724	0.389672	0.42598	0.133262	0.0510858	2.211926	1.021091
13380	-3879.293	-4141.86	262.5672	0.4717704	0.464286	0.298975	0.188721	0.048018	2.093495	1.151462
13386	-3879.257	-4141.651	262.3941	0.6418745	0.490926	0.278007	0.175485	0.0555826	2.199623	1.052905
13392	-3900.284	-4162.842	262.558	0.5169133	0.383717	0.241272	0.276018	0.0989921	2.168646	1.050088
13398	-3900.01	-4162.39	262.3798	0.6463189	0.542718	0.231492	0.17052	0.0552694	2.066535	1.182115
13404	-3883.559	-4145.969	262.4095	0.5599186	0.332467	0.377976	0.229425	0.0601315	2.139098	1.172039
13410	-3879.64	-4141.949	262.3088	0.6775592	0.39829	0.382323	0.172356	0.0470308	2.050372	1.228357
13416	-3890.628	-4152.811	262.1836	0.6775592	0.388092	0.324742	0.241339	0.0458266	2.116653	1.277377
13422	-3886.713	-4148.733	262.02	0.7782278	0.388092	0.324742	0.241339	0.0458266	2.099975	1.337164
13428	-3892.312	-4154.305	261.9923	0.7372759	0.43371	0.2634	0.261525	0.0413648	2.090732	1.400328
13434	-3884.872	-4147.104	262.232	0.683064	0.38154	0.296216	0.270672	0.051572	2.10605	1.241156
13440	-3881.866	-4144.081	262.2145	0.7891413	0.398869	0.26425	0.282966	0.0539144	2.122732	1.145453
13446	-3894.432	-4156.743	262.3104	0.6475317	0.388448	0.250861	0.275573	0.0851181	2.132443	1.184045
13452	-3892.684	-4154.771	262.0874	0.7910125	0.475908	0.188511	0.243274	0.0923067	2.079315	1.288553
13458	-3895.53	-4157.917	262.3869	0.6825573	0.46186	0.212465	0.236093	0.089582	2.106861	1.10588
13464	-3885	-4147.15	262.1504	0.7345474	0.479452	0.205519	0.228375	0.0866535	2.106861	1.263047
13470	-3891.553	-4153.637	262.0845	0.7676433	0.466705	0.239341	0.265958	0.0279958	2.041833	1.34101
13476	-3887.184	-4149.297	262.1125	0.6512154	0.460158	0.26134	0.262227	0.016275	1.907888	1.517341
13482	-3899.361	-4158.981	259.6198	0.8146049	0.530371	0.245906	0.180207	0.0435148	1.488469	3.271255
13488	-3910.809	-4169.862	259.0522	1.029541	0.591103	0.122866	0.253497	0.0325336	1.608082	3.405786
13494	-3897.331	-4159.634	262.3022	0.6291845	0.341987	0.415166	0.239314	0.00353269	2.125107	1.21401
13500	-3897.088	-4159.376	262.288	0.6940883	0.431347	0.275204	0.288994	0.00445577	2.0391	1.240582
13506	-3905.495	-4167.665	262.1697	0.6940883	0.377722	0.36531	0.253066	0.00390183	2.004665	1.364556
13512	-3906.863	-4168.836	261.9725	0.6940883	0.466957	0.266062	0.265866	0.0011148	1.94872	1.55717
13518	-3905.692	-4168.26	262.5686	0.4340213	0.468394	0.248427	0.280889	0.00228945	2.004995	1.256359
13524	-3915.556	-4176.073	260.517	0.6989737	0.416383	0.256638	0.294055	0.0329234	1.583757	2.748983
13530	-3914.45	-4175.012	260.5625	0.8059715	0.440915	0.27663	0.263358	0.0190959	1.532806	2.683166
13536	-3907.55	-4168.37	260.8194	0.75875	0.508091	0.201912	0.267991	0.0220053	1.544853	2.547556
13542	-3902.42	-4162.363	259.9424	0.733772	0.67863	0.156908	0.143247	0.0212155	1.485975	3.131939
13548	-3891.903	-4152.317	260.4131	0.7633116	0.552549	0.261696	0.116634	0.0691204	1.509187	2.816273
13554	-3888.727	-4149.76	261.033	0.7633116	0.493728	0.195113	0.260724	0.0504349	1.82095	2.234842
13560	-3914.681	-4175.162	260.481	0.4899579	0.392196	0.426538	0.133088	0.0481777	1.41651	3.003599
13566	-3906.423	-4165.658	259.2349	0.5415778	0.410159	0.308173	0.246492	0.0351751	1.387792	3.722203
13572	-3905.027	-4166.735	261.7079	0.6446988	0.484267	0.187488	0.254529	0.073717	1.881034	1.830273
13578	-3900.749	-4163.021	262.2717	0.5640319	0.409646	0.325079	0.215308	0.0499666	1.938659	1.443003
13584	-3901.903	-4164.107	262.2037	0.642418	0.376605	0.343273	0.227359	0.0527632	2.053112	1.342595
13590	-3901.699	-4164.01	262.3104	0.5680272	0.405596	0.272209	0.244861	0.077334	2.04361	1.327327
13596	-3896.127	-4158.243	262.1155	0.7114373	0.339849	0.406081	0.174665	0.079406	1.971332	1.418499
13602	-3907.949	-4167.837	259.8877	0.7901673	0.525587	0.219898	0.143188	0.111327	1.477109	3.134401
13608	-3919.587	-4180.954	261.3671	0.6948722	0.431323	0.180459	0.270893	0.117326	1.699136	2.144172
13614	-3899.533	-4161.683	262.1502	0.5982748	0.403187	0.340495	0.176315	0.0800032	2.126484	1.36369
13620	-3897.103	-4158.295	261.1923	0.6583326	0.539446	0.212502	0.180405	0.0676472	1.715545	2.271574
13626	-3893.143	-4154.243	261.0996	0.9415958	0.585317	0.144972	0.195745	0.0739662	1.670548	2.16953
13632	-3898.485	-4159.019	260.5339	0.641982	0.389206	0.295516	0.247723	0.0675558	1.632676	2.745648
13638	-3905.851	-4166.852	261.0009	0.6931331	0.447045	0.290032	0.213038	0.0498846	1.520965	2.49253
13644	-3907.427	-4169.799	262.3724	0.5522054	0.476065	0.360597	0.128816	0.0345222	2.05825	1.278448
13650	-3897.455	-4159.634	262.1787	0.5799291	0.370143	0.33622	0.210072	0.0835644	2.040715	1.423384
13656	-3895.313	-4157.631	262.3179	0.5479545	0.464206	0.225606	0.263457	0.0467304	1.953634	1.408693
13662	-3893.014	-4155.354	262.3399	0.5871424	0.432333	0.27823	0.231806	0.0576307	1.953634	1.35961
13668	-3887.562	-4150.026	262.464	0.6144016	0.536081	0.270008	0.163939	0.0299723	2.049014	1.153314
13674	-3894.077	-4153.782	259.7054	0.7458455	0.39176	0.278523	0.230329	0.0993874	1.566283	3.2174
13680	-3905.198	-4167.741	262.5431	0.5292397	0.430596	0.327538	0.222267	0.0195996	2.057392	1.15413
13686	-3882.319	-4144.905	262.5858	0.5082945	0.466487	0.298267	0.202404	0.0328418	2.057392	1.135024
13692	-3894.163	-4156.738	262.5746	0.5488582	0.443528	0.322804	0.208011	0.0256571	2.212566	0.9572707
13698	-3912.772	-4175.234	262.4625	0.5844015	0.408408	0.343177	0.221139	0.0272764	2.120267	1.119112
13704	-3897.36	-4158.645	261.2858	0.8078427	0.546462	0.151577	0.284907	0.0170541	1.798668	2.05402
13710	-3896.618	-4158.365	261.7471	0.6307701	0.486143	0.191537	0.304116	0.0182039	1.777123	1.884594
13716	-3907.647	-4169.04	261.3924	0.474181	0.335951	0.484207	0.166977	0.0128659	1.782518	2.221841
13722	-3905.475	-4167.994	262.5191	0.5468652	0.3898	0.368783	0.18942	0.0519975	2.357388	0.8601138
13728	-3901.137	-4163.723	262.5858	0.5549675	0.460478	0.259651	0.223765	0.0561068	2.282361	0.8601138
13734	-3900.737	-4163.315	262.5778	0.528864	0.500009	0.32159	0.117478	0.0609234	2.315384	0.8621393
13740	-3903.585	-4166.163	262.5778	0.528864	0.371923	0.355261	0.227004	0.0458114	2.315384	0.8621393
13746	-3897.118	-4159.581	262.4627	0.6150504	0.481184	0.310326	0.168473	0.0400169	2.321167	0.8853101
13752	-3885.085	-4147.557	262.4717	0.6150504	0.436795	0.281698	0.212923	0.0685837	2.349529	0.8408548
13758	-3879.866	-4142.477	262.6113	0.5134638	0.332009	0.34835	0.267883	0.0517577	2.37806	0.7565531
13764	-3906.824	-4167.374	260.5502	0.6504031	0.318966	0.430114	0.203483	0.0474365	1.725761	2.673126
13770	-3896.429	-4157.516	261.0878	0.5554226	0.321674	0.397753	0.233048	0.0475251	1.71088	2.409707
13776	-3883.645	-4144.675	261.0303	0.6791644	0.37742	0.409998	0.178382	0.0342001	1.63825	2.409707
13782	-3882.408	-4143.415	261.0073	0.688549	0.543838	0.269192	0.13769	0.0492802	1.738502	2.354559
13788	-3894.634	-4155.068	260.4334	0.6279443	0.51501	0.275607	0.130392	0.0789911	1.520924	2.883742
13794	-3891.31	-4151.618	260.3081	0.6718737	0.480987	0.325116	0.120124	0.0737728	1.583618	2.893447
13800	-3881.623	-4141.832	260.2087	0.6539829	0.457636	0.236162	0.20915	0.0970515	1.562618	2.977437
13806	-3889.646	-4149.429	259.7828	0.808322	0.435538	0.253435	0.257826	0.0532007	1.617202	3.102171
13812	-3894.662	-4155.036	260.3739	0.7743364	0.459102	0.291571	0.181969	0.0673587	1.55454	2.80549
13818	-3898.799	-4159.173	260.3736	0.8692531	0.488381	0.235604	0.232703	0.0433114	1.563135	2.740034
13824	-3896.389	-4158.675	262.2858	0.6828591	0.467392	0.306092	0.112536	0.11398	2.17351	1.136639
13830	-3905.753	-4166.667	260.9138	0.8536125	0.545466	0.143293	0.247325	0.0639169	1.673286	2.34511
13836	-3912.834	-4173.412	260.5785	0.9292831	0.555241	0.19227	0.194557	0.057933	1.680756	2.502648
13842	-3893.745	-4154.471	260.7263	0.7590937	0.445779	0.199267	0.300521	0.0544327	1.633594	2.550054
13848	-3889.233	-4149.307	260.0744	0.7110182	0.50831	0.210818	0.228262	0.052611	1.464958	3.080172
13854	-3891.435	-4152.47	261.0349	0.8240415	0.472605	0.286301	0.208663	0.0324315	1.781282	2.218102
13860	-3892.443	-4153.527	261.0838	0.8240415	0.472605	0.286301	0.208663	0.0324315	1.71611	2.228599
13866	-3899.955	-4161.153	261.198	0.6160999	0.485207	0.214224	0.264427	0.036142	1.596189	2.372423
13872	-3887.567	-4148.515	260.9478	0.7675804	0.445167	0.265145	0.281043	0.00864441	1.768338	2.320236
13878	-3901.792	-4162.311	260.5187	0.868202	0.505728	0.221004	0.235698	0.0375701	1.685575	2.5759
13884	-3913.901	-4174.461	260.5596	0.8804239	0.533258	0.296495	0.124584	0.0456629	1.606827	2.591548
13890	-3932.257	-4193.085	260.8278	0.6168335	0.510307	0.210175	0.21362	0.0658979	1.547314	2.633868
13896	-3925.662	-4186.435	260.7729	0.7673289	0.581171	0.141	0.208031	0.0697971	1.692596	2.478727
13902	-3901.226	-4163.101	261.8751	0.6889364	0.442016	0.302541	0.231729	0.0237133	1.819798	1.723903
13908	-3896.464	-4158.301	261.8372	0.5137117	0.344077	0.384314	0.232815	0.0387937	1.752386	1.922647
13914	-3902.745	-4164.048	261.3033	0.5808455	0.331199	0.407359	0.224101	0.0373417	1.682496	2.273943
13920	-3889.78	-4150.386	260.6058	0.5780233	0.396364	0.384407	0.151176	0.0680524	1.653648	2.72996
13926	-3879.085	-4139.703	260.6181	0.6608506	0.390504	0.378723	0.148941	0.0818318	1.548162	2.733623
13932	-3878.537	-4139.479	260.9419	0.8780856	0.449614	0.256182	0.21489	0.0793143	1.738153	2.269648
13938	-3887.142	-4148.535	261.3929	0.8320996	0.512214	0.227044	0.190448	0.0702932	1.7289	2.01246
13944	-3900.27	-4161.568	261.2977	0.6608818	0.448535	0.311181	0.151347	0.0889376	1.669738	2.231519
13950	-3900.826	-4162.009	261.1838	0.8118329	0.461607	0.296708	0.155758	0.0859266	1.708202	2.177324
13956	-3894.601	-4155.784	261.1833	0.7947334	0.538878	0.178981	0.181831	0.10031	1.726594	2.177324
13962	-3894.302	-4155.633	261.3319	0.8355056	0.543097	0.182265	0.173543	0.101096	1.734161	2.047094
13968	-3890.702	-4152.026	261.3241	0.8058032	0.562391	0.241933	0.135426	0.0602509	1.686916	2.103781
13974	-3900.799	-4161.769	260.9697	0.7785822	0.548246	0.167715	0.148716	0.135324	1.72975	2.323485
13980	-3903.961	-4164.604	260.6432	0.6693159	0.449993	0.343902	0.141778	0.064327	1.539172	2.718261
13986	-3878.609	-4139.16	260.5509	0.6223987	0.406859	0.327089	0.205898	0.0601543	1.642628	2.741825
13992	-3884.513	-4145.355	260.842	0.7254215	0.49587	0.199452	0.250943	0.053736	1.559701	2.546178
13998	-3881.165	-4142.366	261.2008	0.7034745	0.45662	0.251634	0.23108	0.0606661	1.759059	2.207322
14004	-3869.09	-4131.014	261.9239	0.7887651	0.492797	0.238819	0.189701	0.0786825	2.010041	1.473016
14010	-3876.494	-4138.813	262.3184	0.6744196	0.487695	0.162386	0.277677	0.0722425	2.010041	1.256804
14016	-3874.355	-4136.663	262.308	0.6504751	0.461072	0.236636	0.239882	0.0624094	1.910864	1.365931
14022	-3884.544	-4146.598	262.0539	0.6464534	0.509521	0.261502	0.138682	0.0902958	1.833883	1.618387
14028	-3905.924	-4168.09	262.166	0.5844862	0.474738	0.24365	0.21203	0.0695812	1.913962	1.52532
14034	-3899.495	-4161.163	261.6685	0.4803183	0.322726	0.454388	0.151838	0.071047	1.819406	2.012985
14040	-3895.19	-4157.11	261.9196	0.4304342	0.298033	0.41962	0.216736	0.0656108	1.790112	1.895578
14046	-3885.035	-4146.938	261.9028	0.5091112	0.37698	0.336196	0.263849	0.0229754	1.816526	1.83739
14052	-3896.822	-4158.831	262.009	0.6857929	0.456285	0.278445	0.221227	0.0440439	1.950574	1.535303
14058	-3892.093	-4154.029	261.9365	0.6855343	0.469318	0.241596	0.227546	0.0615403	1.950574	1.5888
14064	-3902.641	-4163.791	261.1495	0.6205429	0.475229	0.28171	0.220128	0.022933	1.679665	2.347292
14070	-3917.291	-4175.778	258.4876	0.744508	0.385997	0.365679	0.15986	0.0884637	1.334241	4.059236
14076	-3916.565	-4175.372	258.8068	0.9368086	0.391751	0.333789	0.184678	0.0897822	1.433696	3.70427
14082	-3920.625	-4179.306	258.6818	0.7368954	0.389757	0.337179	0.183738	0.0893254	1.447778	3.887833
14088	-3909.067	-4167.862	258.7949	0.7475024	0.461272	0.235858	0.231222	0.0716471	1.323415	3.887833
14094	-3891.487	-4150.232	258.7448	0.7804326	0.49509	0.25315	0.182132	0.0696275	1.338872	3.887833
14100	-3899.241	-4158.061	258.8208	0.7786755	0.418288	0.275586	0.231122	0.0750046	1.264634	3.887833
14106	-3889.025	-4146.661	257.6356	0.8585352	0.484896	0.231212	0.247883	0.0360097	1.268836	4.511016
14112	-3904.774	-4162.579	257.8049	0.8316907	0.535403	0.195648	0.228403	0.0405461	1.274509	4.428165
14118	-3897.186	-4155.345	258.1595	0.8316907	0.468377	0.205902	0.290251	0.0354702	1.23864	4.248036
14124	-3891.738	-4149.658	257.92	0.8193676	0.492894	0.165842	0.305444	0.0358186	1.218351	4.402196
14130	-3888.798	-4146.43	257.6322	0.9677877	0.416334	0.19433	0.301432	0.0879035	1.339413	4.410215
14136	-3884.094	-4141.055	256.9602	1.042993	0.564103	0.152429	0.170435	0.113033	1.275981	4.780718
14142	-3882.621	-4141.432	258.8105	0.8522059	0.48615	0.166063	0.299175	0.0486126	1.368079	3.790128
14148	-3874.936	-4134.79	259.8541	0.8845807	0.479702	0.177123	0.295207	0.0479678	1.571007	3.03987
14154	-3892.882	-4152.721	259.8382	0.9727657	0.478856	0.176811	0.28081	0.0635226	1.487749	3.045384
14160	-3909.565	-4169.677	260.1118	0.7246855	0.448341	0.267535	0.224649	0.0594746	1.448216	3.059213
14166	-3906.404	-4166.661	260.257	0.7275283	0.474805	0.283327	0.178882	0.0629852	1.554264	2.90646
14172	-3896.732	-4156.65	259.9185	0.8410828	0.514349	0.183379	0.193781	0.108491	1.554264	3.038278
14178	-3907.517	-4166.694	259.1767	0.7868201	0.431762	0.19449	0.280921	0.0928273	1.400154	3.599284
14184	-3909.606	-4169.147	259.5405	0.8401292	0.524949	0.241979	0.117578	0.115493	1.437762	3.332173
14190	-3903.333	-4165.838	262.5052	0.6069019	0.398531	0.258204	0.244812	0.0984537	2.210238	0.9689381
14196	-3909.795	-4172.342	262.5475	0.5322275	0.43826	0.254888	0.262373	0.0444782	2.315716	0.8929676
14202	-3917.367	-4177.226	259.8588	0.7139027	0.396717	0.373002	0.211951	0.0183298	1.393158	3.249029
14208	-3905.356	-4164.051	258.6948	0.7795072	0.485055	0.19989	0.244329	0.0707261	1.345095	3.913455
14214	-3900.287	-4158.458	258.1707	1.053738	0.518639	0.237916	0.159264	0.0841806	1.41177	4.015028
14220	-3903.155	-4162.92	259.7648	0.6358651	0.551197	0.146934	0.178347	0.123522	1.367617	3.368104
14226	-3906.416	-4166.149	259.7338	0.8594907	0.578438	0.11816	0.248076	0.055326	1.393644	3.232367
14232	-3903.715	-4164.614	260.8991	0.8594907	0.520935	0.190278	0.223415	0.065372	1.621344	2.38352
14238	-3896.647	-4156.669	260.022	0.7605898	0.477168	0.199044	0.255404	0.0683838	1.547256	3.030972
14244	-3885.217	-4145.436	260.2188	0.8883577	0.487468	0.206045	0.264387	0.0420998	1.583081	2.810273
14250	-3893.376	-4155.337	261.9613	0.6294107	0.360433	0.371169	0.216966	0.051432	1.993788	1.582508
14256	-3906.269	-4168.221	261.953	0.5360068	0.386402	0.397912	0.160549	0.0551377	1.989416	1.66213
14262	-3901.335	-4163.69	262.3556	0.5131326	0.396314	0.391484	0.157955	0.054247	1.934887	1.421516
14268	-3898.298	-4160.53	262.2321	0.7143377	0.407761	0.297494	0.238932	0.0558139	2.104841	1.214143
14274	-3882.98	-4144.013	261.0325	0.8826113	0.416238	0.24722	0.280462	0.0560799	1.676489	2.248035
14280	-3876.789	-4137.825	261.0357	0.7635965	0.512111	0.110148	0.314796	0.0629453	1.693262	2.314777
14286	-3880.214	-4141.348	261.134	0.7635965	0.478196	0.158982	0.293949	0.068874	1.784183	2.193145
14292	-3903.143	-4165.679	262.5364	0.5367335	0.4032	0.333629	0.149619	0.113552	2.066349	1.145435
14298	-3895.867	-4158.364	262.4974	0.4709347	0.471753	0.298489	0.181239	0.0485191	2.103385	1.204201
14304	-3892.697	-4153.507	260.8101	0.8699038	0.497501	0.07372	0.34733	0.081449	1.779941	2.332547
14310	-3883.274	-4143.806	260.5319	0.6601697	0.525388	0.157839	0.230759	0.0860145	1.688162	2.70107
14316	-3881.428	-4141.311	259.8838	0.7580204	0.438885	0.253962	0.235301	0.0718525	1.480162	3.155063
14322	-3880.507	-4142.639	262.132	0.5553489	0.372389	0.389727	0.196539	0.041345	1.980367	1.523747
14328	-3881.718	-4143.612	261.8941	0.5828771	0.526213	0.197139	0.218224	0.0584236	1.955901	1.693381
14334	-3886.506	-4148.522	262.0161	0.570342	0.464807	0.291476	0.197317	0.0464005	1.857341	1.686015
14340	-3884.352	-4146.515	262.1629	0.522324	0.522558	0.236696	0.222064	0.0186823	1.794405	1.661382
14346	-3890.103	-4152.475	262.3719	0.4786023	0.485774	0.293099	0.206432	0.0146955	1.946841	1.426104
14352	-3900.243	-4161.337	261.0938	0.6312887	0.340412	0.341444	0.267292	0.0508522	1.728674	2.344343
14358	-3905.994	-4167.41	261.4164	0.6167025	0.34677	0.36801	0.238982	0.0462378	1.760387	2.12597
14364	-3927.369	-4189.293	261.9244	0.6036307	0.42532	0.338736	0.146401	0.0895434	1.813427	1.757058
14370	-3890.416	-4151.846	261.43	0.7168287	0.54417	0.179059	0.210334	0.0664368	1.718241	2.07519
14376	-3886.355	-4147.962	261.6065	0.7233168	0.468284	0.254708	0.181002	0.0960056	1.816248	1.886947
14382	-3880.019	-4141.189	261.1705	0.8891372	0.458872	0.249588	0.177364	0.114176	1.724854	2.122844
14388	-3886.036	-4147.012	260.9753	0.744965	0.481908	0.276782	0.121402	0.119908	1.619034	2.412608
14394	-3896.685	-4157.492	260.8061	0.8245307	0.530901	0.266474	0.117275	0.0853499	1.704693	2.412608
14400	-3907.17	-4168.621	261.4513	0.8684561	0.398536	0.271386	0.194458	0.135621	1.816146	1.889143
14406	-3910.522	-4171.911	261.3886	0.8895092	0.460134	0.348053	0.0972983	0.0945142	1.807391	1.922904
14412	-3910.378	-4172.169	261.791	0.8122077	0.529614	0.278591	0.11199	0.0798046	1.8869	1.643567
14418	-3898.124	-4159.594	261.4702	0.6020839	0.411025	0.321107	0.237497	0.0303701	1.814343	2.065299
14424	-3885.751	-4147.261	261.5093	0.6020839	0.333807	0.43413	0.205514	0.0265483	1.842782	2.020606
14430	-3881.455	-4143.053	261.5982	0.6427617	0.459369	0.222736	0.282819	0.035076	1.874158	1.91119
14436	-3897.449	-4159.679	262.2292	0.5355428	0.395776	0.313211	0.243667	0.0473463	1.950221	1.488801
14442	-3897.596	-4159.32	261.7244	0.5956168	0.417269	0.399113	0.146317	0.0373017	1.881586	1.854012
14448	-3912.841	-4174.682	261.8407	0.5911518	0.597407	0.154846	0.203488	0.044259	1.85395	1.796226
14454	-3915.067	-4176.554	261.4864	0.5911518	0.440301	0.30708	0.172164	0.080456	1.681554	2.149276
14460	-3901.773	-4163.698	261.9257	0.5201166	0.440301	0.30708	0.172164	0.080456	1.854678	1.787617
14466	-3910.333	-4172.122	261.7882	0.5201166	0.432928	0.37032	0.181165	0.0155877	1.854678	1.882086
14472	-3884.713	-4146.266	261.553	0.5544768	0.488473	0.32482	0.158906	0.0278003	1.785658	2.062371
14478	-3884.314	-4145.614	261.3	0.657242	0.497658	0.233794	0.204474	0.0640744	1.796064	2.150737
14484	-3890.891	-4152.019	261.1276	0.7205491	0.496117	0.23307	0.260478	0.0103346	1.76817	2.236993
14490	-3891.801	-4154.394	262.5927	0.514124	0.318791	0.429664	0.153854	0.0976908	2.287963	0.8939974
14496	-3885.587	-4148.258	262.671	0.4995837	0.384976	0.311255	0.185796	0.117973	2.242087	0.8735038
14502	-3905.584	-4166.435	260.8509	0.6446273	0.492989	0.154484	0.264075	0.0884528	1.623705	2.554055
14508	-3913.876	-4175.086	261.2095	0.6206819	0.465838	0.255096	0.203042	0.0760238	1.631081	2.339917
14514	-3900.583	-4162.055	261.4719	0.6206819	0.519416	0.274084	0.164455	0.0420452	1.775451	2.076967
14520	-3898.285	-4160.816	262.5313	0.5899261	0.510642	0.291747	0.166804	0.0308072	2.305017	0.8545856
14526	-3895.875	-4158.264	262.3883	0.5899261	0.437786	0.250122	0.232037	0.0800555	2.398648	0.9115186
14532	-3897.663	-4159.938	262.275	0.6579709	0.434682	0.261607	0.222561	0.0811503	2.224513	1.124305
14538	-3894.615	-4156.976	262.3614	0.6294191	0.42077	0.253235	0.215438	0.110557	2.159475	1.132195
14544	-3898.752	-4160.409	261.6574	0.6752815	0.379421	0.347589	0.269536	0.00345472	1.956161	1.790826
14550	-3897.04	-4159.081	262.0408	0.6244355	0.461803	0.204375	0.328059	0.00576261	1.969117	1.546073
14556	-3905.882	-4167.9	262.0178	0.6244355	0.337202	0.336572	0.239544	0.0866809	1.945005	1.580692
14562	-3903.19	-4165.16	261.9702	0.6223382	0.411982	0.354923	0.177846	0.0552485	1.99491	1.580692
14568	-3899.075	-4160.923	261.848	0.6181026	0.497881	0.299222	0.156319	0.0465779	1.904377	1.736178
14574	-3903.167	-4164.325	261.1584	0.7540036	0.510748	0.231645	0.209826	0.0477817	1.813933	2.164566
14580	-3898.804	-4160.521	261.7168	0.6382499	0.486492	0.296101	0.164414	0.0529927	1.815514	1.87367
14586	-3892.562	-4154.225	261.6624	0.6605404	0.502329	0.149566	0.286632	0.0614724	1.85499	1.867763
14592	-3878.481	-4140.16	261.6794	0.6252356	0.473719	0.22274	0.284188	0.0193526	1.875326	1.867763
14598	-3890.268	-4151.842	261.574	0.4759439	0.465504	0.245077	0.257552	0.0318672	1.731188	2.136202
14604	-3903.81	-4165.295	261.4849	0.6222286	0.431212	0.263431	0.241407	0.0639502	1.692574	2.121753
14610	-3891.335	-4153	261.6655	0.6103143	0.533914	0.236285	0.178713	0.051088	1.80201	1.937578
14616	-3899.294	-4159.59	260.2954	0.8040725	0.471854	0.266723	0.224843	0.0365793	1.586907	2.814561
14622	-3891.152	-4151.98	260.8278	0.7020609	0.510476	0.206703	0.243247	0.0395734	1.715085	2.473443
14628	-3879.729	-4140	260.2713	0.7069456	0.417617	0.232932	0.304855	0.0445949	1.726858	2.806381
14634	-3874.622	-4135.452	260.8306	0.6640298	0.453633	0.261371	0.238494	0.0465019	1.667598	2.526564
14640	-3877.703	-4138.658	260.9549	0.7579204	0.501113	0.288728	0.19286	0.0172978	1.744152	2.337632
14646	-3883.493	-4144.527	261.0342	0.5660357	0.516413	0.288306	0.192578	0.00270272	1.635619	2.483762
14652	-3898.694	-4159.408	260.7143	0.702655	0.605343	0.126335	0.257813	0.0105084	1.622807	2.601258
14658	-3895.763	-4157.438	261.6753	0.6238176	0.501196	0.199375	0.288592	0.0108373	1.848874	1.88959
14664	-3892.352	-4154.237	261.8849	0.5966917	0.343829	0.326819	0.295814	0.0335382	1.907844	1.723662
14670	-3919.509	-4181.876	262.3673	0.5644795	0.292224	0.487424	0.177451	0.0429006	2.2353	1.119932
14676	-3895.849	-4158.199	262.3504	0.7071145	0.391861	0.296067	0.246709	0.0653629	2.27833	0.9487642
14682	-3900.907	-4163.237	262.3301	0.7833668	0.394659	0.340876	0.169121	0.0953437	2.233523	0.9323942
14688	-3895.678	-4158.202	262.5234	0.6270839	0.378776	0.315244	0.230168	0.0758126	2.251127	0.8814074
14694	-3910.371	-4172.739	262.368	0.6270839	0.421049	0.320563	0.211057	0.0473312	2.251127	1.043504
14700	-3919.089	-4180.876	261.7863	0.6538728	0.469442	0.273379	0.196186	0.0609924	1.908323	1.750146
14706	-3907.782	-4169.971	262.1896	0.573864	0.469442	0.273379	0.196186	0.0609924	1.895507	1.529681
14712	-3910.246	-4172.327	262.0803	0.6433727	0.487945	0.272476	0.203919	0.0356598	1.831592	1.603226
14718	-3900.121	-4162.105	261.9842	0.571672	0.507111	0.249702	0.218991	0.0241961	1.713878	1.807901
14724	-3896.363	-4158.398	262.0348	0.5998659	0.46771	0.269012	0.225011	0.0382664	1.852118	1.654398
14730	-3892.09	-4154.499	262.4091	0.6580565	0.407553	0.358267	0.194761	0.0394193	2.074733	1.138246
14736	-3898.897	-4161.362	262.4651	0.5173711	0.409954	0.28836	0.268299	0.0333872	2.104999	1.191109
14742	-3901.215	-4163.666	262.4513	0.530953	0.380692	0.339158	0.249148	0.0310025	2.105033	1.191109
14748	-3895.56	-4157.952	262.3926	0.5426577	0.415663	0.360819	0.194621	0.0288972	2.161464	1.182748
14754	-3888.505	-4151.035	262.5294	0.5426577	0.414362	0.35969	0.181574	0.0443745	2.177433	1.043912
14760	-3884.549	-4147.101	262.5526	0.5313619	0.378558	0.328611	0.25229	0.0405403	2.172842	1.037134
14766	-3896.659	-4159.149	262.49	0.6072114	0.452171	0.242861	0.262747	0.0422206	2.215297	0.9789532
14772	-3908.118	-4170.555	262.4374	0.6164812	0.444108	0.42027	0.0651031	0.0705189	2.396585	0.8229283
14778	-3901.314	-4163.61	262.2968	0.7429738	0.43506	0.280795	0.137087	0.147058	2.334266	0.9050747
14784	-3903.549	-4165.973	262.4241	0.6817749	0.391435	0.282775	0.177858	0.147932	2.250892	0.9280273
14790	-3893.64	-4156.046	262.4056	0.6422868	0.369794	0.352499	0.229097	0.0486099	2.245581	0.996352
14796	-3899.779	-4162.181	262.4021	0.6365246	0.374274	0.458785	0.126308	0.0406329	2.281579	0.969441
14802	-3906.794	-4169.422	262.6283	0.4612274	0.408047	0.401895	0.137706	0.0523519	2.234543	0.969441
14808	-3931.692	-4194.332	262.64	0.4546693	0.233082	0.462094	0.272416	0.0324081	2.203124	0.9958336
14814	-3915.626	-4177.875	262.2488	0.6282868	0.403275	0.204711	0.335942	0.0560721	2.300815	1.107312
14820	-3909.549	-4172.029	262.4795	0.6282868	0.353401	0.306197	0.256532	0.0838698	2.300815	0.8731714
14826	-3918.24	-4180.614	262.3742	0.6282868	0.4028	0.38672	0.0649683	0.145511	2.229053	1.05751
14832	-3899.222	-4161.73	262.5083	0.6008102	0.374994	0.477817	0.0944897	0.0527	2.377076	0.7763123
14838	-3898.718	-4161.155	262.4372	0.6620426	0.337773	0.465151	0.160126	0.036951	2.410651	0.7363639
14844	-3893.521	-4155.908	262.387	0.6620426	0.321888	0.443275	0.191752	0.0430856	2.488429	0.6902758
14850	-3888.251	-4150.814	262.5633	0.5297039	0.333895	0.45981	0.131177	0.0751184	2.398101	0.7731562
14856	-3890.221	-4152.719	262.4981	0.6214039	0.364686	0.393862	0.140975	0.100477	2.415703	0.6983867
14862	-3898.846	-4161.312	262.466	0.6011956	0.404045	0.404722	0.148718	0.0425154	2.386453	0.8198959
14868	-3892.725	-4155.261	262.5357	0.5729817	0.383774	0.384417	0.191426	0.0403825	2.327013	0.8439897
14874	-3904.321	-4166.887	262.5668	0.5345697	0.373321	0.415728	0.186212	0.0247387	2.377057	0.7905912
14880	-3903.227	-4165.764	262.5369	0.5593972	0.43515	0.359436	0.169045	0.0363691	2.4043	0.7582401
14886	-3882.751	-4145.216	262.4652	0.5436502	0.402874	0.412741	0.156506	0.0278799	2.373451	0.9075285
14892	-3884.702	-4147.156	262.4537	0.5559298	0.37487	0.368987	0.238578	0.0175655	2.297897	0.9863079
14898	-3888.653	-4151.048	262.3955	0.5446321	0.330417	0.39368	0.254544	0.0213589	2.310402	1.042922
14904	-3885.42	-4147.894	262.4738	0.6038255	0.33639	0.358379	0.259146	0.0460855	2.310402	0.8983834
14910	-3902.569	-4165.043	262.4738	0.6038255	0.337197	0.359239	0.259768	0.0437965	2.310402	0.8983834
14916	-3897.286	-4159.705	262.4189	0.638174	0.512279	0.280263	0.154172	0.0532859	2.309731	0.9197923
14922	-3906.858	-4168.328	261.4705	0.6996585	0.467317	0.278687	0.194741	0.059255	1.795925	2.009007
14928	-3897.332	-4159.162	261.8297	0.6471295	0.393696	0.29052	0.247209	0.068575	1.795348	1.803563
14934	-3907.443	-4169.432	261.9891	0.5579291	0.443684	0.259066	0.219968	0.077282	1.91154	1.67582
14940	-3905.629	-4167.75	262.1209	0.6339087	0.30572	0.517932	0.105008	0.0713397	1.888835	1.538822
14946	-3912.224	-4173.893	261.6693	0.843926	0.390411	0.28914	0.191264	0.129185	1.813831	1.758068
14952	-3892.674	-4154.666	261.9927	0.7407381	0.409612	0.327654	0.16543	0.0973035	2.008303	1.460535
14958	-3885.872	-4147.706	261.834	0.7952171	0.389258	0.311372	0.255567	0.0438027	1.985926	1.553164
14964	-3883.38	-4145.281	261.9007	0.7602979	0.375072	0.419838	0.130182	0.0749086	1.917879	1.581121
14970	-3874.264	-4136.378	262.1133	0.5465121	0.361201	0.355511	0.241156	0.0421317	1.917879	1.59019
14976	-3881.435	-4143.584	262.1494	0.6343983	0.39956	0.342555	0.158744	0.0991421	1.995063	1.437
14982	-3881.194	-4143.458	262.2641	0.6343983	0.473951	0.300114	0.139076	0.086859	1.995063	1.347428
14988	-3881.003	-4143.053	262.05	0.5890783	0.376872	0.397383	0.110735	0.11501	1.85408	1.650153
14994	-3902.833	-4164.908	262.0748	0.5745557	0.386228	0.395756	0.140796	0.0772201	1.883199	1.622238
15000	-3894.194	-4156.093	261.8988	0.596399	0.413122	0.262535	0.254595	0.0697491	1.924104	1.70257
15006	-3899.054	-4160.876	261.8216	0.6817923	0.351538	0.416282	0.177113	0.055067	1.79733	1.782341
15012	-3900.797	-4162.231	261.4338	0.6425071	0.33668	0.454082	0.142717	0.0665212	1.634595	2.178852
15018	-3908.165	-4169.245	261.08	0.8011406	0.50654	0.325944	0.0673999	0.100116	1.675835	2.272355
15024	-3904.135	-4165.791	261.6562	0.6050111	0.372615	0.310451	0.285617	0.0313174	1.704355	2.012908
15030	-3918.235	-4179.5	261.2643	0.7644263	0.563788	0.0989999	0.251291	0.0859216	1.664361	2.185827
15036	-3909.44	-4170.235	260.7951	1.02091	0.553188	0.0971387	0.246567	0.103106	1.628444	2.341016
15042	-3881.277	-4143.255	261.9782	0.6324438	0.434651	0.276832	0.169402	0.119116	1.836751	1.681271
15048	-3897.127	-4159.422	262.2949	0.4401119	0.477958	0.304415	0.18628	0.0313468	2.047949	1.435619
15054	-3913.951	-4175.635	261.6844	0.8390621	0.449967	0.206742	0.305389	0.0379017	1.801148	1.759921
15060	-3888.504	-4150.622	262.1182	0.7056529	0.476303	0.265	0.177067	0.0816306	2.033007	1.373143
15066	-3899.262	-4161.219	261.9568	0.7841097	0.483187	0.26883	0.179626	0.068357	2.01199	1.450287
15072	-3907.506	-4169.486	261.9798	0.7960967	0.503817	0.284963	0.181048	0.0301716	1.976374	1.450287
15078	-3901.188	-4162.975	261.7865	0.7454818	0.574423	0.139833	0.275024	0.0107202	1.78682	1.767156
15084	-3883.726	-4145.444	261.7181	0.7801957	0.609734	0.110143	0.271894	0.0082294	1.934634	1.685523
15090	-3906.874	-4168.957	262.0828	0.7801957	0.422719	0.146519	0.396075	0.0346873	1.926446	1.422391
15096	-3889.123	-4151.119	261.9958	0.7406674	0.455085	0.167152	0.3637	0.0140637	1.934869	1.513552
15102	-3888.161	-4150.242	262.0802	0.665643	0.512065	0.187616	0.243647	0.0566725	1.934869	1.509913
15108	-3877.667	-4139.73	262.0627	0.6408833	0.49166	0.20951	0.233938	0.0648925	1.846613	1.607012
15114	-3875.416	-4137.327	261.9118	0.7239072	0.387355	0.377211	0.184308	0.0511257	1.997383	1.542755
15120	-3875.409	-4137.149	261.7404	0.8790514	0.483731	0.261029	0.134568	0.120671	2.009551	1.540356
15126	-3883.566	-4145.56	261.9945	0.7222779	0.591845	0.1288	0.217313	0.0620415	1.826821	1.608316
15132	-3884.488	-4146.193	261.7048	0.7794771	0.504392	0.232176	0.191556	0.0718758	1.868464	1.742147
15138	-3893.38	-4155.435	262.0556	0.5663407	0.533764	0.245696	0.202711	0.017829	1.909246	1.623529
15144	-3879.61	-4141.359	261.7491	0.8574868	0.449334	0.322176	0.190844	0.0376454	1.909432	1.623529
15150	-3874.887	-4136.523	261.6352	0.7714277	0.440459	0.291856	0.176487	0.0911977	1.87678	1.790769
15156	-3892.952	-4153.964	261.0116	0.8836417	0.393414	0.260683	0.244822	0.101081	1.872474	2.133955
15162	-3889.578	-4151.03	261.4524	0.7776333	0.465124	0.257235	0.21998	0.0576609	1.823206	1.947751
15168	-3886.736	-4148.142	261.4064	0.8589706	0.481198	0.222643	0.227582	0.0685761	1.841145	1.909323
15174	-3903.891	-4165.318	261.4275	0.9086205	0.463542	0.227782	0.247316	0.0613597	1.732144	1.934188
15180	-3910.871	-4172.366	261.4949	0.6989065	0.482031	0.214275	0.277132	0.0265625	1.695051	2.060183
15186	-3904.177	-4165.542	261.3656	0.6989065	0.478359	0.233245	0.236782	0.0516134	1.695051	2.145048
15192	-3909.053	-4170.663	261.6094	0.5855038	0.438118	0.258117	0.216863	0.0869014	1.857844	1.955308
15198	-3889.167	-4150.563	261.3963	0.828073	0.425307	0.25057	0.239762	0.0843604	1.811753	1.957652
15204	-3895.034	-4156.215	261.1812	0.733782	0.379254	0.38247	0.16305	0.0752256	1.698997	2.238023
15210	-3896.705	-4157.566	260.8605	0.7877551	0.446081	0.388546	0.110758	0.0546146	1.646451	2.439228
15216	-3890.802	-4151.163	260.3605	0.7372514	0.399854	0.373544	0.174096	0.0525059	1.591394	2.815
15222	-3923.373	-4182.667	259.2933	0.7018457	0.528052	0.25504	0.178173	0.0387356	1.308326	3.637002
15228	-3911.606	-4169.717	258.1109	0.7018457	0.474833	0.247022	0.178061	0.100083	1.380462	4.272668
15234	-3901.641	-4160.657	259.0163	0.6295369	0.495494	0.180703	0.257614	0.066189	1.501997	3.729503
15240	-3905.084	-4164.491	259.4072	0.6295369	0.371011	0.225291	0.321178	0.0825206	1.54729	3.476197
15246	-3897.275	-4156.937	259.6629	0.7741449	0.360051	0.300296	0.25957	0.0800829	1.51018	3.258065
15252	-3893.529	-4153.886	260.3568	0.8059856	0.387525	0.252948	0.279376	0.0801511	1.577667	2.781601
15258	-3903.742	-4163.907	260.1657	0.6969952	0.454614	0.220066	0.233098	0.0922217	1.577667	2.966883
15264	-3902.715	-4163.009	260.2935	0.6061614	0.448448	0.242557	0.263843	0.0451523	1.494526	2.997719
15270	-3894.453	-4154.039	259.5865	0.7465613	0.463233	0.177796	0.303224	0.0557466	1.538655	3.303479
15276	-3894.274	-4154.318	260.0442	0.6975904	0.509889	0.195703	0.264636	0.0297722	1.505044	3.082743
15282	-3897.886	-4156.876	258.9907	0.6463429	0.487846	0.2202	0.2254	0.0665543	1.522086	3.722413
15288	-3891.856	-4151.633	259.7771	0.7510919	0.404016	0.286878	0.186668	0.122438	1.52048	3.198743
15294	-3894.629	-4154.793	260.164	0.7510919	0.477708	0.25074	0.163989	0.107563	1.587939	2.927222
15300	-3896.962	-4157.474	260.5127	0.7434819	0.439844	0.281118	0.180001	0.0990369	1.617365	2.702176
15306	-3926.742	-4187.38	260.6374	0.5516483	0.439158	0.227582	0.267512	0.0657482	1.562696	2.782914
15312	-3926.326	-4187.029	260.7024	0.5516483	0.426754	0.276729	0.174384	0.122133	1.615773	2.710756
15318	-3918.959	-4180.252	261.2936	0.6502397	0.426754	0.276729	0.174384	0.122133	1.694065	2.225781
15324	-3902.197	-4163.51	261.3129	0.5874606	0.449732	0.31454	0.141851	0.0938772	1.740921	2.225781
15330	-3910.318	-4170.254	259.9352	0.8514815	0.465269	0.325539	0.124904	0.0842877	1.554819	3.021496
15336	-3897.887	-4156.544	258.6564	0.8082188	0.47417	0.337144	0.127393	0.0612935	1.449904	3.858088
15342	-3885.347	-4144.677	259.3302	0.7499821	0.47417	0.337144	0.127393	0.0612935	1.454438	3.500946
15348	-3883.198	-4142.187	258.9895	0.6704952	0.372562	0.330027	0.241692	0.0557193	1.46755	3.739822
15354	-3883.931	-4143.147	259.2167	0.7136118	0.552447	0.212717	0.176996	0.0578397	1.382122	3.631386
15360	-3870.218	-4129.561	259.3428	0.9370751	0.48679	0.230424	0.217407	0.0653791	1.481264	3.364206
15366	-3889.383	-4149.552	260.169	0.8353518	0.361553	0.411061	0.18573	0.0416555	1.554721	2.890888
15372	-3891.378	-4151.557	260.1788	0.5985877	0.472811	0.254907	0.217808	0.0544739	1.547772	3.039333
15378	-3896.722	-4157.673	260.9513	0.6531801	0.48181	0.259759	0.221953	0.0364778	1.647425	2.470926
15384	-3889.059	-4150.635	261.576	0.7610323	0.538086	0.290099	0.131077	0.0407385	1.687212	1.967793
15390	-3902.304	-4163.289	260.985	0.7353243	0.533805	0.193747	0.203068	0.0693805	1.662897	2.385172
15396	-3896.623	-4157.678	261.0551	0.7145111	0.387367	0.310234	0.217689	0.0847108	1.614819	2.385172
15402	-3886.604	-4147.115	260.5101	0.7007401	0.43215	0.3461	0.112803	0.108947	1.624126	2.727329
15408	-3895.955	-4156.823	260.8679	0.7812748	0.383024	0.306756	0.200059	0.110161	1.71415	2.396225
15414	-3888.462	-4150.286	261.824	0.7119937	0.398161	0.362713	0.154888	0.0842368	1.777305	1.772323
15420	-3891.789	-4153.541	261.7525	0.7078978	0.430456	0.312292	0.166183	0.0910692	1.853166	1.772323
15426	-3888.623	-4150.642	262.0184	0.6327391	0.430456	0.312292	0.166183	0.0910692	1.853166	1.640533
15432	-3886.955	-4148.847	261.8915	0.6425336	0.417038	0.25597	0.293932	0.0330596	1.786536	1.770173
15438	-3897.738	-4159.434	261.6962	0.6689745	0.505191	0.304763	0.160676	0.0293703	1.802836	1.874221
15444	-3895.467	-4157.549	262.0827	0.6008244	0.457964	0.311283	0.196231	0.0345228	2.047214	1.474996
15450	-3893.368	-4155.389	262.0211	0.6689745	0.469421	0.306817	0.210223	0.0135393	1.942976	1.545156
15456	-3893.446	-4155.019	261.5737	0.650911	0.492443	0.326398	0.137318	0.043841	1.881218	1.917187
15462	-3891.626	-4153.314	261.6878	0.6344831	0.429782	0.284865	0.231382	0.0539711	1.784449	1.917187
15468	-3891.558	-4153.654	262.0957	0.5335022	0.430882	0.316662	0.23555	0.0169065	1.799535	1.69749
15474	-3919.007	-4181.451	262.4442	0.5696932	0.417609	0.317569	0.2235	0.0413222	2.087608	1.17783
15480	-3907.156	-4168.368	261.2122	0.7906085	0.446048	0.255364	0.288182	0.0104065	1.797369	2.11519
15486	-3896.013	-4157.36	261.3474	0.7302788	0.432955	0.198446	0.339049	0.0295495	1.721692	2.117824
15492	-3884.624	-4146.062	261.4377	0.8322927	0.53302	0.193152	0.227281	0.0465469	1.68591	2.011097
15498	-3889.764	-4150.171	260.4061	0.836259	0.53663	0.187688	0.22882	0.0468621	1.697603	2.658552
15504	-3891.8	-4152.322	260.5225	0.836259	0.446425	0.236751	0.288635	0.0281893	1.581192	2.658552
15510	-3895.548	-4156.456	260.9081	0.8236399	0.500325	0.265335	0.202746	0.0315928	1.563039	2.438115
15516	-3906.145	-4166.677	260.5318	0.8690438	0.580492	0.225724	0.15862	0.0351642	1.521363	2.668756
15522	-3896.518	-4157.387	260.8682	0.5927995	0.421622	0.19009	0.309245	0.0790434	1.593622	2.595892
15528	-3892.682	-4153.476	260.7948	0.6557861	0.506736	0.183812	0.253302	0.0561493	1.630705	2.577237
15534	-3896.767	-4159.14	262.3725	0.6210823	0.406497	0.323753	0.229063	0.0406871	2.094383	1.187361
15540	-3890.261	-4152.585	262.3238	0.6210823	0.384954	0.289643	0.286872	0.0385308	2.079302	1.241574
15546	-3902.505	-4164.614	262.1093	0.5803258	0.424703	0.251046	0.279133	0.0451176	1.961324	1.535431
15552	-3901.708	-4163.829	262.121	0.6562486	0.496068	0.293231	0.158002	0.052699	1.921723	1.496597
15558	-3886.879	-4148.637	261.7583	0.7862586	0.480391	0.288201	0.177142	0.054266	1.91696	1.664933
15564	-3891.07	-4153.022	261.9516	0.6361656	0.504833	0.29246	0.155172	0.0475356	1.95234	1.614575
15570	-3905.124	-4165.96	260.8363	0.6819618	0.385085	0.330579	0.232958	0.0513774	1.571778	2.570828
15576	-3903.066	-4163.234	260.168	0.6819618	0.518836	0.258675	0.182287	0.0402022	1.527753	3.005045
15582	-3891.006	-4150.648	259.642	0.7116399	0.521208	0.213842	0.18312	0.0818297	1.437064	3.35235
15588	-3892.197	-4152.013	259.8153	0.6935987	0.534044	0.219109	0.18763	0.059216	1.419066	3.272098
15594	-3889.343	-4149.693	260.3504	0.6290573	0.339047	0.346183	0.174994	0.139777	1.437793	2.983125
15600	-3880.126	-4140.997	260.8705	0.6142501	0.42957	0.32599	0.207259	0.0371807	1.531745	2.618762
15606	-3877.455	-4138.323	260.8681	0.566363	0.424653	0.322259	0.204887	0.0482008	1.693638	2.551
15612	-3889.541	-4150.645	261.1045	0.4827794	0.386325	0.299426	0.2544	0.0598489	1.560392	2.539461
15618	-3881.687	-4142.317	260.63	0.5743934	0.384946	0.378317	0.215596	0.0211402	1.629778	2.732056
15624	-3891.182	-4151.3	260.1179	0.5489098	0.302861	0.411813	0.234685	0.0506401	1.500637	3.134614
15630	-3880.804	-4141.844	261.0398	0.5808233	0.461041	0.238845	0.281101	0.0190126	1.64048	2.467543
15636	-3896.865	-4158.328	261.4626	0.4705531	0.497695	0.249585	0.23671	0.0160101	1.66281	2.256001
15642	-3924.321	-4186.018	261.6969	0.7604289	0.496108	0.162137	0.217087	0.124668	1.762474	1.835132
15648	-3923.14	-4184.972	261.8324	0.8203175	0.572584	0.13756	0.243343	0.0465139	2.059275	1.480031
15654	-3897.467	-4159.202	261.7351	0.8821288	0.33365	0.309277	0.308084	0.0489879	2.004739	1.54555
15660	-3892.386	-4153.971	261.5851	0.829199	0.33365	0.309277	0.308084	0.0489879	1.948448	1.733498
15666	-3890.028	-4151.227	261.1989	0.8113548	0.528843	0.226662	0.196638	0.0478565	1.79662	2.110149
15672	-3899.501	-4160.601	261.1002	0.9214867	0.46234	0.189565	0.300313	0.0477816	1.85785	2.059869
15678	-3908.451	-4169.624	261.1736	0.9214867	0.481883	0.19934	0.285823	0.0329536	1.784449	2.059869
15684	-3907.768	-4168.863	261.0955	0.9214867	0.512297	0.24757	0.205099	0.0350335	1.752254	2.132281
15690	-3905.006	-4166.529	261.5229	0.7588677	0.445534	0.330369	0.17837	0.0457258	1.715644	1.985811
15696	-3917.657	-4179.105	261.4479	0.7240875	0.341186	0.433829	0.188322	0.0366635	1.708474	2.064744
15702	-3903.362	-4164.915	261.553	0.8163348	0.47767	0.148183	0.314771	0.0593756	1.837396	1.842171
15708	-3902.348	-4164.298	261.95	0.7605725	0.427231	0.249299	0.223577	0.099892	1.875807	1.575601
15714	-3891.539	-4153.455	261.9155	0.6930033	0.484459	0.148742	0.253526	0.113273	2.009959	1.554875
15720	-3896.03	-4158.164	262.1346	0.6930033	0.441808	0.246972	0.231206	0.0800139	1.91379	1.462959
15726	-3887.269	-4149.656	262.3868	0.6798728	0.42602	0.273883	0.222943	0.0771545	1.988275	1.21276
15732	-3904.511	-4166.839	262.328	0.6651774	0.433233	0.31513	0.164007	0.0876298	2.15699	1.130479
15738	-3905.975	-4168.201	262.2264	0.7762353	0.404806	0.245799	0.248605	0.10079	2.268523	1.010842
15744	-3903.901	-4166.247	262.3458	0.6130442	0.393126	0.26675	0.269795	0.0703292	2.346277	0.9861937
15750	-3888.787	-4150.949	262.1616	0.7593107	0.478977	0.273045	0.16229	0.0856878	2.295074	1.064977
15756	-3884.793	-4147.075	262.2827	0.5881931	0.460845	0.262709	0.235158	0.0412873	2.279138	1.134316
15762	-3896.437	-4158.913	262.4753	0.5879323	0.382082	0.38872	0.194967	0.0342308	2.374606	0.8406419
15768	-3881.936	-4144.466	262.53	0.5833829	0.377894	0.384459	0.158906	0.0787414	2.374606	0.7749928
15774	-3900.409	-4162.786	262.3771	0.5995046	0.317436	0.320652	0.251913	0.109999	2.489295	0.8040298
15780	-3905.466	-4167.812	262.3462	0.5922397	0.321418	0.377731	0.217031	0.0838209	2.630926	0.6326884
15786	-3901.857	-4164.315	262.4574	0.5024673	0.324816	0.396728	0.219325	0.0591312	2.620361	0.6109477
15792	-3898.975	-4161.585	262.6101	0.473885	0.43595	0.290263	0.263214	0.0105718	2.388905	0.7978865
15798	-3889.768	-4152.299	262.5312	0.5302354	0.436066	0.363662	0.175836	0.0244365	2.48108	0.691966
15804	-3894.117	-4156.442	262.3248	0.6599722	0.353561	0.446829	0.175254	0.0243557	2.401257	0.8970563
15810	-3893.057	-4155.546	262.4891	0.5431117	0.469374	0.29425	0.223711	0.0126651	2.224785	1.03673
15816	-3906.512	-4168.892	262.3797	0.646629	0.410216	0.353513	0.177032	0.059239	2.152716	1.105342
15822	-3894.955	-4156.935	261.9808	0.6958657	0.400293	0.354017	0.177284	0.0684054	1.991205	1.518149
15828	-3886.971	-4148.536	261.5652	0.6958657	0.461178	0.246585	0.20349	0.0887464	1.849235	1.912347
15834	-3900.893	-4162.533	261.6394	0.5989401	0.279688	0.555327	0.123409	0.0415764	1.877445	1.912347
15840	-3887.067	-4148.699	261.6323	0.5989401	0.338476	0.456115	0.134795	0.0706144	1.877445	1.917157
15846	-3894.578	-4156.503	261.9243	0.5989401	0.382419	0.25496	0.282839	0.0797821	1.943488	1.668744
15852	-3888.86	-4150.318	261.4581	0.8312851	0.508357	0.203218	0.22544	0.0629847	1.932263	1.831522
15858	-3885.255	-4146.935	261.6799	0.7643957	0.428199	0.335611	0.189892	0.0462984	1.973074	1.697162
15864	-3886.229	-4147.959	261.7296	0.6878465	0.510326	0.281139	0.169751	0.0387838	2.0043	1.697162
15870	-3882.155	-4143.487	261.3316	0.7356989	0.394104	0.310187	0.252918	0.0427911	1.871286	2.025877
15876	-3891.782	-4153.432	261.6499	0.7002891	0.414652	0.32636	0.213967	0.0450222	1.815676	1.874389
15882	-3891.489	-4153.177	261.6885	0.5958993	0.414152	0.30404	0.183898	0.0979095	1.804166	1.930854
15888	-3911.61	-4173.31	261.6997	0.7665649	0.46605	0.34214	0.0816321	0.110179	1.856528	1.7636
15894	-3923.534	-4185.648	262.1142	0.6849076	0.452437	0.386357	0.111226	0.0499793	2.032049	1.394226
15900	-3912.954	-4175.076	262.1224	0.6656238	0.429554	0.35083	0.136802	0.082814	2.022517	1.411163
15906	-3904.625	-4166.56	261.9344	0.7466642	0.416934	0.387901	0.147895	0.0472704	1.97192	1.52703
15912	-3884.795	-4146.329	261.5334	0.7466642	0.363501	0.292522	0.25456	0.0894166	1.90537	1.859193
15918	-3889.811	-4151.326	261.5153	0.8428676	0.500721	0.246034	0.214106	0.0391392	1.833189	1.851937
15924	-3893.433	-4154.822	261.3889	0.8428676	0.37884	0.235524	0.33812	0.0475158	1.863077	1.917668
15930	-3895.095	-4156.601	261.5057	0.4751097	0.349482	0.351264	0.199547	0.0997066	1.896434	2.073131
15936	-3907.615	-4168.99	261.3751	0.6768524	0.617911	0.158727	0.161104	0.0622582	1.781992	2.097231
15942	-3898.413	-4160.06	261.6473	0.5360758	0.37198	0.411367	0.0996063	0.117047	1.796601	2.005124
15948	-3901.824	-4163.517	261.6932	0.7012094	0.35379	0.466528	0.110682	0.0689993	1.773235	1.873126
15954	-3918.02	-4179.542	261.5223	0.6452037	0.320442	0.422553	0.204839	0.0521659	1.843284	1.981277
15960	-3916.703	-4178.239	261.5361	0.85251	0.489162	0.166448	0.19709	0.1473	1.659094	1.949213
15966	-3921.243	-4182.513	261.2705	0.6521008	0.500214	0.179055	0.170103	0.150628	1.592786	2.3043
15972	-3902.668	-4164.036	261.3682	0.7754732	0.366184	0.392093	0.215024	0.0266991	1.807742	2.015887
15978	-3905.273	-4166.602	261.329	0.8391874	0.57492	0.194992	0.209434	0.0206539	1.873493	1.953567
15984	-3908.193	-4169.094	260.9014	0.9584421	0.50598	0.17161	0.271237	0.0511725	1.664133	2.29037
15990	-3911.226	-4170.225	258.9994	0.9628357	0.469021	0.203794	0.232076	0.0951089	1.508936	3.533576
15996	-3903.685	-4162.827	259.142	0.8887061	0.506284	0.200773	0.245588	0.0473545	1.488856	3.506189
16002	-3900.837	-4160.816	259.9793	0.7961521	0.478573	0.158092	0.232146	0.131189	1.472719	3.078733
16008	-3888.773	-4147.994	259.2219	0.8312533	0.5515	0.158445	0.165881	0.124175	1.364515	3.56676
16014	-3908.075	-4167.502	259.4262	0.9399399	0.583784	0.239154	0.0913868	0.0856751	1.427842	3.344861
16020	-3897.221	-4156.537	259.3162	0.6196672	0.397442	0.275878	0.227848	0.0988312	1.402803	3.619332
16026	-3905.991	-4165.758	259.7667	0.7043143	0.507453	0.27599	0.151041	0.0655154	1.443176	3.279861
16032	-3899.846	-4159.894	260.0483	0.6597629	0.394987	0.402362	0.0947807	0.10787	1.48732	3.114769
16038	-3894.236	-4154.146	259.9104	0.729374	0.42629	0.434249	0.102292	0.0371692	1.498023	3.146577
16044	-3887.136	-4147.902	260.7657	0.5714058	0.358265	0.364955	0.245542	0.031238	1.516247	2.720423
16050	-3875.311	-4134.926	259.615	0.7528348	0.561102	0.17961	0.230024	0.0292638	1.407031	3.360258
16056	-3884.522	-4144.915	260.3933	0.8462376	0.522648	0.167301	0.234597	0.0754542	1.487023	2.788997
16062	-3884.401	-4144.367	259.9663	0.6629292	0.473259	0.274023	0.202675	0.0500436	1.543223	3.128322
16068	-3896.055	-4156.312	260.257	0.6589539	0.425912	0.246609	0.182398	0.145082	1.579754	2.934872
16074	-3911.123	-4172.067	260.9439	0.6861637	0.36805	0.271464	0.200782	0.159704	1.577722	2.497353
16080	-3894.947	-4155.827	260.8801	0.8533879	0.453943	0.215229	0.247639	0.0831891	1.681434	2.361488
16086	-3897.934	-4159.274	261.3406	0.7578323	0.535091	0.227358	0.16484	0.07271	1.690163	2.123844
16092	-3892.773	-4152.694	259.9212	0.7575331	0.459549	0.234104	0.256627	0.0497205	1.650502	3.031442
16098	-3895.311	-4155.955	260.6442	0.6703631	0.525708	0.17584	0.228207	0.0702456	1.628368	2.662177
16104	-3892.118	-4152.938	260.8201	0.8232879	0.486024	0.189012	0.21098	0.113984	1.669754	2.426617
16110	-3904.294	-4164.434	260.1404	0.8785391	0.506746	0.222431	0.181382	0.0894413	1.575341	2.86865
16116	-3905.633	-4166.04	260.407	0.8366025	0.489344	0.269349	0.148546	0.0927607	1.623549	2.70329
16122	-3887.239	-4147.579	260.3407	0.7794264	0.489202	0.269561	0.148502	0.0927338	1.571403	2.812176
16128	-3897.931	-4158.614	260.6835	0.7201088	0.60157	0.238501	0.135954	0.023975	1.6926	2.565623
16134	-3908.399	-4169.134	260.7345	0.706167	0.389051	0.397513	0.153351	0.0600851	1.637668	2.577196
16140	-3896.585	-4156.919	260.3348	0.6762565	0.491022	0.308935	0.153347	0.0466963	1.61406	2.856085
16146	-3908.262	-4169.093	260.8309	0.6377845	0.503964	0.324394	0.122609	0.049033	1.721697	2.510003
16152	-3911.048	-4171.391	260.3425	0.5101593	0.442851	0.325933	0.20739	0.0238255	1.599479	2.964782
16158	-3922.901	-4183.699	260.7982	0.5852564	0.411772	0.371651	0.182014	0.0345635	1.639016	2.615958
16164	-3919.795	-4182.277	262.4816	0.5900949	0.384032	0.33839	0.19661	0.0809683	2.172364	1.047447
16170	-3902.662	-4165.059	262.3965	0.6645574	0.44357	0.3402	0.153157	0.0630734	2.182034	1.044484
16176	-3907.415	-4170.058	262.6424	0.5131818	0.425313	0.3828	0.146853	0.0450338	2.222876	0.9123816
16182	-3904.808	-4167.087	262.2792	0.7996583	0.54435	0.148516	0.249497	0.0576378	2.124863	1.074569
16188	-3910.872	-4172.931	262.0596	0.7996583	0.483389	0.248075	0.187177	0.0813596	1.950669	1.405818
16194	-3889.691	-4151.785	262.094	0.6003258	0.377527	0.322971	0.240867	0.058635	1.975026	1.521036
16200	-3896.908	-4158.625	261.717	0.7827323	0.360061	0.232205	0.229723	0.178011	1.923769	1.692088
16206	-3901.821	-4163.735	261.9137	0.6796275	0.455288	0.201409	0.293403	0.0498999	1.958941	1.603848
16212	-3895.235	-4157.112	261.877	0.7349007	0.455542	0.348365	0.106046	0.0900467	1.998598	1.558927
16218	-3892.748	-4154.394	261.6459	0.8521223	0.526364	0.225197	0.144175	0.104264	1.989174	1.644419
16224	-3887.134	-4148.593	261.4583	1.078849	0.481298	0.296709	0.129699	0.0922938	1.948033	1.644419
16230	-3872.785	-4134.219	261.4338	0.7598081	0.435608	0.256246	0.224614	0.0835323	1.863625	1.945672
16236	-3883.106	-4144.553	261.4471	0.7598081	0.422589	0.326215	0.155615	0.095581	1.779055	1.993425
16242	-3893.473	-4155.028	261.5543	0.7453323	0.458884	0.305709	0.145834	0.089573	1.856857	1.879012
16248	-3899.581	-4161.171	261.5903	0.6077094	0.468125	0.300398	0.148154	0.0833233	1.878953	1.938284
16254	-3905.684	-4165.803	260.1192	0.929794	0.645657	0.0730823	0.227404	0.0538562	1.534448	2.874474
16260	-3904.146	-4163.457	259.3107	0.6866308	0.445387	0.292858	0.229834	0.0319217	1.41607	3.573692
16266	-3914.028	-4173.694	259.6662	0.6885238	0.502592	0.161917	0.223388	0.112103	1.544903	3.289009
16272	-3890.88	-4151.5	260.6207	0.7507465	0.448557	0.287805	0.240691	0.0229465	1.637002	2.618858
16278	-3895.086	-4156.276	261.19	0.6061368	0.509989	0.327221	0.150064	0.0127256	1.582329	2.392912
16284	-3896.547	-4157.55	261.0023	0.8231303	0.526825	0.221572	0.224851	0.0267529	1.799914	2.227754
16290	-3905.742	-4167.383	261.6406	0.7307815	0.456679	0.319713	0.201994	0.0216137	1.931973	1.778494
16296	-3905.388	-4167.39	262.0021	0.6999224	0.47836	0.283373	0.218299	0.0199685	2.031341	1.468675
16302	-3895.516	-4157.311	261.7955	0.7176885	0.410247	0.173897	0.381004	0.0348518	1.966064	1.65494
16308	-3893.151	-4154.794	261.6432	0.7847233	0.314153	0.420272	0.238887	0.0266883	2.018469	1.675806
16314	-3892.881	-4154.493	261.6127	0.7565263	0.359553	0.337383	0.273409	0.029654	1.933201	1.778144
16320	-3893.968	-4155.674	261.7061	0.6778824	0.361048	0.326302	0.269465	0.0431841	1.905852	1.790082
16326	-3897.683	-4159.506	261.8227	0.5038455	0.336111	0.343904	0.284002	0.0359827	1.824462	1.890323
16332	-3924.269	-4186.178	261.9091	0.5038455	0.300458	0.4135	0.253876	0.0321658	1.801619	1.846908
16338	-3908.411	-4169.724	261.3136	0.813664	0.426474	0.323461	0.223696	0.0263688	1.733598	2.074614
16344	-3908.868	-4170.307	261.4387	0.6949005	0.399309	0.359064	0.209448	0.0321796	1.733598	2.074614
16350	-3894.199	-4155.181	260.9822	0.6949005	0.450902	0.296435	0.219013	0.0336492	1.648696	2.422967
16356	-3898.012	-4158.713	260.701	0.7374268	0.443042	0.308758	0.215138	0.0330626	1.644369	2.573314
16362	-3902.241	-4163.197	260.9559	0.800045	0.433058	0.3018	0.210291	0.0548508	1.593467	2.404389
16368	-3912.73	-4173.561	260.8304	0.8036329	0.460203	0.286094	0.199346	0.0543564	1.715248	2.404389
16374	-3879.527	-4139.749	260.2221	0.8603409	0.48523	0.266383	0.183008	0.0653797	1.596207	2.817836
16380	-3915.43	-4175.341	259.9103	0.9357298	0.433673	0.259808	0.194864	0.111655	1.590054	2.96327
16386	-3893.511	-4153.835	260.3231	0.577737	0.404604	0.293603	0.244892	0.0569011	1.578538	2.947338
16392	-3908.7	-4169.171	260.4711	0.6590102	0.441934	0.251497	0.297247	0.00932137	1.539949	2.829431
16398	-3917.303	-4177.266	259.9636	0.7246023	0.433206	0.24653	0.291376	0.0288886	1.522097	3.103629
16404	-3919.085	-4179.408	260.3226	0.7554435	0.407658	0.212934	0.37021	0.00919827	1.588973	2.827879
16410	-3912.472	-4173.352	260.8806	0.5567948	0.434781	0.35275	0.195503	0.0169671	1.605606	2.604003
16416	-3908.807	-4170.033	261.226	0.4903649	0.481047	0.314618	0.189879	0.014456	1.630107	2.415035
16422	-3907.614	-4168.672	261.0574	0.6081059	0.445125	0.288031	0.250397	0.0164467	1.676523	2.415851
16428	-3902.001	-4162.719	260.7174	0.6162497	0.388262	0.378982	0.21841	0.0143457	1.602515	2.668251
16434	-3884.453	-4145.395	260.9422	0.600172	0.40448	0.272328	0.287204	0.0359879	1.652235	2.508582
16440	-3889.529	-4150.104	260.5743	0.6666125	0.541888	0.228195	0.182128	0.04779	1.557377	2.751007
16446	-3899.159	-4158.742	259.583	0.7979221	0.541888	0.228195	0.182128	0.04779	1.506218	3.292832
16452	-3897.931	-4158.528	260.5969	0.5139798	0.352338	0.435677	0.180911	0.0310734	1.550815	2.838168
16458	-3907.562	-4167.455	259.8936	0.5674807	0.36545	0.45189	0.15043	0.0322297	1.52374	3.242531
16464	-3902.077	-4164.21	262.1333	0.5504739	0.4104	0.284307	0.281413	0.0238804	1.921614	1.569882
16470	-3893.246	-4155.057	261.8109	0.6983049	0.511145	0.24483	0.207836	0.0361888	1.909438	1.698955
16476	-3908.09	-4170.069	261.9787	0.6718659	0.467977	0.255741	0.140769	0.135513	1.909438	1.598561
16482	-3916.457	-4178.013	261.5566	0.7368097	0.50762	0.277405	0.135864	0.0791107	1.928608	1.834495
16488	-3916.596	-4178.537	261.9414	0.7345136	0.430748	0.267602	0.225334	0.0763152	1.980379	1.525069
16494	-3896.001	-4158.206	262.2049	0.7317595	0.396348	0.283774	0.238951	0.080927	2.034576	1.280099
16500	-3900.358	-4162.749	262.3912	0.5695871	0.349769	0.309698	0.308201	0.032332	2.062414	1.244542
16506	-3895.7	-4158.075	262.375	0.6226023	0.411648	0.281979	0.280616	0.0257573	2.051771	1.220334
16512	-3904.025	-4166.486	262.4613	0.5214303	0.255992	0.44972	0.262029	0.0322595	2.146766	1.154436
16518	-3903.533	-4165.679	262.1461	0.6924991	0.277711	0.416806	0.268716	0.036768	2.076501	1.327557
16524	-3884.834	-4147.117	262.2839	0.6861901	0.450301	0.212434	0.304699	0.0325651	2.062208	1.231662
16530	-3897.308	-4159.241	261.9331	0.7930552	0.449101	0.178312	0.340108	0.0324784	2.068491	1.417917
16536	-3901.701	-4163.753	262.0526	0.7234032	0.364851	0.260171	0.276305	0.098673	2.068491	1.382036
16542	-3896.193	-4158.566	262.3739	0.6612361	0.461645	0.308083	0.105421	0.124851	2.061236	1.178134
16548	-3892.918	-4155.186	262.268	0.788094	0.407186	0.293489	0.177259	0.122066	2.113466	1.106581
16554	-3899.912	-4161.953	262.0411	0.7861473	0.511231	0.215941	0.161568	0.11126	2.036398	1.364313
16560	-3895.76	-4157.847	262.0874	0.8058165	0.532104	0.244914	0.158257	0.0647249	1.93353	1.39251
16566	-3892.333	-4154.359	262.0259	0.6873103	0.469955	0.336208	0.139772	0.0540649	1.958307	1.515801
16572	-3889.855	-4151.763	261.9077	0.6989519	0.510758	0.242071	0.17823	0.0689405	1.867213	1.659604
16578	-3901.517	-4163.218	261.7008	0.6989519	0.488594	0.290768	0.184284	0.0363539	1.884018	1.793391
16584	-3918.516	-4180.402	261.8859	0.7399932	0.340573	0.407112	0.206895	0.0454198	1.880984	1.634128
16590	-3909.515	-4171.403	261.8879	0.7267328	0.505186	0.289983	0.16673	0.0381003	1.822045	1.684961
16596	-3897.115	-4158.618	261.5026	0.7756178	0.377828	0.375566	0.215938	0.030668	1.875858	1.879544
16602	-3901.742	-4163.436	261.6941	0.7895631	0.362295	0.401237	0.20706	0.0294072	1.887313	1.728994
16608	-3885.552	-4147.312	261.7602	0.626452	0.442688	0.287492	0.2365	0.0333199	1.81625	1.852069
16614	-3883.953	-4145.502	261.5495	0.8491684	0.535039	0.274832	0.115199	0.0749296	1.837439	1.821024
16620	-3891.038	-4153.152	262.1141	0.7069948	0.553803	0.298738	0.0476237	0.0998356	1.909907	1.470204
16626	-3901.993	-4163.902	261.9088	0.8334601	0.4468	0.354946	0.0937348	0.104519	1.982161	1.470204
16632	-3895.181	-4156.939	261.7577	0.906323	0.467772	0.331418	0.104043	0.0967677	2.015797	1.501985
16638	-3880.612	-4142.574	261.9622	0.7389764	0.467772	0.331418	0.104043	0.0967677	2.044826	1.457406
16644	-3899.937	-4162.036	262.0992	0.7129033	0.368148	0.389187	0.12069	0.121975	2.03332	1.38177
16650	-3905.6	-4167.701	262.101	0.7744779	0.402728	0.424684	0.132027	0.0405613	2.07142	1.298069
16656	-3904.492	-4166.447	261.9554	0.7868348	0.400186	0.248908	0.266443	0.0844636	1.95801	1.490049
16662	-3886.314	-4148.429	262.1147	0.7668154	0.51391	0.254988	0.193891	0.0372118	2.022711	1.332831
16668	-3889.492	-4151.953	262.4609	0.6251562	0.363124	0.365452	0.239258	0.0321653	2.062812	1.133679
16674	-3908.791	-4170.937	262.146	0.6251562	0.482381	0.241719	0.21824	0.0576591	1.906601	1.513846
16680	-3904.353	-4166.499	262.1468	0.7654643	0.45807	0.253072	0.22849	0.0603672	2.060697	1.277214
16686	-3902.389	-4164.44	262.0516	0.7618198	0.437445	0.241678	0.262162	0.0587144	2.055763	1.360915
16692	-3900.373	-4162.337	261.9638	0.898991	0.500672	0.276066	0.156061	0.0672008	1.961227	1.391917
16698	-3905.804	-4167.826	262.0214	0.7337022	0.48352	0.227308	0.233841	0.0553318	1.942911	1.493933
16704	-3916.619	-4177.521	260.9025	0.784448	0.539906	0.266408	0.174886	0.0187994	1.77631	2.332713
16710	-3898.151	-4158.997	260.846	0.784448	0.540023	0.251375	0.165018	0.0435843	1.708083	2.411748
16716	-3901.33	-4162.836	261.506	0.6679141	0.475889	0.240353	0.155039	0.128719	1.662575	2.095927
16722	-3889.125	-4149.975	260.8495	0.7983704	0.468766	0.236756	0.249163	0.0453153	1.706745	2.401157
16728	-3905.863	-4166.742	260.8794	0.8493905	0.546473	0.110234	0.290466	0.0528272	1.750751	2.320528
16734	-3903.851	-4164.646	260.7956	0.8113847	0.507988	0.31118	0.131725	0.0491069	1.7154	2.421105
16740	-3896.761	-4157.609	260.848	0.6439954	0.440151	0.305933	0.207082	0.0468346	1.595411	2.573868
16746	-3901.451	-4162.312	260.8607	0.6312335	0.364643	0.345912	0.236134	0.0533106	1.536496	2.610835
16752	-3904.117	-4164.54	260.4233	0.6312335	0.453143	0.308248	0.181511	0.0570977	1.580257	2.851781
16758	-3898.655	-4158.59	259.9349	0.7215709	0.583226	0.131648	0.211637	0.0734886	1.45873	3.160306
16764	-3895.995	-4155.624	259.6298	0.7393128	0.556262	0.179708	0.201853	0.062177	1.533155	3.285725
16770	-3899.069	-4158.113	259.045	0.6328506	0.480564	0.303405	0.147579	0.0684518	1.451317	3.740179
16776	-3897.323	-4156.363	259.0401	0.6681316	0.513405	0.193341	0.221482	0.071772	1.346752	3.781724
16782	-3905.391	-4164.423	259.0321	0.6614058	0.505906	0.154079	0.333935	0.00607993	1.333702	3.797974
16788	-3907.424	-4166.764	259.3409	0.7207945	0.51855	0.192327	0.274818	0.0143055	1.389982	3.550277
16794	-3899.893	-4159.864	259.9707	0.6856501	0.510907	0.189492	0.270767	0.0288345	1.405439	3.193247
16800	-3897.201	-4156.954	259.7535	0.6896517	0.485799	0.189872	0.25746	0.0668684	1.365217	3.342726
16806	-3915.907	-4175.056	259.1488	0.7691981	0.520918	0.304441	0.101634	0.0730067	1.461369	3.590709
16812	-3917.048	-4178.761	261.7133	0.810501	0.418539	0.2602	0.28193	0.0393308	1.796256	1.763955
16818	-3905.337	-4166.869	261.5321	0.8182454	0.495764	0.121646	0.345691	0.0368989	1.746095	1.917267
16824	-3921.615	-4181.391	259.776	0.9695281	0.423787	0.274007	0.265256	0.0369506	1.43942	3.113356
16830	-3903.855	-4163.541	259.6865	0.7633266	0.480053	0.130129	0.300473	0.0893442	1.409534	3.310216
16836	-3894.344	-4154.778	260.4349	0.8515333	0.508395	0.137812	0.300624	0.0531695	1.534143	2.731509
16842	-3901.182	-4161.046	259.8643	0.6023606	0.429242	0.300708	0.253819	0.0162309	1.447994	3.283071
16848	-3912.853	-4172.254	259.4018	0.9109949	0.435975	0.360947	0.177184	0.0258939	1.586667	3.283071
16854	-3913.623	-4173.054	259.4314	0.8047936	0.397866	0.291993	0.28651	0.0236305	1.522628	3.368131
16860	-3898.887	-4158.573	259.6865	0.6054963	0.425524	0.266258	0.28667	0.0215478	1.43675	3.392261
16866	-3901.417	-4160.81	259.3926	0.6424615	0.496838	0.195965	0.276757	0.0304407	1.408828	3.557462
16872	-3898.625	-4159.157	260.532	0.855793	0.475856	0.254112	0.243274	0.0267579	1.634014	2.607604
16878	-3901.815	-4162.474	260.6592	0.5860765	0.447159	0.268709	0.257249	0.0268827	1.579557	2.737501
16884	-3895.633	-4155.919	260.2856	0.9238982	0.489554	0.280194	0.15431	0.0759417	1.524357	2.783183
16890	-3890.609	-4150.848	260.2394	0.7250908	0.528093	0.223529	0.166457	0.08192	1.446073	2.983783
16896	-3893.696	-4153.943	260.247	0.8593085	0.544303	0.176763	0.1945	0.0844346	1.634965	2.779768
16902	-3893.479	-4154.172	260.693	0.8593085	0.529916	0.17209	0.233707	0.0642864	1.534197	2.567422
16908	-3895.044	-4155.49	260.4462	0.8800173	0.572582	0.186599	0.201181	0.0396379	1.513828	2.718956
16914	-3910.327	-4170.732	260.405	0.7268769	0.425936	0.265166	0.279413	0.0294861	1.533741	2.829701
16920	-3897.552	-4158.443	260.891	0.761347	0.538592	0.130557	0.309636	0.0212157	1.563482	2.489575
16926	-3894.29	-4155.601	261.311	0.7439694	0.56815	0.171371	0.225518	0.0349606	1.604357	2.208381
16932	-3909.752	-4171.226	261.4736	0.7611404	0.444732	0.245922	0.298099	0.0112473	1.714567	2.017821
16938	-3914.488	-4175.587	261.0983	0.7611404	0.436948	0.241618	0.26777	0.053664	1.704687	2.269075
16944	-3897.899	-4159.147	261.2476	0.7751748	0.486504	0.27847	0.152937	0.0820892	1.823163	2.085627
16950	-3897.109	-4158.482	261.3732	0.6589006	0.470391	0.259036	0.192554	0.0780199	1.805594	2.095466
16956	-3901.959	-4163.11	261.151	0.7438298	0.411109	0.276401	0.237743	0.0747463	1.679998	2.262836
16962	-3908.832	-4170.085	261.2528	0.7093998	0.465879	0.223028	0.269417	0.0416753	1.669127	2.227737
16968	-3903.892	-4165.013	261.1207	0.7547822	0.545985	0.218306	0.174112	0.0615978	1.753231	2.227737
16974	-3906.554	-4167.563	261.0097	0.7715168	0.479237	0.18547	0.281226	0.0540673	1.65782	2.348559
16980	-3890.295	-4151.404	261.1085	0.8349329	0.508085	0.273702	0.175804	0.0424094	1.575582	2.295664
16986	-3888.614	-4149.596	260.982	0.5734284	0.506383	0.232909	0.196722	0.0639868	1.577667	2.547722
16992	-3893.898	-4154.793	260.8951	0.6873827	0.42466	0.275703	0.177636	0.122001	1.581431	2.524676
16998	-3896.377	-4157.144	260.7673	0.6873827	0.414666	0.269214	0.196991	0.119129	1.635802	2.570356
17004	-3890.102	-4150.749	260.6473	0.7441234	0.525708	0.218142	0.159621	0.0965296	1.650574	2.598374
17010	-3904.885	-4166.336	261.4511	0.6673526	0.479253	0.272449	0.210405	0.0378926	1.728456	2.089059
17016	-3894.983	-4156.881	261.8984	0.6673526	0.406808	0.315942	0.209466	0.0677843	1.842571	1.707502
17022	-3879.065	-4140.884	261.8193	0.6604857	0.407234	0.325659	0.211913	0.055194	1.728002	1.847387
17028	-3883.766	-4145.169	261.4022	0.9315089	0.604157	0.139231	0.194802	0.06181	1.906531	1.816562
17034	-3885.053	-4146.789	261.736	0.7239609	0.493516	0.234504	0.230488	0.041493	1.844082	1.778291
17040	-3883.585	-4144.865	261.2793	0.7512738	0.467662	0.259349	0.254907	0.0180824	1.765951	2.11888
17046	-3892.568	-4154.096	261.5275	0.582285	0.447698	0.203956	0.331036	0.0173104	1.767956	2.071823
17052	-3879.416	-4140.861	261.4448	0.7522656	0.458619	0.204583	0.317621	0.0191769	1.757802	2.014414
17058	-3884.738	-4145.951	261.2131	0.7704074	0.483298	0.316436	0.149388	0.0508773	1.806371	2.122555
17064	-3891.217	-4152.503	261.2855	0.6318605	0.469502	0.307404	0.143641	0.0794527	1.754151	2.204762
17070	-3887.885	-4149.448	261.5636	0.7985282	0.436495	0.344355	0.129798	0.089352	1.792351	1.878464
17076	-3881.567	-4143.372	261.8055	0.6399825	0.474812	0.294709	0.12653	0.103949	1.788466	1.830236
17082	-3884.861	-4146.991	262.1305	0.6399825	0.489576	0.303873	0.130465	0.076087	1.882317	1.53181
17088	-3890.805	-4152.674	261.8694	0.7891858	0.422052	0.318309	0.177738	0.0819009	1.951847	1.556831
17094	-3900.413	-4162.359	261.9457	0.7395821	0.58573	0.120135	0.210211	0.083924	1.927764	1.556831
17100	-3905.171	-4166.177	261.0066	0.565902	0.453049	0.317308	0.188036	0.0416074	1.544036	2.558199
17106	-3919.505	-4180.584	261.079	0.7107259	0.3609	0.347662	0.221161	0.0702775	1.618486	2.370305
17112	-3892.076	-4154.264	262.1883	0.6126585	0.485241	0.259853	0.185588	0.0693171	1.952915	1.456946
17118	-3896.758	-4158.741	261.9827	0.8326783	0.450653	0.257008	0.213543	0.0787969	2.076626	1.340072
17124	-3906.991	-4169.267	262.2761	0.7137878	0.46301	0.264055	0.244213	0.0287223	1.914023	1.335505
17130	-3895.652	-4157.591	261.9392	0.7137878	0.46867	0.306031	0.192011	0.0332882	2.100464	1.45278
17136	-3881.921	-4144.152	262.2309	0.6031293	0.439695	0.281062	0.210465	0.0687778	2.126036	1.295347
17142	-3887.592	-4149.776	262.1832	0.6133325	0.43211	0.293464	0.206834	0.0675913	2.126105	1.325134
17148	-3900.742	-4163.12	262.3786	0.6168804	0.395501	0.341271	0.160293	0.102935	2.129059	1.155696
17154	-3882.18	-4144.443	262.2628	0.648623	0.412338	0.341366	0.167117	0.0791785	2.230586	1.138666
17160	-3902.311	-4164.788	262.4769	0.6048419	0.392956	0.383585	0.178758	0.0447006	2.131643	1.075696
17166	-3909.159	-4171.578	262.4186	0.5237642	0.380967	0.371881	0.203815	0.0433367	2.131643	1.202671
17172	-3914.012	-4176.471	262.4584	0.4705102	0.443505	0.282135	0.238027	0.0363325	2.080912	1.256325
17178	-3908.984	-4171.292	262.3072	0.6049284	0.441187	0.29835	0.236783	0.0236796	2.088056	1.262298
17184	-3900.097	-4162.726	262.6291	0.3871799	0.452375	0.373655	0.153848	0.0201216	1.953859	1.281993
17190	-3907.246	-4169.789	262.5427	0.366654	0.526159	0.312394	0.128105	0.0333414	2.076511	1.265258
17196	-3900.012	-4162.597	262.5855	0.4716369	0.375255	0.449723	0.14648	0.0285424	2.209986	1.026907
17202	-3918.066	-4180.551	262.4853	0.5540202	0.360532	0.38467	0.191732	0.0630656	2.299583	0.9540745
17208	-3905.599	-4168.195	262.5955	0.5143332	0.360206	0.437201	0.182754	0.0198394	2.299561	0.8772884
17214	-3899.345	-4161.909	262.5642	0.4966967	0.34787	0.440291	0.191859	0.0199796	2.098049	1.128334
17220	-3888.598	-4151.049	262.451	0.5485609	0.330054	0.377012	0.182033	0.110901	2.283091	1.01146
17226	-3896.089	-4158.579	262.4904	0.4754321	0.361346	0.383205	0.185022	0.0704264	2.285355	1.042467
17232	-3892.901	-4155.438	262.5371	0.52736	0.383886	0.331402	0.177714	0.106998	2.224862	1.00533
17238	-3899.712	-4162.131	262.419	0.5587356	0.422659	0.363661	0.140989	0.0726909	2.412115	0.8985402
17244	-3897.18	-4159.74	262.5601	0.5352966	0.409683	0.352496	0.136661	0.10116	2.346525	0.8378754
17250	-3897.234	-4159.838	262.6041	0.4939561	0.358714	0.382823	0.148599	0.109864	2.32904	0.8563699
17256	-3897.791	-4160.191	262.3994	0.6041872	0.361677	0.385986	0.210622	0.0417156	2.340589	0.9461867
17262	-3897.643	-4160.033	262.3901	0.6041872	0.412992	0.407843	0.131531	0.0476342	2.257819	1.039022
17268	-3905.566	-4167.895	262.3289	0.6308583	0.350878	0.346503	0.201017	0.101602	2.255677	1.072508
17274	-3929.345	-4191.588	262.2434	0.6724836	0.335022	0.376033	0.191934	0.0970104	2.169611	1.186955
17280	-3908.275	-4170.445	262.1692	0.9480842	0.436059	0.323431	0.0952455	0.145265	2.350527	0.7798734
17286	-3904.45	-4166.986	262.5362	0.643717	0.497253	0.303101	0.0635118	0.136134	2.293549	0.7907066
17292	-3886.624	-4148.903	262.2786	0.7509032	0.482101	0.251727	0.100674	0.165498	2.425445	0.8071617
17298	-3895.6	-4157.938	262.3383	0.7509032	0.521924	0.216571	0.082337	0.179168	2.422004	0.726089
17304	-3898.401	-4160.81	262.409	0.6840336	0.390479	0.457204	0.0604522	0.0918648	2.422004	0.726089
17310	-3909.723	-4172.26	262.5372	0.5569372	0.359503	0.420935	0.128567	0.0909958	2.422004	0.7348347
17316	-3912.995	-4175.497	262.5016	0.5569372	0.276115	0.482426	0.128011	0.113448	2.320479	0.9107046
17322	-3903.026	-4165.577	262.551	0.5569372	0.471081	0.327752	0.10665	0.0945174	2.349776	0.8171818
17328	-3910.369	-4172.891	262.5221	0.6002433	0.517323	0.359925	0.0912063	0.0315464	2.235638	0.9316161
17334	-3908.874	-4171.244	262.37	0.6656455	0.305419	0.463047	0.111697	0.119836	2.259858	0.9929126
17340	-3904.297	-4166.98	262.6828	0.540767	0.370362	0.385524	0.0929967	0.151117	2.206379	0.8523517
17346	-3907.923	-4170.408	262.4856	0.6827113	0.405619	0.367443	0.118272	0.108666	2.254641	0.8523517
17352	-3918.773	-4181.19	262.4174	0.6345247	0.366465	0.442893	0.10946	0.0811816	2.271829	0.9658898
17358	-3927.987	-4190.369	262.3821	0.6978252	0.383979	0.280791	0.186462	0.148768	2.249305	0.9562567
17364	-3901	-4163.529	262.5285	0.4999915	0.458162	0.284596	0.19452	0.0627216	2.121656	1.136191
17370	-3906.637	-4168.954	262.3166	0.4776021	0.479802	0.291302	0.212794	0.0161016	2.031327	1.404306
17376	-3895.226	-4157.391	262.1651	0.4508516	0.418069	0.401301	0.156564	0.0240663	1.965029	1.587207
17382	-3904.405	-4166.556	262.151	0.455311	0.453542	0.347265	0.169848	0.0293453	1.962175	1.59651
17388	-3912.104	-4173.903	261.7982	0.5932511	0.364025	0.402192	0.197007	0.0367758	1.953549	1.754894
17394	-3899.578	-4161.246	261.6685	0.5394605	0.353923	0.39103	0.219292	0.0357552	1.799952	1.98642
17400	-3888.669	-4150.483	261.8142	0.5461239	0.378008	0.356217	0.199769	0.0660062	1.744525	1.921187
17406	-3901.184	-4163.305	262.1203	0.6080262	0.502321	0.285022	0.159843	0.0528141	1.896779	1.553593
17412	-3891.249	-4153.525	262.2756	0.6950401	0.413666	0.393737	0.178161	0.0144362	2.003096	1.279841
17418	-3882.635	-4144.875	262.2393	0.5647834	0.399749	0.380491	0.172168	0.0475928	1.967181	1.445372
17424	-3900.719	-4162.704	261.9852	0.5849862	0.432201	0.374395	0.16941	0.0239946	1.813945	1.727724
17430	-3900.559	-4162.053	261.4937	0.5843139	0.374597	0.283021	0.236034	0.106348	1.669773	2.156825
17436	-3893.831	-4156.163	262.3324	0.4411858	0.410317	0.302016	0.258542	0.0291253	1.959469	1.473699
17442	-3897.841	-4160.26	262.4188	0.5714089	0.482241	0.301289	0.196276	0.0201938	1.957904	1.306235
17448	-3891.791	-4153.799	262.0083	0.684115	0.509754	0.285279	0.185846	0.0191207	1.897413	1.576321
17454	-3888.805	-4150.929	262.1247	0.555072	0.441129	0.31147	0.230997	0.0164038	1.863125	1.615288
17460	-3892.2	-4154.587	262.3869	0.4618268	0.304562	0.474338	0.180639	0.040461	2.160987	1.256159
17466	-3890.262	-4152.632	262.3706	0.5418022	0.399218	0.347558	0.222375	0.0308493	2.097685	1.256159
17472	-3888.409	-4150.9	262.4912	0.4878016	0.410588	0.357456	0.200228	0.0317279	2.097685	1.200363
17478	-3884.015	-4146.387	262.3715	0.5858068	0.43852	0.304562	0.240445	0.0164726	2.117395	1.200363
17484	-3886.194	-4148.409	262.2158	0.7244877	0.485416	0.274427	0.20349	0.036667	2.117395	1.208228
17490	-3891.114	-4153.614	262.5007	0.6074448	0.432015	0.383248	0.136762	0.0479747	2.243833	0.9377082
17496	-3891.464	-4154.04	262.5756	0.5247009	0.402544	0.400929	0.143072	0.0534542	2.25471	0.9377082
17502	-3891.914	-4154.255	262.341	0.7149303	0.460736	0.267852	0.135203	0.136209	2.123564	1.101222
17508	-3887.408	-4149.46	262.0518	0.5551595	0.382078	0.315899	0.244394	0.0576286	1.93099	1.618869
17514	-3879.626	-4141.659	262.0327	0.5358021	0.421755	0.348703	0.17658	0.0529619	1.913632	1.659416
17520	-3888.751	-4150.733	261.9811	0.5068065	0.30869	0.45538	0.219729	0.0162008	1.969363	1.677483
17526	-3885.605	-4147.982	262.3771	0.4302758	0.365571	0.321911	0.223598	0.0889197	1.92277	1.475175
17532	-3904.746	-4167.175	262.4294	0.6295728	0.378493	0.386096	0.176997	0.0584131	2.397775	0.8140281
17538	-3899.112	-4161.699	262.587	0.4838595	0.4529	0.330014	0.167157	0.0499283	2.370997	0.8381921
17544	-3906.66	-4169.056	262.3964	0.5856828	0.335671	0.431164	0.218391	0.0147738	2.385672	0.9217543
17550	-3887.114	-4149.584	262.47	0.5811513	0.406803	0.356805	0.218488	0.0179045	2.44513	0.7633132
17556	-3895.872	-4158.384	262.5111	0.5811513	0.300753	0.363562	0.222625	0.11306	2.417285	0.7435702
17562	-3913.681	-4175.829	262.148	0.6909734	0.528401	0.222313	0.145957	0.103329	2.061284	1.339439
17568	-3911.776	-4173.879	262.1027	0.7474564	0.504744	0.284672	0.108286	0.102297	2.005914	1.371846
17574	-3901.008	-4163.282	262.2736	0.6878038	0.483948	0.272838	0.133549	0.109665	2.104157	1.203292
17580	-3898.656	-4160.99	262.3333	0.6838679	0.437766	0.297255	0.1455	0.119479	2.155988	1.108714
17586	-3902.451	-4164.776	262.3253	0.6426366	0.460688	0.312819	0.100757	0.125735	2.116972	1.188987
17592	-3897.989	-4160.341	262.3513	0.6821285	0.558631	0.228835	0.120555	0.0919783	2.052884	1.185773
17598	-3907.883	-4170.14	262.2565	0.7544769	0.380915	0.334151	0.14644	0.138493	2.146597	1.11911
17604	-3912.836	-4175.356	262.5202	0.5783019	0.433372	0.380168	0.083931	0.102529	2.228798	0.9651559
17610	-3904.912	-4167.371	262.4596	0.5810848	0.44582	0.391088	0.0863418	0.0767509	2.211784	1.039757
17616	-3902.472	-4164.933	262.4612	0.6037977	0.453778	0.398069	0.087883	0.0602704	2.215677	1.011212
17622	-3895.074	-4157.489	262.4152	0.6551867	0.394406	0.396256	0.154628	0.0547106	2.231822	0.9867548
17628	-3906.661	-4168.91	262.2489	0.7390963	0.498503	0.262551	0.19544	0.0435058	2.227251	1.066742
17634	-3894.712	-4157.282	262.5698	0.4365754	0.439746	0.36252	0.185286	0.0124474	2.589668	0.5405831
17640	-3909.261	-4171.815	262.5542	0.4321746	0.391968	0.39871	0.203782	0.00553968	2.604925	0.5635985
17646	-3916.597	-4179.166	262.5695	0.459415	0.310149	0.464411	0.219474	0.00596624	2.564284	0.5635985
17652	-3908.075	-4170.626	262.5505	0.4255091	0.315544	0.421448	0.256938	0.00607002	2.622143	0.5016438
17658	-3903.698	-4166.295	262.5971	0.4045427	0.374321	0.385257	0.234874	0.00554876	2.593088	0.5201564
17664	-3905.377	-4167.972	262.5949	0.4114908	0.404957	0.416789	0.171655	0.00659963	2.583809	0.5582232
17670	-3921.711	-4184.458	262.7465	0.3109334	0.450673	0.342329	0.201769	0.00522852	2.503655	0.5582232
17676	-3905.672	-4168.418	262.7469	0.3109334	0.451753	0.343149	0.202253	0.00284498	2.503655	0.55647
17682	-3906.195	-4168.523	262.3288	0.6632778	0.361116	0.406714	0.181247	0.0509237	2.242224	1.052926
17688	-3898.059	-4160.364	262.3049	0.6632778	0.445794	0.30156	0.183463	0.0691822	2.172205	1.13928
17694	-3926.788	-4189.261	262.4729	0.5740662	0.355078	0.421771	0.21785	0.00530068	2.545422	0.5647586
17700	-3909.342	-4171.892	262.5502	0.4885411	0.38815	0.425938	0.180118	0.00579438	2.545422	0.5994527
17706	-3908.083	-4170.607	262.5235	0.4885411	0.34933	0.448234	0.192185	0.010252	2.580456	0.5706263
17712	-3912.056	-4174.729	262.6727	0.3857201	0.514448	0.304956	0.163459	0.0171374	2.517409	0.5960644
17718	-3905.084	-4167.573	262.4891	0.5173398	0.485297	0.322947	0.154197	0.0375599	2.557972	0.6491614
17724	-3895.942	-4158.455	262.5123	0.5390874	0.327444	0.44422	0.18912	0.0392168	2.332929	0.9053527
17730	-3909.501	-4172.146	262.6451	0.4629957	0.326463	0.354574	0.288068	0.0308953	2.408274	0.7345686
17736	-3917.432	-4180.083	262.651	0.4737957	0.405352	0.307702	0.249987	0.0369588	2.408274	0.7080792
17742	-3912.999	-4175.688	262.689	0.469451	0.340213	0.363422	0.250475	0.04589	2.374471	0.7080792
17748	-3906.002	-4168.654	262.6523	0.4562463	0.345997	0.369601	0.237731	0.0466702	2.41125	0.7286577
17754	-3914.531	-4177.218	262.6877	0.4603861	0.336967	0.359955	0.231527	0.0715507	2.390571	0.6975495
17760	-3908.096	-4170.786	262.6901	0.45264	0.389052	0.410879	0.149095	0.0509736	2.339952	0.7831911
17766	-3905.031	-4167.72	262.6883	0.4457136	0.412172	0.395331	0.143453	0.0490447	2.35956	0.7672829
17772	-3905.972	-4168.622	262.6498	0.4977226	0.427785	0.31728	0.214835	0.0400996	2.316178	0.8105819
17778	-3915.221	-4177.8	262.5799	0.5300048	0.376182	0.327865	0.281261	0.014692	2.135613	1.048013
17784	-3900.093	-4162.469	262.3754	0.5300048	0.452503	0.321977	0.111429	0.114091	2.050243	1.301103
17790	-3884.412	-4146.842	262.4299	0.5795378	0.355858	0.404303	0.13992	0.099919	2.04494	1.217863
17796	-3891.227	-4153.676	262.4489	0.5795378	0.505321	0.316039	0.109374	0.0692657	2.071086	1.179191
17802	-3901.55	-4164.003	262.4528	0.5811953	0.495797	0.337508	0.102061	0.0646341	2.192862	1.064161
17808	-3883.739	-4146.229	262.49	0.5816332	0.456942	0.311058	0.172432	0.0595687	2.11134	1.10484
17814	-3892.422	-4152.732	260.3101	0.8060971	0.50504	0.118814	0.292392	0.0837538	1.667333	2.755336
17820	-3893.725	-4154.264	260.5388	0.931646	0.433691	0.177284	0.366183	0.022842	1.695947	2.516453
17826	-3895.668	-4156.309	260.6415	0.8694627	0.433691	0.177284	0.366183	0.022842	1.71805	2.478292
17832	-3899.736	-4160.598	260.8618	0.8004433	0.41707	0.160177	0.353161	0.0695918	1.695705	2.398996
17838	-3897.917	-4158.5	260.5832	0.9120978	0.407054	0.283898	0.237349	0.0716985	1.631367	2.541432
17844	-3898.632	-4159.464	260.8321	0.7044266	0.421098	0.235145	0.293482	0.050276	1.705791	2.475027
17850	-3906.426	-4167.556	261.1309	0.7342915	0.439055	0.245172	0.305997	0.00977564	1.826126	2.188021
17856	-3901.567	-4162.175	260.6076	0.9289912	0.540225	0.111933	0.33755	0.0102934	1.711206	2.465565
17862	-3904.146	-4164.849	260.7032	0.9289912	0.523186	0.126726	0.340119	0.0099687	1.622029	2.461553
17868	-3927.945	-4188.893	260.9489	0.5738833	0.482089	0.19879	0.309935	0.00918565	1.578172	2.567646
17874	-3910.206	-4171.583	261.3773	0.8886308	0.54343	0.213108	0.148414	0.0950489	1.862288	1.893939
17880	-3898.975	-4160.547	261.5719	0.6274007	0.422407	0.38835	0.115362	0.0738814	1.82309	1.974217
17886	-3904.208	-4165.442	261.2341	0.6584213	0.361082	0.42527	0.156067	0.0575814	1.643569	2.290855
17892	-3911.654	-4172.447	260.7932	0.819683	0.552295	0.0910182	0.313992	0.0426946	1.754057	2.392746
17898	-3907.276	-4168.233	260.9565	0.7557759	0.503099	0.167496	0.286023	0.0433817	1.776906	2.317165
17904	-3906.048	-4167.351	261.3026	0.6881515	0.37436	0.363802	0.231519	0.0303184	1.769135	2.145198
17910	-3908.276	-4169.77	261.4934	0.7644324	0.429905	0.303555	0.210216	0.0563235	1.716084	2.001267
17916	-3911.809	-4173.559	261.7505	0.743746	0.426102	0.304073	0.210575	0.0592505	1.81042	1.777047
17922	-3900.161	-4161.899	261.7377	0.743746	0.497165	0.266654	0.191038	0.0451423	1.883099	1.735217
17928	-3902.085	-4164.044	261.9593	0.8242072	0.456945	0.302995	0.160044	0.0800157	1.978433	1.441887
17934	-3899.844	-4162.148	262.3043	0.6718575	0.477473	0.316606	0.175506	0.0304154	2.131691	1.167581
17940	-3903.011	-4165.409	262.3987	0.7070194	0.511757	0.249667	0.188108	0.0504684	2.186279	0.9939642
17946	-3906.279	-4168.76	262.4806	0.6615723	0.51939	0.180607	0.249816	0.0501871	2.274166	0.8618502
17952	-3894.336	-4155.273	260.9368	0.8934179	0.469356	0.270693	0.230292	0.0296589	1.81614	2.212582
17958	-3892.901	-4154.013	261.1118	0.8934179	0.494358	0.250473	0.209841	0.0453279	1.825137	2.092704
17964	-3882.897	-4144.513	261.6162	0.78363	0.468966	0.273179	0.228864	0.0289918	1.780116	1.861598
17970	-3893.462	-4155.026	261.5638	0.6730416	0.55725	0.123102	0.283709	0.0359394	1.956556	1.856717
17976	-3886.499	-4148.117	261.6182	0.8367411	0.480154	0.181972	0.296725	0.0411485	2.06817	1.619006
17982	-3887.04	-4149.06	262.0201	0.754643	0.316268	0.407454	0.258376	0.0179018	2.033315	1.409076
17988	-3905.203	-4167.637	262.4337	0.5060079	0.37781	0.31124	0.289565	0.0213853	1.987006	1.324709
17994	-3893.85	-4155.971	262.1208	0.7015433	0.406995	0.361804	0.2153	0.0159006	1.956816	1.433661
18000	-3895.363	-4157.372	262.0091	0.7925194	0.448556	0.3483	0.193421	0.00972269	1.972557	1.433661
18006	-3905.182	-4167.242	262.06	0.7425924	0.432689	0.33598	0.186579	0.0447515	1.928764	1.468364
18012	-3905.018	-4166.755	261.7371	0.7305766	0.415814	0.321875	0.193842	0.0684684	2.105059	1.586777
18018	-3924.942	-4187.002	262.0597	0.8344338	0.448857	0.269515	0.208117	0.0735106	1.993135	1.343809
18024	-3902.841	-4164.48	261.6393	0.8104328	0.494037	0.227421	0.228453	0.0500889	1.86856	1.765218
18030	-3889.284	-4150.938	261.6537	0.7865072	0.561508	0.188191	0.214672	0.0356289	1.8927	1.755806
18036	-3899.98	-4161.253	261.2728	0.7495505	0.56065	0.187903	0.213061	0.0383866	1.924017	2.020182
18042	-3903.742	-4165.63	261.8887	0.7337193	0.605188	0.12339	0.229986	0.0414361	1.884182	1.634617
18048	-3899.947	-4161.728	261.7807	0.7853915	0.505711	0.20589	0.243556	0.0448429	1.958162	1.619854
18054	-3907.07	-4168.741	261.6716	0.754786	0.564875	0.229977	0.155059	0.0500892	1.892459	1.766796
18060	-3906.27	-4167.707	261.437	0.7839657	0.506901	0.212148	0.236002	0.0449485	1.904858	1.898437
18066	-3902.747	-4164.345	261.5979	0.8147247	0.506901	0.212148	0.236002	0.0449485	1.931415	1.747044
18072	-3904.828	-4166.031	261.2023	0.8147247	0.572426	0.199745	0.181133	0.0466971	1.993677	1.975039
18078	-3894.084	-4155.802	261.7172	0.6884491	0.441708	0.283714	0.209439	0.065139	1.933083	1.755603
18084	-3898.334	-4160.306	261.9717	0.5302147	0.477854	0.229348	0.217508	0.0752894	1.918133	1.70368
18090	-3888.932	-4150.616	261.6833	0.5976832	0.407792	0.324492	0.185617	0.0820992	1.917553	1.856061
18096	-3884.312	-4145.912	261.5998	0.8158728	0.499176	0.2867	0.158182	0.0559422	1.8612	1.793856
18102	-3885.979	-4148.044	262.0646	0.7546972	0.490676	0.259999	0.184504	0.0648213	1.988921	1.408907
18108	-3893.532	-4155.203	261.671	0.7454061	0.550115	0.182208	0.161556	0.106121	1.794701	1.841681
18114	-3897.301	-4159.207	261.9055	0.6228539	0.451099	0.34803	0.150553	0.0503182	1.876273	1.711964
18120	-3891.164	-4152.593	261.4289	0.7648708	0.443374	0.342071	0.140155	0.0744004	1.811078	1.980653
18126	-3897.274	-4158.386	261.1122	0.7648708	0.532453	0.182196	0.196002	0.0893483	1.796792	2.198247
18132	-3896.403	-4157.498	261.0945	0.7928317	0.53816	0.184149	0.198103	0.0795879	1.875836	2.139272
18138	-3888.996	-4150.489	261.4935	0.713353	0.540205	0.148283	0.231621	0.0798903	1.815482	1.970905
18144	-3892.51	-4154.121	261.6115	0.713353	0.477352	0.131031	0.321022	0.0705951	1.815482	1.89128
18150	-3882.991	-4144.373	261.3822	0.8186419	0.429203	0.264478	0.169561	0.136758	1.83904	1.955372
18156	-3887.946	-4148.468	260.5219	0.9558257	0.459635	0.170585	0.2348	0.13498	1.585382	2.580487
18162	-3891.473	-4151.621	260.148	0.7416872	0.432447	0.230673	0.209884	0.126996	1.599366	2.935995
18168	-3887.427	-4148.424	260.9971	0.6851217	0.409676	0.302672	0.198832	0.0888202	1.721516	2.374074
18174	-3900.541	-4161.079	260.5378	0.7719626	0.492776	0.211108	0.242287	0.0538296	1.615524	2.669461
18180	-3907.119	-4167.905	260.7858	0.7411298	0.415949	0.269413	0.204513	0.110125	1.644541	2.518017
18186	-3888.623	-4149.269	260.646	0.7569636	0.540519	0.175619	0.184509	0.0993528	1.572618	2.638945
18192	-3897.527	-4157.279	259.7517	0.8427799	0.580713	0.188679	0.198229	0.0323797	1.454113	3.196178
18198	-3905.367	-4165.409	260.0422	0.5885956	0.549627	0.232108	0.187618	0.0306464	1.501557	3.154554
18204	-3912.684	-4171.151	258.4662	0.9593843	0.513184	0.319225	0.126326	0.0412644	1.528782	3.83258
18210	-3910.88	-4172.074	261.1942	0.8319015	0.496328	0.259126	0.0986685	0.145877	1.736284	2.138624
18216	-3914.377	-4176.357	261.9805	0.7175776	0.504032	0.277618	0.10571	0.11264	1.828331	1.620964
18222	-3907.898	-4169.905	262.007	0.5338306	0.287432	0.456297	0.178773	0.0774981	1.869195	1.710741
18228	-3906.166	-4168.049	261.8823	0.6791612	0.341047	0.35488	0.212119	0.0919538	1.869195	1.691202
18234	-3908.127	-4169.962	261.8352	0.6076747	0.38774	0.329263	0.170392	0.112605	1.926045	1.737697
18240	-3895.471	-4157.356	261.8853	0.6202943	0.382404	0.327393	0.184619	0.105583	1.9375	1.684763
18246	-3903.327	-4165.488	262.1612	0.6202943	0.433295	0.335334	0.144235	0.0871352	1.978143	1.452294
18252	-3915.173	-4177.135	261.9622	0.6684812	0.335298	0.497436	0.14377	0.0234964	1.849898	1.656057
18258	-3908.613	-4170.699	262.0858	0.6732511	0.350394	0.441479	0.168588	0.0395386	1.945888	1.491407
18264	-3918.238	-4180.116	261.8784	0.7588551	0.373408	0.33758	0.234108	0.0549047	1.942225	1.580676
18270	-3906.966	-4169.13	262.1645	0.7525088	0.413163	0.316162	0.219254	0.0514212	1.945855	1.36628
18276	-3934.481	-4196.352	261.8714	0.7375118	0.565377	0.180346	0.205449	0.0488287	1.844153	1.672814
18282	-3909.153	-4170.82	261.6665	0.7433741	0.433451	0.371605	0.157509	0.0374349	1.926146	1.755226
18288	-3909.618	-4171.571	261.9523	0.8199974	0.436437	0.353603	0.174339	0.0356214	1.939251	1.480353
18294	-3900.065	-4162.083	262.0185	0.7778041	0.510085	0.287687	0.134315	0.0679127	1.987861	1.426592
18300	-3923.089	-4184.786	261.6966	0.7190173	0.641802	0.119034	0.168244	0.07092	1.794634	1.843294
18306	-3917.549	-4179.228	261.6788	0.8490297	0.587196	0.222947	0.153929	0.0359278	1.9033	1.684609
18312	-3909.823	-4171.912	262.0892	0.7276561	0.38821	0.408825	0.120168	0.0827969	1.925513	1.46067
18318	-3907.003	-4169.244	262.2404	0.7276561	0.472222	0.347159	0.146174	0.0344454	2.049309	1.24211
18324	-3898.381	-4159.729	261.3476	0.8422588	0.459793	0.346059	0.138807	0.0553404	1.818744	1.975703
18330	-3901.863	-4163.337	261.4732	0.6876936	0.457866	0.339588	0.136212	0.0663347	1.786828	2.021635
18336	-3899.002	-4160.173	261.1713	0.9572471	0.518822	0.278227	0.154346	0.0486055	1.808147	2.021635
18342	-3892.433	-4153.996	261.5634	0.8720844	0.511424	0.304033	0.130594	0.0539485	1.791172	1.826975
18348	-3878.725	-4140.019	261.2938	0.8348664	0.580397	0.259419	0.113357	0.0468275	1.799673	2.029348
18354	-3886.165	-4147.343	261.1786	0.8348664	0.384738	0.380385	0.166214	0.0686629	1.799673	2.105372
18360	-3902.357	-4163.661	261.3039	0.8154113	0.489895	0.291723	0.120173	0.0982083	1.872203	1.987849
18366	-3884.112	-4145.361	261.2489	0.8159293	0.435108	0.259098	0.218568	0.0872252	1.734325	2.115048
18372	-3903.504	-4164.777	261.2734	0.8159293	0.523034	0.184663	0.215946	0.0763562	1.709789	2.115048
18378	-3893.725	-4154.907	261.1817	0.8677355	0.556607	0.196516	0.229807	0.0170702	1.747612	2.115048
18384	-3907.838	-4170.086	262.2475	0.5965759	0.38176	0.355755	0.239458	0.0230273	2.065866	1.335992
18390	-3902.996	-4165.001	262.0048	0.6807915	0.410983	0.395601	0.111839	0.0815771	1.999125	1.506185
18396	-3889.493	-4151.552	262.059	0.6940315	0.537951	0.217176	0.168915	0.075957	1.963819	1.481459
18402	-3888.265	-4149.177	260.9117	0.8561027	0.487487	0.198235	0.212684	0.101594	1.670613	2.346537
18408	-3903.19	-4164.659	261.4692	0.6893971	0.390488	0.235753	0.252937	0.120822	1.776082	2.030266
18414	-3909.284	-4171.24	261.9559	0.5747045	0.426025	0.373211	0.0844282	0.116336	1.858562	1.724506
18420	-3905.749	-4168.044	262.2954	0.5019028	0.388264	0.428767	0.0769447	0.106024	1.972345	1.44754
18426	-3901.345	-4163.47	262.1257	0.6455884	0.386642	0.429904	0.0771487	0.106305	1.974117	1.462
18432	-3920.95	-4182.16	261.2101	0.650112	0.539474	0.17131	0.26483	0.0243862	1.612107	2.331828
18438	-3910.621	-4171.381	260.7595	0.650112	0.475933	0.183336	0.294027	0.0467043	1.567559	2.641798
18444	-3919.183	-4180.325	261.1422	0.6483118	0.475933	0.183336	0.294027	0.0467043	1.659873	2.34586
18450	-3920.24	-4181.235	260.9948	0.7267307	0.540656	0.231001	0.161143	0.0671989	1.575114	2.440096
18456	-3917.384	-4177.308	259.9241	0.6915474	0.536717	0.229318	0.159969	0.0739957	1.575114	3.116379
18462	-3922.702	-4182.632	259.9302	0.7433259	0.517421	0.210877	0.200367	0.0713355	1.604364	3.062653
18468	-3913.355	-4174.259	260.9046	0.637147	0.43679	0.26078	0.252037	0.0503933	1.59572	2.542955
18474	-3900.575	-4162.703	262.1282	0.6636511	0.406744	0.277395	0.292113	0.0237477	1.89449	1.505788
18480	-3898.632	-4160.692	262.0607	0.6866758	0.438977	0.299378	0.216373	0.0452728	1.937587	1.505788
18486	-3903.901	-4165.733	261.8323	0.7358301	0.383215	0.265251	0.290708	0.0608263	1.886583	1.671719
18492	-3896.968	-4159.221	262.2531	0.6923944	0.366035	0.298191	0.277675	0.0580993	1.994328	1.307636
18498	-3891.199	-4153.619	262.4201	0.6514124	0.374998	0.351639	0.213842	0.059522	2.029852	1.174297
18504	-3881.185	-4143.455	262.2699	0.7915413	0.416328	0.249175	0.271284	0.0632131	2.113912	1.101188
18510	-3895.055	-4157.222	262.1668	0.7915413	0.631093	0.174371	0.132886	0.0616495	2.060903	1.237612
18516	-3895.136	-4157.017	261.8816	0.8991008	0.459329	0.255559	0.194758	0.0903537	2.071632	1.369715
18522	-3887.028	-4149.27	262.2426	0.6809898	0.470158	0.261584	0.19935	0.0689087	2.032353	1.295107
18528	-3880.534	-4142.668	262.1333	0.6017324	0.379505	0.329192	0.23568	0.0556222	2.013156	1.461682
18534	-3880.168	-4142.242	262.0732	0.6512894	0.457032	0.343393	0.13259	0.066985	1.964274	1.504475
18540	-3895.202	-4157.402	262.2003	0.7848707	0.472969	0.269213	0.223722	0.034096	2.052554	1.222328
18546	-3891.232	-4153.333	262.1008	0.8271603	0.440168	0.250543	0.208207	0.101081	1.957447	1.345563
18552	-3881.737	-4143.316	261.5787	0.8178321	0.478626	0.205262	0.233299	0.0828129	1.929364	1.759618
18558	-3890.165	-4151.977	261.8111	0.7370853	0.470477	0.24862	0.233383	0.0475206	1.843402	1.716465
18564	-3900.367	-4162.602	262.2351	0.6487246	0.516528	0.202163	0.187952	0.0933567	1.95501	1.389943
18570	-3896.506	-4158.635	262.1292	0.6773372	0.544317	0.166216	0.198063	0.0914039	2.039502	1.382934
18576	-3889.572	-4151.434	261.862	0.7657693	0.427369	0.208874	0.248895	0.114862	2.049523	1.508117
18582	-3900.897	-4162.799	261.902	0.7657693	0.427683	0.394232	0.142077	0.0360082	1.998874	1.516063
18588	-3910.394	-4172.229	261.8343	0.7413143	0.417919	0.385231	0.126534	0.0703157	1.950859	1.619929
18594	-3894.799	-4156.797	261.9978	0.6341296	0.426525	0.331752	0.181169	0.0605543	1.950859	1.583566
18600	-3902.086	-4164.217	262.1307	0.5703043	0.391569	0.304564	0.2434	0.0604675	1.9888	1.506808
18606	-3898.032	-4160.086	262.0541	0.6432479	0.459905	0.2625	0.222356	0.0552397	1.966691	1.52328
18612	-3900.693	-4162.967	262.2742	0.6806218	0.465277	0.265566	0.224953	0.0442037	2.073072	1.235632
18618	-3902.189	-4164.323	262.134	0.7939424	0.440332	0.285337	0.212892	0.0614388	2.109947	1.221821
18624	-3905.716	-4167.845	262.1292	0.6334467	0.318454	0.4112	0.188063	0.0822835	2.011282	1.440753
18630	-3909.138	-4170.964	261.8257	0.7211252	0.382215	0.36719	0.151838	0.098758	1.969116	1.628417
18636	-3889.518	-4151.518	262.0005	0.6931443	0.499929	0.294304	0.126613	0.0791548	1.99844	1.500164
18642	-3878.985	-4141.058	262.0724	0.73945	0.445565	0.225369	0.25852	0.0705473	2.147415	1.289538
18648	-3891.167	-4153.337	262.17	0.6607464	0.377007	0.369621	0.228499	0.024873	2.095683	1.319918
18654	-3907.198	-4168.044	260.8457	0.7486912	0.372305	0.442069	0.160566	0.0250605	1.679908	2.453348
18660	-3897.596	-4158.694	261.0984	0.5989169	0.338782	0.462533	0.171264	0.0274208	1.585605	2.453348
18666	-3909.258	-4170.283	261.0256	0.4866057	0.404173	0.313868	0.258357	0.0236013	1.585605	2.57054
18672	-3905.022	-4165.908	260.8865	0.6332793	0.486605	0.355215	0.140285	0.0178947	1.57362	2.57054
18678	-3911.324	-4172.828	261.5039	0.4462869	0.366268	0.372604	0.225391	0.0357364	1.607293	2.279822
18684	-3906.674	-4168.422	261.7479	0.4592942	0.364538	0.457171	0.174271	0.00402017	1.695191	2.056167
18690	-3910.106	-4169.252	259.1468	0.5814102	0.444737	0.263484	0.283143	0.00863572	1.358656	3.766062
18696	-3914.314	-4173.374	259.0599	0.7973824	0.529978	0.211206	0.251894	0.00692231	1.475346	3.617001
18702	-3893.086	-4154.562	261.4752	0.7353515	0.497699	0.218807	0.207811	0.0756824	1.824855	1.961268
18708	-3895.079	-4156.316	261.2371	0.7209161	0.443364	0.302132	0.185124	0.0693793	1.731259	2.189872
18714	-3896.999	-4158.27	261.2712	0.8035643	0.459832	0.234167	0.218161	0.0878397	1.670453	2.150631
18720	-3895.477	-4157.323	261.8468	0.7230792	0.387856	0.197513	0.355541	0.0590901	1.771001	1.752626
18726	-3894.169	-4156.167	261.9974	0.652597	0.395623	0.389462	0.191991	0.0229234	1.821143	1.663479
18732	-3884.137	-4146.357	262.2198	0.7172133	0.470449	0.246404	0.262008	0.0211391	2.03786	1.277847
18738	-3896.808	-4159.092	262.284	0.6236372	0.389261	0.383171	0.170651	0.0569178	2.123663	1.235556
18744	-3895.582	-4157.791	262.2086	0.7186909	0.388871	0.365927	0.148582	0.0966206	2.136464	1.203282
18750	-3890.981	-4153.092	262.1105	0.76998	0.458407	0.31795	0.140962	0.0826814	2.055816	1.306847
18756	-3889.137	-4151.274	262.1368	0.7668141	0.551132	0.221228	0.169475	0.0581653	2.051751	1.291521
18762	-3901.855	-4164.071	262.2165	0.6368059	0.462777	0.255388	0.193002	0.0888329	1.980704	1.394234
18768	-3903.039	-4164.722	261.6836	0.6258854	0.381572	0.36545	0.151923	0.101055	1.823885	1.899449
18774	-3905.97	-4167.156	261.186	0.7742118	0.419201	0.357735	0.127319	0.0957456	1.72463	2.190791
18780	-3901.076	-4162.154	261.0776	0.7826983	0.476083	0.317972	0.113167	0.092778	1.71023	2.264243
18786	-3896.629	-4156.988	260.359	0.8366307	0.460402	0.327489	0.116554	0.0955549	1.641181	2.721899
18792	-3890.99	-4151.514	260.5239	0.8561322	0.527133	0.219649	0.185386	0.0678327	1.617403	2.622651
18798	-3893.246	-4153.608	260.3624	0.7915925	0.552776	0.212261	0.207812	0.0271515	1.523599	2.820311
18804	-3897.528	-4157.654	260.1267	0.79784	0.475028	0.249161	0.243939	0.0318717	1.51032	2.966851
18810	-3896.027	-4155.468	259.4402	0.8165491	0.489745	0.26834	0.132082	0.109832	1.469055	3.387139
18816	-3897.719	-4155.985	258.2658	0.665171	0.430909	0.346028	0.144614	0.0784492	1.393052	4.199737
18822	-3889.839	-4148.768	258.9291	0.665171	0.563451	0.161984	0.20215	0.0724151	1.326032	3.859357
18828	-3883.064	-4141.809	258.7452	0.7910232	0.576229	0.165658	0.184056	0.0740574	1.376931	3.859357
18834	-3881.761	-4141.324	259.5632	0.7910232	0.56466	0.179294	0.219019	0.0370266	1.447214	3.343453
18840	-3887.687	-4147.817	260.1297	0.7522058	0.51836	0.215864	0.227738	0.0380387	1.565232	2.960891
18846	-3882.015	-4141.968	259.9533	0.8476438	0.549842	0.228974	0.180684	0.0405009	1.56195	3.008755
18852	-3876.249	-4137.197	260.9473	0.6326035	0.48629	0.243352	0.219477	0.0508815	1.720573	2.44121
18858	-3891.574	-4152.977	261.4029	0.637682	0.509396	0.232406	0.209605	0.0485929	1.724166	2.143984
18864	-3883.791	-4144.6	260.8094	0.7834883	0.457365	0.208668	0.290338	0.0436295	1.78539	2.386655
18870	-3878.621	-4140.178	261.5575	0.7516853	0.470492	0.231403	0.27011	0.0279953	1.783903	1.921802
18876	-3880.246	-4141.493	261.2469	0.8927554	0.514189	0.12936	0.295197	0.0612544	1.766689	2.042609
18882	-3889.378	-4150.793	261.4159	0.7361112	0.578269	0.192085	0.197429	0.0322164	1.884598	1.9604
18888	-3904.611	-4166.782	262.1707	0.5923122	0.39496	0.390112	0.174431	0.0404968	1.962516	1.479213
18894	-3901.296	-4162.408	261.1124	0.6408747	0.381655	0.345684	0.21413	0.0585311	1.654588	2.373123
18900	-3906.874	-4166.066	259.1918	0.7824377	0.432718	0.291816	0.174927	0.100538	1.409785	3.587641
18906	-3896.932	-4156.905	259.9733	0.730964	0.495788	0.255111	0.152925	0.0961773	1.375652	3.180892
18912	-3886.702	-4147.385	260.6834	0.8164219	0.548625	0.149843	0.222793	0.0787387	1.498152	2.623329
18918	-3886.508	-4146.503	259.9957	0.8920124	0.640212	0.0875222	0.209323	0.0629426	1.47831	3.005988
18924	-3883.387	-4143.746	260.3589	0.8521491	0.533297	0.191124	0.179278	0.0963004	1.581111	2.748828
18930	-3885.453	-4146.436	260.9825	0.7224769	0.37357	0.362871	0.247262	0.0162974	1.656141	2.399604
18936	-3885.005	-4146.183	261.1785	0.5436833	0.498595	0.300605	0.188384	0.0124166	1.626234	2.413515
18942	-3891.097	-4152.828	261.7305	0.6816605	0.330153	0.428164	0.148042	0.0936416	1.771165	1.863232
18948	-3903.284	-4164.926	261.6417	0.6771733	0.330068	0.428054	0.16664	0.0752372	1.808785	1.901352
18954	-3895.201	-4156.591	261.3899	0.5634985	0.407066	0.373001	0.130353	0.0895801	1.735307	2.195795
18960	-3903.728	-4165.528	261.8	0.568445	0.363232	0.404715	0.183383	0.0486703	1.779594	1.891392
18966	-3904.639	-4166.179	261.5403	0.6425239	0.38297	0.339866	0.214595	0.0625688	1.831012	1.97934
18972	-3903.216	-4164.866	261.6508	0.6009858	0.421672	0.261856	0.2298	0.086672	1.784108	1.966109
18978	-3899.583	-4161.114	261.5308	0.6551622	0.449891	0.302011	0.198446	0.0496521	1.780592	2.010391
18984	-3901.336	-4162.435	261.0988	0.745651	0.466723	0.257829	0.220323	0.0551256	1.690925	2.288047
18990	-3895.205	-4156.848	261.6433	0.6719848	0.533789	0.247059	0.174968	0.0441841	1.781787	1.922268
18996	-3905.601	-4167.109	261.5081	0.8419459	0.523046	0.14111	0.281321	0.0545227	1.787964	1.888379
19002	-3901.381	-4162.72	261.3391	0.6321108	0.340037	0.350912	0.246855	0.0621958	1.711532	2.197472
19008	-3903.591	-4164.572	260.9802	0.7693998	0.506847	0.216243	0.21144	0.0654699	1.751048	2.309423
19014	-3904.867	-4166.064	261.1971	0.8869601	0.48358	0.233836	0.226244	0.0563396	1.643976	2.159742
19020	-3908.111	-4169.229	261.1182	0.8132857	0.494773	0.237783	0.198019	0.069425	1.753686	2.189368
19026	-3906.799	-4168.185	261.3859	0.8132857	0.480573	0.208843	0.220302	0.0902816	1.798707	1.98368
19032	-3906.8	-4167.805	261.0046	0.8794577	0.497597	0.18799	0.191962	0.12245	1.792706	2.193161
19038	-3901.364	-4162.415	261.0511	0.9522063	0.497597	0.18799	0.191962	0.12245	1.786623	2.118453
19044	-3905.452	-4166.303	260.8514	0.9522063	0.480007	0.209041	0.223123	0.0878288	1.672557	2.32096
19050	-3898.143	-4158.866	260.723	0.765248	0.444791	0.219008	0.272985	0.0632154	1.724857	2.49113
19056	-3906.019	-4165.999	259.9802	0.7585819	0.48439	0.261908	0.227438	0.0262642	1.652172	2.994391
19062	-3908.114	-4168.509	260.3946	0.6223986	0.547437	0.22355	0.194102	0.0349108	1.541795	2.898083
19068	-3901.736	-4162.366	260.63	0.5607327	0.411895	0.301995	0.242495	0.0436146	1.513911	2.811411
19074	-3888.526	-4148.733	260.2074	0.5436979	0.440407	0.282443	0.247676	0.0294742	1.49421	3.088349
19080	-3904.787	-4165.708	260.9213	0.7769397	0.458909	0.232698	0.277681	0.0307124	1.549906	2.4688
19086	-3906.382	-4167.25	260.8675	0.8211148	0.570182	0.135401	0.256258	0.0381593	1.598884	2.442783
19092	-3901.658	-4162.456	260.7985	0.792642	0.561619	0.133368	0.25241	0.0526033	1.695425	2.444229
19098	-3896.777	-4157.272	260.4949	0.6438942	0.450099	0.246927	0.172107	0.130868	1.697005	2.728878
19104	-3896.011	-4156.654	260.6425	0.6818508	0.433752	0.282843	0.166273	0.117132	1.630741	2.654302
19110	-3884.814	-4145.671	260.8577	0.6779362	0.483319	0.264103	0.167187	0.0853907	1.673831	2.496606
19116	-3889.756	-4149.663	259.9073	0.7401681	0.43681	0.239556	0.281624	0.0420096	1.625141	3.06587
19122	-3885.936	-4147.386	261.4505	0.7203444	0.398162	0.291896	0.196321	0.113621	1.858535	1.965853
19128	-3892.934	-4154.151	261.2171	0.7116911	0.398162	0.291896	0.196321	0.113621	1.750855	2.196433
19134	-3875.421	-4136.818	261.3967	0.7116911	0.324138	0.425894	0.157471	0.0924973	1.812211	2.038709
19140	-3892.158	-4151.923	259.7651	0.8619953	0.471809	0.167352	0.263203	0.0976355	1.499907	3.149214
19146	-3885.274	-4145.142	259.8677	0.7640838	0.412416	0.296096	0.211789	0.079699	1.472177	3.165581
19152	-3888.511	-4149.368	260.8571	0.7640838	0.481613	0.275602	0.199654	0.0431319	1.602125	2.484795
19158	-3886.609	-4147.585	260.9767	0.6558067	0.479871	0.276528	0.200324	0.0432768	1.62273	2.46875
19164	-3901.808	-4162.646	260.8381	0.7178549	0.42976	0.310855	0.166178	0.0932069	1.543943	2.563395
19170	-3909.338	-4169.835	260.4961	0.8389019	0.439371	0.296634	0.168704	0.0952914	1.460008	2.747408
19176	-3897.2	-4156.995	259.795	0.7299237	0.489054	0.273995	0.194539	0.0424118	1.475741	3.227885
19182	-3908.205	-4168.424	260.2188	0.6554551	0.486163	0.272375	0.193389	0.0480734	1.471072	3.025372
19188	-3893.132	-4153.308	260.1758	0.7987548	0.480164	0.269015	0.191002	0.0598186	1.512921	2.935117
19194	-3874.08	-4133.652	259.572	0.6021672	0.428895	0.238332	0.285204	0.0475686	1.50005	3.424342
19200	-3874.463	-4134.381	259.9182	0.6748348	0.447777	0.320021	0.182022	0.0501803	1.474839	3.190007
19206	-3888.232	-4148.892	260.6596	0.6490693	0.503599	0.26715	0.190995	0.0382562	1.723347	2.607961
19212	-3888.197	-4148.737	260.5405	0.7596411	0.497054	0.165322	0.284931	0.0526932	1.557091	2.711662
19218	-3892.511	-4153.058	260.5472	0.917222	0.467318	0.217389	0.246004	0.0692887	1.628561	2.562344
19224	-3890.188	-4151.129	260.9403	0.6814407	0.508321	0.236463	0.206652	0.0485646	1.573275	2.505485
19230	-3900.614	-4160.601	259.9866	0.6103663	0.466886	0.230245	0.169534	0.133335	1.506533	3.171066
19236	-3897.035	-4157.484	260.4486	0.6103663	0.401628	0.299532	0.167279	0.131561	1.531737	2.879201
19242	-3899.529	-4160.486	260.9566	0.6308764	0.364359	0.29407	0.296645	0.0449263	1.579975	2.524521
19248	-3910.228	-4170.798	260.5694	0.6079277	0.324037	0.421684	0.207961	0.0463171	1.506973	2.822532
19254	-3905.257	-4166.126	260.8688	0.6939441	0.490487	0.169878	0.27777	0.0618649	1.594789	2.528388
19260	-3892.119	-4152.525	260.4058	0.699388	0.401201	0.360015	0.165779	0.0730056	1.490332	2.87318
19266	-3906.696	-4166.701	260.0054	0.699388	0.458079	0.32029	0.189281	0.0323492	1.570556	3.065687
19272	-3900.974	-4161.791	260.8168	0.6704388	0.484012	0.25293	0.152373	0.110685	1.503852	2.632483
19278	-3905.911	-4166.819	260.9077	0.5929229	0.414936	0.271363	0.233656	0.0800447	1.627444	2.550274
19284	-3903.117	-4163.702	260.5852	0.779212	0.454594	0.254088	0.215971	0.0753476	1.646802	2.616253
19290	-3898.828	-4159.486	260.6581	0.9011472	0.474329	0.207261	0.294185	0.0242261	1.76293	2.419152
19296	-3893.507	-4153.906	260.3989	0.8887071	0.508928	0.274652	0.175335	0.0410853	1.615814	2.679939
19302	-3883.539	-4144.128	260.5892	0.767688	0.510289	0.226655	0.19777	0.0652857	1.661211	2.612365
19308	-3883.031	-4144.094	261.0623	0.7333389	0.522155	0.235241	0.182394	0.06021	1.685523	2.32309
19314	-3906.078	-4167.183	261.1047	0.7333389	0.393533	0.272282	0.283506	0.0506799	1.728079	2.268785
19320	-3891.647	-4152.802	261.1551	0.5918848	0.429596	0.262612	0.273437	0.0343553	1.686198	2.358691
19326	-3899.064	-4160.014	260.9499	0.6743435	0.496356	0.224357	0.216113	0.0631742	1.709573	2.418682
19332	-3894.172	-4154.354	260.1817	0.6426585	0.450668	0.275618	0.220673	0.053041	1.534622	3.017626
19338	-3901.911	-4162.79	260.8786	0.8776608	0.45554	0.278597	0.223058	0.0428052	1.672365	2.352256
19344	-3895.544	-4156.277	260.7337	0.8776608	0.382419	0.337178	0.188989	0.0914143	1.637195	2.465891
19350	-3882.821	-4143.702	260.8811	0.8832528	0.468121	0.278627	0.170689	0.0825626	1.68586	2.338463
19356	-3887.22	-4148.055	260.8353	0.8301082	0.502422	0.223779	0.203759	0.0700391	1.676926	2.408023
19362	-3890.383	-4150.641	260.258	0.8394041	0.538825	0.142423	0.24453	0.0742215	1.555272	2.834102
19368	-3901.973	-4161.995	260.0219	1.014015	0.532481	0.203656	0.195817	0.0680457	1.524758	2.887804
19374	-3897.104	-4157.339	260.2353	0.7873825	0.588989	0.175184	0.177294	0.0585328	1.555684	2.880593
19380	-3914.099	-4174.095	259.9954	0.6536369	0.452852	0.152457	0.343017	0.0516737	1.64456	3.056395
19386	-3897.556	-4158.708	261.1517	0.6934478	0.393757	0.261113	0.299945	0.0451851	1.71913	2.271475
19392	-3885.525	-4146.833	261.3076	0.6526748	0.498138	0.234194	0.241538	0.0261306	1.620366	2.2625
19398	-3872.507	-4133.233	260.7269	0.8185282	0.497868	0.149074	0.241407	0.111651	1.665584	2.490799
19404	-3882.227	-4143.159	260.9312	0.6739245	0.478703	0.234656	0.195994	0.0906477	1.61387	2.490799
19410	-3873.031	-4134.086	261.0552	0.6739245	0.534966	0.217065	0.164116	0.0838525	1.767024	2.315751
19416	-3864.985	-4126.187	261.2012	0.7174736	0.408872	0.30066	0.174323	0.116145	1.694644	2.239069
19422	-3886.249	-4147.17	260.9205	0.7612305	0.443115	0.267297	0.186332	0.103257	1.870805	2.276525
19428	-3886.959	-4148.256	261.2963	0.8113289	0.420536	0.278134	0.193886	0.107443	1.842045	2.015878
19434	-3887.449	-4149.145	261.6954	0.7996045	0.547888	0.208862	0.138566	0.104683	1.842045	1.752456
19440	-3894.437	-4155.512	261.075	0.8276724	0.5268	0.192766	0.173092	0.107342	1.702691	2.240501
19446	-3879.736	-4140.716	260.9808	0.8878176	0.450139	0.28516	0.192185	0.0725164	1.651254	2.293934
19452	-3887.062	-4147.474	260.4116	0.7026666	0.424219	0.372351	0.181119	0.0223106	1.521566	2.848621
19458	-3884.142	-4144.532	260.3898	0.746204	0.425108	0.234094	0.280799	0.0599988	1.552543	2.81506
19464	-3898.082	-4158.261	260.1795	0.8002391	0.432008	0.215084	0.297782	0.0551266	1.6104	2.873098
19470	-3889.489	-4150.23	260.7419	0.6962268	0.386049	0.278871	0.295286	0.039793	1.686969	2.548527
19476	-3887.943	-4148.852	260.9086	0.627778	0.400911	0.297301	0.256441	0.0453473	1.72782	2.46412
19482	-3899.621	-4160.802	261.1813	0.7452616	0.460928	0.309799	0.12913	0.100143	1.781732	2.17665
19488	-3883.075	-4144.196	261.1219	0.7297433	0.412792	0.277446	0.177193	0.132568	1.851903	2.180264
19494	-3882.708	-4143.788	261.0794	0.7840072	0.32807	0.441753	0.144993	0.0851837	1.895639	2.142256
19500	-3898.964	-4160.778	261.8139	0.5528039	0.385794	0.299279	0.257217	0.0577102	1.922663	1.794789
19506	-3903.763	-4165.608	261.8456	0.4905542	0.354908	0.474016	0.154578	0.016498	1.876545	1.84814
19512	-3893.772	-4155.423	261.6504	0.6201035	0.295062	0.517392	0.167055	0.020491	1.843116	1.913062
19518	-3904.807	-4166.351	261.5441	0.5039283	0.41661	0.334244	0.219115	0.0300309	1.800677	2.092225
19524	-3907.328	-4169.118	261.7905	0.6833877	0.454336	0.311469	0.204185	0.0300101	1.899008	1.731816
19530	-3888.326	-4149.894	261.5676	0.617083	0.447425	0.306732	0.201079	0.0447649	1.925671	1.915407
19536	-3896.029	-4157.55	261.5214	0.7682432	0.507114	0.250359	0.188418	0.0541091	1.918001	1.84321
19542	-3889.487	-4150.96	261.4724	0.7671683	0.498805	0.246696	0.201181	0.0533175	1.783569	1.968322
19548	-3878.51	-4140.499	261.9886	0.6562506	0.477211	0.222303	0.25244	0.0480455	1.884784	1.621303
19554	-3891.72	-4153.189	261.4695	0.8412127	0.520147	0.122322	0.305163	0.0523683	1.84784	1.87443
19560	-3883.746	-4145.441	261.6949	0.7366455	0.507764	0.11941	0.297898	0.0749281	1.868971	1.780245
19566	-3881.351	-4142.342	260.9914	0.873795	0.485165	0.180025	0.275352	0.059458	1.847551	2.169928
19572	-3885.771	-4147.013	261.2418	0.7162533	0.542323	0.19	0.204925	0.0627524	1.762246	2.169928
19578	-3887.123	-4148.011	260.8874	0.7283089	0.525435	0.211464	0.198543	0.0645575	1.722439	2.413886
19584	-3889.174	-4150.081	260.9066	0.870052	0.557886	0.125687	0.238785	0.0776423	1.654055	2.351126
19590	-3882.02	-4142.835	260.8154	0.9753848	0.482627	0.159233	0.302518	0.0556213	1.583397	2.385599
19596	-3882.124	-4142	259.8761	0.9753848	0.598639	0.145148	0.173343	0.0828696	1.612826	2.94601
19602	-3897.858	-4157.528	259.6693	0.7871656	0.544005	0.25068	0.157523	0.0477924	1.48948	3.258409
19608	-3895.088	-4155.435	260.3464	0.619843	0.425301	0.303868	0.20787	0.0629611	1.471936	2.970851
19614	-3883.783	-4143.42	259.6373	0.7504936	0.535523	0.184001	0.201197	0.0792782	1.499861	3.293978
19620	-3897.537	-4157.867	260.3298	0.839031	0.546822	0.166785	0.205442	0.0809509	1.561489	2.786918
19626	-3905.295	-4165.552	260.2574	0.8882223	0.546822	0.166785	0.205442	0.0809509	1.586031	2.785056
19632	-3890.732	-4150.596	259.8648	0.7072612	0.488246	0.148919	0.290556	0.0722794	1.439978	3.221934
19638	-3892.466	-4152.096	259.6294	0.8970724	0.507649	0.214582	0.158093	0.119676	1.554122	3.176119
19644	-3897.348	-4157.355	260.0064	0.7457437	0.56283	0.110917	0.193568	0.132685	1.495348	3.080717
19650	-3886.194	-4146.158	259.9641	0.8261471	0.544706	0.156294	0.211335	0.0876653	1.453152	3.080717
19656	-3908.424	-4168.892	260.4674	0.8261471	0.535632	0.10825	0.267879	0.0882386	1.605858	2.683772
19662	-3891.198	-4151.689	260.4903	0.8557963	0.516991	0.159431	0.258557	0.0650216	1.695871	2.59508
19668	-3917.273	-4177.521	260.2475	0.7834289	0.459279	0.224488	0.154938	0.161295	1.48721	2.917116
19674	-3897.3	-4157.144	259.8432	0.8231828	0.528592	0.221251	0.0911878	0.158969	1.470586	3.144196
19680	-3897.411	-4157.691	260.2801	0.8405193	0.509436	0.201783	0.214	0.0747814	1.559412	2.817444
19686	-3904.519	-4164.567	260.0475	0.6747515	0.512362	0.202942	0.215229	0.0694671	1.59424	3.041962
19692	-3907.44	-4168.622	261.1813	0.5497746	0.336129	0.429755	0.139638	0.0944779	1.646076	2.395255
19698	-3903.892	-4165.037	261.1444	0.5258377	0.263952	0.560442	0.10501	0.0705959	1.695067	2.403122
19704	-3901.201	-4161.61	260.4095	0.7545078	0.411096	0.345263	0.201265	0.042376	1.669196	2.726539
19710	-3888.42	-4148.733	260.3132	0.8149493	0.424081	0.356169	0.207622	0.0121287	1.511859	2.842413
19716	-3876.18	-4136.48	260.3003	0.8149493	0.405617	0.343099	0.23223	0.0190535	1.584162	2.80636
19722	-3899.161	-4159.772	260.6103	0.5951004	0.405617	0.343099	0.23223	0.0190535	1.5648	2.770586
19728	-3906.684	-4166.633	259.9495	0.5712569	0.467985	0.340292	0.151116	0.0406065	1.5648	3.182797
19734	-3891.335	-4151.321	259.9858	0.6331184	0.516301	0.250858	0.188042	0.0447989	1.463545	3.182797
19740	-3893.308	-4153.252	259.9441	0.6005883	0.497879	0.341141	0.126621	0.0343593	1.454781	3.233032
19746	-3899.993	-4159.404	259.4105	0.7609565	0.437155	0.316604	0.216645	0.0295961	1.377341	3.49233
19752	-3901.395	-4160.869	259.4735	0.8660038	0.552069	0.151869	0.258109	0.0379534	1.456811	3.344606
19758	-3910.927	-4170.323	259.3967	0.7971586	0.534318	0.14589	0.24981	0.0699822	1.319409	3.511957
19764	-3900.096	-4159.827	259.7316	0.8790616	0.510012	0.184743	0.238446	0.0667988	1.41418	3.209507
19770	-3903.527	-4163.553	260.0258	0.680117	0.571318	0.127226	0.194186	0.107271	1.493505	3.111668
19776	-3894.372	-4153.75	259.3784	1.06307	0.566024	0.128716	0.196732	0.108527	1.459904	3.281671
19782	-3890.481	-4151.22	260.7381	0.7537928	0.528179	0.191878	0.122329	0.157614	1.667234	2.525285
19788	-3888.37	-4148.93	260.5595	0.7896779	0.576042	0.196536	0.15145	0.075973	1.596746	2.65622
19794	-3888.762	-4148.724	259.9614	0.835805	0.654159	0.123999	0.149531	0.072311	1.58017	3.00033
19800	-3893.833	-4154.15	260.3163	1.016338	0.58208	0.187562	0.144133	0.086225	1.577302	2.674884
19806	-3899.893	-4158.754	258.8612	1.016338	0.503947	0.191817	0.190358	0.113878	1.536411	3.566771
19812	-3896.3	-4158.284	261.9833	0.8761466	0.475548	0.161942	0.2867	0.0758101	2.161441	1.233315
19818	-3887.16	-4149.426	262.2667	0.7575933	0.480985	0.117456	0.324882	0.0766769	2.142839	1.110263
19824	-3911.073	-4173.326	262.2527	0.7044133	0.48249	0.146587	0.352126	0.0187965	2.088038	1.219887
19830	-3900.17	-4162.339	262.1689	0.7306459	0.433451	0.303004	0.246658	0.016886	2.144043	1.219887
19836	-3909.129	-4171.181	262.052	0.8159574	0.436924	0.193385	0.351235	0.018456	2.213686	1.183462
19842	-3902.335	-4164.192	261.8571	0.8085142	0.540344	0.239159	0.197673	0.0228246	2.083466	1.452277
19848	-3902.912	-4164.957	262.0452	0.6891131	0.405278	0.422773	0.147979	0.0239693	1.969103	1.49182
19854	-3892.667	-4154.789	262.1225	0.7348838	0.459448	0.275397	0.237981	0.027173	2.072489	1.313614
19860	-3901.283	-4162.292	261.0091	0.5538556	0.389169	0.300876	0.256932	0.0530222	1.681534	2.478648
19866	-3906.521	-4167.367	260.846	0.5869981	0.386146	0.31156	0.266056	0.0362374	1.612651	2.601596
19872	-3911.319	-4172.84	261.5202	0.7300516	0.462917	0.273026	0.240499	0.0235574	1.971037	1.835248
19878	-3911.021	-4172.769	261.7479	0.7300516	0.480008	0.258431	0.230748	0.0308132	1.953077	1.6888
19884	-3915.737	-4176.447	260.7096	0.7829213	0.531309	0.263877	0.174537	0.0302774	1.613784	2.557166
19890	-3906.288	-4167.27	260.9821	0.6998853	0.462522	0.221058	0.213723	0.102697	1.693112	2.391647
19896	-3922.98	-4184.239	261.2593	0.7316567	0.550697	0.2632	0.118293	0.0678104	1.873341	2.075104
19902	-3919.329	-4181.136	261.8066	0.5129853	0.437026	0.369657	0.11428	0.0790374	1.803718	1.909117
19908	-3910.748	-4172.42	261.6714	0.6711326	0.531113	0.23395	0.138884	0.0960534	1.773969	1.909117
19914	-3900.428	-4161.852	261.4244	0.6506423	0.437508	0.351894	0.114406	0.0961925	1.742417	2.109048
19920	-3902.973	-4164.257	261.2835	0.6416266	0.464765	0.256428	0.172259	0.106548	1.778567	2.183557
19926	-3905.191	-4166.006	260.815	0.7183795	0.444379	0.289042	0.164704	0.101875	1.743019	2.453116
19932	-3896.234	-4156.493	260.259	0.7418805	0.456301	0.335655	0.169122	0.038921	1.580684	2.880135
19938	-3889.567	-4149.897	260.3299	0.6268012	0.480475	0.301011	0.178082	0.0404317	1.633448	2.879
19944	-3912.831	-4174.477	261.6459	0.7311098	0.50315	0.249772	0.228208	0.01887	1.919582	1.783215
19950	-3903.815	-4164.486	260.6716	0.6114087	0.345908	0.454795	0.177594	0.0217034	1.622036	2.687542
19956	-3909.259	-4170.044	260.785	0.5594934	0.459903	0.419666	0.102894	0.0175371	1.695105	2.60601
19962	-3902.525	-4163.746	261.2202	0.7080783	0.318339	0.373165	0.236878	0.0716171	1.727531	2.211978
19968	-3892.41	-4154.101	261.6913	0.4476193	0.40836	0.304908	0.203233	0.083499	1.868661	1.985825
19974	-3897.283	-4159.122	261.8386	0.4999102	0.374453	0.452806	0.111941	0.0608002	1.767373	1.920919
19980	-3897.262	-4158.82	261.5581	0.5663289	0.44397	0.307449	0.161087	0.0874936	1.764546	2.064848
19986	-3903.944	-4165.723	261.7799	0.4565304	0.389132	0.296944	0.237237	0.0766867	1.717524	2.021923
19992	-3917.237	-4178.658	261.4212	0.5723323	0.40298	0.307512	0.259591	0.0299166	1.65797	2.219602
19998	-3916.676	-4178.151	261.4751	0.6802431	0.421443	0.294743	0.248813	0.0350007	1.680342	2.095958
20004	-3902.176	-4163.098	260.9222	0.5155205	0.390328	0.422628	0.163978	0.0230668	1.662681	2.568971
20010	-3893.846	-4155.67	261.8234	0.6121694	0.387909	0.347203	0.233718	0.0311703	1.801771	1.828918
20016	-3894.707	-4156.299	261.5914	0.5295253	0.418485	0.353544	0.216867	0.0111037	1.76396	2.068225
20022	-3888.823	-4149.968	261.1449	0.5166293	0.352152	0.297504	0.327292	0.0230515	1.738826	2.381024
20028	-3897.894	-4159.438	261.5443	0.5416825	0.352437	0.319178	0.313387	0.0149975	1.851473	2.033329
20034	-3897.706	-4159.619	261.9126	0.5174406	0.316071	0.366412	0.28105	0.0364674	1.86497	1.791452
20040	-3900.838	-4162.999	262.1608	0.4987158	0.335237	0.337439	0.293943	0.0333816	1.891801	1.609893
20046	-3904.49	-4165.749	261.259	0.6082321	0.471892	0.25334	0.220685	0.0540824	1.817363	2.197103
20052	-3893.135	-4154.273	261.138	0.6307015	0.412134	0.37274	0.172783	0.0423433	1.643812	2.370563
20058	-3907.957	-4169.528	261.5709	0.7239003	0.420453	0.380263	0.176271	0.0230124	1.837419	1.89633
20064	-3912.321	-4173.815	261.4943	0.5408138	0.401006	0.408939	0.0923893	0.0976653	1.647239	2.200369
20070	-3894.66	-4156.544	261.8846	0.4602669	0.341395	0.348148	0.245582	0.0648748	1.769943	1.914179
20076	-3897.913	-4159.817	261.9049	0.4999737	0.508323	0.270443	0.165254	0.0559797	1.759281	1.881381
20082	-3918.634	-4180.186	261.552	0.7714321	0.548817	0.205221	0.177494	0.0684682	1.867391	1.854598
20088	-3903.749	-4165.639	261.8895	0.5862277	0.338071	0.438895	0.189473	0.0335613	1.851454	1.767585
20094	-3887.758	-4149.24	261.482	0.7335744	0.381739	0.389706	0.190658	0.0378964	1.811192	1.967091
20100	-3887.479	-4149.224	261.7446	0.7341629	0.487727	0.33835	0.135022	0.0389014	1.907272	1.720497
20106	-3887.235	-4148.856	261.621	0.834518	0.541468	0.286507	0.085025	0.0869999	1.925451	1.720497
20112	-3899.194	-4161.107	261.9135	0.8747309	0.616679	0.177384	0.106852	0.0990843	1.944504	1.462695
20118	-3889.628	-4151.667	262.0387	0.7064796	0.317951	0.447951	0.105619	0.128478	1.99576	1.462695
20124	-3903.128	-4164.687	261.5596	0.8125935	0.457913	0.173228	0.239475	0.129384	1.962972	1.75332
20130	-3894.818	-4156.797	261.9789	0.6567821	0.401688	0.382681	0.165227	0.0504039	1.984136	1.555426
20136	-3892.848	-4154.731	261.8825	0.5702165	0.368997	0.273141	0.234039	0.123823	1.984136	1.690917
20142	-3895.235	-4157.386	262.1515	0.5595741	0.534581	0.217785	0.211781	0.035853	1.888282	1.574077
20148	-3899.687	-4161.51	261.8231	0.7904142	0.538802	0.219505	0.164012	0.0776815	1.918864	1.613757
20154	-3892.823	-4154.924	262.1003	0.6638248	0.467984	0.239926	0.209296	0.0827938	1.971101	1.468962
20160	-3905.314	-4167.328	262.0144	0.7376301	0.415214	0.299274	0.182531	0.102982	1.954136	1.487577
20166	-3895.606	-4157.588	261.9824	0.8343332	0.469759	0.269097	0.164126	0.0970188	1.947469	1.439866
20172	-3884.373	-4146.491	262.1182	0.6363019	0.447077	0.349822	0.156201	0.0468999	1.986663	1.465662
20178	-3887.523	-4149.601	262.0775	0.6197839	0.463555	0.362716	0.161958	0.0117702	1.900942	1.57284
20184	-3884.601	-4146.559	261.958	0.4562539	0.419142	0.40489	0.161923	0.0140448	1.881718	1.789922
20190	-3893.136	-4155.305	262.1685	0.5076157	0.364693	0.392089	0.213974	0.0292436	1.90477	1.58836
20196	-3886.555	-4148.703	262.148	0.5482919	0.460933	0.337532	0.166861	0.0346744	1.809772	1.642049
20202	-3907.082	-4168.994	261.9127	0.611543	0.430423	0.254159	0.241198	0.0742203	1.941316	1.669129
20208	-3906.797	-4168.818	262.0215	0.6715679	0.546751	0.192114	0.182317	0.0788176	1.966973	1.525039
20214	-3892.375	-4154.512	262.1365	0.5945889	0.427296	0.271779	0.257919	0.043006	2.018608	1.460833
20220	-3899.932	-4161.89	261.9579	0.7484526	0.521669	0.279641	0.146186	0.0525044	1.994863	1.490862
20226	-3900.257	-4162.62	262.3629	0.5353483	0.555516	0.213074	0.184157	0.047253	2.009367	1.339648
20232	-3898.743	-4161.058	262.3152	0.5887892	0.425177	0.236332	0.286081	0.0524108	1.900406	1.419147
20238	-3913.379	-4174.743	261.3631	0.8673422	0.508838	0.231526	0.189529	0.0701069	1.848563	1.927716
20244	-3889.023	-4151.296	262.2727	0.7316741	0.493958	0.186176	0.225126	0.0947395	2.165509	1.109069
20250	-3885.349	-4147.322	261.9724	0.7918479	0.567943	0.164226	0.211407	0.056424	2.057763	1.396738
20256	-3882.144	-4144.182	262.0377	0.8926107	0.567943	0.164226	0.211407	0.056424	2.013239	1.296869
20262	-3885.442	-4147.692	262.2501	0.6725249	0.469243	0.219343	0.264795	0.0466184	2.013239	1.311787
20268	-3878.787	-4140.825	262.0375	0.8524798	0.474611	0.221852	0.267083	0.0364529	2.043791	1.305857
20274	-3897.685	-4159.613	261.928	0.8132018	0.422125	0.340471	0.154668	0.0827356	2.228598	1.277801
20280	-3906.152	-4168.157	262.005	0.8238977	0.552715	0.14776	0.262802	0.0367232	2.205126	1.22392
20286	-3888.773	-4150.857	262.0846	0.8113838	0.370092	0.465039	0.11556	0.0493094	2.055048	1.293225
20292	-3891.319	-4153.643	262.3237	0.6305349	0.390937	0.46228	0.0946964	0.0520868	2.059837	1.24964
20298	-3909.653	-4172.01	262.357	0.6713779	0.359142	0.424682	0.0869947	0.129181	2.023087	1.216142
20304	-3900.002	-4162.153	262.1515	0.7620069	0.540682	0.215591	0.140733	0.102995	1.972181	1.347844
20310	-3892.321	-4154.457	262.1361	0.6385095	0.470528	0.229288	0.227644	0.0725408	1.941774	1.484295
20316	-3905.266	-4167.303	262.0365	0.685808	0.556569	0.220362	0.116359	0.10671	2.090409	1.408529
20322	-3886.787	-4148.889	262.1029	0.7518741	0.515667	0.258364	0.136426	0.0895437	1.916295	1.437708
20328	-3883.385	-4145.364	261.9794	0.7518741	0.527695	0.26439	0.150877	0.0570387	2.026465	1.447903
20334	-3877.408	-4139.289	261.8812	0.6008472	0.450696	0.287283	0.213305	0.0487159	1.98058	1.671606
20340	-3883.347	-4144.863	261.516	0.6502088	0.520358	0.331687	0.0956524	0.0523024	1.780654	2.023713
20346	-3899.11	-4160.6	261.4897	0.7342104	0.362159	0.235778	0.24163	0.160433	1.79329	1.97352
20352	-3890.516	-4152.118	261.6021	0.8406545	0.503003	0.256058	0.0667064	0.174232	1.827917	1.797425
20358	-3898.484	-4160.085	261.6007	0.8024089	0.390863	0.341374	0.088932	0.178831	1.86924	1.797425
20364	-3895.314	-4155.968	260.6546	0.6910924	0.550833	0.213054	0.214699	0.0214134	1.583124	2.670131
20370	-3890.296	-4151.66	261.3643	0.7868446	0.547894	0.185996	0.213107	0.0530035	1.717479	2.070303
20376	-3894.434	-4155.574	261.1402	0.9323691	0.558102	0.170829	0.217078	0.0539911	1.749094	2.097814
20382	-3890.86	-4151.608	260.7475	0.7959857	0.436244	0.337789	0.16968	0.0562874	1.741587	2.445059
20388	-3895.352	-4156.445	261.093	0.68354	0.448106	0.318556	0.160019	0.0733197	1.514805	2.445059
20394	-3902.844	-4163.93	261.0859	0.8135334	0.495008	0.166507	0.250662	0.0878227	1.630266	2.289422
20400	-3901.729	-4163.027	261.2982	0.7699959	0.509022	0.142911	0.257758	0.090309	1.641933	2.174576
20406	-3893.228	-4154.398	261.1697	0.8430843	0.421011	0.329101	0.193061	0.0568271	1.631431	2.215032
20412	-3894.913	-4156.275	261.3619	0.7977848	0.456806	0.261265	0.217815	0.0641135	1.743512	2.04712
20418	-3895.088	-4156.015	260.9266	0.8494995	0.465161	0.266043	0.20351	0.065286	1.734971	2.300367
20424	-3899.042	-4159.726	260.6837	0.8554832	0.504257	0.0708686	0.349548	0.0753267	1.692091	2.477219
20430	-3902.147	-4164.509	262.3616	0.7816436	0.528133	0.150945	0.219395	0.101527	2.094337	1.04333
20436	-3909.763	-4172.072	262.3086	0.7463281	0.505685	0.244709	0.17064	0.0789659	2.283815	0.9433119
20442	-3907.696	-4167.865	260.1688	1.002925	0.585372	0.160127	0.203659	0.0508424	1.569522	2.778155
20448	-3900.189	-4160.489	260.2999	0.7502	0.449236	0.198416	0.289349	0.0629998	1.607967	2.833451
20454	-3910.437	-4170.531	260.0935	0.6344637	0.457252	0.17825	0.294512	0.0699862	1.460991	3.119469
20460	-3906.915	-4167.017	260.1013	0.6349886	0.479067	0.174171	0.280181	0.0665808	1.491863	3.096126
20466	-3915.088	-4174.887	259.7986	0.8644486	0.491082	0.178539	0.287208	0.0431718	1.511781	3.120723
20472	-3890.678	-4150.87	260.1921	0.8656927	0.549109	0.138192	0.207705	0.104994	1.584784	2.839651
20478	-3907.647	-4168.153	260.5054	0.8121974	0.358363	0.291574	0.210769	0.139294	1.631138	2.653795
20484	-3897.37	-4157.224	259.8534	0.8356228	0.50551	0.285778	0.131811	0.0769009	1.615043	3.044254
20490	-3892.808	-4152.735	259.9273	0.9163476	0.50102	0.28324	0.13064	0.0851002	1.600915	2.958392
20496	-3883.954	-4144.276	260.3212	0.8420312	0.455091	0.236518	0.252376	0.0560146	1.556943	2.793018
20502	-3884.583	-4144.031	259.4476	0.8046945	0.431216	0.224109	0.289536	0.0551376	1.468882	3.390224
20508	-3892.196	-4151.493	259.2971	0.9827438	0.432723	0.337168	0.174536	0.0555736	1.496793	3.354786
20514	-3891.213	-4151.227	260.0145	0.6846731	0.421745	0.338516	0.183944	0.0557958	1.420937	3.158672
20520	-3890.841	-4151.679	260.8384	0.625328	0.470822	0.337988	0.112771	0.0784198	1.594751	2.592439
20526	-3883.758	-4144.849	261.0905	0.7928576	0.452332	0.324714	0.165709	0.0572449	1.621364	2.306042
20532	-3894.498	-4155.109	260.6105	0.549892	0.519449	0.217651	0.19716	0.065739	1.541875	2.813109
20538	-3896.509	-4156.364	259.855	0.6920812	0.471051	0.235214	0.268947	0.024788	1.564616	3.163406
20544	-3901.272	-4161.32	260.0483	0.5911338	0.442497	0.356969	0.168781	0.0317522	1.481284	3.161439
20550	-3893.32	-4152.472	259.1522	0.8116211	0.480677	0.332523	0.157223	0.0295777	1.477552	3.553433
20556	-3890.314	-4149.013	258.6991	0.9708855	0.448605	0.166949	0.323573	0.0608725	1.505381	3.705109
20562	-3900.775	-4159.763	258.9885	0.7601261	0.569733	0.212027	0.158695	0.0595443	1.433845	3.705109
20568	-3896.585	-4156.139	259.5543	0.7850488	0.525189	0.239833	0.164814	0.0701632	1.379102	3.392367
20574	-3903.972	-4163.735	259.7636	0.787836	0.339793	0.423655	0.142509	0.0940431	1.464894	3.216774
20580	-3885.044	-4145.179	260.1354	0.6783537	0.413588	0.301442	0.222263	0.0627062	1.500963	3.042876
20586	-3885.994	-4146.735	260.7407	0.6106379	0.455523	0.235912	0.240667	0.0678984	1.573795	2.675215
20592	-3889.008	-4149.83	260.822	0.4793278	0.475269	0.246138	0.207751	0.0708417	1.502782	2.751299
20598	-3914.013	-4174.76	260.7461	0.7728052	0.401942	0.233657	0.279114	0.0852871	1.628595	2.531853
20604	-3902.699	-4163.392	260.6929	0.7280218	0.444064	0.284992	0.202215	0.0687291	1.585979	2.620617
20610	-3895.407	-4155.438	260.031	0.7884169	0.486097	0.228737	0.221356	0.063811	1.530017	3.018393
20616	-3898.043	-4158.216	260.1735	0.7768443	0.479753	0.238803	0.218467	0.0629782	1.647604	2.869046
20622	-3885.583	-4145.942	260.3587	0.6858872	0.44034	0.253619	0.293253	0.012788	1.542712	2.878629
20628	-3883.147	-4143.59	260.443	0.6793695	0.448197	0.229604	0.294888	0.0273116	1.670049	2.754157
20634	-3901.468	-4161.177	259.7085	0.8329068	0.578586	0.0979167	0.282988	0.0405097	1.721136	3.06917
20640	-3900.994	-4160.706	259.7117	0.9528277	0.552461	0.117951	0.27021	0.0593779	1.594636	3.06917
20646	-3904.141	-4163.791	259.6501	0.8123364	0.578953	0.126394	0.174466	0.120187	1.40327	3.305013
20652	-3901.151	-4160.087	258.9354	0.8552859	0.546247	0.192468	0.193269	0.0680164	1.461081	3.662444
20658	-3893.064	-4152.819	259.7543	0.7373933	0.470224	0.196796	0.244445	0.0885346	1.436615	3.270429
20664	-3895.029	-4154.5	259.471	0.9240367	0.51416	0.119896	0.30234	0.0636046	1.404956	3.341483
20670	-3898.137	-4156.972	258.8354	0.631951	0.493661	0.280528	0.200142	0.0256691	1.415296	3.882031
20676	-3906.471	-4166.166	259.6954	0.631951	0.403922	0.304959	0.231899	0.0592201	1.435031	3.371724
20682	-3900.657	-4160.648	259.9914	0.8191037	0.470626	0.221247	0.270195	0.0379316	1.557201	3.006565
20688	-3907.986	-4167.901	259.9151	0.7522791	0.584086	0.197075	0.202402	0.0164364	1.584174	3.078067
20694	-3901.86	-4162.802	260.9417	0.6482372	0.397529	0.425879	0.16023	0.0163627	1.674902	2.462978
20700	-3887.903	-4148.636	260.7331	0.6482372	0.49686	0.276405	0.213829	0.0129061	1.738334	2.55364
20706	-3888.98	-4149.912	260.9323	0.785223	0.625953	0.14782	0.215182	0.011045	1.690743	2.367639
20712	-3884.39	-4145.055	260.6656	0.7953691	0.431429	0.226044	0.329052	0.0134751	1.687885	2.530325
20718	-3901.792	-4162.354	260.5626	0.6736818	0.324891	0.401907	0.240224	0.0329787	1.569628	2.746139
20724	-3899.493	-4159.503	260.0094	0.5603499	0.388404	0.366878	0.219287	0.0254305	1.598561	3.133912
20730	-3900.409	-4160.414	260.0047	0.6306175	0.487806	0.274634	0.205451	0.0321097	1.474484	3.166694
20736	-3914.514	-4174.39	259.8759	0.5087529	0.507642	0.273437	0.192083	0.0268376	1.506855	3.298436
20742	-3890.075	-4149.559	259.4835	0.6713705	0.405247	0.392585	0.140492	0.0616771	1.491082	3.43862
20748	-3894.125	-4153.998	259.873	0.6713705	0.478348	0.230335	0.155274	0.136042	1.475729	3.218465
20754	-3890.885	-4150.857	259.972	0.8341037	0.542179	0.0841648	0.311612	0.0620439	1.590385	2.988903
20760	-3895.212	-4155.651	260.4391	0.9009914	0.527092	0.170889	0.259964	0.0420551	1.641068	2.631844
20766	-3908.11	-4168.811	260.701	0.7530204	0.536382	0.193601	0.207344	0.0626725	1.533312	2.631844
20772	-3905.322	-4165.432	260.1098	0.7530204	0.387326	0.294466	0.231355	0.0868529	1.471306	3.028663
20778	-3901.997	-4162.503	260.5062	0.7507208	0.386565	0.303483	0.230901	0.0790516	1.582385	2.722963
20784	-3906.073	-4166.653	260.58	0.5571198	0.452303	0.298139	0.194382	0.0551758	1.552595	2.820598
20790	-3908.045	-4168.437	260.3914	0.6346213	0.497808	0.214371	0.185011	0.102809	1.659947	2.820598
20796	-3891.302	-4151.379	260.0765	0.836041	0.412773	0.29992	0.268738	0.0185688	1.64157	2.893918
20802	-3890.935	-4151.387	260.4516	0.7055891	0.471148	0.352381	0.137028	0.0394435	1.64157	2.74932
20808	-3885.875	-4146.592	260.7171	0.6966318	0.44517	0.332951	0.184611	0.0372687	1.632793	2.597287
20814	-3883.455	-4145.081	261.6258	0.6378059	0.474392	0.291891	0.21071	0.0230079	1.90765	1.873243
20820	-3888.173	-4149.864	261.6907	0.4784899	0.370737	0.349454	0.252263	0.0275453	1.925123	1.928527
20826	-3881.346	-4143.143	261.7974	0.4868568	0.544835	0.297166	0.140342	0.0176575	1.952214	1.831793
20832	-3885.822	-4147.585	261.7634	0.677089	0.526593	0.250431	0.16738	0.0555961	1.88031	1.76859
20838	-3871.894	-4133.443	261.5491	0.7706667	0.423487	0.208569	0.325893	0.0420507	1.784793	1.913305
20844	-3901.276	-4162.337	261.0616	0.9730106	0.485513	0.21989	0.215717	0.0788801	1.860167	2.049323
20850	-3902.669	-4164.333	261.6637	0.8634527	0.487333	0.310583	0.134437	0.0676465	1.834841	1.733079
20856	-3900.759	-4162.258	261.4992	0.8567429	0.464722	0.296173	0.160016	0.079089	1.818766	1.862966
20862	-3892.95	-4154.206	261.2565	0.7092592	0.500174	0.237036	0.172223	0.0905677	1.6841	2.215811
20868	-3910.45	-4171.639	261.1892	0.760108	0.390401	0.325306	0.221804	0.0624897	1.697603	2.215811
20874	-3902.215	-4164.042	261.8264	0.7928424	0.450586	0.273578	0.245396	0.0304399	1.934748	1.59802
20880	-3890.367	-4152.019	261.6521	0.8142005	0.515109	0.165488	0.276367	0.0430366	2.002772	1.658551
20886	-3888.546	-4149.665	261.1185	0.8136693	0.513575	0.164995	0.275544	0.0458858	1.807927	2.15366
20892	-3905.204	-4166.636	261.4325	0.5467515	0.452341	0.271467	0.204087	0.0721044	1.787386	2.14551
20898	-3912.935	-4173.947	261.0114	0.4852512	0.389989	0.379263	0.168582	0.0621654	1.750401	2.477449
20904	-3889.912	-4151.531	261.6194	0.6016536	0.448128	0.211989	0.26644	0.0734434	1.917565	1.896742
20910	-3891.756	-4153.463	261.7066	0.7317969	0.603456	0.243681	0.0739827	0.0788797	1.877887	1.769492
20916	-3893.462	-4155.18	261.718	0.7763475	0.456649	0.27482	0.181059	0.0874717	1.883593	1.724573
20922	-3907.748	-4169.675	261.9268	0.7254702	0.451031	0.271439	0.253683	0.023846	1.883593	1.613837
20928	-3906.371	-4167.963	261.5919	0.7910604	0.451031	0.271439	0.253683	0.023846	1.875171	1.807607
20934	-3891.718	-4152.136	260.418	0.7685091	0.585877	0.169824	0.237692	0.00660704	1.666385	2.714002
20940	-3895.884	-4156.778	260.8933	0.87772	0.53966	0.188777	0.264219	0.0073444	1.670132	2.344341
20946	-3909.231	-4170.471	261.2395	0.7188467	0.464112	0.302341	0.227231	0.00631625	1.861867	2.104609
20952	-3893.138	-4154.876	261.7381	0.7786207	0.444109	0.373644	0.177234	0.00501385	1.847648	1.734043
20958	-3893.351	-4155.112	261.761	0.7648282	0.549461	0.220725	0.205723	0.0240911	1.831137	1.739749
20964	-3897.439	-4158.953	261.5136	0.7050103	0.511243	0.217322	0.202552	0.0688821	1.725548	2.023351
20970	-3896.841	-4158.508	261.6667	0.6370552	0.390236	0.412941	0.14234	0.0544835	1.794763	1.922623
20976	-3892.112	-4153.826	261.7135	0.7743967	0.379342	0.378845	0.176159	0.0656553	1.952304	1.680575
20982	-3887.452	-4149.249	261.797	0.8810782	0.416696	0.434435	0.0884479	0.060421	2.010346	1.496064
20988	-3889.99	-4152.07	262.0795	0.681425	0.410581	0.329886	0.131658	0.127875	1.969455	1.471777
20994	-3901.927	-4164.192	262.2647	0.5933274	0.400739	0.380531	0.0939211	0.124809	2.071048	1.32076
21000	-3919.698	-4182.177	262.4789	0.4134567	0.38414	0.38097	0.16751	0.06738	2.100792	1.266462
21006	-3909.65	-4172.057	262.4065	0.5527159	0.444361	0.250379	0.253105	0.0521548	2.236843	1.093867
21012	-3898.895	-4161.396	262.5014	0.5263145	0.288728	0.264462	0.373144	0.0736665	2.36772	0.893191
21018	-3892.119	-4154.572	262.4522	0.5169748	0.272316	0.405692	0.306576	0.0154158	2.36772	0.957049
21024	-3908.324	-4170.767	262.443	0.5169748	0.276744	0.444333	0.265569	0.0133538	2.245803	1.08564
21030	-3901.129	-4163.123	261.994	0.5685937	0.4243	0.315836	0.199747	0.0601173	1.96049	1.629257
21036	-3917.282	-4178.895	261.613	0.6219565	0.46508	0.220796	0.257843	0.0562807	1.929888	1.8782
21042	-3899.42	-4161.977	262.5566	0.5191011	0.380874	0.381464	0.206887	0.0307747	2.106407	1.107376
21048	-3898.867	-4161.228	262.3608	0.6047708	0.433458	0.300107	0.214728	0.0517071	2.237151	1.085662
21054	-3904.164	-4166.566	262.4017	0.6611914	0.457013	0.295862	0.178294	0.0688314	2.155472	1.068104
21060	-3899.059	-4161.581	262.5214	0.5295937	0.430323	0.336983	0.167882	0.0648117	2.167283	1.073789
21066	-3906.419	-4168.916	262.4977	0.5410967	0.494119	0.283804	0.141389	0.0806885	2.253087	1.002575
21072	-3888.205	-4150.618	262.4135	0.5742288	0.455854	0.261826	0.20788	0.0744399	2.254019	1.050351
21078	-3900.702	-4163.006	262.3039	0.5844284	0.455854	0.261826	0.20788	0.0744399	2.112638	1.262502
21084	-3888.65	-4150.931	262.2811	0.5462616	0.455854	0.261826	0.20788	0.0744399	2.205017	1.23745
21090	-3899.915	-4160.754	260.8396	0.5870788	0.411515	0.280297	0.228158	0.0800299	1.57268	2.630188
21096	-3888.821	-4149.008	260.1865	0.8829769	0.506062	0.278474	0.141157	0.0743066	1.641458	2.797743
21102	-3902.836	-4163.385	260.5489	0.753101	0.498491	0.27839	0.152197	0.0709216	1.690467	2.628683
21108	-3890.403	-4151.057	260.654	0.7945925	0.487426	0.27221	0.148819	0.0915451	1.620552	2.579869
21114	-3907.483	-4169.387	261.9049	0.7491009	0.503595	0.24689	0.164702	0.0848124	1.942656	1.568502
21120	-3901.703	-4163.58	261.8779	0.676116	0.452161	0.300964	0.14788	0.0989944	1.784467	1.756236
21126	-3899.407	-4160.633	261.226	0.7319216	0.511189	0.220219	0.160889	0.107703	1.83893	2.119418
21132	-3888.215	-4148.06	259.8448	0.8232569	0.399637	0.255564	0.249694	0.0951043	1.532039	3.106618
21138	-3881.749	-4141.615	259.8662	0.8175229	0.423956	0.271115	0.264888	0.0400412	1.591887	3.061741
21144	-3883.073	-4144.282	261.2096	0.7509148	0.371757	0.2666	0.314154	0.0474885	1.865005	2.099941
21150	-3892.073	-4153.092	261.0192	0.9550216	0.476276	0.238532	0.237874	0.047318	1.84387	2.099941
21156	-3897.29	-4158.47	261.1796	0.9051454	0.435933	0.290281	0.216202	0.0575836	1.750512	2.089266
21162	-3908.631	-4170.003	261.372	0.7245176	0.41949	0.251216	0.257219	0.0720752	1.737422	2.095367
21168	-3902.32	-4163.625	261.3051	0.6484369	0.470033	0.181098	0.26811	0.0807594	1.669262	2.235577
21174	-3902.295	-4163.652	261.357	0.7331168	0.424748	0.264427	0.203377	0.107447	1.722768	2.108888
21180	-3888.491	-4149.415	260.9237	0.7497048	0.427976	0.289058	0.185149	0.097817	1.68443	2.400722
21186	-3884.812	-4145.575	260.7631	0.8125428	0.452789	0.249035	0.170532	0.127643	1.572386	2.530329
21192	-3899.11	-4159.779	260.6692	1.054456	0.556761	0.145557	0.17025	0.127432	1.585909	2.42658
21198	-3875.713	-4137.09	261.3771	0.6189012	0.411657	0.31139	0.222183	0.0547692	1.650835	2.221175
21204	-3890.761	-4152.417	261.6562	0.439723	0.427158	0.323116	0.23055	0.0191763	1.662198	2.149969
21210	-3883.89	-4145.012	261.1224	0.5606669	0.354171	0.423422	0.193172	0.029235	1.602624	2.452667
21216	-3898.845	-4159.57	260.7257	0.6979449	0.375656	0.350913	0.204891	0.0685398	1.602453	2.609847
21222	-3899.458	-4160.334	260.8757	0.915207	0.438277	0.27031	0.211448	0.0799653	1.644421	2.347368
21228	-3902.404	-4163.39	260.9853	0.8134604	0.447964	0.276284	0.19402	0.0817327	1.682438	2.320413
21234	-3899.905	-4160.975	261.0703	0.7239787	0.507065	0.193898	0.219617	0.0794197	1.691593	2.320413
21240	-3895.277	-4156.273	260.9966	0.797026	0.402146	0.247175	0.303447	0.0472313	1.688393	2.320413
21246	-3889.85	-4149.529	259.6792	0.7667147	0.414793	0.301597	0.229281	0.0543298	1.48558	3.267564
21252	-3882.826	-4143.064	260.2383	0.855834	0.441202	0.25713	0.243879	0.057789	1.588281	2.81565
21258	-3881.151	-4141.969	260.8185	0.855834	0.53728	0.175471	0.232222	0.0550267	1.71517	2.377567
21264	-3887.195	-4148.15	260.9553	0.855834	0.439792	0.268493	0.207517	0.084198	1.79516	2.239179
21270	-3898.484	-4159.516	261.0317	0.7690309	0.494898	0.240654	0.21297	0.0514769	1.683501	2.319889
21276	-3893.286	-4153.838	260.5516	0.8933078	0.508477	0.247257	0.191376	0.0528893	1.660148	2.555169
21282	-3889.204	-4149.632	260.4282	0.8520191	0.454044	0.308983	0.144108	0.092865	1.604731	2.691994
21288	-3901.896	-4162.96	261.0638	0.7825332	0.464437	0.26434	0.166634	0.104588	1.743991	2.251531
21294	-3898.027	-4159.329	261.3017	0.8229238	0.437231	0.232938	0.290465	0.0393656	1.823053	2.016842
21300	-3905.549	-4167.071	261.5223	0.6428882	0.580825	0.15777	0.149895	0.11151	1.706684	2.073621
21306	-3903.34	-4164.665	261.3257	0.7903379	0.499088	0.182559	0.226934	0.0914187	1.694772	2.108172
21312	-3899.556	-4160.403	260.8463	0.8828465	0.550464	0.203557	0.105745	0.140234	1.709302	2.345933
21318	-3892.969	-4154.145	261.1762	0.8645976	0.631277	0.195241	0.101425	0.0720569	1.802373	2.08486
21324	-3889.101	-4150.361	261.2601	0.8645976	0.418907	0.225542	0.280435	0.0751153	1.790022	2.037662
21330	-3883.164	-4144.229	261.0654	0.7096152	0.422554	0.261581	0.250218	0.0656469	1.71852	2.316072
21336	-3899.29	-4160.322	261.032	0.6539615	0.587119	0.235376	0.15715	0.020355	1.606656	2.445361
21342	-3884.335	-4144.782	260.4469	0.6602825	0.531366	0.19808	0.229026	0.0415287	1.560951	2.830567
21348	-3878.84	-4139.213	260.3727	0.6602825	0.531366	0.19808	0.229026	0.0415287	1.500062	2.912343
21354	-3875.118	-4134.883	259.7655	0.8346901	0.54069	0.239846	0.183024	0.0364396	1.425495	3.209974
21360	-3880.689	-4140.388	259.6996	0.8658206	0.534013	0.159006	0.27572	0.0312603	1.49323	3.189729
21366	-3885.216	-4144.167	258.9514	0.8490094	0.451523	0.25888	0.260107	0.0294901	1.459046	3.658125
21372	-3893.311	-4153.605	260.2939	0.6948347	0.586887	0.200287	0.159224	0.0536016	1.5138	2.929526
21378	-3903.625	-4163.978	260.3537	0.9489616	0.495925	0.191399	0.241057	0.0716186	1.544962	2.713358
21384	-3881.531	-4141.818	260.2866	0.7724779	0.485486	0.201212	0.250865	0.0624364	1.550438	2.862189
21390	-3886.731	-4146.768	260.0373	0.819949	0.456848	0.257367	0.220778	0.065007	1.631417	2.933819
21396	-3892.536	-4151.857	259.3202	0.9305085	0.518297	0.222617	0.185336	0.0737509	1.560269	3.334965
21402	-3892.083	-4152.757	260.6743	0.6607748	0.496297	0.199768	0.210834	0.0931012	1.480026	2.740987
21408	-3897.946	-4157.354	259.4073	0.6935575	0.602641	0.156433	0.199529	0.0413968	1.462392	3.486172
21414	-3900.841	-4161.248	260.4075	0.7422825	0.485713	0.223407	0.235873	0.0550065	1.518182	2.827734
21420	-3897.779	-4157.34	259.5607	0.8859649	0.474808	0.218392	0.230578	0.0762225	1.487284	3.263162
21426	-3883.904	-4144.56	260.6558	0.9004154	0.470934	0.191959	0.264542	0.0725651	1.57976	2.535871
21432	-3892.775	-4153.572	260.7969	0.7219284	0.502068	0.153736	0.31362	0.030576	1.668022	2.509101
21438	-3888.717	-4150.345	261.6277	0.7219284	0.40493	0.184158	0.386252	0.0246603	1.792507	1.889676
21444	-3895.338	-4156.822	261.4837	0.715227	0.579065	0.130948	0.273591	0.0163954	1.75363	2.017394
21450	-3897.032	-4156.209	259.1766	0.6698458	0.524593	0.169642	0.269598	0.036167	1.459032	3.636915
21456	-3893.656	-4153.326	259.6696	0.6892868	0.51054	0.176032	0.270707	0.0427211	1.525342	3.298071
21462	-3893.086	-4154.741	261.6558	0.4883693	0.459591	0.265446	0.268798	0.00616523	1.778873	2.043096
21468	-3888.368	-4150.298	261.9301	0.5465236	0.395638	0.319192	0.280141	0.00502908	1.838256	1.777221
21474	-3887.1	-4149.086	261.9857	0.440743	0.395516	0.361145	0.237649	0.00569007	1.733327	1.88283
21480	-3892.394	-4154.251	261.8564	0.6457547	0.4343	0.30248	0.260953	0.00226692	1.859275	1.741453
21486	-3890.801	-4153.069	262.2679	0.6044805	0.402474	0.367686	0.228456	0.00138393	1.864822	1.469944
21492	-3897.194	-4159.28	262.0853	0.651139	0.407692	0.355568	0.231418	0.00532148	1.934336	1.51797
21498	-3906.44	-4168.735	262.2948	0.5846474	0.446423	0.312367	0.221996	0.0192144	1.902975	1.436183
21504	-3887.664	-4149.67	262.0051	0.6051577	0.447314	0.31299	0.222439	0.0172561	1.938633	1.609376
21510	-3899.519	-4161.289	261.7699	0.6256791	0.368307	0.311047	0.283818	0.0368284	1.989746	1.725445
21516	-3885.023	-4146.384	261.3611	0.898933	0.46687	0.302816	0.164674	0.0656393	1.811197	1.932363
21522	-3886.639	-4148.191	261.5519	0.7109434	0.455917	0.295712	0.160811	0.0875612	1.816933	1.932363
21528	-3901.493	-4163.101	261.6077	0.6582636	0.313118	0.398182	0.216535	0.0721647	1.816933	1.932363
21534	-3916.278	-4177.958	261.6792	0.7261426	0.393716	0.316496	0.23236	0.0574284	1.783304	1.857774
21540	-3901.821	-4163.404	261.583	0.7400625	0.307761	0.393939	0.232243	0.0660569	1.836208	1.877316
21546	-3898.047	-4159.449	261.402	0.5648955	0.392555	0.33556	0.241162	0.0307231	1.784996	2.154704
21552	-3898	-4159.265	261.2645	0.5395175	0.29615	0.388815	0.279435	0.0355991	1.679589	2.327939
21558	-3897.748	-4158.551	260.8025	0.5124525	0.380242	0.358692	0.231565	0.0295005	1.596188	2.685893
21564	-3908.408	-4169.575	261.1669	0.7540408	0.355492	0.366096	0.135608	0.142803	1.677826	2.247075
21570	-3906.064	-4167.981	261.9163	0.596538	0.481627	0.328958	0.162071	0.0273445	1.73049	1.825324
21576	-3892.755	-4154.295	261.5405	0.6178413	0.42855	0.383894	0.163224	0.0243311	1.822943	2.002003
21582	-3903.56	-4165.259	261.6994	0.6540988	0.390574	0.365479	0.141058	0.10289	1.77194	1.903735
21588	-3918.066	-4179.639	261.5725	0.7265965	0.389742	0.351336	0.156928	0.101994	1.865042	1.874515
21594	-3917.097	-4178.914	261.8171	0.5566395	0.406505	0.338047	0.197267	0.0581808	1.799494	1.874515
21600	-3909.924	-4171.432	261.5087	0.7010146	0.381423	0.323068	0.228204	0.067305	1.821972	1.965066
21606	-3910.509	-4172.18	261.6711	0.6544442	0.387582	0.327856	0.216259	0.0683026	1.801878	1.902408
21612	-3908.176	-4169.812	261.6368	0.7515609	0.435893	0.328892	0.164033	0.0711811	1.864345	1.812763
21618	-3900.018	-4161.752	261.7334	0.7640202	0.477109	0.312243	0.15573	0.0549182	1.914861	1.700782
21624	-3888.88	-4150.662	261.7819	0.610997	0.467437	0.300605	0.179087	0.0528712	1.950364	1.755498
21630	-3902.212	-4162.849	260.6372	0.779216	0.51445	0.206528	0.1971	0.0819218	1.780689	2.500699
21636	-3887.393	-4148.824	261.4313	0.6058544	0.470593	0.240474	0.213995	0.0749379	1.696675	2.165224
21642	-3880.575	-4141.867	261.2929	0.6987084	0.485909	0.233517	0.207804	0.0727699	1.738485	2.164196
21648	-3884.009	-4145.905	261.8957	0.688863	0.524433	0.234165	0.178075	0.0633268	1.850953	1.687332
21654	-3885.754	-4147.219	261.465	0.7674936	0.512162	0.1846	0.224184	0.0790535	1.885539	1.90432
21660	-3898.577	-4160.059	261.4817	0.7451777	0.428411	0.281976	0.203957	0.0856561	1.735894	2.009396
21666	-3901.062	-4160.965	259.9034	0.7451777	0.494828	0.16655	0.275453	0.063169	1.63222	3.060834
21672	-3894.057	-4153.81	259.7527	0.6028129	0.335823	0.342652	0.186016	0.135509	1.543554	3.292218
21678	-3890.048	-4150.289	260.2407	0.7997963	0.393143	0.329222	0.147436	0.130198	1.550359	2.872625
21684	-3903.99	-4164.431	260.4409	0.7583725	0.425088	0.306544	0.142694	0.125673	1.587188	2.75499
21690	-3895.857	-4158.203	262.3462	0.6221422	0.409095	0.377842	0.160052	0.0530105	2.220126	1.097941
21696	-3892.191	-4154.613	262.4221	0.5741697	0.348723	0.340931	0.165207	0.145139	2.220126	1.074222
21702	-3921.273	-4183.088	261.8147	0.7606225	0.364986	0.333335	0.239082	0.0625968	1.95593	1.615709
21708	-3901.181	-4163.26	262.0792	0.7378556	0.339564	0.375761	0.216527	0.0681484	1.950957	1.440646
21714	-3905.942	-4168.207	262.2655	0.7047543	0.416829	0.293953	0.15415	0.135067	2.102773	1.196086
21720	-3909.662	-4171.776	262.1141	0.6980468	0.422223	0.291235	0.152725	0.133818	2.091186	1.336686
21726	-3899.647	-4161.826	262.1788	0.6980468	0.461157	0.299079	0.200623	0.0391408	2.081655	1.292133
21732	-3892.587	-4155.01	262.4228	0.5342083	0.417313	0.28804	0.259227	0.0354195	2.175168	1.15187
21738	-3896.255	-4158.702	262.4469	0.5503775	0.391876	0.397811	0.180768	0.0295451	2.134533	1.15187
21744	-3897.531	-4159.643	262.1122	0.6336405	0.463234	0.340882	0.162327	0.0335562	2.074893	1.404681
21750	-3894.325	-4156.463	262.1375	0.7339305	0.39966	0.262788	0.274267	0.0632852	2.034353	1.333021
21756	-3886.938	-4149.21	262.2714	0.7339305	0.53498	0.213126	0.204668	0.0472257	2.159205	1.113836
21762	-3897.426	-4159.522	262.096	0.6650365	0.511057	0.203595	0.195516	0.0898316	2.125177	1.351862
21768	-3883.819	-4146.158	262.3393	0.5441696	0.464995	0.300488	0.127265	0.107253	2.06348	1.307882
21774	-3884.186	-4146.581	262.3953	0.5783699	0.464038	0.29987	0.162638	0.073453	2.167376	1.142756
21780	-3885.703	-4148.1	262.3977	0.5783699	0.463028	0.300435	0.162945	0.0735915	2.205493	1.106254
21786	-3891.08	-4153.436	262.3558	0.5476463	0.463513	0.300164	0.162798	0.073525	2.062728	1.292195
21792	-3898.927	-4161.499	262.5711	0.5126723	0.400792	0.335988	0.206406	0.0568136	2.173456	1.036949
21798	-3896.951	-4159.272	262.3207	0.6444058	0.366224	0.31448	0.263844	0.055452	2.286942	1.036949
21804	-3899.178	-4161.528	262.3509	0.6398603	0.552282	0.248457	0.117368	0.0818934	2.271808	1.027001
21810	-3904.312	-4164.648	260.3355	0.6871546	0.519187	0.191774	0.243104	0.0459351	1.583114	2.867425
21816	-3894.873	-4155.797	260.9242	0.6477314	0.490734	0.206202	0.229781	0.0732832	1.547945	2.553541
21822	-3917.52	-4178.175	260.6548	0.7162579	0.433971	0.257352	0.222768	0.0859095	1.486154	2.713176
21828	-3918.284	-4178.016	259.7319	0.7162579	0.437938	0.23275	0.251616	0.0776966	1.46735	3.27868
21834	-3924.239	-4184.371	260.1322	0.7162579	0.387621	0.323061	0.195232	0.094086	1.567693	2.980734
21840	-3916.267	-4177.707	261.4401	0.5631565	0.45635	0.303837	0.183614	0.0561992	1.815983	2.110745
21846	-3900.601	-4162.499	261.8982	0.6023123	0.467422	0.311208	0.188069	0.0333007	1.860015	1.743776
21852	-3899.512	-4161.418	261.9059	0.6897242	0.469413	0.249216	0.20626	0.0751115	1.963972	1.598081
21858	-3908.176	-4169.966	261.7908	0.8601533	0.439767	0.286878	0.15568	0.117675	1.835125	1.644999
21864	-3892.212	-4153.9	261.6876	0.7584738	0.467269	0.174968	0.285993	0.0717708	1.824385	1.800267
21870	-3907.797	-4170.191	262.3938	0.6059235	0.385051	0.324007	0.183339	0.107603	2.255267	1.036216
21876	-3892.376	-4154.614	262.2381	0.7587994	0.503105	0.280091	0.188226	0.0285782	2.259266	1.026531
21882	-3890.955	-4153.479	262.5235	0.5608053	0.481673	0.292172	0.196344	0.0298108	2.207166	1.002366
21888	-3901.123	-4163.561	262.4383	0.5627718	0.438692	0.278247	0.247321	0.0357403	2.260212	1.031952
21894	-3901.95	-4164.313	262.3628	0.6470967	0.461282	0.295253	0.205884	0.0375807	2.235459	1.043284
21900	-3900.133	-4161.171	261.0388	0.6698197	0.444457	0.27974	0.176161	0.0996416	1.643662	2.407177
21906	-3903.435	-4164.637	261.2019	0.6698197	0.451028	0.296044	0.178766	0.0741621	1.562948	2.35503
21912	-3920.308	-4182.614	262.306	0.6446205	0.503242	0.329493	0.122062	0.0452027	2.358105	0.9807808
21918	-3910.67	-4173.108	262.4377	0.6446205	0.378559	0.278033	0.284863	0.0585462	2.236069	0.9708595
21924	-3901.941	-4164.222	262.2808	0.612639	0.519683	0.246899	0.181427	0.0519903	1.983497	1.361542
21930	-3903.042	-4165.188	262.1465	0.5911393	0.338602	0.395546	0.205154	0.060698	1.804242	1.615005
21936	-3890.459	-4153.004	262.5451	0.5758645	0.337162	0.385	0.199685	0.0781535	2.025476	1.138054
21942	-3896.722	-4159.236	262.5142	0.5576484	0.455816	0.362273	0.128212	0.0536994	2.294867	0.9241436
21948	-3938.454	-4200.793	262.3386	0.7433642	0.429743	0.241949	0.277681	0.0506278	2.263333	0.9364263
21954	-3908.523	-4170.385	261.862	0.6475622	0.542662	0.265641	0.171156	0.0205399	1.869594	1.728915
21960	-3910.045	-4172.493	262.4482	0.5592905	0.432386	0.307899	0.209515	0.0502	2.314048	0.9719123
21966	-3910.033	-4172.366	262.3333	0.7455533	0.444523	0.278275	0.225592	0.0516091	2.219959	0.98483
21972	-3905.955	-4167.918	261.9635	0.6936597	0.484896	0.277013	0.145668	0.0924227	1.997247	1.528229
21978	-3914.622	-4176.726	262.1044	0.7426246	0.430304	0.296669	0.156005	0.117023	2.045694	1.343077
21984	-3895.244	-4157.517	262.2723	0.6437563	0.475176	0.25439	0.12693	0.143504	2.113883	1.23574
21990	-3894.496	-4156.375	261.8788	0.8073564	0.505819	0.209837	0.20623	0.0781135	2.07169	1.445593
21996	-3901.649	-4163.556	261.9068	0.7335005	0.402104	0.274795	0.220807	0.102295	1.976532	1.554326
22002	-3899.853	-4161.973	262.1192	0.6112406	0.288387	0.496052	0.107148	0.108414	2.030569	1.451582
22008	-3885.154	-4147.322	262.168	0.6224996	0.406737	0.409661	0.127224	0.0563776	2.008615	1.421912
22014	-3890.584	-4153.015	262.4308	0.6287323	0.415137	0.299218	0.217801	0.0678438	2.250661	0.9801922
22020	-3886.461	-4148.968	262.5075	0.6361804	0.441961	0.318551	0.152504	0.0869828	2.228679	0.9138717
22026	-3886.038	-4148.573	262.5352	0.5280743	0.418659	0.354481	0.144463	0.0823967	2.194537	1.036225
22032	-3890.518	-4153.186	262.6676	0.4217789	0.376409	0.300738	0.222709	0.100144	2.194537	1.006913
22038	-3890.842	-4153.442	262.5995	0.5044278	0.446458	0.274597	0.203351	0.0755944	2.177807	1.01306
22044	-3878.21	-4140.611	262.4011	0.653168	0.420402	0.328092	0.144724	0.106782	2.165687	1.06703
22050	-3888.499	-4151.051	262.5524	0.5458418	0.405994	0.31486	0.184921	0.094225	2.060557	1.12797
22056	-3897.796	-4160.308	262.5119	0.4697995	0.430536	0.316481	0.193367	0.0596164	2.086777	1.206944
22062	-3896.118	-4158.514	262.3966	0.5539092	0.3765	0.330887	0.202168	0.0904446	2.043596	1.269104
22068	-3896.493	-4158.918	262.4255	0.5481038	0.304774	0.403911	0.2181	0.0732144	2.14233	1.165842
22074	-3886.34	-4148.901	262.5618	0.5584817	0.412836	0.258673	0.307745	0.0207456	2.22219	0.9501599
22080	-3897.714	-4160.017	262.3034	0.7122426	0.371061	0.28485	0.243528	0.10056	2.325283	0.9431022
22086	-3895.604	-4157.842	262.2385	0.7212319	0.387302	0.337485	0.223251	0.0519624	2.289564	1.03521
22092	-3889.733	-4152.327	262.5941	0.533424	0.382861	0.439408	0.126365	0.0513665	2.142894	1.023883
22098	-3897.909	-4160.335	262.4257	0.5928138	0.392032	0.326559	0.208222	0.0731861	2.164902	1.103993
22104	-3890.739	-4153.322	262.5829	0.4473029	0.367524	0.262423	0.273813	0.0962401	2.111561	1.142172
22110	-3893.109	-4155.558	262.4489	0.6191256	0.446332	0.309953	0.195781	0.047934	2.119794	1.098689
22116	-3890.382	-4152.783	262.4007	0.61218	0.441355	0.31964	0.193598	0.0454067	2.124357	1.144651
22122	-3894.648	-4157.094	262.446	0.5587868	0.407655	0.369024	0.15388	0.0694408	2.124357	1.153925
22128	-3893.923	-4156.35	262.4274	0.5587868	0.35431	0.347353	0.244959	0.0533769	2.115473	1.178067
22134	-3888.895	-4151.135	262.2403	0.663964	0.440364	0.301061	0.212313	0.0462632	2.096416	1.259133
22140	-3898.278	-4160.702	262.424	0.5785716	0.395518	0.374169	0.15857	0.0717427	2.286914	1.0036
22146	-3886.21	-4148.887	262.6775	0.4859535	0.368488	0.357007	0.161071	0.113433	2.273572	0.8441063
22152	-3887.238	-4149.779	262.5413	0.5682888	0.402834	0.390283	0.176084	0.0307978	2.29059	0.8863564
22158	-3879.287	-4141.83	262.5429	0.5363539	0.355442	0.417177	0.174638	0.0527429	2.437731	0.7344059
22164	-3886.886	-4149.389	262.503	0.5557207	0.393188	0.350875	0.197594	0.0583438	2.41436	0.7970537
22170	-3904.281	-4166.636	262.3545	0.6902203	0.458993	0.222895	0.30228	0.0158322	2.16461	1.074989
22176	-3886.326	-4148.873	262.5477	0.5925998	0.421608	0.272431	0.289387	0.0165736	2.112614	1.038832
22182	-3892.952	-4155.498	262.5458	0.542814	0.479695	0.258623	0.193213	0.0684682	2.256466	0.9479057
22188	-3890.726	-4153.26	262.5341	0.542814	0.450003	0.183029	0.302737	0.0642302	2.256466	0.9601443
22194	-3881.237	-4143.837	262.5999	0.5236159	0.419604	0.311801	0.213754	0.0548406	2.233713	0.935349
22200	-3879.147	-4141.807	262.6602	0.5236159	0.421048	0.312875	0.21449	0.0515878	2.33473	0.7324052
22206	-3900.691	-4163.296	262.6049	0.5667253	0.412871	0.306799	0.241958	0.0383725	2.276094	0.829431
22212	-3882.706	-4145.24	262.5344	0.5032906	0.37745	0.351887	0.235583	0.0350804	2.18301	1.071778
22218	-3884.196	-4146.675	262.4792	0.5526112	0.406073	0.378572	0.152874	0.0624808	2.279028	0.9831165
22224	-3888.851	-4151.421	262.5692	0.5044492	0.3658	0.32445	0.277384	0.0323667	2.290674	0.9278011
22230	-3886.314	-4148.864	262.5499	0.4525578	0.389964	0.334756	0.241885	0.0333949	2.170244	1.114622
22236	-3876.299	-4138.791	262.4923	0.556001	0.341006	0.414945	0.205504	0.0385448	2.170244	1.072929
22242	-3876.513	-4138.822	262.3093	0.6839677	0.537258	0.246936	0.181722	0.0340842	2.193633	1.096141
22248	-3897.991	-4160.552	262.5609	0.4762791	0.474773	0.302952	0.160587	0.061688	2.174389	1.079876
22254	-3898.376	-4160.837	262.4607	0.4965149	0.468332	0.298842	0.16973	0.0630964	2.232505	1.10045
22260	-3889.908	-4152.279	262.3716	0.6803948	0.557579	0.215179	0.175118	0.0521234	2.162653	1.070565
22266	-3903.444	-4166.025	262.5803	0.5752973	0.415677	0.375514	0.168819	0.039989	2.136166	1.001432
22272	-3910.624	-4173.158	262.534	0.5571465	0.460133	0.288026	0.186874	0.0649665	2.101466	1.096946
22278	-3898.854	-4161.444	262.59	0.5365403	0.451823	0.282824	0.171832	0.0935216	1.952683	1.197985
22284	-3911.022	-4173.433	262.4111	0.5839883	0.460819	0.288455	0.135336	0.115391	2.04893	1.226466
22290	-3903.197	-4165.78	262.5821	0.4926078	0.438891	0.341534	0.14275	0.0768256	2.379668	0.8226114
22296	-3910.553	-4173.052	262.4993	0.5217231	0.374093	0.377819	0.186806	0.0612815	2.433271	0.8226114
22302	-3904.579	-4167.147	262.5674	0.5637846	0.360119	0.363706	0.199247	0.0769282	2.356994	0.7759277
22308	-3903.06	-4165.649	262.5882	0.5489176	0.373685	0.298322	0.29023	0.0377632	2.356994	0.76811
22314	-3904.957	-4167.614	262.6573	0.4819257	0.461391	0.277621	0.214361	0.0466265	2.296661	0.8453996
22320	-3904.51	-4167.021	262.5114	0.5562599	0.330176	0.454044	0.107196	0.108584	2.008319	1.200217
22326	-3896.223	-4158.518	262.2951	0.6530355	0.340006	0.387117	0.231839	0.0410379	2.012972	1.292239
22332	-3886.073	-4148.238	262.1644	0.6355455	0.372989	0.424671	0.157321	0.0450189	1.984446	1.432684
22338	-3892.664	-4154.667	262.0028	0.8983231	0.57475	0.256848	0.086402	0.0819995	1.954105	1.367475
22344	-3893.857	-4156.119	262.2625	0.5837365	0.371647	0.400857	0.134846	0.0926512	1.815891	1.52705
22350	-3892.62	-4154.851	262.2315	0.5440408	0.342356	0.369264	0.20303	0.0853492	1.857699	1.549495
22356	-3897.348	-4159.447	262.0992	0.7019347	0.376811	0.305787	0.223463	0.0939388	1.87691	1.510242
22362	-3896.783	-4158.373	261.5896	0.714238	0.507321	0.123909	0.284287	0.0844829	1.868076	1.869725
22368	-3888.036	-4150.068	262.0326	0.4891012	0.412907	0.360707	0.155483	0.0709027	1.837043	1.74695
22374	-3891.84	-4153.317	261.4771	0.6261863	0.393302	0.391061	0.148101	0.0675362	1.835411	2.030043
22380	-3900.646	-4162.382	261.7364	0.6212961	0.400556	0.398273	0.143746	0.0574249	1.711221	1.943202
22386	-3884.38	-4145.967	261.5867	0.7044985	0.400556	0.398273	0.143746	0.0574249	1.772903	1.943202
22392	-3878.967	-4140.558	261.5914	0.6570202	0.448884	0.288168	0.206425	0.056524	1.75099	1.988466
22398	-3885.145	-4146.644	261.4994	0.5815684	0.453279	0.312947	0.224175	0.00959823	1.709014	2.129439
22404	-3880.887	-4143.142	262.2548	0.5442277	0.439207	0.341071	0.16399	0.0557319	2.121292	1.329323
22410	-3899.869	-4161.049	261.1804	0.7642044	0.431713	0.247104	0.277414	0.043769	1.83515	2.129439
22416	-3892.59	-4153.01	260.4197	0.695879	0.423781	0.257589	0.272317	0.0463133	1.531163	2.842229
22422	-3878.43	-4139.665	261.2352	0.6671965	0.508126	0.227168	0.234318	0.0303871	1.73693	2.22423
22428	-3878.123	-4139.253	261.1304	0.818982	0.575143	0.126664	0.162162	0.136031	1.681639	2.22423
22434	-3888.881	-4149.664	260.7831	0.729912	0.549326	0.178865	0.198965	0.0728435	1.720373	2.479722
22440	-3887.385	-4148.219	260.8339	0.6746946	0.511303	0.194231	0.178232	0.116235	1.727974	2.479722
22446	-3895.78	-4155.643	259.8628	0.6364113	0.33085	0.298909	0.253398	0.116844	1.490485	3.237625
22452	-3900.885	-4160.191	259.3062	0.5073102	0.371322	0.251275	0.284396	0.0930072	1.364587	3.714555
22458	-3909.365	-4167.715	258.3497	0.804658	0.468879	0.213895	0.242088	0.0751385	1.266727	4.140146
22464	-3903.357	-4165.308	261.9508	0.7725405	0.421517	0.386461	0.113837	0.0781858	1.819314	1.606966
22470	-3907.191	-4169.27	262.0784	0.516576	0.425031	0.410552	0.120933	0.0434837	1.910284	1.643105
22476	-3910.903	-4172.959	262.0563	0.5392137	0.425031	0.410552	0.120933	0.0434837	1.910284	1.642448
22482	-3895.693	-4157.66	261.9666	0.7870079	0.425031	0.410552	0.120933	0.0434837	1.960989	1.479264
22488	-3886.063	-4148.278	262.2153	0.7482328	0.44843	0.218763	0.275152	0.0576555	1.969376	1.310544
22494	-3887.459	-4149.735	262.2756	0.6760834	0.332918	0.3323	0.300321	0.0344604	2.054237	1.254196
22500	-3908.543	-4170.587	262.0445	0.7256319	0.338932	0.239178	0.392172	0.0297182	1.967789	1.464141
22506	-3890.688	-4152.831	262.143	0.7077147	0.476481	0.206747	0.262347	0.0544255	1.989099	1.386445
22512	-3887.314	-4149.491	262.1762	0.7270325	0.528605	0.18574	0.237002	0.0486523	2.010722	1.326833
22518	-3889.401	-4151.535	262.1338	0.7845091	0.477727	0.264113	0.214191	0.0439695	1.993439	1.326097
22524	-3880.703	-4142.545	261.8414	0.8403538	0.477727	0.264113	0.214191	0.0439695	1.979871	1.517214
22530	-3885.129	-4146.817	261.6883	0.8190113	0.512239	0.210951	0.229664	0.0471459	2.030274	1.609014
22536	-3885.582	-4147.819	262.2364	0.63182	0.553674	0.177133	0.248242	0.0209506	2.055227	1.32365
22542	-3870.406	-4132.5	262.094	0.6347665	0.423221	0.33012	0.190514	0.0561449	1.991166	1.481747
22548	-3877.121	-4139.331	262.2101	0.5978446	0.423221	0.33012	0.190514	0.0561449	1.998397	1.417311
22554	-3892.399	-4154.891	262.4915	0.4574851	0.342986	0.267535	0.349355	0.0401229	2.107271	1.216876
22560	-3890.098	-4151.833	261.735	0.6389428	0.413295	0.322377	0.170773	0.0935551	2.04222	1.703146
22566	-3888.125	-4150.289	262.1631	0.5389849	0.551017	0.257832	0.105357	0.0857945	1.980464	1.513014
22572	-3890.39	-4151.889	261.4988	0.8153978	0.551017	0.257832	0.105357	0.0857945	1.895026	1.840482
22578	-3891.863	-4153.466	261.6034	0.8947882	0.424444	0.332601	0.176868	0.0660868	1.86903	1.728735
22584	-3882.813	-4144.523	261.7105	0.7100555	0.454576	0.283411	0.189425	0.0725878	1.843298	1.806733
22590	-3891.547	-4153.119	261.5713	0.7100555	0.50145	0.221855	0.208957	0.0677384	1.886595	1.872596
22596	-3883.958	-4145.948	261.9892	0.7100555	0.402203	0.285181	0.221368	0.0912488	1.997886	1.495575
22602	-3881.645	-4143.504	261.8595	0.662331	0.376815	0.26718	0.270516	0.085489	1.959581	1.655758
22608	-3885.525	-4147.574	262.0491	0.6459645	0.415313	0.32874	0.159687	0.0962601	2.002995	1.497757
22614	-3883.466	-4145.594	262.128	0.6459645	0.380555	0.307	0.248458	0.0639882	2.060445	1.393505
22620	-3880.818	-4142.563	261.7448	0.7436565	0.446075	0.328509	0.1701	0.0553154	1.922391	1.702591
22626	-3888.888	-4150.245	261.3561	0.7436565	0.407668	0.341454	0.155455	0.0954229	1.829017	2.032057
22632	-3883.718	-4145.375	261.6568	0.5415735	0.363765	0.381016	0.23263	0.0225891	1.740934	2.032057
22638	-3878.273	-4140.131	261.8586	0.564035	0.46709	0.221937	0.285466	0.0255073	1.903403	1.769019
22644	-3900.446	-4161.52	261.0736	0.6549465	0.503797	0.205887	0.230863	0.0594534	1.741721	2.332973
22650	-3886.403	-4147.27	260.8663	0.8378524	0.495533	0.249803	0.163083	0.0915813	1.756296	2.332973
22656	-3886.726	-4147.722	260.9965	0.5823141	0.446836	0.370438	0.147057	0.0356689	1.600444	2.518724
22662	-3888.477	-4149.666	261.1891	0.6338453	0.436909	0.35024	0.177729	0.0351225	1.575529	2.379299
22668	-3887.414	-4147.636	260.2219	0.6348078	0.41937	0.373261	0.173656	0.0337126	1.49962	3.019497
22674	-3893.964	-4154.174	260.21	0.6294833	0.423721	0.259061	0.279103	0.0381151	1.517099	3.019497
22680	-3894.569	-4155.691	261.1225	0.5875578	0.502536	0.307248	0.145011	0.0452048	1.571015	2.454827
22686	-3906.972	-4168.11	261.1383	0.7530982	0.606801	0.163518	0.175097	0.0545838	1.650581	2.28352
22692	-3914.325	-4175.882	261.5571	0.5877667	0.462957	0.19643	0.228416	0.112196	1.688038	2.101136
22698	-3893.071	-4154.953	261.8814	0.5917662	0.449084	0.313584	0.128499	0.108834	1.762228	1.83101
22704	-3905.013	-4166.969	261.9556	0.5991907	0.43725	0.280393	0.13284	0.149517	1.936774	1.650994
22710	-3890.909	-4152.97	262.0608	0.6400671	0.43725	0.280393	0.13284	0.149517	1.912054	1.561283
22716	-3901.957	-4163.906	261.9489	0.6002196	0.419266	0.303674	0.133692	0.143368	1.940338	1.652469
22722	-3895.609	-4157.437	261.8273	0.6950082	0.515447	0.26401	0.164362	0.0561808	1.940155	1.667873
22728	-3895.263	-4156.917	261.6539	0.7953413	0.551987	0.132672	0.215405	0.0999365	1.893353	1.748717
22734	-3898.367	-4160.131	261.7632	0.6592827	0.443334	0.191597	0.313442	0.0516269	1.740417	1.878092
22740	-3899.109	-4160.563	261.4534	0.8104024	0.480434	0.102614	0.352582	0.064371	1.762925	1.964461
22746	-3903.945	-4165.201	261.256	0.6690467	0.480434	0.102614	0.352582	0.064371	1.771251	2.187294
22752	-3900.355	-4161.821	261.4662	0.774877	0.550933	0.117671	0.257579	0.0738168	1.597956	2.090185
22758	-3898.514	-4160.225	261.7107	0.6519137	0.495263	0.297363	0.141017	0.0663579	1.709689	1.939725
22764	-3896.96	-4158.589	261.6296	0.6663648	0.455902	0.278346	0.238931	0.0268203	1.775537	1.939725
22770	-3895.637	-4157.041	261.4044	0.7198389	0.419528	0.256138	0.291825	0.0325081	1.815589	2.025659
22776	-3896.137	-4157.707	261.5701	0.6970052	0.424377	0.320306	0.149696	0.105621	1.777115	1.956828
22782	-3898.034	-4159.314	261.2806	0.6672405	0.43713	0.299882	0.154194	0.108795	1.727856	2.200696
22788	-3894.752	-4156.081	261.3288	0.8054546	0.46641	0.346614	0.101988	0.0849877	1.817733	2.014514
22794	-3898.896	-4159.974	261.0779	0.7966082	0.453242	0.336828	0.0991082	0.110821	1.775168	2.212821
22800	-3889.66	-4151.354	261.6932	0.7365472	0.483263	0.36395	0.105673	0.0471136	1.831862	1.807253
22806	-3901.164	-4162.91	261.7465	0.6058537	0.429341	0.407288	0.118256	0.045115	1.904565	1.815657
22812	-3889.712	-4151.104	261.3923	0.7024464	0.446747	0.404707	0.12305	0.0254951	1.853791	2.020517
22818	-3895.357	-4156.709	261.3516	0.7024464	0.394523	0.353762	0.228684	0.0230312	1.888686	2.024425
22824	-3899.407	-4161.405	261.9971	0.5952158	0.474149	0.308533	0.180517	0.0368009	1.8549	1.682813
22830	-3908.624	-4168.747	260.1227	0.8138999	0.508286	0.204566	0.243456	0.0436924	1.423646	3.011175
22836	-3903.016	-4162.805	259.7892	0.7749	0.523592	0.179167	0.273722	0.0235187	1.441636	3.22344
22842	-3899.257	-4158.483	259.2268	0.8546556	0.542455	0.185621	0.216204	0.0557199	1.441636	3.504833
22848	-3903.279	-4163.589	260.3101	0.8360007	0.391028	0.253362	0.295105	0.0605054	1.659881	2.740773
22854	-3901.725	-4161.665	259.9393	0.8630614	0.506745	0.232127	0.217587	0.0435406	1.452971	3.072768
22860	-3920.754	-4180.99	260.236	0.6285711	0.322169	0.410606	0.192287	0.0749381	1.605504	2.951394
22866	-3917.777	-4178.309	260.5323	0.7804423	0.372631	0.288926	0.253734	0.0847085	1.694826	2.618427
22872	-3901.085	-4161.082	259.9971	0.967763	0.5008	0.154017	0.327782	0.0174003	1.526831	2.92953
22878	-3904.429	-4165.289	260.8601	0.7443577	0.496917	0.18761	0.294277	0.0211955	1.526831	2.542926
22884	-3880.1	-4141.437	261.3372	0.7899491	0.488622	0.184479	0.289365	0.0375342	1.730369	2.077506
22890	-3892.826	-4154.394	261.568	0.7489776	0.491389	0.185523	0.291004	0.0320836	1.787163	1.914412
22896	-3896.429	-4157.908	261.4791	0.7489776	0.413022	0.289281	0.240554	0.057144	1.795997	1.968312
22902	-3896.391	-4158.165	261.7741	0.6251874	0.486439	0.235677	0.218457	0.0594283	1.77469	1.871886
22908	-3898.996	-4160.555	261.5593	0.788955	0.539759	0.224455	0.179188	0.0565985	1.826773	1.864808
22914	-3893.962	-4154.781	260.8189	0.8063447	0.490052	0.203785	0.220246	0.085917	1.61646	2.471955
22920	-3899.279	-4159.772	260.4935	0.9959176	0.519681	0.191944	0.207449	0.0809251	1.648819	2.533579
22926	-3906.197	-4166.189	259.9923	0.7609973	0.514966	0.193829	0.209486	0.0817196	1.535048	3.055806
22932	-3905.725	-4165.62	259.8944	0.9006428	0.525788	0.167469	0.265683	0.0410592	1.592941	2.992652
22938	-3900.94	-4161.405	260.4657	0.9315672	0.446003	0.190225	0.225341	0.138431	1.573303	2.637934
22944	-3885.898	-4145.883	259.9854	0.8015862	0.54393	0.159553	0.201442	0.0950752	1.519501	3.043682
22950	-3889.596	-4150.333	260.737	0.7619812	0.568799	0.166848	0.164931	0.0994222	1.470267	2.642728
22956	-3899.338	-4159.354	260.0163	0.6619788	0.485673	0.267983	0.133696	0.112648	1.458288	3.149669
22962	-3900.099	-4159.8	259.7009	0.8397894	0.494204	0.272691	0.151523	0.0815822	1.516237	3.191346
22968	-3898.252	-4158.355	260.1024	0.7064454	0.499567	0.180531	0.161214	0.158688	1.317997	3.153898
22974	-3890.464	-4150.324	259.8594	0.8085083	0.480702	0.211476	0.155126	0.152696	1.453433	3.153898
22980	-3898.121	-4157.641	259.52	0.9150447	0.527685	0.192343	0.141091	0.138881	1.482524	3.272386
22986	-3890.638	-4151.207	260.569	0.6464195	0.468452	0.217063	0.300885	0.0136	1.548707	2.77259
22992	-3899.505	-4160.459	260.954	0.7925177	0.552122	0.273341	0.167477	0.0070596	1.670696	2.361722
22998	-3895.24	-4156.096	260.8567	0.7152096	0.518423	0.219847	0.168268	0.0934626	1.556139	2.545952
23004	-3896.1	-4156.891	260.7917	0.8160761	0.454865	0.166488	0.274684	0.103964	1.68232	2.441269
23010	-3898.484	-4158.52	260.0358	0.771638	0.545961	0.180949	0.175224	0.0978661	1.571734	3.001088
23016	-3886.525	-4146.611	260.0866	0.7420305	0.458463	0.200133	0.279079	0.0623253	1.450148	3.062141
23022	-3910.347	-4171.527	261.1806	0.7310125	0.504731	0.256632	0.160671	0.0779671	1.698799	2.24041
23028	-3912.232	-4172.414	260.1827	0.7396768	0.481215	0.296677	0.156537	0.0655712	1.613693	2.907707
23034	-3906.871	-4167.074	260.2029	0.6770451	0.418192	0.257822	0.242427	0.081559	1.563911	2.965455
23040	-3893.727	-4155.684	261.9567	0.52389	0.427017	0.299277	0.251024	0.0226811	1.769302	1.822542
23046	-3893.407	-4155.351	261.9444	0.5855655	0.388016	0.367041	0.228097	0.0168462	1.735045	1.810757
23052	-3891.813	-4153.053	261.2402	0.8325274	0.446482	0.255669	0.262467	0.0353825	1.818407	2.054043
23058	-3898.013	-4159.633	261.6192	0.6499079	0.441966	0.343059	0.188372	0.0266031	1.808932	1.935955
23064	-3893.888	-4155.153	261.2651	0.711599	0.418174	0.345999	0.178231	0.0575956	1.854993	2.097369
23070	-3896.162	-4157.739	261.5762	0.7703354	0.456529	0.27521	0.194579	0.073682	1.785379	1.894788
23076	-3904.553	-4165.937	261.3836	0.8242157	0.333694	0.283962	0.300446	0.0818981	1.805134	1.973261
23082	-3893.558	-4154.983	261.4253	0.6748973	0.443792	0.307572	0.234091	0.0145448	1.822291	2.038919
23088	-3893.745	-4154.789	261.0439	0.8944047	0.464986	0.288049	0.24527	0.00169529	1.731315	2.197508
23094	-3907.078	-4167.628	260.5502	0.8007623	0.348252	0.293337	0.34082	0.0175909	1.649342	2.622318
23100	-3912.556	-4173.563	261.0074	0.7447598	0.348346	0.409048	0.235077	0.00752845	1.710224	2.334613
23106	-3909.131	-4170.067	260.936	0.9069771	0.422377	0.311981	0.234433	0.0312084	1.713865	2.269931
23112	-3906.111	-4167.239	261.1274	0.7084546	0.410045	0.332069	0.227589	0.0302972	1.729886	2.269931
23118	-3912.79	-4173.742	260.9519	0.7116369	0.458951	0.231732	0.275406	0.0339108	1.713967	2.389675
23124	-3899.935	-4162.24	262.3048	0.5335709	0.365991	0.391421	0.19625	0.0463375	2.064356	1.343603
23130	-3900.182	-4162.313	262.1311	0.67062	0.485052	0.274259	0.140778	0.0999109	2.064356	1.367579
23136	-3903.838	-4165.64	261.8028	0.8310515	0.491469	0.21805	0.159399	0.131081	1.904062	1.608411
23142	-3902.67	-4164.39	261.7198	0.6531656	0.407441	0.31504	0.147297	0.130221	1.710276	1.932303
23148	-3895.994	-4157.556	261.5619	0.6988657	0.371355	0.301657	0.188546	0.138441	1.76989	1.96585
23154	-3895.957	-4156.869	260.9121	0.6965622	0.446824	0.250483	0.226863	0.0758301	1.729656	2.415
23160	-3889.754	-4151.353	261.599	0.7339811	0.528192	0.236932	0.21459	0.0202858	1.785514	1.905241
23166	-3912.786	-4174.904	262.118	0.5312548	0.44802	0.333481	0.151733	0.0667662	1.790084	1.690027
23172	-3902.085	-4164.184	262.0993	0.6325033	0.430677	0.260274	0.267941	0.0411075	1.960508	1.502661
23178	-3892.412	-4154.512	262.0995	0.7241182	0.410656	0.294663	0.255485	0.0391965	1.889679	1.482828
23184	-3898.129	-4160.085	261.956	0.6895282	0.413643	0.296806	0.234281	0.0552707	1.876694	1.625235
23190	-3921.255	-4181.407	260.1518	0.7654524	0.476839	0.197426	0.277326	0.0484091	1.668274	2.876958
23196	-3897.223	-4157.623	260.4001	0.8971174	0.471697	0.117247	0.363169	0.0478871	1.644484	2.656183
23202	-3905.522	-4167.827	262.3055	0.5909692	0.350341	0.290173	0.331814	0.0276725	1.929226	1.402584
23208	-3897.06	-4158.859	261.7987	0.4924072	0.312705	0.389645	0.281221	0.0164289	1.8115	1.923045
23214	-3899.15	-4160.785	261.6349	0.6821391	0.438561	0.277353	0.254145	0.0299411	1.782653	1.920056
23220	-3889.744	-4151.202	261.4577	0.5918889	0.416832	0.283735	0.259992	0.0394406	1.791295	2.095781
23226	-3902.553	-4163.769	261.2168	0.5988762	0.349965	0.327311	0.242792	0.0799317	1.771295	2.260363
23232	-3894.893	-4156.159	261.2661	0.5988762	0.331344	0.418185	0.229874	0.0205973	1.721981	2.260363
23238	-3894.116	-4155.41	261.2941	0.5988762	0.427596	0.283229	0.251001	0.0381744	1.776328	2.207318
23244	-3890.743	-4152.426	261.683	0.5751576	0.369312	0.312068	0.276559	0.0420615	1.776328	1.967819
23250	-3889.235	-4150.324	261.0886	0.7868453	0.551024	0.222156	0.196877	0.0299428	1.83542	2.173538
23256	-3887.999	-4149.458	261.4585	0.5440211	0.401828	0.213761	0.316702	0.0677086	1.721088	2.173538
23262	-3898.25	-4159.18	260.9301	0.6201031	0.382408	0.386694	0.118056	0.112843	1.700483	2.47284
23268	-3906.134	-4167.204	261.0696	0.7203294	0.417003	0.315808	0.175031	0.0921574	1.623756	2.366433
23274	-3894.469	-4155.775	261.3063	0.560176	0.426288	0.324651	0.189947	0.0591145	1.767706	2.231035
23280	-3894.17	-4155.743	261.5729	0.5728703	0.410345	0.363851	0.181632	0.0441725	1.753195	2.058067
23286	-3892.103	-4153.135	261.0326	0.6427266	0.379803	0.416726	0.193341	0.0101303	1.638751	2.432235
23292	-3892.329	-4153.914	261.5843	0.445869	0.381577	0.416373	0.174149	0.0279013	1.757441	2.131048
23298	-3889.691	-4151.244	261.5527	0.5327833	0.30078	0.476165	0.199157	0.0238984	1.829149	2.048554
23304	-3902.179	-4163.638	261.4594	0.5332846	0.372251	0.352566	0.24648	0.0287033	1.801471	2.127742
23310	-3911.919	-4173.869	261.9502	0.419688	0.403168	0.348056	0.181535	0.0672409	1.977181	1.752226
23316	-3906.352	-4168.425	262.073	0.5232032	0.310713	0.385851	0.228271	0.075165	1.977181	1.59371
23322	-3899.157	-4161.369	262.2125	0.431362	0.391066	0.409907	0.181256	0.0177706	1.909245	1.606349
23328	-3898.48	-4160.732	262.2518	0.3993287	0.498124	0.301914	0.196144	0.00381814	1.899965	1.604919
23334	-3906.707	-4168.849	262.1417	0.4116098	0.497122	0.300681	0.195749	0.00644814	1.941363	1.646904
23340	-3892.22	-4154.431	262.2117	0.5200416	0.331608	0.410986	0.230856	0.0265492	2.022236	1.459448
23346	-3914.252	-4176.449	262.1964	0.6635294	0.239792	0.572085	0.166936	0.0211871	2.100437	1.292353
23352	-3908.357	-4168.778	260.4212	0.6647334	0.531085	0.18979	0.241687	0.037438	1.496745	2.882196
23358	-3924.719	-4185.229	260.5095	0.6059007	0.423408	0.356419	0.192685	0.0274877	1.659033	2.767668
23364	-3907.393	-4168.391	260.9978	0.6457241	0.50149	0.239908	0.225806	0.032796	1.65097	2.444502
23370	-3897.366	-4159.762	262.3954	0.5959127	0.443945	0.338401	0.14636	0.0712937	2.245663	1.053881
23376	-3888.263	-4150.733	262.4695	0.5959127	0.397104	0.374654	0.16204	0.0662023	2.224726	1.002155
23382	-3886.315	-4148.692	262.3776	0.5481653	0.396044	0.373654	0.161607	0.0686939	2.299627	1.066712
23388	-3884.026	-4146.608	262.5828	0.5101786	0.414277	0.362374	0.156729	0.0666202	2.299627	0.8965381
23394	-3896.951	-4159.545	262.5942	0.5113462	0.423434	0.348281	0.160193	0.0680927	2.180596	1.008735
23400	-3905.29	-4167.89	262.5998	0.5113462	0.425967	0.350364	0.163802	0.0598665	2.311094	0.8621953
23406	-3896.352	-4158.816	262.4639	0.5338748	0.374451	0.297879	0.270036	0.0576341	2.315917	0.9806946
23412	-3900.091	-4162.445	262.3543	0.6128958	0.383825	0.444438	0.130632	0.0411046	2.294803	1.02903
23418	-3903.593	-4166.245	262.6522	0.447998	0.367946	0.370769	0.129064	0.132222	2.30154	0.8841562
23424	-3907.102	-4169.621	262.5191	0.5124198	0.483932	0.292077	0.0960387	0.127953	2.255048	1.008306
23430	-3897.128	-4159.78	262.6525	0.4347326	0.306772	0.467667	0.153775	0.0717861	2.255048	0.9484838
23436	-3901.38	-4163.847	262.4678	0.4733936	0.372736	0.423166	0.139143	0.0649552	2.193638	1.149435
23442	-3886.883	-4149.511	262.6278	0.5204533	0.472795	0.309078	0.21455	0.0035766	2.164781	0.9815987
23448	-3883.113	-4145.666	262.5526	0.5636347	0.400069	0.404044	0.181548	0.01434	2.156407	1.020804
23454	-3885.033	-4147.586	262.5526	0.5636347	0.371356	0.382829	0.232257	0.0135584	2.156407	1.020804
23460	-3899.311	-4161.88	262.5683	0.4479054	0.389725	0.303206	0.185758	0.121311	2.252562	1.024146
23466	-3902.151	-4164.826	262.6747	0.4049768	0.370542	0.384557	0.129562	0.115339	2.172214	1.036197
23472	-3896.842	-4159.484	262.6421	0.4049768	0.405045	0.420366	0.141627	0.0329624	1.989874	1.228927
23478	-3905.681	-4168.312	262.6313	0.4996944	0.413466	0.323524	0.17137	0.0916397	2.152624	1.011227
23484	-3897.938	-4160.38	262.4417	0.4526969	0.44176	0.320559	0.201434	0.0362461	2.011	1.340612
23490	-3903.754	-4166.103	262.3493	0.4921866	0.399739	0.320299	0.219276	0.0606855	2.066373	1.339738
23496	-3899.35	-4161.951	262.6013	0.4921866	0.305456	0.350537	0.285147	0.0588604	2.18956	1.011764
23502	-3897.061	-4159.538	262.4768	0.5531708	0.208629	0.480649	0.161466	0.149256	2.183589	1.077632
23508	-3902.889	-4165.329	262.4408	0.5626365	0.360432	0.399497	0.203142	0.0369289	2.165705	1.118126
23514	-3897.684	-4160.25	262.5662	0.5626365	0.342184	0.379272	0.167198	0.111346	2.182184	0.9825316
23520	-3912.998	-4175.496	262.4978	0.5626365	0.339673	0.376489	0.193178	0.090659	2.244128	0.9890715
23526	-3896.065	-4158.567	262.502	0.5215036	0.437175	0.334691	0.194737	0.0333965	2.151892	1.113389
23532	-3892.873	-4155.329	262.4568	0.5295849	0.429765	0.329018	0.191437	0.0497802	2.188954	1.113389
23538	-3895.493	-4157.866	262.3723	0.573503	0.431205	0.349561	0.152922	0.0663125	2.188954	1.148536
23544	-3884.089	-4146.563	262.4741	0.573503	0.38378	0.338857	0.162982	0.114381	2.244059	1.001632
23550	-3893.719	-4156.277	262.5588	0.5025402	0.362987	0.354739	0.170621	0.111653	2.188499	1.044123
23556	-3889.778	-4152.37	262.5914	0.4621435	0.41804	0.334961	0.174177	0.0728218	2.1852	1.053878
23562	-3890.523	-4153.161	262.638	0.4945128	0.442858	0.360225	0.167333	0.0295839	2.194841	0.9669667
23568	-3883.01	-4145.542	262.532	0.5186816	0.35332	0.376848	0.184853	0.0849782	2.317037	0.9241114
23574	-3886.627	-4149.143	262.5164	0.5387008	0.375477	0.400481	0.131552	0.0924902	2.312265	0.9241114
23580	-3893.457	-4156.186	262.7292	0.44878	0.429457	0.320243	0.18675	0.0635501	2.257843	0.8437724
23586	-3908.501	-4171.077	262.5764	0.4955993	0.451888	0.323198	0.132178	0.0927358	2.262368	0.9596511
23592	-3899.65	-4161.991	262.3411	0.5377385	0.416429	0.427364	0.0966718	0.0595349	2.131163	1.256332
23598	-3897.115	-4159.052	261.9368	0.5636757	0.335984	0.434003	0.187188	0.0428248	1.920962	1.702048
23604	-3886.002	-4147.915	261.9127	0.6063573	0.457098	0.282069	0.212985	0.047848	1.900448	1.702048
23610	-3901.136	-4163.247	262.111	0.6577187	0.531782	0.256711	0.156003	0.055504	1.889316	1.527106
23616	-3887.181	-4149.44	262.2584	0.6626343	0.377319	0.341399	0.207467	0.0738145	2.053524	1.280738
23622	-3896.626	-4158.944	262.318	0.5964138	0.377319	0.341399	0.207467	0.0738145	2.053524	1.289132
23628	-3900.892	-4163.156	262.2637	0.5695401	0.402067	0.319284	0.199993	0.0786559	2.083571	1.331479
23634	-3906.335	-4168.634	262.2985	0.5083922	0.357263	0.436216	0.13663	0.069891	2.000351	1.418669
23640	-3877.262	-4139.345	262.0827	0.6022007	0.381944	0.339057	0.225191	0.0538086	2.013248	1.499471
23646	-3875.766	-4137.856	262.0892	0.6185046	0.370315	0.345436	0.229428	0.0548211	1.999426	1.492077
23652	-3864.745	-4126.804	262.0598	0.6151927	0.364284	0.389948	0.196222	0.0495455	1.950815	1.552806
23658	-3859.802	-4121.967	262.166	0.6151927	0.398923	0.357449	0.189371	0.0542566	2.030305	1.412665
23664	-3868.952	-4130.819	261.8668	0.6052394	0.380474	0.387165	0.180613	0.0517474	1.977864	1.680548
23670	-3876.291	-4138.543	262.252	0.5879131	0.417952	0.401431	0.123772	0.0568447	2.025894	1.371333
23676	-3881.631	-4143.957	262.3267	0.4889078	0.352878	0.46912	0.116626	0.0613768	2.129746	1.30959
23682	-3869.794	-4132.363	262.569	0.4098301	0.416714	0.325906	0.175155	0.0822254	2.120388	1.176228
23688	-3875.654	-4138.054	262.4008	0.4853625	0.343539	0.444278	0.144397	0.0677865	2.132134	1.249624
23694	-3875.985	-4138.199	262.213	0.7406221	0.421707	0.361581	0.180589	0.036123	2.084379	1.224095
23700	-3886.717	-4148.816	262.0993	0.7452261	0.378277	0.408391	0.194509	0.0188227	2.046347	1.344434
23706	-3889.872	-4151.905	262.0336	0.7429058	0.363983	0.425831	0.171058	0.0391276	1.924682	1.491138
23712	-3894.449	-4156.765	262.3154	0.6106704	0.352956	0.447984	0.161118	0.0379422	1.973658	1.343548
23718	-3886.639	-4148.679	262.0405	0.7993164	0.483607	0.293733	0.135211	0.0874491	2.069108	1.327724
23724	-3891.823	-4154.141	262.3182	0.7198846	0.453413	0.284473	0.177432	0.0846823	2.042556	1.18875
23730	-3911.52	-4174.107	262.5867	0.5595988	0.442166	0.319448	0.199063	0.0393233	2.243332	0.898732
23736	-3895.585	-4158.218	262.6334	0.3795045	0.331087	0.417295	0.224911	0.0267063	2.367022	0.898732
23742	-3891.282	-4153.613	262.3314	0.5378629	0.469639	0.316648	0.163011	0.0507015	2.042359	1.336443
23748	-3887.42	-4149.372	261.9521	0.7221488	0.388088	0.387424	0.162454	0.0620342	1.99665	1.514711
23754	-3890.619	-4152.767	262.1474	0.6119646	0.387093	0.386431	0.162038	0.0644378	2.003009	1.450499
23760	-3875.265	-4137.4	262.1351	0.6230385	0.409371	0.314039	0.208443	0.0681463	2.00823	1.447001
23766	-3874.801	-4136.983	262.1824	0.5793585	0.439253	0.336962	0.130694	0.0930919	2.006781	1.447001
23772	-3887.681	-4149.911	262.2297	0.5650196	0.456874	0.365902	0.152979	0.0242448	1.964992	1.454171
23778	-3885.947	-4148.046	262.0993	0.7103034	0.512236	0.258006	0.171517	0.0582408	2.053976	1.367676
23784	-3880.772	-4143.089	262.3163	0.5999578	0.390132	0.419685	0.143603	0.0465797	2.059173	1.28286
23790	-3882.41	-4144.699	262.2891	0.5999578	0.418185	0.321819	0.196318	0.0636786	2.056256	1.30745
23796	-3891.338	-4153.739	262.4003	0.5999578	0.445348	0.308775	0.187721	0.0581562	2.038808	1.230026
23802	-3907.211	-4169.751	262.5401	0.4202138	0.364586	0.336544	0.293208	0.00566151	1.991011	1.3014
23808	-3897.035	-4159.349	262.3132	0.5092774	0.346346	0.34806	0.278539	0.027055	1.972339	1.428246
23814	-3895.562	-4157.867	262.3044	0.4240248	0.500464	0.296792	0.196417	0.00632649	1.964546	1.50268
23820	-3893.133	-4155.305	262.1717	0.6281371	0.514776	0.210885	0.267257	0.00708229	1.892689	1.50268
23826	-3885.678	-4147.501	261.8226	0.8208088	0.410136	0.246408	0.312277	0.0311794	1.932234	1.581233
23832	-3891.185	-4153.177	261.992	0.7337009	0.351823	0.347864	0.244335	0.055978	1.919347	1.533465
23838	-3901.136	-4163.094	261.9584	0.7751379	0.454877	0.16456	0.308188	0.0723748	1.985893	1.476017
23844	-3888.664	-4150.615	261.9511	0.8242652	0.536071	0.140049	0.262285	0.0615949	2.002377	1.429801
23850	-3876.25	-4138.293	262.0429	0.6906512	0.455116	0.275538	0.200309	0.0690364	2.077018	1.409945
23856	-3890.717	-4152.665	261.9476	0.8458537	0.449326	0.363259	0.102337	0.0850783	1.944361	1.459609
23862	-3877.17	-4139.013	261.8438	0.6267881	0.441339	0.356802	0.144869	0.05699	1.846945	1.772849
23868	-3895.201	-4157.025	261.824	0.6738595	0.366416	0.412757	0.167588	0.0532395	1.800621	1.784245
23874	-3895.127	-4156.953	261.8261	0.655966	0.417731	0.403765	0.123891	0.054613	1.850916	1.760916
23880	-3906.364	-4168.901	262.537	0.6402084	0.370994	0.363918	0.142647	0.122441	2.298586	0.7877741
23886	-3908.04	-4170.684	262.6443	0.522595	0.534931	0.29278	0.11421	0.0580793	2.294759	0.8130767
23892	-3907.024	-4169.026	262.0016	0.6391739	0.479069	0.252006	0.188254	0.0806718	1.905496	1.609989
23898	-3914.455	-4176.556	262.1017	0.577873	0.419558	0.280795	0.209759	0.0898876	1.869835	1.609989
23904	-3901.588	-4164.241	262.653	0.4851398	0.473376	0.308131	0.177486	0.0410072	2.369069	0.7498147
23910	-3893.082	-4155.643	262.561	0.5681148	0.456732	0.297297	0.221919	0.0240526	2.332889	0.8110819
23916	-3898.374	-4160.937	262.5635	0.5364917	0.462754	0.301217	0.211659	0.0243697	2.385306	0.7810509
23922	-3902.045	-4164.574	262.5293	0.5931904	0.377933	0.32726	0.229959	0.0648467	2.343406	0.8044759
23928	-3909.191	-4171.708	262.5166	0.5434218	0.384111	0.366083	0.227146	0.0226602	2.346151	0.8804215
23934	-3895.954	-4158.269	262.3146	0.6432029	0.429147	0.320133	0.161866	0.0888535	2.188715	1.134918
23940	-3892.298	-4154.443	262.1449	0.5621853	0.433023	0.361805	0.137414	0.0677574	2.017104	1.481229
23946	-3892.88	-4154.902	262.0222	0.6791129	0.512254	0.272794	0.150493	0.0644581	1.930477	1.545621
23952	-3884.308	-4146.023	261.7147	0.6756425	0.51202	0.272669	0.161965	0.053346	1.824113	1.842167
23958	-3886.459	-4147.55	261.0909	0.6836259	0.465504	0.27574	0.233954	0.0248018	1.719283	2.316862
23964	-3898.128	-4159.647	261.5189	0.6555513	0.512897	0.218883	0.237378	0.0308423	1.719678	2.058445
23970	-3893.985	-4155.661	261.6758	0.5411181	0.461088	0.387512	0.124728	0.0266724	1.682519	2.058445
23976	-3899.619	-4160.927	261.3081	0.6413915	0.462925	0.389056	0.112001	0.0360194	1.66958	2.238261
23982	-3899.318	-4161.188	261.87	0.7329554	0.543304	0.260218	0.159871	0.0366068	1.992035	1.570392
23988	-3902.084	-4164.113	262.0285	0.5731441	0.456578	0.252312	0.261842	0.0292677	1.865437	1.669317
23994	-3903.19	-4165.781	262.5907	0.5419261	0.360384	0.468027	0.146325	0.0252635	2.420986	0.6706589
24000	-3895.644	-4157.744	262.1001	0.491616	0.374473	0.430694	0.14605	0.0487828	1.845799	1.691462
24006	-3885.565	-4147.573	262.008	0.6614649	0.385892	0.443828	0.128574	0.041706	1.957406	1.550052
24012	-3895.12	-4157.57	262.4503	0.6023127	0.382008	0.260863	0.225031	0.132098	2.479167	0.7061826
24018	-3893.842	-4156.228	262.3862	0.6498101	0.438451	0.323431	0.188752	0.0493662	2.453555	0.767734
24024	-3904.098	-4166.562	262.4635	0.6595655	0.472349	0.269216	0.139702	0.118733	2.317661	0.8321281
24030	-3904.187	-4166.619	262.4323	0.662932	0.410307	0.330865	0.171722	0.0871057	2.368728	0.8019806
24036	-3901.04	-4163.663	262.6236	0.4825762	0.371781	0.394269	0.162856	0.0710929	2.368728	0.7955051
24042	-3893.488	-4156.143	262.6558	0.5124735	0.381487	0.404562	0.185906	0.0280444	2.368728	0.702034
24048	-3892.071	-4154.644	262.5724	0.5552314	0.421428	0.383661	0.134005	0.0609061	2.368728	0.7646448
24054	-3885.011	-4147.52	262.509	0.5885676	0.464334	0.294027	0.20307	0.0385692	2.375754	0.7948201
24060	-3902.768	-4165.506	262.7375	0.4518139	0.399181	0.325281	0.176727	0.0988113	2.290967	0.7865387
24066	-3910.678	-4173.203	262.5243	0.5542027	0.453989	0.303628	0.188866	0.0535165	2.29848	0.9130296
24072	-3910.512	-4171.96	261.4482	0.7486221	0.513434	0.222948	0.210086	0.0535324	1.777526	2.001608
24078	-3906.07	-4167.569	261.4989	0.8645163	0.502533	0.218214	0.206209	0.0730446	1.761852	1.896504
24084	-3900.832	-4162.533	261.7007	0.7206026	0.490665	0.235692	0.201339	0.0723032	1.765053	1.859596
24090	-3898.151	-4160.008	261.8575	0.7752637	0.462356	0.221238	0.198652	0.117754	1.873906	1.632909
24096	-3897.068	-4158.638	261.5694	0.8526249	0.471864	0.285947	0.13013	0.112058	1.873906	1.779561
24102	-3906.193	-4168.583	262.3896	0.6566481	0.423737	0.321669	0.152657	0.101938	2.417486	0.8027225
24108	-3898.085	-4160.605	262.5197	0.5899718	0.443262	0.336491	0.159691	0.0605562	2.300703	0.8734966
24114	-3893.184	-4155.565	262.3803	0.6957289	0.453257	0.344078	0.163292	0.0393727	2.35732	0.8386678
24120	-3916.044	-4177.54	261.4962	0.8892738	0.497089	0.212544	0.220588	0.0697783	1.920952	1.771415
24126	-3904.24	-4165.646	261.4059	0.6623304	0.36794	0.402579	0.163277	0.0662035	1.800336	2.075047
24132	-3919.05	-4181.362	262.312	0.6930912	0.312021	0.421029	0.185985	0.0809654	2.579963	0.5683215
24138	-3921.784	-4184.141	262.3571	0.5948678	0.341252	0.460473	0.133263	0.0650112	2.644225	0.5395911
24144	-3902.311	-4164.51	262.199	0.542641	0.398581	0.376098	0.216088	0.00923331	1.848014	1.581552
24150	-3898.667	-4160.951	262.2845	0.5178166	0.456664	0.366141	0.131107	0.0460884	1.89717	1.500597
24156	-3890.368	-4152.652	262.284	0.5378695	0.291161	0.354492	0.243888	0.110459	1.942836	1.451029
24162	-3890.317	-4152.267	261.9496	0.7440806	0.345621	0.335393	0.289506	0.0294798	1.900094	1.5708
24168	-3904.051	-4165.992	261.9402	0.6092474	0.392379	0.380767	0.193386	0.033468	1.787247	1.760151
24174	-3891.306	-4153.213	261.9069	0.7084558	0.407006	0.38419	0.158575	0.0502296	1.814123	1.690805
24180	-3900.163	-4162.085	261.9221	0.7651746	0.404185	0.369067	0.152333	0.0744147	1.93367	1.549982
24186	-3896.896	-4158.732	261.8358	0.7573921	0.391644	0.361533	0.171268	0.0755557	1.967903	1.594169
24192	-3906.106	-4167.862	261.7565	0.6096577	0.446627	0.356	0.128576	0.0687965	1.880874	1.822373
24198	-3903.297	-4164.715	261.418	0.8300422	0.403497	0.324108	0.192743	0.079652	1.758583	1.977346
24204	-3888.82	-4149.957	261.1378	0.6985299	0.439606	0.310377	0.153251	0.0967656	1.740221	2.263391
24210	-3897.772	-4158.683	260.9106	0.8101674	0.38217	0.269825	0.312502	0.035503	1.694505	2.362415
24216	-3886.664	-4147.952	261.288	0.788496	0.504323	0.126398	0.295291	0.0739879	1.727487	2.11273
24222	-3902.061	-4164.493	262.4316	0.5518934	0.434926	0.311114	0.182387	0.0715724	2.110886	1.184508
24228	-3896.263	-4158.63	262.367	0.5993707	0.380574	0.397021	0.159595	0.06281	2.171792	1.144415
24234	-3899.431	-4161.789	262.3579	0.7518483	0.411474	0.373016	0.149153	0.0663562	2.189559	0.9839274
24240	-3898.705	-4160.979	262.274	0.6998474	0.584735	0.209484	0.12859	0.0771908	2.256417	1.054689
24246	-3894.85	-4157.119	262.2696	0.6276097	0.411986	0.229217	0.277355	0.0814413	2.183941	1.192949
24252	-3887.233	-4149.572	262.3396	0.6023762	0.473261	0.299453	0.175696	0.0515906	2.183941	1.155184
24258	-3884.543	-4146.857	262.314	0.6466896	0.423151	0.267746	0.242337	0.066766	2.120234	1.192198
24264	-3892.534	-4154.711	262.1764	0.6235025	0.414692	0.333862	0.218665	0.0327809	2.125993	1.322051
24270	-3899.627	-4161.839	262.2116	0.6847766	0.373194	0.424691	0.136493	0.0656223	2.157787	1.213207
24276	-3886.657	-4149.182	262.5247	0.5271563	0.42896	0.326788	0.203853	0.0403983	2.255317	0.9874225
24282	-3897.888	-4160.337	262.4485	0.6573238	0.494144	0.309374	0.158236	0.0382455	2.313389	0.8587062
24288	-3907.171	-4169.689	262.5178	0.5988557	0.407202	0.382968	0.155414	0.0544161	2.296139	0.870133
24294	-3910.906	-4173.403	262.4967	0.5508572	0.418373	0.356642	0.147203	0.0777816	2.296139	0.9490782
24300	-3901.994	-4162.625	260.6313	0.7359435	0.412371	0.369236	0.151862	0.066531	1.581077	2.656489
24306	-3902.26	-4162.766	260.506	0.6335578	0.457766	0.397031	0.102558	0.0426457	1.659089	2.752011
24312	-3891.919	-4152.256	260.3372	0.7429058	0.457766	0.397031	0.102558	0.0426457	1.540959	2.856158
24318	-3894.362	-4154.843	260.4808	0.6720729	0.351218	0.428294	0.120636	0.0998529	1.66206	2.740641
24324	-3899.521	-4160.148	260.6265	0.7368953	0.497633	0.316227	0.160522	0.0256183	1.601414	2.646282
24330	-3894.151	-4156.551	262.3999	0.5141694	0.432847	0.376715	0.162907	0.0275316	2.079004	1.270686
24336	-3899.29	-4161.765	262.4753	0.4213956	0.361828	0.423887	0.183306	0.0309791	2.007008	1.339858
24342	-3897.39	-4159.782	262.3917	0.464107	0.33025	0.353366	0.254295	0.0620891	2.014481	1.3689
24348	-3899.382	-4161.757	262.3753	0.5339715	0.326268	0.422398	0.206324	0.0450096	1.941012	1.38501
24354	-3901.029	-4161.192	260.163	0.8833774	0.548391	0.216113	0.152525	0.0829699	1.500117	2.897491
24360	-3902.941	-4163.204	260.2625	0.7212601	0.567231	0.203985	0.157765	0.0710188	1.483999	2.949519
24366	-3898.15	-4157.897	259.7469	0.9587632	0.546098	0.208691	0.161405	0.0838055	1.531994	3.081968
24372	-3889.387	-4149.66	260.2732	0.8259552	0.534761	0.207307	0.204238	0.0536944	1.532283	2.847359
24378	-3899	-4159.352	260.3521	0.7785155	0.535899	0.207748	0.204673	0.0516801	1.461793	2.87233
24384	-3903.688	-4163.137	259.4491	1.036051	0.596862	0.176369	0.142806	0.0839634	1.389881	3.296952
24390	-3892.231	-4150.937	258.7056	1.036051	0.605631	0.1034	0.205772	0.0851969	1.409428	3.719186
24396	-3907.917	-4167.636	259.7188	0.9232367	0.506403	0.156489	0.311457	0.0256517	1.513454	3.131292
24402	-3889.837	-4150.153	260.3165	0.5935695	0.432022	0.329635	0.201015	0.0373275	1.481128	2.999918
24408	-3888.538	-4148.55	260.0121	0.6527658	0.388323	0.357464	0.193127	0.0610856	1.441783	3.167809
24414	-3904.725	-4165.193	260.4684	0.649509	0.41512	0.263667	0.288692	0.0325202	1.496309	2.863632
24420	-3888.016	-4148.136	260.1204	0.6102955	0.459563	0.263161	0.255642	0.0216344	1.438717	3.131916
24426	-3885.98	-4146.283	260.3035	0.5914626	0.381705	0.26368	0.326946	0.0276687	1.459083	3.022211
24432	-3899.089	-4159.334	260.2448	0.6333706	0.574641	0.274292	0.136334	0.0147333	1.473759	3.022211
24438	-3889.923	-4150.9	260.9777	0.5625979	0.520516	0.259933	0.206206	0.0133456	1.585133	2.552728
24444	-3889.087	-4150.591	261.5041	0.6493359	0.407256	0.362457	0.205103	0.0251835	1.586999	2.159363
24450	-3888.735	-4149.403	260.668	0.77585	0.485437	0.22977	0.244476	0.0403171	1.674218	2.550118
24456	-3891.806	-4153.211	261.405	0.7550119	0.469595	0.231089	0.231574	0.067743	1.712256	2.069
24462	-3898.467	-4159.812	261.3443	0.7429431	0.532034	0.241424	0.15577	0.0707727	1.753502	2.090234
24468	-3888.351	-4150.314	261.9639	0.6857084	0.446877	0.202782	0.271959	0.078382	1.904991	1.601939
24474	-3891.218	-4152.972	261.7539	0.7484488	0.467485	0.14299	0.284501	0.105023	1.935427	1.683288
24480	-3885.777	-4147.589	261.8123	0.7580212	0.529829	0.189007	0.26727	0.013894	1.998244	1.588694
24486	-3896.434	-4158.435	262.0012	0.7078046	0.577071	0.20586	0.203185	0.0138852	1.985449	1.497675
24492	-3902.699	-4164.946	262.2463	0.6047259	0.447848	0.252153	0.296	0.00399878	2.004979	1.3784
24498	-3896.349	-4158.342	261.9929	0.8055292	0.417451	0.279097	0.287054	0.0163979	1.940578	1.460083
24504	-3892.101	-4154.137	262.0361	0.8055292	0.583785	0.199417	0.143808	0.072991	1.991749	1.387345
24510	-3898.255	-4160.224	261.9691	0.8055292	0.502338	0.171595	0.215313	0.110754	2.086568	1.365442
24516	-3904.052	-4166.231	262.1785	0.7229683	0.419357	0.144294	0.345957	0.090393	2.174147	1.192887
24522	-3908.711	-4170.994	262.2829	0.685112	0.321022	0.436444	0.173337	0.0691969	2.1819	1.129666
24528	-3902.398	-4164.753	262.3547	0.6009305	0.379891	0.373513	0.233749	0.0128475	2.041341	1.265107
24534	-3896.751	-4158.944	262.1926	0.7015663	0.488214	0.277138	0.218138	0.0165109	2.159218	1.213015
24540	-3900.494	-4162.938	262.4446	0.7189331	0.404926	0.371369	0.112525	0.11118	2.204389	0.913318
24546	-3889.967	-4152.506	262.539	0.5647567	0.403955	0.339883	0.140234	0.115928	2.225465	0.9637693
24552	-3895.254	-4157.861	262.6069	0.4882626	0.447615	0.329215	0.185092	0.0380792	2.291394	0.9031838
24558	-3886.413	-4148.956	262.5433	0.5278	0.324119	0.420876	0.236626	0.0183792	2.366456	0.8434238
24564	-3882.751	-4145.265	262.5142	0.551341	0.361351	0.428453	0.167144	0.0430513	2.331456	0.8906393
24570	-3894.241	-4156.794	262.5522	0.549633	0.379404	0.427993	0.153154	0.0394479	2.387091	0.775494
24576	-3883.996	-4146.445	262.449	0.5297064	0.374889	0.488907	0.116849	0.0193555	2.610465	0.5827769
24582	-3906.261	-4168.457	262.1958	0.8106029	0.367447	0.293234	0.313263	0.0260555	2.120687	1.143904
24588	-3897.122	-4159.357	262.2345	0.699654	0.399736	0.278747	0.31415	0.00736734	2.089158	1.238535
24594	-3913.679	-4176.106	262.4276	0.6108362	0.3394	0.373125	0.27683	0.0106449	2.296851	0.9552666
24600	-3900.236	-4162.817	262.5808	0.5214601	0.28326	0.38975	0.297106	0.029884	2.315849	0.8669195
24606	-3891.02	-4153.56	262.5397	0.539732	0.358358	0.32163	0.261316	0.0586968	2.315849	0.8929904
24612	-3897.905	-4160.171	262.2655	0.6709274	0.451809	0.343339	0.198524	0.00632795	1.988842	1.32037
24618	-3896.913	-4159.131	262.2186	0.6501906	0.440707	0.435382	0.104049	0.0198617	2.054439	1.323013
24624	-3894.18	-4156.294	262.1139	0.4987178	0.380664	0.482123	0.115219	0.0219939	1.91826	1.624643
24630	-3888	-4150.206	262.2059	0.4219147	0.355757	0.450578	0.17311	0.0205549	1.945622	1.590839
24636	-3892.378	-4154.535	262.1567	0.7015646	0.477984	0.26989	0.222823	0.0293028	1.941753	1.417632
24642	-3894.624	-4156.247	261.6228	0.7015646	0.432939	0.227504	0.321272	0.0182848	1.842179	1.873918
24648	-3917.503	-4179.079	261.5757	0.7853713	0.504257	0.267582	0.206655	0.021506	1.729005	1.922615
24654	-3895.166	-4156.479	261.3126	0.5057382	0.391822	0.374963	0.13693	0.0962847	1.717133	2.295099
24660	-3883.9	-4144.912	261.0112	0.6707207	0.431876	0.314242	0.207329	0.0465521	1.644383	2.423509
24666	-3880.53	-4140.912	260.3818	0.8696112	0.430135	0.307392	0.199821	0.0626521	1.618321	2.700949
24672	-3892.673	-4153.022	260.3485	0.8615839	0.468157	0.311264	0.0888937	0.131685	1.659941	2.700949
24678	-3897.169	-4158.121	260.9522	0.8170573	0.427747	0.283015	0.168919	0.120318	1.725487	2.311701
24684	-3899.383	-4160.473	261.0894	0.6558101	0.462392	0.305938	0.176764	0.0549063	1.658183	2.375372
24690	-3893.505	-4154.75	261.2453	0.6331693	0.317223	0.323792	0.276781	0.082204	1.711426	2.257276
24696	-3900.315	-4162.077	261.7618	0.6266705	0.45357	0.309869	0.119024	0.117536	1.756864	1.891337
24702	-3888.66	-4149.704	261.0442	0.6017153	0.355317	0.380563	0.169453	0.0946667	1.573403	2.493095
24708	-3895.862	-4156.616	260.7534	0.5615688	0.34585	0.370424	0.176873	0.106853	1.526876	2.72767
24714	-3885.421	-4147.457	262.0365	0.7865466	0.457854	0.349584	0.12657	0.0659924	2.023642	1.377646
24720	-3891.806	-4154.216	262.4108	0.5416724	0.442996	0.33824	0.154913	0.0638509	2.06077	1.253612
24726	-3888.926	-4151.127	262.201	0.7220082	0.457508	0.266945	0.174457	0.101089	2.108922	1.230113
24732	-3888.4	-4150.804	262.404	0.6506205	0.497245	0.292867	0.158415	0.0514735	2.126027	1.103611
24738	-3895.38	-4157.595	262.2153	0.7281758	0.563154	0.178184	0.212238	0.0464246	2.137147	1.188329
24744	-3882.118	-4144.383	262.2652	0.7281758	0.472329	0.248221	0.221091	0.0583586	2.164174	1.120513
24750	-3897.147	-4159.366	262.2191	0.691515	0.469623	0.26847	0.207212	0.0546951	2.165191	1.194334
24756	-3886.12	-4148.113	261.9936	0.7528671	0.508689	0.263463	0.175385	0.0524631	1.95575	1.489919
24762	-3890.26	-4152.31	262.0497	0.6163653	0.394131	0.33487	0.199434	0.0715653	1.926171	1.577385
24768	-3886.127	-4148.301	262.1739	0.5628591	0.354462	0.370105	0.248272	0.0271619	1.984393	1.483499
24774	-3895.83	-4158.225	262.3956	0.6056258	0.416603	0.318513	0.230772	0.034112	1.929865	1.318692
24780	-3904.008	-4166.037	262.0293	0.6492626	0.456989	0.344701	0.177164	0.021146	1.912884	1.576605
24786	-3907.532	-4169.732	262.2003	0.6478531	0.469511	0.255858	0.183459	0.0911724	1.961997	1.412266
24792	-3892.729	-4155.418	262.6889	0.4314639	0.407667	0.348757	0.189303	0.0542731	2.438194	0.6554427
24798	-3888.488	-4151.044	262.5561	0.5620752	0.446293	0.3818	0.127198	0.0447088	2.438194	0.6638867
24804	-3877.804	-4139.393	261.5887	0.6816032	0.487238	0.256959	0.218436	0.0373662	1.79191	1.945357
24810	-3893.775	-4155.635	261.8604	0.749057	0.492299	0.234531	0.158146	0.115024	1.774458	1.721384
24816	-3885.757	-4147.219	261.4613	0.8090746	0.563598	0.169231	0.171187	0.0959841	1.726827	1.984256
24822	-3881.392	-4142.712	261.3197	0.7539677	0.466904	0.200894	0.271932	0.0602691	1.813046	2.059525
24828	-3870.123	-4131.281	261.1573	0.7539677	0.419297	0.263041	0.257985	0.0596776	1.697995	2.240297
24834	-3888.886	-4151.397	262.5114	0.5939316	0.462892	0.317783	0.176681	0.0426438	2.23616	0.9495515
24840	-3882.465	-4143.566	261.101	0.8550675	0.456293	0.291394	0.168381	0.0839308	1.652112	2.23795
24846	-3873.328	-4134.499	261.1717	0.8193621	0.451065	0.234797	0.231169	0.0829691	1.636384	2.22651
24852	-3879.968	-4140.418	260.4495	0.8406885	0.451065	0.234797	0.231169	0.0829691	1.608258	2.683967
24858	-3884.96	-4145.984	261.0242	0.7752543	0.475658	0.286761	0.136249	0.101332	1.643746	2.345751
24864	-3901.337	-4162.262	260.9255	0.7999687	0.486722	0.293432	0.139418	0.0804276	1.657306	2.383296
24870	-3892.326	-4153.384	261.0584	0.7299915	0.473577	0.312515	0.135653	0.0782554	1.641459	2.355835
24876	-3902.904	-4164.023	261.1191	0.7691401	0.454036	0.334663	0.1275	0.0838014	1.563155	2.340749
24882	-3899.165	-4159.973	260.8073	0.7258092	0.460233	0.330867	0.126051	0.0828492	1.46325	2.627212
24888	-3902.122	-4162.96	260.8378	0.7059731	0.421612	0.275079	0.23443	0.0688798	1.535519	2.576638
24894	-3906.284	-4166.963	260.6785	0.7347621	0.448086	0.32207	0.17396	0.055884	1.603512	2.614293
24900	-3909.637	-4170.764	261.1273	0.7327676	0.457249	0.28656	0.1939	0.0622898	1.66669	2.294005
24906	-3909.558	-4170.376	260.8174	0.7943389	0.448063	0.300894	0.190005	0.0610384	1.822097	2.35111
24912	-3903.048	-4164.421	261.373	0.7793817	0.500444	0.234276	0.184644	0.0806353	1.841178	1.987649
24918	-3897.956	-4159.814	261.8581	0.7793817	0.480964	0.170959	0.259511	0.0885667	1.892331	1.616043
24924	-3913.748	-4175.2	261.4524	0.8383155	0.383618	0.338754	0.206986	0.0706411	1.843402	1.891128
24930	-3906.61	-4168.005	261.3948	0.7481143	0.484141	0.279233	0.16403	0.0725955	1.810524	2.015496
24936	-3891.874	-4153.25	261.3761	0.7362939	0.47703	0.304591	0.204419	0.013961	1.841743	2.015496
24942	-3893.12	-4154.189	261.0686	0.7804881	0.464831	0.225821	0.234425	0.0749222	1.644588	2.313496
24948	-3893.427	-4153.541	260.114	0.7629504	0.540243	0.200778	0.208175	0.0508041	1.644588	2.915659
24954	-3894.063	-4153.795	259.7312	1.003735	0.521469	0.208066	0.172362	0.0981029	1.613553	3.015578
24960	-3897.13	-4157.371	260.2405	0.7755416	0.490694	0.195787	0.221206	0.0923132	1.517354	2.908145
24966	-3910.705	-4171.25	260.5449	0.837142	0.453769	0.275975	0.20456	0.0656959	1.564403	2.654541
24972	-3909.676	-4170.598	260.9218	0.8593631	0.529941	0.157418	0.258646	0.053995	1.688067	2.326859
24978	-3913.06	-4173.931	260.871	0.7356524	0.507736	0.214613	0.229699	0.047952	1.684049	2.443532
24984	-3908.505	-4169.306	260.8017	0.8438695	0.486592	0.278343	0.183904	0.0511608	1.667056	2.426411
24990	-3895.85	-4158.014	262.1633	0.7600174	0.483429	0.191442	0.274959	0.0501703	2.008901	1.310635
24996	-3896.118	-4158.298	262.1799	0.7600174	0.535883	0.208527	0.213533	0.0420574	2.040191	1.271508
25002	-3907.359	-4169.213	261.8541	0.7365637	0.495552	0.259438	0.196079	0.0489307	2.046131	1.539456
25008	-3890.056	-4152.07	262.0145	0.8414282	0.550812	0.207859	0.195354	0.0459749	1.993257	1.373734
25014	-3892.466	-4154.855	262.3885	0.6043665	0.397448	0.279017	0.290361	0.033174	1.856941	1.383286
25020	-3886.524	-4148.632	262.108	0.650796	0.39599	0.281662	0.289296	0.0330523	1.892351	1.532533
25026	-3896.397	-4158.392	261.9949	0.6572569	0.365721	0.333709	0.143644	0.156927	1.768018	1.699542
25032	-3887.153	-4148.747	261.5939	0.7217774	0.397589	0.290227	0.242498	0.0696855	1.786074	1.917067
25038	-3877.612	-4138.936	261.3239	0.6222046	0.413251	0.30166	0.25205	0.0330384	1.812097	2.148807
25044	-3890.33	-4152.41	262.0803	0.4582878	0.477169	0.28286	0.196652	0.0433186	1.812097	1.751883
25050	-3878.99	-4140.906	261.9155	0.6950278	0.519654	0.218154	0.15943	0.102762	1.911618	1.625019
25056	-3868.059	-4130.091	262.0327	0.6671476	0.454697	0.267504	0.20442	0.0733786	2.034541	1.46943
25062	-3869.186	-4131.291	262.1048	0.6751327	0.431842	0.254057	0.194145	0.119956	2.089856	1.364367
25068	-3872.236	-4134.396	262.1595	0.674932	0.448585	0.263908	0.235784	0.0517232	1.948619	1.431894
25074	-3882.341	-4144.413	262.0722	0.674932	0.471805	0.241862	0.247989	0.0383432	2.001176	1.458466
25080	-3879.335	-4141.594	262.2594	0.7267802	0.409677	0.40032	0.126538	0.0634641	2.011131	1.258886
25086	-3888.479	-4150.584	262.1048	0.7267802	0.467479	0.315711	0.144392	0.0724183	2.069292	1.337261
25092	-3879.604	-4141.62	262.016	0.6913744	0.443559	0.328432	0.16109	0.0669182	2.046079	1.453849
25098	-3884.911	-4146.968	262.0561	0.6672246	0.431865	0.360357	0.139675	0.0681027	1.996245	1.480582
25104	-3871.722	-4134.008	262.2868	0.588374	0.415714	0.369277	0.134451	0.080558	2.044958	1.328192
25110	-3881.057	-4143.204	262.1466	0.5762426	0.440187	0.348018	0.135875	0.0759204	1.944501	1.523385
25116	-3883.968	-4146.17	262.202	0.6337155	0.458669	0.285639	0.213423	0.0422692	1.987288	1.402937
25122	-3880.138	-4142.463	262.3246	0.5509387	0.485022	0.256379	0.225685	0.0329139	1.9927	1.370584
25128	-3878.166	-4140.252	262.0859	0.6318446	0.435592	0.376023	0.164408	0.0239772	1.986573	1.493681
25134	-3888.448	-4150.84	262.3924	0.529111	0.333092	0.392668	0.2115	0.0627395	1.927532	1.386069
25140	-3886.818	-4149.377	262.5592	0.509872	0.365645	0.322494	0.20201	0.10985	2.058606	1.156148
25146	-3876.106	-4138.444	262.3387	0.5979671	0.389526	0.343557	0.215203	0.0517132	2.121943	1.213556
25152	-3880.34	-4142.763	262.4233	0.6057519	0.420058	0.309569	0.18451	0.0858626	2.136805	1.119341
25158	-3905.191	-4167.755	262.5635	0.5158995	0.300379	0.365733	0.269914	0.0639742	2.16131	1.052831
25164	-3905.269	-4167.786	262.5169	0.478352	0.393813	0.303182	0.244949	0.0580571	2.094716	1.18872
25170	-3903.984	-4166.391	262.4068	0.6087238	0.372422	0.31592	0.253304	0.0583542	2.105766	1.158974
25176	-3894.69	-4157.253	262.5637	0.5073765	0.419778	0.356091	0.203941	0.0201898	2.080769	1.134725
25182	-3899.393	-4161.754	262.3604	0.5572306	0.419778	0.356091	0.203941	0.0201898	2.093904	1.254648
25188	-3901.888	-4164.213	262.3257	0.5975146	0.345772	0.431751	0.161986	0.0604904	2.086567	1.254648
25194	-3881.075	-4143.291	262.2167	0.573259	0.35929	0.336068	0.291599	0.0130419	2.057523	1.386211
25200	-3889.058	-4151.372	262.3138	0.5658483	0.436304	0.324077	0.229361	0.0102583	2.155935	1.23422
25206	-3889.569	-4152.015	262.4457	0.5674589	0.362402	0.391058	0.238509	0.00803172	2.370206	0.9053592
25212	-3889.08	-4151.606	262.5254	0.5830721	0.419988	0.362614	0.155898	0.0614994	2.314206	0.8593264
25218	-3896.327	-4158.819	262.4919	0.5637328	0.424271	0.359937	0.154747	0.0610453	2.304472	0.9311499
25224	-3893.31	-4155.912	262.6029	0.5526743	0.435275	0.369272	0.158761	0.0366915	2.291804	0.8305029
25230	-3889.639	-4152.147	262.508	0.6182199	0.446819	0.214106	0.30141	0.0376647	2.298649	0.8545063
25236	-3890.439	-4153.022	262.583	0.5595827	0.438934	0.250884	0.273182	0.037	2.284988	0.8545063
25242	-3893.359	-4155.983	262.6238	0.4960464	0.497103	0.284131	0.176863	0.0419033	2.375287	0.7676841
25248	-3909.067	-4171.678	262.6109	0.5506449	0.438081	0.296389	0.147217	0.118313	2.337717	0.7607142
25254	-3894.674	-4156.299	261.625	0.7690061	0.436866	0.34565	0.167334	0.0501496	1.955337	1.744954
25260	-3894.984	-4156.884	261.9002	0.5882377	0.330372	0.429659	0.218175	0.0217939	1.897354	1.726477
25266	-3899.616	-4161.786	262.1704	0.5939854	0.342243	0.345901	0.283534	0.0283228	1.837807	1.570952
25272	-3892.343	-4154.442	262.0991	0.5289408	0.333611	0.333051	0.266933	0.0664053	1.990409	1.56064
25278	-3896.887	-4158.828	261.9405	0.6934617	0.455712	0.349786	0.150952	0.0435507	1.927776	1.596399
25284	-3897.728	-4159.137	261.4093	0.7494645	0.540501	0.251674	0.139363	0.0684615	1.808611	2.006183
25290	-3907.654	-4169.316	261.6619	0.7448906	0.438629	0.29101	0.237551	0.0328109	1.843496	1.814685
25296	-3894.714	-4156.202	261.4882	0.7448906	0.497642	0.166098	0.295451	0.0408082	1.820332	1.948794
25302	-3908.4	-4169.548	261.1476	0.6293526	0.534889	0.164622	0.260044	0.0404454	1.759924	2.291392
25308	-3886.691	-4148.099	261.4079	0.6770304	0.536163	0.165014	0.260664	0.0381597	1.797017	2.065642
25314	-3908.921	-4170.48	261.5594	0.6240015	0.521583	0.160526	0.253576	0.064315	1.701557	2.065642
25320	-3919.706	-4181.391	261.6845	0.8374025	0.558307	0.21229	0.180963	0.0484403	1.938366	1.664116
25326	-3902.128	-4163.652	261.5239	0.8374025	0.363188	0.328222	0.279788	0.0288022	1.873278	1.822409
25332	-3904.076	-4165.587	261.5107	0.7122394	0.513808	0.167942	0.277503	0.0407469	1.908719	1.89716
25338	-3900.013	-4161.168	261.155	0.6766613	0.427621	0.210648	0.327819	0.033912	1.874207	2.180774
25344	-3885.551	-4146.963	261.4118	0.7837332	0.598624	0.164402	0.186721	0.0502531	1.721101	2.038669
25350	-3887.85	-4149.57	261.7199	0.8445932	0.575655	0.172868	0.179557	0.0719198	1.899929	1.660957
25356	-3887.121	-4148.703	261.5811	0.8367542	0.355367	0.336865	0.187449	0.120319	2.016503	1.682631
25362	-3889.726	-4151.479	261.753	0.6608623	0.40021	0.253185	0.211103	0.135502	1.950782	1.738568
25368	-3896.145	-4158.221	262.0762	0.623639	0.505432	0.116616	0.302039	0.0759126	2.055575	1.45537
25374	-3894.257	-4156.009	261.7519	0.7455707	0.442963	0.225799	0.264708	0.0665301	1.99203	1.646455
25380	-3888.185	-4150.209	262.0243	0.7417074	0.483747	0.251313	0.190892	0.0740476	2.139583	1.332878
25386	-3904.456	-4166.491	262.0351	0.7872967	0.46317	0.264458	0.200877	0.0714955	2.038695	1.366277
25392	-3913.061	-4174.419	261.3579	0.9178684	0.411692	0.235065	0.269782	0.0834612	1.966137	1.815616
25398	-3909.01	-4170.663	261.653	0.7998036	0.421125	0.240451	0.275963	0.0624601	2.049695	1.635041
25404	-3922.922	-4184.829	261.9068	0.6602842	0.473249	0.218225	0.174641	0.133885	1.852919	1.699534
25410	-3919.009	-4180.943	261.9348	0.8495424	0.459885	0.202524	0.185201	0.15239	1.860249	1.529567
25416	-3905.262	-4167.209	261.9471	0.6395435	0.554317	0.172356	0.142856	0.130471	1.84509	1.692065
25422	-3896.862	-4158.739	261.8762	0.7245604	0.450038	0.159796	0.284239	0.105926	1.909531	1.632313
25428	-3891.293	-4153.256	261.9637	0.6866835	0.353719	0.292232	0.223405	0.130645	1.895671	1.608087
25434	-3888.782	-4150.58	261.7984	0.6323552	0.360022	0.296363	0.242458	0.101156	1.798866	1.833455
25440	-3893.621	-4155.008	261.3877	0.6660425	0.389111	0.247302	0.262048	0.10154	1.760847	2.110331
25446	-3902.33	-4163.462	261.1315	0.7226622	0.415199	0.3375	0.108727	0.138574	1.713551	2.268127
25452	-3891.31	-4152.404	261.0939	0.6457628	0.45534	0.27345	0.119238	0.151971	1.637025	2.392642
25458	-3884.93	-4146.14	261.21	0.7010649	0.495798	0.274066	0.114089	0.116047	1.683617	2.251672
25464	-3897.943	-4159.371	261.4286	0.8414894	0.432788	0.239235	0.229054	0.0989229	1.766498	1.956968
25470	-3909.546	-4171.134	261.5883	0.6407335	0.404612	0.413983	0.163428	0.0179778	1.912774	1.893167
25476	-3915.289	-4177.294	262.0053	0.3983739	0.431803	0.374601	0.174411	0.0191859	1.779165	1.863718
25482	-3900.838	-4162.282	261.444	0.6421749	0.458649	0.199108	0.239343	0.1029	1.781077	2.076668
25488	-3891.826	-4153.871	262.0449	0.6714844	0.473276	0.249846	0.246977	0.0299014	1.951984	1.518852
25494	-3881.007	-4143.317	262.3097	0.6083374	0.433405	0.324049	0.202076	0.0404705	1.967182	1.3552
25500	-3884.796	-4147.14	262.344	0.7133051	0.537526	0.178712	0.250623	0.0331393	1.981121	1.225106
25506	-3904.764	-4166.654	261.8899	0.9754661	0.564405	0.231215	0.154874	0.049505	2.161985	1.226226
25512	-3898.239	-4159.895	261.6556	0.8213895	0.455232	0.379922	0.124917	0.0399292	2.065781	1.605195
25518	-3896.482	-4157.78	261.2984	0.8094447	0.398813	0.319336	0.248398	0.0334534	1.959577	1.937139
25524	-3891.921	-4153.621	261.7002	0.7181255	0.44194	0.222086	0.275258	0.0607161	1.876626	1.784844
25530	-3896.741	-4158.407	261.6664	0.8775496	0.546696	0.238185	0.198242	0.0168764	1.897749	1.676368
25536	-3908.964	-4170.765	261.8006	0.7494614	0.420246	0.268361	0.289315	0.0220784	1.892688	1.679683
25542	-3885.377	-4146.934	261.5573	0.8164805	0.41179	0.300016	0.268752	0.0194425	1.84432	1.834399
25548	-3887.923	-4149.012	261.0886	0.8515228	0.572364	0.220973	0.197945	0.0087177	1.780256	2.165481
25554	-3897.89	-4159.405	261.515	0.7422957	0.479309	0.185047	0.309075	0.026569	1.860936	1.90513
25560	-3880.573	-4141.753	261.1799	0.6927672	0.53427	0.140455	0.281222	0.0440534	1.704787	2.263056
25566	-3897.133	-4157.674	260.5408	0.9065249	0.541923	0.167255	0.235231	0.055591	1.571523	2.608426
25572	-3889.233	-4150.15	260.9168	0.8796791	0.559051	0.156121	0.219572	0.0652549	1.660471	2.334237
25578	-3900.259	-4161.76	261.5005	0.7647057	0.511806	0.178763	0.270686	0.0387447	1.855952	1.902319
25584	-3900.404	-4162.74	262.3363	0.6602476	0.422156	0.323823	0.171857	0.0821644	2.159539	1.125365
25590	-3903.276	-4164.145	260.8696	0.8596447	0.530223	0.179722	0.25433	0.0357241	1.534382	2.4568
25596	-3903.285	-4163.758	260.4727	0.8596447	0.48291	0.15863	0.314916	0.0435443	1.692406	2.605689
25602	-3895.649	-4155.876	260.2277	0.8596447	0.48291	0.15863	0.314916	0.0435443	1.554248	2.840346
25608	-3911.754	-4172.151	260.3963	0.958538	0.474977	0.139283	0.309743	0.0759972	1.534302	2.687815
25614	-3907.073	-4167.05	259.9762	0.7320854	0.530452	0.118012	0.292636	0.0588998	1.524569	3.089897
25620	-3905.788	-4166.876	261.0883	0.8406367	0.506648	0.132719	0.298687	0.0619451	1.669788	2.244409
25626	-3900.701	-4162.311	261.6097	0.6073306	0.461107	0.236404	0.246112	0.056377	1.798188	1.979745
25632	-3912.729	-4174.175	261.4457	0.8525455	0.597789	0.112335	0.182249	0.107628	1.720542	1.96857
25638	-3935.686	-4195.854	260.1675	1.095867	0.638238	0.0919562	0.154895	0.11491	1.594987	2.707344
25644	-3909.675	-4170.011	260.3368	0.8217691	0.508778	0.112529	0.284107	0.0945862	1.493756	2.834798
25650	-3903.135	-4165.325	262.1896	0.7797744	0.420026	0.272295	0.236444	0.0712343	2.056019	1.232954
25656	-3897.6	-4160.09	262.4898	0.6226856	0.374543	0.391249	0.149852	0.0843566	2.096471	1.078951
25662	-3898.312	-4160.536	262.2241	0.6226856	0.353648	0.369421	0.252024	0.0249068	2.18711	1.233398
25668	-3903.526	-4165.775	262.249	0.6135241	0.521218	0.23352	0.230861	0.0144002	2.14716	1.254014
25674	-3909.526	-4171.735	262.2095	0.6534242	0.460905	0.322213	0.204147	0.0127339	2.144528	1.254014
25680	-3900.963	-4163.286	262.3232	0.6534242	0.484577	0.310967	0.197022	0.00743465	2.030828	1.254014
25686	-3888.743	-4150.71	261.9677	0.7509794	0.442077	0.283693	0.178346	0.0958831	2.034155	1.451697
25692	-3915.53	-4175.744	260.214	0.7590168	0.473581	0.310344	0.181788	0.034287	1.498798	2.945778
25698	-3890.683	-4151.324	260.641	0.8229451	0.391618	0.256632	0.236755	0.114994	1.602087	2.580984
25704	-3890.891	-4151.723	260.8323	0.6592453	0.440329	0.288553	0.14182	0.129298	1.583504	2.580984
25710	-3900.14	-4161.974	261.8344	0.632411	0.487555	0.270215	0.136127	0.106102	1.839529	1.780428
25716	-3900.674	-4162.592	261.9173	0.7089247	0.435986	0.367991	0.0982329	0.0977902	1.9428	1.590425
25722	-3885.069	-4147.04	261.9711	0.6341312	0.42258	0.337757	0.201051	0.0386124	1.968229	1.590425
25728	-3882.949	-4144.789	261.8402	0.6032707	0.423854	0.343299	0.20435	0.0284969	1.954785	1.717147
25734	-3881.206	-4142.807	261.6019	0.6680453	0.355918	0.327647	0.256799	0.0596363	1.868687	1.89426
25740	-3887.813	-4149.471	261.6579	0.7658603	0.449023	0.1915	0.291729	0.0677481	1.847346	1.79955
25746	-3887.23	-4148.348	261.1179	0.6589417	0.432823	0.384279	0.104119	0.0787785	1.700835	2.328117
25752	-3900.316	-4161.645	261.3286	0.5229427	0.42416	0.413348	0.129848	0.0326433	1.661251	2.309532
25758	-3894.701	-4156.47	261.7694	0.6242688	0.345921	0.442075	0.180966	0.0310371	1.844699	1.82775
25764	-3888.518	-4150.205	261.6871	0.8244017	0.396095	0.318099	0.206409	0.0793973	1.921766	1.683758
25770	-3884.501	-4146.366	261.8645	0.7947087	0.414118	0.332573	0.195743	0.0575662	2.009916	1.513107
25776	-3884.204	-4145.961	261.7569	0.7837782	0.454911	0.365333	0.13625	0.0435058	1.948318	1.645336
25782	-3890.115	-4151.693	261.5778	0.7694966	0.513039	0.25779	0.134593	0.0945773	1.823398	1.86842
25788	-3901.549	-4162.679	261.1298	0.6660585	0.551601	0.214424	0.137414	0.0965599	1.698256	2.317353
25794	-3908.801	-4170.005	261.204	0.6749952	0.424847	0.256348	0.203366	0.115439	1.754274	2.227808
25800	-3902.711	-4163.812	261.1008	0.8168767	0.442147	0.247493	0.207691	0.10267	1.707833	2.227808
25806	-3916.952	-4178.175	261.2226	0.7795323	0.43881	0.221987	0.274166	0.065037	1.669226	2.199374
25812	-3903.04	-4163.888	260.8484	0.9679126	0.434964	0.223509	0.276045	0.0654828	1.663348	2.318648
25818	-3904.438	-4165.37	260.9322	0.9271386	0.536668	0.177529	0.249505	0.0362979	1.806177	2.199683
25824	-3891.862	-4152.195	260.3334	0.7572815	0.474393	0.173131	0.299663	0.0528129	1.63763	2.790481
25830	-3889.797	-4151.02	261.223	0.6944244	0.557863	0.207335	0.191542	0.0432592	1.842268	2.145136
25836	-3880.028	-4141.48	261.4524	0.7201572	0.422065	0.233793	0.322074	0.022068	1.713017	2.06157
25842	-3876.803	-4138.206	261.4031	0.6402185	0.362358	0.321406	0.285898	0.0303379	1.796573	2.094698
25848	-3890.115	-4151.627	261.5124	0.7283601	0.401881	0.301485	0.268177	0.0284575	1.822742	1.94267
25854	-3884.637	-4145.579	260.9421	0.7744259	0.405625	0.224817	0.298891	0.0706672	1.658691	2.388896
25860	-3895.352	-4156.4	261.0479	0.6743704	0.397185	0.216605	0.319282	0.0669271	1.658691	2.388896
25866	-3887.799	-4148.34	260.5412	0.7597748	0.502252	0.172843	0.254776	0.0701293	1.677429	2.63711
25872	-3881.2	-4141.634	260.4343	0.7115493	0.504229	0.168975	0.256391	0.0704054	1.617328	2.770858
25878	-3898.363	-4159.048	260.6848	0.7115493	0.528523	0.166128	0.24145	0.0638985	1.630206	2.609085
25884	-3887.363	-4147.767	260.4044	0.8732457	0.444267	0.22904	0.24716	0.0795331	1.60643	2.692089
25890	-3880.633	-4141.163	260.5303	0.7062153	0.483076	0.239231	0.194621	0.0830717	1.577657	2.739854
25896	-3890.078	-4151.185	261.1067	0.7349208	0.452031	0.223857	0.246379	0.0777331	1.680701	2.296762
25902	-3886.049	-4145.642	259.5936	0.7963284	0.557331	0.194591	0.191637	0.0564417	1.482952	3.301267
25908	-3888.941	-4148.442	259.5007	0.9785355	0.432656	0.34395	0.146974	0.0764202	1.568597	3.194804
25914	-3884.768	-4144.539	259.7711	0.748895	0.475106	0.286807	0.161394	0.0766936	1.535448	3.194804
25920	-3904.376	-4165.855	261.4787	0.7626131	0.464558	0.274476	0.162632	0.0983335	1.827976	1.937428
25926	-3899.629	-4161.727	262.0974	0.5701297	0.420229	0.391208	0.0996128	0.0889504	1.947528	1.562296
25932	-3897.257	-4158.985	261.728	0.9502732	0.524077	0.242216	0.13688	0.0968267	2.065695	1.452851
25938	-3891.051	-4153.192	262.1414	0.7340467	0.352453	0.387039	0.19539	0.065118	2.142379	1.241434
25944	-3896.869	-4159.043	262.1738	0.6506395	0.443285	0.334341	0.168786	0.0535876	2.129355	1.298323
25950	-3894.1	-4154.846	260.7459	0.7488247	0.48512	0.234956	0.186559	0.0933651	1.563399	2.5882
25956	-3877.812	-4137.81	259.9978	0.7729569	0.42376	0.319807	0.167571	0.0888622	1.499458	3.066281
25962	-3879.845	-4140.003	260.1575	0.8308469	0.531169	0.227539	0.10608	0.135212	1.528766	2.916376
25968	-3884.042	-4144.051	260.0092	0.8024079	0.463679	0.171275	0.255698	0.109348	1.461064	3.063923
25974	-3898.597	-4158	259.4023	0.7363149	0.502955	0.208878	0.205893	0.0822733	1.406149	3.495515
25980	-3903.114	-4160.89	257.7755	0.8446547	0.430545	0.146406	0.343203	0.0798465	1.286781	4.430248
25986	-3903.156	-4162.298	259.1419	0.8191529	0.552153	0.175416	0.238971	0.0334601	1.259389	3.681438
25992	-3905.617	-4164.889	259.2721	0.8962045	0.491789	0.22761	0.174692	0.105909	1.437401	3.455773
25998	-3895.421	-4155.435	260.014	0.7393668	0.536152	0.22362	0.149557	0.0906706	1.514522	3.068737
26004	-3920.214	-4179.925	259.7104	0.6942723	0.527762	0.205803	0.177183	0.0892518	1.476864	3.299506
26010	-3900.787	-4159.643	258.8564	0.8223724	0.55792	0.15796	0.23432	0.0497997	1.475486	3.71963
26016	-3900.552	-4159.712	259.1607	0.9293867	0.570932	0.153311	0.227424	0.0483339	1.401972	3.521668
26022	-3901.626	-4161.016	259.3902	0.9080083	0.622767	0.0964986	0.241431	0.039304	1.537342	3.320814
26028	-3903.147	-4162.548	259.401	0.8299061	0.593627	0.0919834	0.230134	0.0842551	1.380011	3.454114
26034	-3896.052	-4155.067	259.0146	0.949526	0.540137	0.223784	0.195585	0.0404939	1.551323	3.507878
26040	-3897.95	-4157.69	259.7394	0.810399	0.551964	0.221336	0.193445	0.0332541	1.452791	3.224266
26046	-3895.585	-4155.674	260.0887	0.8020415	0.445547	0.178663	0.303244	0.0725458	1.528428	2.976106
26052	-3909.776	-4170.334	260.558	0.7917917	0.532822	0.210138	0.217148	0.0398915	1.728436	2.57435
26058	-3887.302	-4148.45	261.1484	0.7917917	0.512913	0.239362	0.185113	0.0626123	1.749696	2.186995
26064	-3895.08	-4156.157	261.0765	0.7344153	0.469547	0.219124	0.274709	0.03662	1.698587	2.304963
26070	-3885.236	-4146.179	260.943	0.642773	0.486937	0.22137	0.253717	0.0379763	1.646967	2.483327
26076	-3896.341	-4157.197	260.8563	0.811557	0.525014	0.17551	0.252202	0.0472746	1.624892	2.439733
26082	-3911.407	-4172.346	260.9389	0.6197184	0.43062	0.308578	0.222027	0.038775	1.747907	2.437799
26088	-3903.611	-4164.388	260.7775	0.7041978	0.4964	0.19366	0.255943	0.0539969	1.584925	2.584534
26094	-3907.093	-4168.053	260.9596	0.6885054	0.467021	0.21354	0.282217	0.0372221	1.684043	2.419195
26100	-3902.755	-4163.855	261.0997	0.6885054	0.5364	0.278363	0.142485	0.0427517	1.668073	2.340617
26106	-3890.24	-4151.874	261.6341	0.8414819	0.484043	0.251192	0.128577	0.136188	1.831798	1.771877
26112	-3904.767	-4166.6	261.8327	0.8297358	0.480773	0.249495	0.134464	0.135268	1.857879	1.621186
26118	-3901.611	-4163.21	261.5991	0.8223938	0.46926	0.243521	0.15519	0.132029	1.743198	1.870802
26124	-3908.972	-4170.77	261.7973	0.7894639	0.439187	0.176149	0.236325	0.148339	1.87053	1.667805
26130	-3893.594	-4155.478	261.8848	0.7509927	0.426955	0.199095	0.229743	0.144208	1.805077	1.680997
26136	-3893.06	-4154.717	261.6571	0.7439172	0.408389	0.231369	0.222304	0.137937	1.866615	1.802788
26142	-3906.39	-4167.766	261.3767	0.7439172	0.431942	0.300718	0.235125	0.0322159	1.822924	2.022238
26148	-3908.352	-4169.779	261.427	0.6947138	0.479136	0.275262	0.218248	0.0273541	1.843693	2.009621
26154	-3895.611	-4157.349	261.7379	0.6828981	0.533149	0.212491	0.241023	0.0133366	1.823326	1.821476
26160	-3891.682	-4153.648	261.9668	0.6828981	0.475369	0.310105	0.199289	0.0152369	1.831272	1.655208
26166	-3900.745	-4162.956	262.2112	0.646352	0.546232	0.121635	0.318539	0.0135933	1.950092	1.414235
26172	-3892.927	-4154.797	261.8702	0.8292614	0.494172	0.169505	0.28818	0.0481428	1.957667	1.520858
26178	-3886.915	-4148.636	261.7217	0.7853399	0.460799	0.167182	0.332432	0.0395867	1.844978	1.742419
26184	-3890.37	-4152.017	261.6471	0.7853399	0.610567	0.256023	0.0899993	0.0434106	1.917848	1.743699
26190	-3878.542	-4140.539	261.9969	0.7933859	0.406319	0.226673	0.326461	0.0405468	1.956859	1.454329
26196	-3899.404	-4161.101	261.6969	0.8342155	0.457584	0.35957	0.133572	0.0492742	1.954851	1.645863
26202	-3895.023	-4156.735	261.7122	0.7810025	0.459063	0.274965	0.138683	0.127289	1.995188	1.645863
26208	-3890.044	-4151.842	261.7981	0.8016746	0.511165	0.192675	0.154423	0.141736	2.010567	1.556455
26214	-3883.155	-4144.88	261.7258	0.7094888	0.532078	0.198371	0.217714	0.0518376	1.918253	1.744303
26220	-3893.115	-4155.001	261.8865	0.748839	0.522449	0.229706	0.207683	0.0401628	1.983861	1.551944
26226	-3900.804	-4162.908	262.1041	0.5012977	0.390132	0.343941	0.236526	0.0294015	1.895499	1.646278
26232	-3903.935	-4165.897	261.9627	0.6619726	0.489349	0.332806	0.141432	0.0364134	1.965144	1.577275
26238	-3891.948	-4153.912	261.9634	0.7563481	0.436115	0.274782	0.240001	0.0491019	1.864546	1.577275
26244	-3878.791	-4140.518	261.7267	0.6799008	0.442545	0.199552	0.299785	0.0581183	1.902422	1.776633
26250	-3901.046	-4162.146	261.0995	0.770863	0.45216	0.287591	0.236621	0.0236283	1.758128	2.227332
26256	-3897.71	-4159.034	261.3244	0.9007185	0.556073	0.203727	0.218392	0.0218081	1.812687	1.954793
26262	-3885.669	-4147.259	261.5897	0.7386595	0.432384	0.239718	0.283096	0.0448022	1.894973	1.83354
26268	-3890.978	-4152.794	261.816	0.7952941	0.472835	0.204401	0.309581	0.013183	1.937531	1.601716
26274	-3899.221	-4160.574	261.3528	0.7702427	0.475218	0.259489	0.227635	0.0376581	1.88632	1.977388
26280	-3898.412	-4160.105	261.6935	0.836798	0.543205	0.156466	0.260201	0.0401282	1.873249	1.704488
26286	-3905.604	-4167.482	261.8785	0.7121507	0.490088	0.141166	0.34739	0.021356	1.875779	1.664337
26292	-3904.541	-4165.409	260.8674	0.9164642	0.543227	0.0995614	0.33354	0.0236716	1.748672	2.285394
26298	-3895.116	-4155.975	260.8596	0.913343	0.438586	0.273011	0.269291	0.0191118	1.759581	2.285394
26304	-3901.003	-4161.412	260.4091	0.6964217	0.462586	0.287951	0.201009	0.0484536	1.485172	2.876218
26310	-3913.51	-4172.914	259.4044	0.6435437	0.422754	0.291375	0.228871	0.0570007	1.492313	3.501307
26316	-3909.926	-4170.024	260.0978	0.5440987	0.371743	0.364072	0.222594	0.041591	1.522492	3.13655
26322	-3913.341	-4173.518	260.177	0.5440987	0.482049	0.310619	0.171847	0.0354847	1.57541	3.057725
26328	-3901.257	-4161.318	260.0612	0.6109895	0.336433	0.359095	0.284494	0.0199782	1.562406	3.09306
26334	-3888.921	-4148.964	260.0423	0.8088226	0.471327	0.132088	0.370562	0.0260223	1.524162	3.002316
26340	-3880.278	-4140.313	260.0351	0.8155103	0.518228	0.102566	0.321378	0.0578285	1.504262	3.014336
26346	-3891.837	-4150.667	258.8299	0.8567491	0.51849	0.0561517	0.370343	0.0550156	1.350503	3.786388
26352	-3918.477	-4178.702	260.2257	0.8052807	0.474154	0.157967	0.305115	0.0627638	1.61471	2.839234
26358	-3894.141	-4154.106	259.9648	0.8052807	0.585083	0.121668	0.225532	0.0677167	1.511796	3.058312
26364	-3892.226	-4152.24	260.0133	0.6932632	0.551305	0.132605	0.245807	0.0702832	1.432427	3.147129
26370	-3897.237	-4157.547	260.3104	0.7386086	0.523537	0.238026	0.166377	0.0720598	1.396978	2.962024
26376	-3884.979	-4145.169	260.1905	0.7808159	0.49923	0.245391	0.196599	0.0587802	1.413521	2.997404
26382	-3896.805	-4156.317	259.5115	0.7992483	0.584452	0.212941	0.151599	0.0510074	1.457766	3.362581
26388	-3891.298	-4148.762	257.4639	0.8973243	0.616331	0.0816662	0.238496	0.0635069	1.322823	4.554662
26394	-3890.83	-4149.98	259.1503	0.7919657	0.500599	0.181145	0.225992	0.092264	1.290453	3.675085
26400	-3890.699	-4149.644	258.9451	0.922306	0.499179	0.180631	0.228187	0.0920023	1.360634	3.675085
26406	-3894.677	-4153.306	258.6282	0.922306	0.58639	0.204225	0.117278	0.0921069	1.340429	3.869399
26412	-3909.944	-4172.439	262.495	0.5992173	0.27655	0.517816	0.156876	0.0487586	2.352641	0.8286698
26418	-3911.769	-4174.35	262.5813	0.5156203	0.510334	0.334192	0.11893	0.0365441	2.352641	0.8286698
26424	-3897.031	-4156.103	259.072	0.8836906	0.516438	0.178076	0.247337	0.0581491	1.417705	3.591398
26430	-3885.326	-4144.975	259.6489	0.751229	0.479972	0.288504	0.177481	0.0540432	1.471296	3.303488
26436	-3890.356	-4150.542	260.186	0.7826635	0.57519	0.196379	0.165736	0.0626957	1.590443	2.892378
26442	-3887.734	-4148.34	260.6064	0.7826635	0.408394	0.416881	0.112969	0.0617559	1.580495	2.641824
26448	-3889.739	-4149.787	260.0481	0.7532156	0.523239	0.164457	0.144737	0.167568	1.495104	3.051215
26454	-3888.523	-4148.315	259.7925	0.9912489	0.564553	0.193179	0.170015	0.0722533	1.521718	3.041308
26460	-3889.424	-4149.344	259.9201	0.9912489	0.54388	0.186105	0.163789	0.106226	1.48712	2.985544
26466	-3893.833	-4154.239	260.405	0.7552421	0.54426	0.201658	0.198094	0.0559878	1.583424	2.781206
26472	-3883.919	-4144.339	260.4209	0.7552421	0.50679	0.187774	0.253302	0.0521333	1.56757	2.781206
26478	-3883.92	-4144.745	260.8249	0.7552421	0.442341	0.301883	0.200723	0.0550541	1.674359	2.465584
26484	-3882.754	-4144.287	261.5335	0.7187763	0.488725	0.250403	0.20328	0.0575916	1.850447	1.916531
26490	-3873.337	-4134.886	261.549	0.7424176	0.558565	0.157439	0.195772	0.0882244	1.845054	1.892756
26496	-3869.419	-4130.969	261.5498	0.6184588	0.504132	0.241275	0.195717	0.0588761	1.797368	2.01243
26502	-3879.109	-4140.558	261.449	0.5331544	0.504152	0.241245	0.195725	0.0588784	1.65925	2.226916
26508	-3867.733	-4129.221	261.4885	0.4769191	0.410951	0.33858	0.202475	0.0479938	1.763957	2.169949
26514	-3889.146	-4150.556	261.4103	0.6657276	0.465682	0.224581	0.273178	0.0365596	1.733195	2.113887
26520	-3890.448	-4151.992	261.5444	0.5157647	0.368327	0.375822	0.216068	0.0397829	1.815663	2.074366
26526	-3892.207	-4153.824	261.6177	0.3499858	0.410059	0.395211	0.135364	0.0593664	1.699169	2.198673
26532	-3883.28	-4144.593	261.3129	0.6197618	0.402561	0.407888	0.132485	0.0570667	1.748944	2.198673
26538	-3890.916	-4152.769	261.8528	0.5976242	0.361301	0.425548	0.118906	0.0942454	1.851253	1.784937
26544	-3877.326	-4138.997	261.6705	0.5017483	0.402566	0.282111	0.271283	0.0440411	1.794339	2.01431
26550	-3888.894	-4150.802	261.9084	0.6853163	0.413852	0.355553	0.175089	0.0555063	1.779191	1.731767
26556	-3897.663	-4159.29	261.6279	0.7047623	0.469704	0.320194	0.17862	0.0314818	1.844366	1.86658
26562	-3892.897	-4154.122	261.2249	0.7444672	0.425263	0.289899	0.230907	0.0539318	1.647444	2.235816
26568	-3895.419	-4155.504	260.0842	0.7262233	0.423416	0.282607	0.225098	0.0688783	1.540402	3.019556
26574	-3872.564	-4132.4	259.8365	0.6272937	0.444772	0.233604	0.27337	0.0482535	1.375629	3.326564
26580	-3873.964	-4133.873	259.9095	0.6888333	0.526542	0.230353	0.136914	0.106191	1.521127	3.158902
26586	-3889.015	-4148.54	259.5248	0.7885034	0.527689	0.17931	0.178772	0.114229	1.537169	3.314703
26592	-3878.08	-4138.005	259.9248	0.857753	0.578193	0.185575	0.195882	0.0403509	1.515051	3.047619
26598	-3900.673	-4160.685	260.0119	0.8849429	0.533665	0.181519	0.238762	0.046054	1.399799	3.047619
26604	-3892.517	-4153.341	260.823	0.5918428	0.363051	0.284031	0.294153	0.0587659	1.46761	2.702015
26610	-3890.042	-4150.861	260.8191	0.6660571	0.322227	0.312193	0.304706	0.0608743	1.595632	2.577174
26616	-3883.936	-4144.635	260.6994	0.7456424	0.48205	0.303629	0.149689	0.0646316	1.631062	2.577174
26622	-3886.999	-4148.075	261.0765	0.8305262	0.435083	0.345764	0.160819	0.0583344	1.690519	2.24545
26628	-3893.544	-4154.675	261.1314	0.5785023	0.498454	0.250474	0.184242	0.0668309	1.68723	2.381913
26634	-3894.268	-4155.184	260.9161	0.6359257	0.476784	0.262345	0.236986	0.0238854	1.583825	2.54402
26640	-3905.664	-4166.059	260.3956	0.6065822	0.39581	0.29185	0.29549	0.0168495	1.538375	2.909599
26646	-3908.311	-4169.061	260.7505	0.7688726	0.486922	0.179919	0.313269	0.0198901	1.669731	2.506019
26652	-3887.447	-4148.018	260.5715	0.8356515	0.536557	0.198259	0.203037	0.0621466	1.689658	2.561577
26658	-3877.119	-4138.033	260.9141	0.5747132	0.444623	0.286955	0.226373	0.0420477	1.621916	2.561577
26664	-3879.737	-4140.76	261.0231	0.7028428	0.40568	0.258273	0.297681	0.0383649	1.603895	2.42008
26670	-3881.54	-4142.547	261.0076	0.6483978	0.467717	0.248387	0.2485	0.035396	1.697447	2.407267
26676	-3878.076	-4138.717	260.6412	0.7365651	0.450012	0.256648	0.256766	0.0365734	1.674005	2.592541
26682	-3883.262	-4143.897	260.6355	0.7998702	0.450012	0.256648	0.256766	0.0365734	1.613076	2.592541
26688	-3882.253	-4142.78	260.5274	0.8650458	0.456721	0.263356	0.235357	0.0445656	1.653303	2.592541
26694	-3874.562	-4135.649	261.087	0.8614328	0.501927	0.249417	0.22292	0.025736	1.647488	2.245713
26700	-3868.726	-4129.469	260.7431	0.8485553	0.521719	0.259252	0.138224	0.0808039	1.679736	2.452226
26706	-3876.784	-4137.764	260.9793	0.7548668	0.493405	0.274601	0.146407	0.0855876	1.826212	2.271717
26712	-3882.05	-4143.707	261.6564	0.7701635	0.455016	0.253236	0.21282	0.0789286	1.830088	1.809349
26718	-3877.288	-4138.692	261.4038	0.7701635	0.401961	0.305016	0.232126	0.0608978	1.803739	1.998541
26724	-3895.437	-4156.914	261.4771	0.7551734	0.336143	0.300613	0.29102	0.0722238	1.688838	2.036699
26730	-3889.091	-4150.594	261.5029	0.6921985	0.340582	0.304583	0.281658	0.0731776	1.727327	2.038289
26736	-3899.383	-4160.691	261.3077	0.8489476	0.446799	0.399573	0.057629	0.0959993	1.757637	2.038289
26742	-3890.752	-4152.298	261.5456	0.7899675	0.581649	0.244788	0.0848299	0.0887331	1.66148	1.984951
26748	-3895.731	-4157.272	261.541	0.7227223	0.50682	0.343368	0.0727596	0.0770527	1.737067	1.984951
26754	-3904.536	-4166.106	261.5705	0.7527836	0.441055	0.386559	0.0572044	0.115181	1.789128	1.908653
26760	-3893.025	-4154.83	261.8046	0.7906593	0.420198	0.368279	0.10179	0.109734	1.858332	1.6704
26766	-3892.801	-4154.276	261.4745	0.9331685	0.554788	0.241252	0.0981499	0.10581	1.840352	1.811158
26772	-3883.944	-4145.322	261.3777	0.8059271	0.423857	0.230777	0.308799	0.0365671	1.784202	2.003963
26778	-3877.881	-4139.055	261.174	0.7763647	0.388612	0.300613	0.248021	0.0627539	1.727223	2.195465
26784	-3875.57	-4136.512	260.9418	0.7140095	0.501516	0.281328	0.158429	0.0587279	1.663598	2.426249
26790	-3875.754	-4136.703	260.9492	0.7096868	0.474265	0.263909	0.206734	0.0550918	1.593558	2.468486
26796	-3874.957	-4135.931	260.9733	0.7107836	0.495089	0.228404	0.218996	0.0575108	1.637092	2.425248
26802	-3878.285	-4139.375	261.0904	0.7107836	0.512092	0.225445	0.185281	0.0771825	1.604005	2.37219
26808	-3891.492	-4152.335	260.8427	0.888259	0.561785	0.202484	0.16641	0.0693215	1.665987	2.37219
26814	-3902.319	-4164.403	262.0832	0.5703164	0.38852	0.324198	0.226695	0.060587	1.916284	1.595394
26820	-3906.834	-4167.129	260.2941	0.6905988	0.369501	0.36117	0.205008	0.0643208	1.537399	2.917823
26826	-3901.568	-4161.886	260.318	0.7120977	0.361204	0.353061	0.200405	0.0853305	1.520419	2.899892
26832	-3900.644	-4160.946	260.302	0.6137954	0.398446	0.349821	0.198566	0.053168	1.405294	3.041272
26838	-3910.635	-4170.503	259.8686	0.5306005	0.504637	0.253351	0.168085	0.073927	1.409821	3.346818
26844	-3902.759	-4163.284	260.5251	0.6366589	0.459884	0.243027	0.281979	0.0151109	1.473419	2.851353
26850	-3898.051	-4159.024	260.9728	0.7094406	0.490845	0.178445	0.300963	0.0297479	1.702274	2.385327
26856	-3907.931	-4168.802	260.8708	0.7715271	0.416417	0.201761	0.347338	0.0344828	1.677693	2.423853
26862	-3893.261	-4154.477	261.2157	0.7715271	0.453795	0.130112	0.378515	0.037578	1.69241	2.194264
26868	-3897.73	-4159.411	261.6812	0.7640337	0.566644	0.148284	0.26602	0.0190512	1.800832	1.816894
26874	-3902.747	-4164.56	261.8129	0.7640337	0.427427	0.200231	0.309706	0.0626355	1.7627	1.75188
26880	-3891.472	-4152.83	261.3572	0.7838645	0.356107	0.292348	0.231601	0.119944	1.745714	2.058433
26886	-3884.39	-4146.379	261.9892	0.6538048	0.419926	0.330221	0.237629	0.0122234	1.905008	1.608089
26892	-3895.226	-4157.171	261.9447	0.6665373	0.370333	0.291222	0.194697	0.143748	1.891172	1.640483
26898	-3883.959	-4145.702	261.7429	0.6411932	0.421132	0.331793	0.161464	0.0856113	1.839182	1.837506
26904	-3889.055	-4150.47	261.4146	0.6851533	0.421132	0.331793	0.161464	0.0856113	1.776068	2.069366
26910	-3893.526	-4155.219	261.6927	0.5763527	0.374955	0.378804	0.14376	0.102481	1.801008	1.943911
26916	-3888.978	-4150.704	261.7255	0.6154539	0.330342	0.410877	0.197287	0.0614932	1.785179	1.904754
26922	-3882.786	-4144.485	261.6982	0.6413069	0.387682	0.275111	0.231532	0.105676	1.785179	1.904754
26928	-3888.415	-4150.153	261.7383	0.6822525	0.425689	0.343636	0.114639	0.116036	1.835606	1.81319
26934	-3893.441	-4155.181	261.7403	0.6156761	0.446704	0.330586	0.15798	0.0647296	1.90402	1.81319
26940	-3887.84	-4149.819	261.9789	0.7092915	0.456056	0.337507	0.161288	0.0451502	2.024569	1.483875
26946	-3882.786	-4144.647	261.8612	0.8614714	0.469028	0.283075	0.18611	0.0617867	1.94611	1.511212
26952	-3900.482	-4162.426	261.9437	0.781267	0.480836	0.311256	0.0935881	0.114321	1.999148	1.472296
26958	-3904.017	-4166.201	262.184	0.6941286	0.502664	0.325386	0.0978367	0.0741134	2.093969	1.281228
26964	-3893.77	-4155.472	261.7016	0.7845333	0.543421	0.143556	0.289128	0.0238946	1.768027	1.810593
26970	-3899.829	-4161.358	261.5282	0.8433859	0.451373	0.195233	0.327033	0.0263615	1.830493	1.844602
26976	-3898.088	-4159.441	261.3533	0.8488096	0.570378	0.139632	0.256678	0.0333118	1.776107	1.995799
26982	-3889.609	-4151.461	261.852	0.667299	0.442989	0.238674	0.284613	0.0337242	1.961104	1.65627
26988	-3890.901	-4152.573	261.6722	0.7516417	0.439555	0.227376	0.305039	0.02803	1.797648	1.834291
26994	-3897.453	-4159.078	261.6251	0.7268965	0.444355	0.19632	0.339464	0.0198604	1.896371	1.816732
27000	-3888.627	-4150.647	262.0208	0.6243273	0.391956	0.267164	0.326762	0.0141178	1.934701	1.586162
27006	-3894.27	-4156.389	262.1199	0.6297959	0.410277	0.254906	0.31177	0.0230464	2.031701	1.43525
27012	-3900.716	-4162.522	261.8066	0.7170983	0.544963	0.200191	0.132233	0.122613	1.906457	1.689974
27018	-3884.347	-4145.952	261.6058	0.7071646	0.41768	0.260792	0.252791	0.0687375	1.853148	1.873985
27024	-3887.331	-4149.209	261.8779	0.6812358	0.404488	0.329263	0.199682	0.0665666	1.853813	1.703698
27030	-3901.294	-4162.862	261.5673	0.6812358	0.471814	0.243935	0.250964	0.0332871	1.770015	1.974671
27036	-3892.009	-4153.837	261.8281	0.6884114	0.471814	0.243935	0.250964	0.0332871	1.931766	1.678309
27042	-3883.787	-4145.699	261.9121	0.727469	0.460296	0.254387	0.228902	0.0564151	1.892871	1.616177
27048	-3903.231	-4165.382	262.1511	0.6728681	0.46584	0.322677	0.175184	0.0362993	2.019201	1.385449
27054	-3888.926	-4151.519	262.5933	0.4995147	0.404288	0.339466	0.218213	0.0380331	2.149435	1.051411
27060	-3894.109	-4156.592	262.4824	0.548129	0.424902	0.356776	0.205311	0.0130116	2.126251	1.12971
27066	-3895.907	-4158.217	262.3103	0.4953796	0.267525	0.431677	0.248413	0.0523852	2.107936	1.335125
27072	-3887.428	-4149.662	262.2334	0.6142005	0.281052	0.453505	0.210409	0.0550341	2.161757	1.254258
27078	-3883.644	-4146.176	262.5315	0.4208728	0.404628	0.408399	0.158326	0.0286473	2.11509	1.20481
27084	-3889.676	-4151.855	262.1793	0.5597479	0.459072	0.291277	0.227724	0.0219269	2.014055	1.459337
27090	-3881.819	-4143.996	262.1773	0.545554	0.458582	0.290966	0.227481	0.0229714	2.023655	1.464691
27096	-3885.872	-4148.401	262.5287	0.3979342	0.363702	0.408517	0.185742	0.0420388	1.995932	1.32213
27102	-3897.151	-4158.752	261.6011	0.5552703	0.389801	0.354635	0.230701	0.0248626	1.83009	2.000456
27108	-3893.61	-4155.642	262.0325	0.4387824	0.380191	0.379903	0.226247	0.0136589	1.935737	1.711374
27114	-3896.152	-4158.207	262.0551	0.6035007	0.371946	0.378362	0.221341	0.0283505	2.016275	1.516865
27120	-3898.911	-4160.86	261.9485	0.7445762	0.432648	0.244481	0.292784	0.0300879	1.946525	1.536993
27126	-3897.614	-4160.048	262.4334	0.5195545	0.417824	0.379911	0.183417	0.0188488	1.926742	1.362099
27132	-3907.922	-4169.828	261.9061	0.8217375	0.411074	0.367239	0.180454	0.0412324	1.926742	1.523047
27138	-3895.108	-4157.111	262.0027	0.7603099	0.468521	0.278812	0.205672	0.0469945	1.98966	1.451416
27144	-3898.911	-4161.141	262.2295	0.5705858	0.473682	0.239478	0.207938	0.0789026	2.006017	1.418433
27150	-3912.238	-4172.905	260.6671	0.7465663	0.5087	0.189341	0.223133	0.0788266	1.539538	2.653122
27156	-3896.065	-4156.58	260.5149	0.8171129	0.520432	0.245391	0.130333	0.103844	1.617568	2.653122
27162	-3899.642	-4160.213	260.571	0.8079911	0.528944	0.291179	0.111052	0.0688249	1.628416	2.617704
27168	-3896.361	-4157.763	261.4016	0.7233716	0.530259	0.291902	0.111328	0.0665104	1.80362	2.032992
27174	-3884.721	-4145.873	261.1519	0.664855	0.364603	0.394843	0.150589	0.0899655	1.699749	2.303097
27180	-3877.134	-4138.889	261.7546	0.653266	0.358799	0.388557	0.164111	0.0885333	1.939677	1.750845
27186	-3880.922	-4142.428	261.5055	0.7623019	0.359036	0.32165	0.207418	0.111896	1.984137	1.812945
27192	-3894.928	-4156.347	261.419	0.7879876	0.463032	0.231307	0.220484	0.0851769	1.861884	1.936842
27198	-3899.957	-4160.741	260.784	0.7120743	0.498005	0.248778	0.228191	0.0250254	1.694872	2.506912
27204	-3903.873	-4164.596	260.7232	0.7637182	0.567749	0.181484	0.220366	0.0304015	1.579367	2.582648
27210	-3906.123	-4166.481	260.3576	0.7859433	0.424069	0.283116	0.255577	0.0372376	1.62165	2.767117
27216	-3889.54	-4150.635	261.0948	0.7959723	0.422754	0.320606	0.19118	0.0654605	1.675515	2.26654
27222	-3894.546	-4155.96	261.414	0.5573634	0.345407	0.363564	0.216797	0.0742317	1.650524	2.239015
27228	-3892.539	-4153.223	260.6831	0.8014355	0.420055	0.215248	0.312525	0.0521719	1.581271	2.581754
27234	-3892.642	-4153.625	260.9829	0.6886162	0.506607	0.173701	0.286849	0.032843	1.667131	2.415049
27240	-3877.859	-4139.569	261.71	0.6985183	0.48089	0.236462	0.204876	0.0777713	1.80573	1.841397
27246	-3891.259	-4152.509	261.2492	0.8024351	0.482302	0.235839	0.204336	0.0775223	1.697975	2.147787
27252	-3907.035	-4168.137	261.1019	0.8600053	0.442402	0.283695	0.261389	0.0125145	1.807363	2.133398
27258	-3890.925	-4152.566	261.6411	0.7762496	0.438371	0.28111	0.259007	0.0215117	1.734737	1.880839
27264	-3894.074	-4155.639	261.5646	0.7762496	0.474869	0.197393	0.239763	0.087974	1.811282	1.880839
27270	-3905.468	-4167.11	261.6421	0.7083026	0.468249	0.224552	0.187016	0.120183	1.865023	1.840172
27276	-3898.706	-4160.167	261.4607	0.8644882	0.495809	0.264479	0.198023	0.0416886	1.882541	1.840172
27282	-3891.79	-4153.415	261.6244	0.7933092	0.409191	0.302507	0.266104	0.0221983	1.83278	1.812819
27288	-3886.551	-4148.483	261.9318	0.7300454	0.58225	0.170816	0.215742	0.0311921	1.758667	1.696307
27294	-3887.521	-4148.523	261.0019	0.9094437	0.555861	0.163074	0.180167	0.100898	1.733202	2.213444
27300	-3887.63	-4148.91	261.28	0.7775488	0.469511	0.194779	0.215195	0.120515	1.777011	2.093065
27306	-3906.351	-4168.07	261.719	0.8645071	0.400911	0.344821	0.154823	0.099446	1.73532	1.763284
27312	-3905.465	-4168.02	262.5545	0.5183884	0.393372	0.393905	0.190798	0.0219257	2.340054	0.8731424
27318	-3891.877	-4154.398	262.5211	0.5862004	0.393372	0.393905	0.190798	0.0219257	2.360844	0.8019202
27324	-3886.96	-4148.672	261.7121	0.8228229	0.488833	0.286846	0.18391	0.0404109	1.865582	1.707061
27330	-3887.554	-4149.421	261.867	0.7173165	0.435047	0.270335	0.256534	0.0380848	1.943843	1.619767
27336	-3891.364	-4153.241	261.877	0.7372049	0.480814	0.298774	0.17832	0.0420914	1.956207	1.588197
27342	-3882.899	-4144.451	261.5525	0.6327734	0.306312	0.343407	0.222882	0.127398	1.832288	1.977226
27348	-3898.917	-4160.221	261.3031	0.6955979	0.363629	0.377073	0.198797	0.0605007	1.689369	2.19159
27354	-3900.364	-4161.642	261.2777	0.7454077	0.509131	0.272408	0.173458	0.0450033	1.760824	2.127366
27360	-3895.663	-4156.663	260.9994	0.7407831	0.533501	0.283394	0.155659	0.0274462	1.641549	2.385913
27366	-3896.897	-4157.865	260.9687	0.7407831	0.494984	0.262933	0.144421	0.0976621	1.513727	2.485676
27372	-3906.648	-4168.175	261.5275	0.4729685	0.37041	0.394895	0.170085	0.0646104	1.851744	2.089577
27378	-3912.391	-4174.376	261.985	0.5228001	0.391816	0.352095	0.187745	0.0683443	1.851744	1.746395
27384	-3898.236	-4159.454	261.2182	0.6819181	0.503064	0.180294	0.247294	0.0693482	1.578438	2.326674
27390	-3887.774	-4147.481	259.7074	0.748136	0.564355	0.157157	0.226291	0.0521974	1.4204	3.300911
27396	-3873.364	-4133.873	260.5095	0.7721841	0.53129	0.206537	0.213033	0.0491392	1.611523	2.689164
27402	-3866.465	-4127.505	261.0394	0.7721841	0.530341	0.206956	0.213464	0.0492388	1.64137	2.339703
27408	-3884.195	-4144.857	260.6614	0.7295312	0.292444	0.400321	0.191454	0.115781	1.638884	2.606411
27414	-3884.449	-4145.087	260.6378	0.8027584	0.407334	0.282407	0.163188	0.14707	1.585336	2.606411
27420	-3886.038	-4146.483	260.4447	0.7150889	0.459976	0.28092	0.162329	0.0967747	1.589351	2.779279
27426	-3884.298	-4145.05	260.7527	0.8073882	0.482784	0.294849	0.170378	0.051988	1.645935	2.494276
27432	-3887.703	-4148.661	260.9583	0.9330133	0.539354	0.213369	0.190342	0.056935	1.705943	2.243606
27438	-3893.902	-4155.46	261.5582	0.8218809	0.32821	0.38726	0.224327	0.0602033	1.871914	1.810841
27444	-3897.698	-4159.176	261.4783	0.7470003	0.435618	0.315506	0.207542	0.041334	1.845087	1.937291
27450	-3895.659	-4157.379	261.7195	0.7685383	0.564178	0.264283	0.133635	0.0379037	1.94892	1.683053
27456	-3909.623	-4171.106	261.4829	0.7685383	0.650184	0.162024	0.142235	0.0455569	1.671858	2.034775
27462	-3899.859	-4162.255	262.3968	0.6313921	0.540028	0.304722	0.125156	0.0300951	2.2637	0.9985475
27468	-3894.115	-4156.518	262.4032	0.66561	0.467737	0.364518	0.100738	0.0670066	2.211	1.008592
27474	-3887.433	-4148.362	260.9289	0.7167789	0.424924	0.341282	0.1429	0.0908942	1.667791	2.429885
27480	-3895.431	-4156.348	260.9169	0.7306	0.427716	0.301217	0.190844	0.0802235	1.688776	2.415007
27486	-3894.572	-4155.186	260.6139	0.7306	0.373961	0.380049	0.166858	0.0791315	1.742513	2.57094
27492	-3904.244	-4164.795	260.5514	0.8737302	0.400595	0.355051	0.113641	0.130714	1.629335	2.586957
27498	-3901.692	-4161.936	260.2433	0.7595137	0.389073	0.383267	0.122851	0.104809	1.490397	2.932852
27504	-3887.011	-4148.231	261.2195	0.7132132	0.398813	0.368725	0.139257	0.0932054	1.70326	2.22464
27510	-3910.338	-4172.114	261.7761	0.7634804	0.436315	0.406301	0.0493221	0.108062	1.75429	1.783831
27516	-3892.976	-4154.415	261.4397	0.7573971	0.441344	0.321861	0.1035	0.133296	1.747903	2.020785
27522	-3892.954	-4154.261	261.3069	0.9595273	0.419123	0.305565	0.170118	0.105194	1.752277	1.966887
27528	-3891.142	-4152.171	261.029	0.8075597	0.442468	0.293284	0.163281	0.100967	1.571191	2.367257
27534	-3898.44	-4159.551	261.1114	0.8284234	0.593498	0.21626	0.117553	0.0726898	1.701262	2.217445
27540	-3894.764	-4155.999	261.2352	0.7982911	0.505943	0.27234	0.139629	0.0820892	1.689211	2.165442
27546	-3910.577	-4172.43	261.8527	0.7701704	0.493345	0.223093	0.136152	0.14741	1.737239	1.737318
27552	-3897.227	-4157.392	260.1659	0.8756411	0.433095	0.256754	0.182277	0.127874	1.571742	2.857186
27558	-3898.748	-4159.995	261.2474	0.6981976	0.440248	0.276837	0.185288	0.0976273	1.608903	2.277535
27564	-3903.823	-4165.078	261.2546	0.6047046	0.436086	0.27422	0.19299	0.0967043	1.700556	2.277535
27570	-3906.268	-4167.355	261.087	0.8105099	0.45449	0.208331	0.266176	0.071004	1.672752	2.263559
27576	-3905.157	-4166.123	260.9657	0.9353187	0.536041	0.13728	0.242935	0.0837445	1.665149	2.263559
27582	-3912.52	-4175.213	262.6933	0.4731248	0.343677	0.384749	0.217295	0.0542786	2.332986	0.7608992
27588	-3910.346	-4172.952	262.6058	0.5302993	0.348715	0.395871	0.22048	0.0349331	2.306936	0.8365836
27594	-3898.555	-4161.05	262.4947	0.5302993	0.347193	0.396797	0.220996	0.0350148	2.306936	0.9619492
27600	-3886.772	-4149.161	262.3894	0.6454892	0.357118	0.282493	0.23749	0.122899	2.306936	0.9463019
27606	-3903.275	-4165.873	262.5986	0.5672001	0.405801	0.321003	0.20377	0.069426	2.306936	0.7968743
27612	-3903.754	-4166.216	262.4625	0.5628308	0.421728	0.312399	0.198308	0.067565	2.412582	0.8417538
27618	-3891.332	-4153.88	262.5472	0.5628308	0.4277	0.338262	0.201116	0.0329225	2.337499	0.8298293
27624	-3897.83	-4160.3	262.4707	0.5157651	0.257703	0.5354	0.177793	0.0291046	2.443155	0.8532653
27630	-3896.55	-4158.998	262.4478	0.5584541	0.391374	0.407539	0.181229	0.0198579	2.486331	0.7698837
27636	-3887.544	-4150.248	262.7033	0.3905591	0.434958	0.407505	0.137341	0.0201966	2.397486	0.7608277
27642	-3896.474	-4158.52	262.0458	0.6355752	0.418752	0.282519	0.210346	0.0883829	2.034952	1.484478
27648	-3888.008	-4150.088	262.08	0.6161036	0.467075	0.179302	0.248999	0.104624	1.883444	1.586713
27654	-3901.97	-4163.373	261.4028	0.8529136	0.501979	0.192701	0.192877	0.112443	1.883444	1.887344
27660	-3912.132	-4172.296	260.1641	0.6845236	0.423632	0.340517	0.142452	0.0933988	1.555335	2.989162
27666	-3901.515	-4161.744	260.2291	0.6231644	0.413083	0.356939	0.138905	0.0910732	1.555335	2.989162
27672	-3905.856	-4167.148	261.2921	0.7026392	0.430015	0.342237	0.144598	0.0831498	1.699793	2.187171
27678	-3896.461	-4157.948	261.4868	0.8151763	0.455182	0.362266	0.0907393	0.0918124	1.923304	1.829445
27684	-3886.101	-4146.412	260.3103	0.8278049	0.484773	0.278686	0.153729	0.0828117	1.566219	2.803031
27690	-3890.752	-4151.109	260.3573	0.6933257	0.465848	0.159895	0.235374	0.138882	1.660804	2.803031
27696	-3894.284	-4154.429	260.1441	0.8431379	0.526896	0.180849	0.165006	0.12725	1.527491	2.917529
27702	-3895.644	-4157.484	261.8403	0.67408	0.340921	0.350506	0.251463	0.0571096	1.819168	1.759768
27708	-3897.201	-4159.058	261.8566	0.7962969	0.421392	0.276137	0.231881	0.0705899	2.055104	1.483879
27714	-3892.947	-4155.331	262.3835	0.6862319	0.395269	0.361266	0.123307	0.120159	2.055104	1.151854
27720	-3897.394	-4157.419	260.0245	0.5170105	0.435665	0.280104	0.249438	0.0347927	1.385163	3.277635
27726	-3893.19	-4153.047	259.857	0.631032	0.454649	0.17366	0.260308	0.111383	1.478147	3.251717
27732	-3917.001	-4179.464	262.4629	0.5752714	0.499913	0.214431	0.212208	0.0734485	2.349225	0.9004851
27738	-3892.354	-4154.841	262.4873	0.5927236	0.331157	0.425562	0.160527	0.0827535	2.375526	0.8180624
27744	-3895.409	-4157.889	262.48	0.5859991	0.336972	0.292881	0.259067	0.111081	2.352526	0.8640779
27750	-3899.619	-4159.187	259.5675	0.760758	0.462884	0.27434	0.16971	0.0930672	1.423512	3.373563
27756	-3888.857	-4148.902	260.0447	0.6672046	0.413826	0.302035	0.200935	0.0832038	1.390947	3.169532
27762	-3883.227	-4144.307	261.0795	0.7398594	0.468762	0.247875	0.204522	0.0788407	1.677658	2.312756
27768	-3897.374	-4159.225	261.8513	0.3691741	0.307431	0.441418	0.168694	0.0824577	1.702762	2.034313
27774	-3894.963	-4156.873	261.9107	0.414918	0.348817	0.32285	0.255393	0.0729394	1.649464	2.005414
27780	-3921.483	-4183.959	262.4755	0.5592703	0.380413	0.356956	0.106864	0.155767	2.246591	1.012425
27786	-3913.031	-4175.553	262.5218	0.5352698	0.337751	0.362437	0.184069	0.115743	2.282134	0.9543198
27792	-3907.905	-4167.887	259.982	0.7651856	0.515704	0.226051	0.215848	0.0423977	1.510905	3.073751
27798	-3897.443	-4157.885	260.4423	0.7850294	0.510946	0.233191	0.213856	0.0420066	1.532331	2.770521
27804	-3887.854	-4148.122	260.2679	0.5740364	0.336134	0.393922	0.218696	0.0512474	1.553172	2.998046
27810	-3888.414	-4149.433	261.0184	0.7638678	0.513695	0.288562	0.160203	0.0375405	1.604447	2.381961
27816	-3879.221	-4140.56	261.3391	0.7155337	0.513695	0.288562	0.160203	0.0375405	1.723493	2.132285
27822	-3879.704	-4140.255	260.5514	0.827091	0.425465	0.368796	0.15776	0.0479787	1.624889	2.619646
27828	-3884.32	-4145.484	261.1644	0.6103863	0.389196	0.320674	0.244317	0.0458131	1.639633	2.370033
27834	-3887.977	-4148.924	260.9466	0.8366567	0.493176	0.25745	0.196147	0.0532265	1.622286	2.367844
27840	-3901.734	-4164.453	262.7194	0.5348108	0.357793	0.37382	0.216244	0.0521425	2.134023	0.9011152
27846	-3901.337	-4163.866	262.5284	0.5944194	0.357793	0.37382	0.216244	0.0521425	2.221175	0.9468664
27852	-3891.66	-4154.273	262.6133	0.603796	0.446299	0.296532	0.207206	0.0499632	2.221175	0.8391151
27858	-3888.682	-4151.375	262.6935	0.5052253	0.437542	0.290714	0.21385	0.0578937	2.301084	0.7610066
27864	-3885.38	-4148.009	262.6286	0.5029694	0.407825	0.338887	0.199326	0.0539616	2.41746	0.6803844
27870	-3899.226	-4161.814	262.588	0.5103929	0.446324	0.25661	0.255553	0.0415137	2.41746	0.7367853
27876	-3916.612	-4179.149	262.5363	0.5698934	0.454753	0.320756	0.171782	0.0527078	2.445422	0.6726161
27882	-3891.802	-4154.342	262.5398	0.5698934	0.455918	0.321578	0.155485	0.0670185	2.407131	0.7330749
27888	-3895.211	-4157.692	262.4814	0.5698934	0.304934	0.407916	0.232576	0.0545737	2.399854	0.8249067
27894	-3886.087	-4148.599	262.512	0.5698934	0.358045	0.363237	0.207102	0.0716157	2.399854	0.7845273
27900	-3888.086	-4150.668	262.5821	0.5266282	0.352388	0.439212	0.154852	0.0535476	2.438365	0.6837109
27906	-3892.438	-4155.058	262.6204	0.5318935	0.198919	0.53497	0.1838	0.0823099	2.368283	0.7289814
27912	-3888.861	-4151.39	262.5289	0.6081022	0.509976	0.297442	0.123395	0.0691861	2.368283	0.748065
27918	-3899.326	-4161.858	262.5318	0.6081022	0.446175	0.33794	0.132351	0.0835332	2.393021	0.703657
27924	-3903.944	-4166.473	262.5298	0.6081022	0.363304	0.375168	0.146931	0.114597	2.393021	0.7070686
27930	-3896.705	-4159.199	262.4935	0.5917133	0.406415	0.292717	0.211456	0.0894119	2.432756	0.7297549
27936	-3892.446	-4155.105	262.6588	0.4976651	0.306559	0.405764	0.202059	0.085618	2.302787	0.8163803
27942	-3888.713	-4151.166	262.4536	0.6522528	0.342835	0.409277	0.116499	0.131388	2.3477	0.8163803
27948	-3875.443	-4138.033	262.5903	0.5189905	0.313661	0.455102	0.137978	0.093259	2.304788	0.8717155
27954	-3901.777	-4164.387	262.61	0.5220186	0.413464	0.284909	0.173691	0.127936	2.338139	0.8019325
27960	-3895.071	-4157.721	262.6504	0.551002	0.455327	0.313757	0.181467	0.0494488	2.226178	0.8548189
27966	-3899.845	-4162.351	262.5062	0.6154341	0.493195	0.256348	0.170792	0.0796642	2.307733	0.8492435
27972	-3894.471	-4157.026	262.5547	0.5691897	0.426122	0.336476	0.168572	0.0688301	2.307733	0.8492435
27978	-3902.923	-4165.28	262.3571	0.7249909	0.414782	0.327522	0.190698	0.0669984	2.307733	0.8883108
27984	-3902.895	-4165.219	262.3235	0.6878983	0.452427	0.376723	0.115249	0.055601	2.052243	1.20498
27990	-3914.738	-4177.056	262.3175	0.6389796	0.539472	0.222305	0.152704	0.0855186	2.110059	1.20498
27996	-3895.907	-4158.249	262.3421	0.6877001	0.409931	0.301725	0.207259	0.0810849	2.18687	1.068185
28002	-3887.314	-4149.714	262.4001	0.5971136	0.471949	0.306893	0.189453	0.0317049	2.224634	1.068185
28008	-3892.211	-4154.721	262.5091	0.5909875	0.509221	0.310535	0.129201	0.0510419	2.208386	0.9839259
28014	-3902.954	-4165.404	262.4508	0.6800062	0.388297	0.386492	0.138469	0.0867414	2.19247	0.9636754
28020	-3899.704	-4162.036	262.3322	0.6394868	0.30722	0.437719	0.156823	0.0982382	2.067584	1.228044
28026	-3907.145	-4169.464	262.3194	0.6512645	0.421632	0.362454	0.134568	0.0813464	2.10367	1.197682
28032	-3887.164	-4149.585	262.4207	0.5546509	0.295962	0.428266	0.181122	0.0946497	2.10367	1.197682
28038	-3896.028	-4158.526	262.4978	0.5146407	0.475399	0.296249	0.17337	0.0549815	2.030447	1.229126
28044	-3885.295	-4147.762	262.4668	0.5700578	0.458746	0.320902	0.167297	0.0530554	2.136882	1.113681
28050	-3896.74	-4159.158	262.4181	0.6184378	0.343892	0.452384	0.156043	0.0476813	2.172888	1.078734
28056	-3898.111	-4160.25	262.1387	0.6167114	0.467068	0.387921	0.114647	0.0303644	2.169457	1.323204
28062	-3894.935	-4156.967	262.0319	0.7063567	0.326742	0.321874	0.202933	0.148451	1.954954	1.498707
28068	-3897.408	-4159.138	261.7306	0.6650443	0.388579	0.315255	0.241338	0.054828	1.928336	1.766848
28074	-3909.015	-4171.25	262.2346	0.669583	0.42661	0.299132	0.199534	0.074724	2.001398	1.336262
28080	-3904.284	-4166.13	261.8457	0.5470731	0.371877	0.348037	0.26118	0.0189066	1.746337	1.897946
28086	-3898.648	-4159.54	260.8915	0.6036908	0.40883	0.386743	0.194656	0.0097706	1.615614	2.560683
28092	-3880.781	-4143.048	262.2668	0.5682963	0.43538	0.315328	0.221148	0.0281439	1.955087	1.430743
28098	-3897.303	-4158.919	261.6163	0.859494	0.453239	0.179984	0.353791	0.0129855	1.896893	1.725696
28104	-3886.678	-4148.348	261.6697	0.7560863	0.50991	0.276924	0.172997	0.0401693	1.810962	1.823597
28110	-3895.507	-4157.099	261.5922	0.6938769	0.376386	0.341529	0.206343	0.0757417	1.861139	1.887335
28116	-3902.453	-4164.32	261.8667	0.6938769	0.367762	0.356617	0.201615	0.0740063	1.900112	1.669173
28122	-3890.193	-4151.826	261.6332	0.6359849	0.426122	0.227104	0.303024	0.0437504	1.888614	1.882485
28128	-3912.501	-4173.955	261.4543	0.751591	0.49647	0.17447	0.31853	0.0105303	1.860119	1.940096
28134	-3901.661	-4163.624	261.9633	0.677881	0.426707	0.366749	0.126436	0.0801085	1.874485	1.630451
28140	-3893.507	-4155.313	261.806	0.6283026	0.496103	0.258617	0.173572	0.0717089	1.853861	1.793247
28146	-3898.748	-4160.547	261.7986	0.6832381	0.372826	0.304936	0.240281	0.0819573	1.914209	1.715503
28152	-3900.105	-4161.613	261.5089	0.7662792	0.485014	0.246187	0.25032	0.0184794	1.992081	1.802177
28158	-3895.672	-4157.429	261.7568	0.7609313	0.496947	0.235113	0.23906	0.0288795	1.936755	1.670862
28164	-3908.946	-4170.4	261.4539	0.7847015	0.536625	0.2227	0.159046	0.0816299	1.948535	1.856677
28170	-3900.74	-4162.476	261.7358	0.727578	0.521559	0.237363	0.137048	0.10403	1.92294	1.720544
28176	-3894.083	-4155.286	261.2022	0.727578	0.458799	0.212653	0.278107	0.0504415	1.780997	2.17565
28182	-3890.855	-4152.061	261.2066	0.80542	0.459996	0.326161	0.137626	0.0762168	1.720632	2.158794
28188	-3889.591	-4150.991	261.4	0.7044654	0.420833	0.409348	0.101398	0.0684213	1.684798	2.12541
28194	-3887.256	-4148.924	261.6687	0.6976138	0.366715	0.237807	0.307334	0.0881441	1.82965	1.85392
28200	-3897.38	-4159.005	261.6256	0.7375483	0.386591	0.291654	0.253618	0.0681374	1.783019	1.886339
28206	-3899.495	-4161.005	261.5092	0.7556517	0.490628	0.280961	0.168999	0.0594117	1.796156	1.943312
28212	-3889.52	-4151.642	262.1218	0.7602845	0.432409	0.266119	0.262917	0.0385542	1.989437	1.35911
28218	-3890.764	-4152.841	262.0769	0.75289	0.423221	0.302953	0.216599	0.0572268	2.026782	1.371214
28224	-3888.612	-4150.556	261.9441	0.75289	0.457566	0.20779	0.243731	0.0909133	1.938207	1.539958
28230	-3882.482	-4144.381	261.8988	0.7417945	0.436492	0.246883	0.229899	0.0867262	1.958701	1.566887
28236	-3905.646	-4167.241	261.5947	0.6864751	0.396393	0.250927	0.208779	0.143901	1.960895	1.822725
28242	-3885.761	-4147.557	261.7959	0.7085012	0.391743	0.308291	0.167612	0.132354	1.866606	1.732109
28248	-3889.288	-4151.665	262.3764	0.6878757	0.52171	0.24172	0.155673	0.0808981	1.995379	1.208357
28254	-3905.177	-4167.396	262.2182	0.6838895	0.444537	0.241103	0.233669	0.0806916	2.053313	1.295385
28260	-3899.927	-4161.904	261.9763	0.8281734	0.469643	0.207258	0.24935	0.073749	2.026704	1.388268
28266	-3884.767	-4146.661	261.8944	0.7822496	0.480267	0.211946	0.254991	0.0527956	1.942217	1.550846
28272	-3895.269	-4157.6	262.3308	0.4652041	0.447853	0.338198	0.197455	0.0164936	1.893019	1.507921
28278	-3893.738	-4156.055	262.317	0.4652041	0.477988	0.310926	0.178291	0.0327948	1.913785	1.502712
28284	-3888.025	-4150.138	262.1133	0.6260506	0.501091	0.336034	0.143016	0.0198583	1.953173	1.502712
28290	-3892.062	-4154.251	262.1896	0.5152294	0.504966	0.338632	0.144122	0.0122802	1.819287	1.629518
28296	-3900.347	-4162.443	262.0961	0.5649233	0.320518	0.423964	0.232995	0.0225227	1.924653	1.583965
28302	-3890.116	-4151.858	261.7422	0.6975407	0.481568	0.251056	0.194623	0.0727534	1.783491	1.835255
28308	-3895.194	-4157.31	262.1157	0.5765918	0.467214	0.317029	0.174882	0.0408752	1.822515	1.634979
28314	-3901.2	-4162.927	261.7269	0.7324686	0.475893	0.282799	0.195592	0.0457159	1.825404	1.791365
28320	-3902.215	-4164.186	261.9704	0.6715722	0.468226	0.304036	0.176816	0.0509216	1.923709	1.594479
28326	-3901.868	-4163.516	261.6477	0.5910335	0.472018	0.306499	0.190188	0.0312957	1.821681	1.949992
28332	-3910.529	-4172.325	261.7957	0.5941593	0.492256	0.321671	0.129615	0.0564573	1.776062	1.878475
28338	-3896.518	-4158.158	261.64	0.7997297	0.372683	0.34807	0.194519	0.0847278	1.728684	1.868963
28344	-3892.181	-4153.849	261.6683	0.8229051	0.449371	0.327906	0.120238	0.102485	1.822179	1.768223
28350	-3905.719	-4168.144	262.4244	0.6598133	0.500863	0.263768	0.156453	0.0789157	2.190768	1.013756
28356	-3879.241	-4141.408	262.1664	0.6343796	0.434972	0.345526	0.195818	0.0236843	2.019079	1.405305
28362	-3887.146	-4149.06	261.9144	0.6652211	0.528076	0.270548	0.143237	0.0581391	1.89287	1.662001
28368	-3887.301	-4149.167	261.8661	0.9228207	0.512826	0.200742	0.180228	0.106205	2.02352	1.400531
28374	-3889.438	-4151.555	262.117	0.760427	0.459561	0.255873	0.229725	0.054841	1.998489	1.35567
28380	-3881.163	-4143.273	262.1103	0.8081247	0.429812	0.299509	0.205626	0.0650525	2.086915	1.248629
28386	-3895.055	-4157.438	262.3839	0.5859383	0.418216	0.291428	0.227059	0.0632973	1.993743	1.29314
28392	-3899.777	-4161.566	261.7888	0.6295803	0.416545	0.290263	0.257415	0.035777	1.837988	1.815189
28398	-3885.547	-4147.274	261.7277	0.6850744	0.498549	0.214126	0.204781	0.082544	1.832427	1.820607
28404	-3877.212	-4138.702	261.4895	0.7337285	0.451651	0.254654	0.24354	0.0501541	1.840505	1.942253
28410	-3873.21	-4134.778	261.5681	0.7337285	0.502292	0.229547	0.212383	0.0557776	1.761885	1.942253
28416	-3873.205	-4134.673	261.4678	0.7401123	0.501987	0.229407	0.221079	0.0475272	1.731744	2.02499
28422	-3877.337	-4138.355	261.0183	0.8723928	0.55054	0.207042	0.199525	0.0428936	1.738906	2.223803
28428	-3874.899	-4136.55	261.6519	0.6531454	0.544146	0.204637	0.208821	0.0423955	1.773115	1.935779
28434	-3889.817	-4151.413	261.5952	0.6740008	0.466886	0.280139	0.162653	0.0903209	1.829337	1.921198
28440	-3909.596	-4171.52	261.9236	0.7725972	0.509334	0.232475	0.173311	0.0848796	1.979297	1.509178
28446	-3891.302	-4153.296	261.9939	0.7830397	0.535827	0.195811	0.196917	0.0714449	2.043597	1.398193
28452	-3895.652	-4157.587	261.9344	0.7830397	0.533228	0.208437	0.118192	0.140143	2.021906	1.460662
28458	-3889.643	-4151.748	262.1048	0.6650308	0.467141	0.286507	0.131945	0.114407	1.981794	1.45638
28464	-3882.333	-4144.147	261.8138	0.6687545	0.420433	0.280845	0.239991	0.0587314	1.926275	1.707129
28470	-3876.072	-4138.043	261.9715	0.6687545	0.415918	0.247332	0.273641	0.0631097	1.958178	1.570694
28476	-3884.282	-4146.003	261.7206	0.7167553	0.499742	0.248305	0.204735	0.0472179	1.931451	1.733289
28482	-3894.48	-4156.318	261.8379	0.6162623	0.311741	0.318204	0.309545	0.0605099	1.92053	1.733289
28488	-3893.681	-4155.266	261.5851	0.7564948	0.430368	0.263359	0.256193	0.0500805	1.855313	1.850948
28494	-3902.504	-4164.086	261.5821	0.6745181	0.491407	0.15856	0.300123	0.0499097	1.864569	1.905805
28500	-3893.185	-4155.534	262.3496	0.6100171	0.403321	0.214015	0.306223	0.0764415	2.015042	1.283074
28506	-3902.527	-4164.34	261.8128	0.7502563	0.53049	0.310315	0.109463	0.0497322	1.970512	1.614465
28512	-3911.12	-4173.224	262.1047	0.7599627	0.571222	0.327562	0.0487192	0.0524963	2.028396	1.342031
28518	-3902.86	-4164.983	262.1228	0.7419336	0.507457	0.290807	0.0930663	0.10867	2.055622	1.320995
28524	-3913.519	-4175.148	261.6297	0.6726929	0.462579	0.375132	0.0484243	0.113865	1.927043	1.831994
28530	-3904.22	-4165.901	261.6806	0.7527067	0.454158	0.368303	0.0860454	0.0914941	1.977754	1.70204
28536	-3908.857	-4171.162	262.3056	0.5804285	0.474435	0.40637	0.0949388	0.0242565	2.047869	1.317352
28542	-3895.276	-4157.388	262.1124	0.5820153	0.420399	0.267232	0.227648	0.0847218	2.064733	1.454078
28548	-3898.236	-4160.561	262.3254	0.5820153	0.378195	0.295937	0.204794	0.121073	2.099148	1.257918
28554	-3901.805	-4163.526	261.7202	0.7060527	0.434351	0.245612	0.262419	0.0576178	1.850583	1.79788
28560	-3895.569	-4157.333	261.7644	0.5918763	0.503262	0.182032	0.256304	0.058401	1.92711	1.79788
28566	-3883.11	-4144.791	261.6811	0.5883609	0.442822	0.256784	0.193732	0.106663	1.821225	1.929628
28572	-3890.725	-4152.533	261.8077	0.7606328	0.416325	0.301255	0.182139	0.100281	1.987512	1.597858
28578	-3887.084	-4149.508	262.4248	0.5602765	0.364431	0.405135	0.164378	0.0660548	2.071579	1.216644
28584	-3885.105	-4147.351	262.2464	0.5947	0.483567	0.247884	0.245409	0.0231399	2.026057	1.370034
28590	-3885.162	-4147.382	262.2196	0.6304192	0.537768	0.240623	0.165035	0.0565744	2.026057	1.361502
28596	-3898.039	-4160.224	262.1852	0.6648079	0.521579	0.237282	0.201219	0.0399204	1.941233	1.42612
28602	-3901.288	-4163.25	261.9621	0.6301556	0.434261	0.281736	0.201393	0.0826103	1.972018	1.597235
28608	-3892.655	-4154.458	261.8034	0.6146436	0.44062	0.297443	0.195574	0.0663624	1.809651	1.835487
28614	-3882.412	-4144.109	261.6967	0.6412205	0.425551	0.335399	0.214787	0.0242628	1.832794	1.873487
28620	-3904.198	-4166.441	262.2428	0.6624162	0.496342	0.222658	0.232384	0.0486168	1.956551	1.371323
28626	-3890.608	-4152.931	262.3232	0.5576386	0.443548	0.25635	0.206856	0.0932464	1.975819	1.379512
28632	-3894.523	-4156.841	262.3183	0.6324764	0.522728	0.238268	0.201896	0.0371083	2.100786	1.218032
28638	-3894.444	-4156.645	262.2006	0.7327067	0.399637	0.270497	0.27865	0.0512157	2.195452	1.146038
28644	-3880.453	-4142.703	262.2502	0.713321	0.471466	0.255126	0.225103	0.0483054	2.195452	1.119973
28650	-3886.3	-4148.708	262.4087	0.6402865	0.452664	0.237097	0.26386	0.046379	2.316984	0.9205995
28656	-3905.226	-4167.783	262.5573	0.6110268	0.438277	0.292473	0.255474	0.0137751	2.155134	0.9675748
28662	-3900.92	-4163.391	262.4717	0.5747163	0.370322	0.447088	0.116738	0.0658513	2.07484	1.160381
28668	-3881.786	-4144.129	262.3428	0.6320585	0.344584	0.361874	0.181003	0.112539	2.07484	1.219592
28674	-3881.388	-4143.637	262.2489	0.6320585	0.381612	0.40076	0.166446	0.0511814	2.085348	1.288936
28680	-3890.832	-4153.369	262.5367	0.5184417	0.410047	0.403002	0.167378	0.0195734	2.102378	1.129586
28686	-3905.92	-4168.315	262.3957	0.6416496	0.413432	0.406329	0.147062	0.0331775	2.206014	1.045486
28692	-3902.642	-4164.872	262.23	0.7621303	0.447494	0.334559	0.130231	0.0877159	2.027471	1.238594
28698	-3900.949	-4163.062	262.1124	0.8165002	0.406348	0.308806	0.151933	0.132914	2.101427	1.227324
28704	-3887.486	-4150.034	262.548	0.5260176	0.329589	0.394296	0.24514	0.0309752	2.136093	1.081499
28710	-3886.266	-4148.861	262.5951	0.4620201	0.301659	0.510474	0.153753	0.034114	2.155443	1.078483
28716	-3873.591	-4135.96	262.369	0.4889089	0.276414	0.487975	0.181284	0.0543279	2.097621	1.301279
28722	-3880.735	-4142.924	262.1885	0.6294638	0.287642	0.467176	0.188648	0.0565347	2.085438	1.339862
28728	-3890.587	-4152.669	262.0819	0.6509633	0.446145	0.317956	0.181505	0.0543942	2.070686	1.417216
28734	-3879.618	-4141.711	262.0927	0.6349002	0.438422	0.312452	0.178357	0.0707696	2.112357	1.389702
28740	-3885.849	-4147.672	261.8223	0.8824013	0.527226	0.192388	0.214484	0.0659014	1.946063	1.524172
28746	-3894.399	-4156.372	261.9728	0.8845187	0.481298	0.206742	0.238637	0.0733225	2.000999	1.365364
28752	-3878.881	-4141.006	262.1246	0.7434691	0.440004	0.270121	0.171124	0.118751	1.996444	1.365364
28758	-3890.763	-4153.021	262.2581	0.6969532	0.494891	0.283424	0.161369	0.0603167	1.997096	1.297351
28764	-3908.388	-4169.52	261.1317	0.6717389	0.516358	0.216006	0.202707	0.0649293	1.733475	2.289793
28770	-3880.633	-4142.98	262.3466	0.6518623	0.395869	0.367421	0.128923	0.107787	2.000643	1.261048
28776	-3880.897	-4143.111	262.2138	0.588538	0.400032	0.401673	0.131658	0.0666365	2.015554	1.408742
28782	-3903.218	-4165.504	262.2857	0.6332023	0.420168	0.343942	0.1659	0.0699906	1.983088	1.340812
28788	-3897.245	-4159.097	261.8517	0.7185867	0.539665	0.263822	0.127254	0.0692593	1.800364	1.73191
28794	-3900.745	-4162.734	261.9886	0.6612994	0.532366	0.219447	0.190577	0.0576099	1.856181	1.638074
28800	-3890.432	-4152.507	262.0748	0.692572	0.57016	0.201711	0.175174	0.0529539	1.82288	1.575606
28806	-3899.197	-4161.182	261.9854	0.68062	0.514131	0.280159	0.15796	0.0477501	1.765788	1.690347
28812	-3901.828	-4163.735	261.9066	0.5961996	0.536675	0.292443	0.164886	0.00599556	1.933702	1.690347
28818	-3909.863	-4172.165	262.302	0.4606836	0.387719	0.396325	0.207126	0.00883114	1.769487	1.623037
28824	-3900.383	-4162.763	262.3799	0.5840034	0.425313	0.234254	0.333145	0.0072876	1.935641	1.3448
28830	-3878.791	-4140.826	262.035	0.6904176	0.434152	0.209833	0.292659	0.0633558	1.920184	1.534956
28836	-3880.579	-4142.623	262.0444	0.6663846	0.393122	0.354303	0.182778	0.0697966	1.94413	1.529037
28842	-3882.332	-4144.529	262.1973	0.566504	0.403825	0.375976	0.192272	0.0279269	1.958674	1.482389
28848	-3902.521	-4164.655	262.1341	0.5529659	0.369822	0.373323	0.176082	0.0807726	1.90839	1.577127
28854	-3896.631	-4158.886	262.2551	0.6091656	0.451399	0.264672	0.202401	0.0815274	2.005166	1.367659
28860	-3888.733	-4150.743	262.0106	0.7366757	0.470201	0.240934	0.214651	0.0742151	1.99289	1.461947
28866	-3881.863	-4143.852	261.9892	0.6743167	0.494747	0.253511	0.173652	0.0780894	2.01983	1.507488
28872	-3879.725	-4141.889	262.1637	0.6715436	0.4844	0.225669	0.244959	0.0449714	2.01983	1.376188
28878	-3898.102	-4159.907	261.8047	0.5448001	0.46786	0.310567	0.159683	0.06189	1.850161	1.856712
28884	-3896.937	-4158.606	261.6688	0.610804	0.422865	0.308613	0.144325	0.124197	1.85117	1.901767
28890	-3892.938	-4154.26	261.3221	0.8637515	0.475452	0.284339	0.191699	0.0485092	1.894378	1.927015
28896	-3887.814	-4149.483	261.6682	0.6635754	0.449332	0.30795	0.207618	0.0351002	1.872055	1.849975
28902	-3896.173	-4157.77	261.597	0.6056668	0.386295	0.383167	0.213788	0.0167504	1.880636	1.934087
28908	-3905.126	-4166.679	261.5531	0.5735485	0.403964	0.336959	0.246624	0.0124529	1.865557	1.99617
28914	-3890.448	-4151.549	261.1013	0.7382443	0.44605	0.265143	0.281441	0.00736702	1.664451	2.308359
28920	-3887.267	-4148.405	261.1377	0.7635002	0.483528	0.242572	0.268029	0.00587097	1.741863	2.218188
28926	-3892.246	-4153.157	260.9108	0.7469488	0.437961	0.237466	0.302491	0.0220822	1.625302	2.447909
28932	-3891.919	-4152.81	260.8917	0.8002552	0.506331	0.258106	0.163178	0.0723849	1.614961	2.431147
28938	-3897.651	-4159.12	261.469	0.6412775	0.505046	0.257451	0.162764	0.0747387	1.717572	2.102616
28944	-3883.434	-4145.374	261.9397	0.5809166	0.407957	0.305398	0.242357	0.0442881	1.887359	1.711096
28950	-3894.501	-4156.422	261.921	0.6310773	0.401722	0.300731	0.238653	0.0588934	1.716787	1.806459
28956	-3906.152	-4168.095	261.9437	0.5624092	0.363987	0.383023	0.177981	0.075009	1.923796	1.696073
28962	-3913.094	-4173.677	260.5824	0.6686866	0.475262	0.161085	0.303786	0.0598669	1.57369	2.734791
28968	-3904.654	-4165.173	260.5195	0.7578981	0.552123	0.187136	0.191192	0.0695488	1.688042	2.645212
28974	-3897.294	-4158.266	260.9727	0.6619398	0.507839	0.214267	0.182947	0.0949471	1.705537	2.415108
28980	-3902.044	-4162.62	260.5764	0.8708876	0.501281	0.24294	0.148127	0.107653	1.72135	2.51604
28986	-3910.158	-4170.639	260.4807	0.740634	0.503927	0.246774	0.150464	0.0988347	1.743576	2.646073
28992	-3911.847	-4173.312	261.4649	0.6080183	0.453314	0.249948	0.247058	0.0496811	1.761262	2.099637
28998	-3901.617	-4162.868	261.2516	0.7695045	0.519328	0.189286	0.235846	0.0555401	1.766885	2.123853
29004	-3899.457	-4160.613	261.1562	0.7012035	0.522778	0.234216	0.15569	0.087315	1.744103	2.247268
29010	-3895.046	-4156.174	261.1279	0.6998979	0.520174	0.191528	0.218489	0.0698093	1.631891	2.33801
29016	-3895.872	-4156.641	260.7698	0.662544	0.439303	0.263045	0.261653	0.0359985	1.475748	2.683879
29022	-3903.378	-4164.717	261.3387	0.5898881	0.447932	0.300809	0.230739	0.0205203	1.726082	2.217049
29028	-3896.736	-4158.018	261.282	0.6746875	0.464534	0.258862	0.239291	0.0373126	1.581925	2.288644
29034	-3908.718	-4169.393	260.6751	0.5571964	0.365879	0.363012	0.241386	0.0297231	1.573049	2.75011
29040	-3885.992	-4146.871	260.8797	0.5355969	0.464427	0.225741	0.283381	0.026451	1.760737	2.521752
29046	-3893.023	-4154.895	261.8719	0.5403664	0.417842	0.293954	0.254956	0.0332478	1.835101	1.824075
29052	-3870.723	-4132.718	261.9951	0.5790709	0.4007	0.346901	0.220337	0.0320624	1.852546	1.697842
29058	-3890.488	-4152.31	261.8216	0.5745604	0.405056	0.350672	0.222732	0.0215395	1.808521	1.852593
29064	-3885.959	-4147.758	261.7993	0.4824011	0.388474	0.377254	0.213614	0.0206577	1.83993	1.910089
29070	-3888.616	-4150.679	262.0631	0.5481777	0.406434	0.348465	0.226019	0.0190813	1.957373	1.596803
29076	-3891.616	-4153.537	261.9209	0.670351	0.452984	0.303354	0.195461	0.0482008	1.915009	1.637553
29082	-3904.191	-4165.993	261.8017	0.7110489	0.414128	0.303718	0.240623	0.0415308	1.915009	1.691906
29088	-3906.089	-4167.876	261.7866	0.6084019	0.434063	0.318338	0.200428	0.0471713	1.810319	1.851074
29094	-3891.812	-4153.869	262.0571	0.3907009	0.375354	0.416869	0.181776	0.0260012	1.810319	1.81105
29100	-3885.527	-4147.579	262.0522	0.4201883	0.292374	0.477261	0.21048	0.0198846	1.829781	1.78357
29106	-3887.577	-4149.706	262.1284	0.4570754	0.298354	0.504357	0.165506	0.0317829	1.823081	1.711175
29112	-3870.885	-4132.978	262.0926	0.4493357	0.392422	0.363703	0.165805	0.0780706	1.866143	1.711175
29118	-3888.116	-4150.124	262.008	0.433418	0.427852	0.323563	0.180774	0.0678102	1.908468	1.751263
29124	-3902.81	-4163.605	260.7947	0.6036163	0.462699	0.299416	0.18619	0.0516956	1.602766	2.628639
29130	-3899.325	-4161.427	262.1015	0.6178164	0.361192	0.338448	0.267892	0.0324673	1.877523	1.573998
29136	-3898.005	-4159.445	261.4402	0.5349351	0.396261	0.431721	0.130604	0.0414148	1.840064	2.113934
29142	-3897.903	-4159.446	261.543	0.5163251	0.387178	0.453431	0.138077	0.0213141	1.75623	2.113934
29148	-3900.399	-4161.932	261.5328	0.5671352	0.45341	0.320482	0.194199	0.0319082	1.760053	2.083904
29154	-3910.586	-4170.683	260.0976	0.8342566	0.45409	0.218143	0.240419	0.0873478	1.466459	2.987811
29160	-3902.938	-4164.348	261.4096	0.5362371	0.44311	0.292142	0.229204	0.0355436	1.833225	2.137588
29166	-3897.245	-4158.593	261.3475	0.6253337	0.453698	0.26966	0.234681	0.0419608	1.718899	2.191912
29172	-3909.084	-4169.199	260.115	0.6664343	0.419682	0.260591	0.270615	0.0491121	1.312414	3.174905
29178	-3915.294	-4175.066	259.7729	0.6664343	0.452009	0.267446	0.24097	0.0395747	1.446287	3.298044
29184	-3909.443	-4169.91	260.4663	0.7515728	0.501599	0.120122	0.283178	0.0951011	1.498539	2.797924
29190	-3904.935	-4165.382	260.447	0.7950276	0.482871	0.22943	0.237105	0.0505945	1.527125	2.764433
29196	-3917.086	-4177.029	259.9429	0.907301	0.538846	0.178157	0.239114	0.0438826	1.690739	2.900464
29202	-3920.473	-4180.811	260.3374	0.7171302	0.468312	0.130952	0.331061	0.069675	1.586064	2.845235
29208	-3915.715	-4176.622	260.9064	0.7830603	0.560196	0.185249	0.245424	0.00913034	1.619694	2.430281
29214	-3890.501	-4150.776	260.2753	0.8056293	0.490594	0.185536	0.264752	0.0591176	1.539316	2.854692
29220	-3914.852	-4175.19	260.3377	0.820033	0.545304	0.209984	0.209293	0.0354184	1.596265	2.772953
29226	-3907.79	-4168.838	261.0483	0.9541337	0.46251	0.241993	0.239063	0.0564333	1.645	2.211044
29232	-3890.863	-4152.01	261.1474	0.9114599	0.46251	0.241993	0.239063	0.0564333	1.730607	2.119221
29238	-3893.425	-4154.255	260.8302	0.9626097	0.568923	0.188488	0.187253	0.0553355	1.748859	2.279041
29244	-3890.176	-4151.378	261.2024	0.9626097	0.585906	0.198368	0.158739	0.0569873	1.790128	2.009359
29250	-3896.842	-4157.975	261.1337	0.9623854	0.553888	0.225853	0.163886	0.0563733	1.859	2.009359
29256	-3884.769	-4146.09	261.3214	0.7855283	0.45998	0.213396	0.233279	0.0933446	1.797456	2.046744
29262	-3890.297	-4151.898	261.601	0.8010467	0.395881	0.379767	0.164162	0.0601901	1.890032	1.783748
29268	-3886.241	-4147.786	261.5454	0.8010467	0.407527	0.390938	0.139575	0.0619607	1.795033	1.887227
29274	-3898.679	-4160.573	261.8948	0.7784501	0.490375	0.315124	0.136131	0.0583702	1.901938	1.583068
29280	-3895.792	-4157.242	261.4499	0.7432581	0.375955	0.34346	0.21956	0.0610245	1.883939	1.932901
29286	-3900.284	-4161.839	261.5555	0.7432581	0.482136	0.225582	0.208685	0.0835967	1.825785	1.900783
29292	-3908.096	-4170.536	262.4398	0.5893275	0.444668	0.332472	0.190731	0.0321291	2.012457	1.228359
29298	-3922.972	-4185.488	262.5157	0.516805	0.438412	0.327794	0.188048	0.0457459	2.095239	1.156037
29304	-3894.056	-4155.801	261.7459	0.7181045	0.412254	0.297969	0.251106	0.0386707	1.755585	1.836876
29310	-3910.87	-4171.934	261.0636	0.8433913	0.561405	0.239833	0.166784	0.0319788	1.866341	2.131177
29316	-3900.63	-4161.803	261.173	0.7152454	0.485909	0.302217	0.191828	0.0200468	1.715489	2.245292
29322	-3911.571	-4172.467	260.8965	0.6911771	0.403727	0.30532	0.193798	0.0971556	1.63455	2.488075
29328	-3910.931	-4171.189	260.2588	0.7798301	0.442876	0.27454	0.188223	0.094361	1.511994	2.897555
29334	-3909.954	-4170.89	260.9359	0.6578333	0.454314	0.402278	0.127686	0.0157213	1.672532	2.461753
29340	-3897.593	-4158.348	260.7545	0.6785765	0.403788	0.357538	0.224701	0.0139728	1.618091	2.595047
29346	-3900.75	-4161.473	260.7227	0.5712911	0.414126	0.345825	0.217339	0.0227095	1.561788	2.718931
29352	-3904.982	-4166.035	261.0526	0.494851	0.412319	0.325848	0.204785	0.0570482	1.578658	2.552993
29358	-3907.515	-4168.517	261.0022	0.8867992	0.441589	0.34898	0.1561	0.0533315	1.757852	2.212342
29364	-3912.362	-4174.477	262.1148	0.6449617	0.412571	0.335948	0.198283	0.0531983	1.894623	1.530375
29370	-3917.355	-4179.343	261.9883	0.7707944	0.413918	0.337045	0.195665	0.053372	1.888019	1.530375
29376	-3913.084	-4175.052	261.9686	0.7587833	0.496947	0.306105	0.177702	0.0192458	1.958159	1.502192
29382	-3906.785	-4168.749	261.9641	0.7939339	0.564938	0.182447	0.202015	0.0506001	2.020868	1.43
29388	-3913.483	-4175.438	261.9548	0.6764554	0.400376	0.30155	0.284628	0.0134461	1.884042	1.630761
29394	-3892.887	-4155.165	262.2777	0.7660189	0.454374	0.342219	0.179211	0.0241952	2.038595	1.185091
29400	-3880.64	-4142.903	262.2627	0.7090155	0.415884	0.318372	0.209698	0.0560456	2.062263	1.229059
29406	-3896.617	-4158.77	262.1531	0.7090155	0.321379	0.426592	0.144673	0.107355	2.024799	1.349272
29412	-3908.289	-4170.608	262.3193	0.599808	0.422931	0.412846	0.140012	0.0242114	2.158218	1.197532
29418	-3903.103	-4165.615	262.5115	0.599808	0.395914	0.386644	0.131068	0.0863737	2.101763	1.076295
29424	-3908.908	-4169.278	260.3695	0.7316367	0.459435	0.274944	0.210038	0.0555836	1.567243	2.827846
29430	-3900.863	-4163.244	262.3815	0.6141968	0.359023	0.325266	0.237385	0.0783254	2.105915	1.175861
29436	-3912.942	-4175.506	262.564	0.5555694	0.443589	0.364199	0.169027	0.023184	2.056434	1.112144
29442	-3899.978	-4162.49	262.512	0.515197	0.428288	0.303426	0.244403	0.023882	2.02217	1.223668
29448	-3888.107	-4150.549	262.4413	0.6339668	0.400622	0.367156	0.151614	0.0806085	2.08526	1.122785
29454	-3877.794	-4140.124	262.3299	0.6339668	0.474159	0.28122	0.149216	0.0954048	2.152931	1.161707
29460	-3881.04	-4143.484	262.444	0.6253575	0.45826	0.271791	0.223128	0.0468218	2.172536	1.047716
29466	-3883.162	-4145.428	262.266	0.7236937	0.452995	0.307703	0.224219	0.0150827	2.108478	1.173358
29472	-3897.742	-4159.996	262.2536	0.5944765	0.456768	0.301937	0.226086	0.0152083	2.068649	1.330657
29478	-3890.788	-4153.243	262.4554	0.5759906	0.436876	0.299261	0.21624	0.0476229	2.087996	1.161959
29484	-3884.886	-4147.476	262.5903	0.5276442	0.331139	0.395525	0.195455	0.0778814	2.147438	1.028873
29490	-3885.081	-4147.452	262.3717	0.6003602	0.532795	0.223361	0.215189	0.0286554	2.129269	1.176787
29496	-3876.28	-4138.514	262.2346	0.6282495	0.449206	0.290736	0.236931	0.0231266	2.063587	1.321406
29502	-3895.749	-4157.937	262.1881	0.6894068	0.454526	0.240992	0.290289	0.0141933	2.045424	1.321406
29508	-3884.947	-4147.113	262.1663	0.679972	0.469305	0.276572	0.220177	0.0339457	1.998166	1.384111
29514	-3884.611	-4146.997	262.3863	0.6088587	0.482664	0.284445	0.197979	0.034912	2.021838	1.248161
29520	-3895.625	-4157.994	262.3694	0.5902472	0.490162	0.288863	0.185521	0.0354543	2.050483	1.254624
29526	-3891.919	-4154.186	262.2674	0.6400526	0.381283	0.407683	0.175098	0.035936	2.050483	1.295412
29532	-3896.118	-4158.553	262.435	0.6696685	0.421227	0.287049	0.189564	0.102161	2.218893	0.9640138
29538	-3889.201	-4151.802	262.6005	0.5342426	0.446862	0.251001	0.19633	0.105808	2.303423	0.8425225
29544	-3896.392	-4158.889	262.4973	0.5951643	0.379068	0.426535	0.110409	0.083989	2.239191	0.9598171
29550	-3893.671	-4155.926	262.2548	0.7637961	0.379444	0.380314	0.18749	0.0527514	2.189971	1.071684
29556	-3895.675	-4158.262	262.5864	0.4528526	0.397322	0.398233	0.196324	0.00812149	2.13945	1.109199
29562	-3925.788	-4187.757	261.9691	0.6133216	0.332227	0.468654	0.139852	0.0592668	1.796841	1.730177
29568	-3916.798	-4178.985	262.1866	0.6115135	0.388898	0.407787	0.151745	0.0515695	1.915762	1.487259
29574	-3914.239	-4176.093	261.8542	0.6671327	0.41919	0.462791	0.0930908	0.0249281	1.953681	1.660082
29580	-3912.451	-4174.279	261.8271	0.6658449	0.422117	0.347123	0.200013	0.0307466	1.868606	1.740521
29586	-3910.718	-4172.382	261.6639	0.7421893	0.548706	0.23923	0.164002	0.0480619	1.751458	1.878427
29592	-3909.958	-4171.324	261.3655	0.7689766	0.57115	0.167613	0.224339	0.0368972	1.803995	2.024693
29598	-3907.628	-4169.057	261.429	0.802968	0.587454	0.143853	0.230743	0.0379505	1.803565	1.958786
29604	-3919.083	-4180.272	261.1887	0.7655503	0.529816	0.168019	0.242935	0.0592293	1.723245	2.19588
29610	-3912.627	-4174.409	261.7821	0.746754	0.529816	0.168019	0.242935	0.0592293	1.765852	1.783861
29616	-3902.946	-4164.635	261.6891	0.746754	0.51722	0.209064	0.166031	0.107686	1.858885	1.783861
29622	-3910.472	-4171.958	261.486	0.6908224	0.488754	0.285455	0.21336	0.0124316	1.865808	1.958186
29628	-3911.864	-4173.313	261.4488	0.6879829	0.516302	0.325455	0.148431	0.00981254	1.884442	1.972603
29634	-3913.786	-4175.793	262.0074	0.6142421	0.467684	0.214373	0.269622	0.0483221	1.858768	1.658439
29640	-3897.074	-4159.059	261.9845	0.607385	0.413099	0.326122	0.238154	0.0226258	1.860885	1.678372
29646	-3919.054	-4181.032	261.9778	0.5525264	0.479548	0.305927	0.195913	0.0186127	1.924828	1.678372
29652	-3909.218	-4171.267	262.0488	0.6950609	0.4247	0.191015	0.36877	0.0155147	1.937279	1.508238
29658	-3900.214	-4162.41	262.1964	0.6419043	0.462415	0.242245	0.275664	0.0196758	1.925804	1.447908
29664	-3916.477	-4178.813	262.3353	0.7312776	0.495166	0.209389	0.265916	0.0295288	2.324664	0.8862919
29670	-3914.254	-4175.463	261.2086	0.520504	0.485085	0.304147	0.150228	0.0605394	1.635305	2.403713
29676	-3900.666	-4161.66	260.9942	0.5283193	0.401691	0.343598	0.213167	0.041544	1.620634	2.542327
29682	-3906.264	-4168.597	262.3332	0.666786	0.467697	0.154432	0.356382	0.0214885	2.011249	1.250237
29688	-3888.425	-4150.702	262.2773	0.6528816	0.521268	0.178388	0.29392	0.0064242	1.975412	1.336995
29694	-3896.149	-4158.349	262.2	0.6818063	0.489609	0.212912	0.285123	0.0123564	1.954547	1.390324
29700	-3890.468	-4152.121	261.6529	0.7064592	0.490057	0.207948	0.256414	0.0455809	1.842162	1.849751
29706	-3890.44	-4151.797	261.3578	0.7562534	0.541983	0.201713	0.231541	0.024763	1.763249	2.065673
29712	-3905.312	-4166.784	261.4718	0.7711794	0.527061	0.211831	0.179255	0.0818525	1.654906	2.051512
29718	-3890.015	-4150.827	260.8116	0.797619	0.464298	0.186606	0.27699	0.0721055	1.673861	2.446232
29724	-3886.592	-4147.627	261.0344	0.8332505	0.589577	0.118185	0.217724	0.074514	1.617336	2.317461
29730	-3895.524	-4156.645	261.1207	0.8110016	0.5427	0.151292	0.237419	0.0685894	1.679633	2.237131
29736	-3891.709	-4153.21	261.501	0.7934293	0.495582	0.138157	0.303627	0.0626344	1.751803	1.951887
29742	-3900.999	-4162.734	261.7349	0.682496	0.531809	0.174047	0.226931	0.067213	1.900371	1.770432
29748	-3916.23	-4178.209	261.9792	0.612179	0.510926	0.174619	0.232802	0.081652	1.929944	1.629054
29754	-3897.651	-4159.503	261.852	0.850564	0.41892	0.291512	0.220309	0.0692588	1.998937	1.486965
29760	-3890.442	-4152.37	261.9278	0.6927259	0.374551	0.260637	0.308241	0.0565708	1.998937	1.554149
29766	-3887.872	-4150.077	262.2051	0.7036029	0.405182	0.256114	0.258025	0.0806793	2.017052	1.318452
29772	-3897.953	-4160.124	262.1708	0.9203327	0.545511	0.152354	0.2224	0.0797346	2.022144	1.152813
29778	-3906.916	-4168.883	261.9667	0.7543004	0.418674	0.185936	0.29139	0.104001	1.977112	1.492933
29784	-3906.127	-4168.454	262.3268	0.5369916	0.474675	0.206716	0.245451	0.0731568	2.020791	1.35796
29790	-3913.832	-4175.775	261.9432	0.6705561	0.52576	0.308405	0.128486	0.0373485	1.987563	1.568449
29796	-3903.304	-4165.106	261.8024	0.7457749	0.443926	0.332517	0.162024	0.0615332	1.955598	1.636129
29802	-3893.321	-4155.303	261.9819	0.6867371	0.318563	0.372859	0.249588	0.0589888	1.867447	1.615301
29808	-3899.897	-4161.748	261.8508	0.7380522	0.455508	0.342617	0.179398	0.0224774	1.836594	1.692422
29814	-3902.217	-4163.968	261.7515	0.869638	0.449395	0.327121	0.17699	0.0464945	1.798259	1.692422
29820	-3916.744	-4178.458	261.7135	0.869638	0.439381	0.263298	0.253832	0.0434883	1.935282	1.621493
29826	-3892.964	-4155.029	262.0652	0.6600456	0.454995	0.268296	0.262852	0.0138568	1.840874	1.59462
29832	-3898.103	-4159.823	261.7208	0.8721277	0.548932	0.286186	0.0953253	0.0695569	2.082445	1.506042
29838	-3890.572	-4152.597	262.0248	0.623384	0.484585	0.289907	0.164106	0.0614032	1.983918	1.547771
29844	-3893.507	-4155.8	262.2935	0.5862282	0.422312	0.356077	0.159343	0.0622677	2.000733	1.359796
29850	-3902.501	-4164.972	262.4715	0.4975491	0.293668	0.44039	0.222404	0.0435383	2.16411	1.151341
29856	-3902.983	-4165.381	262.3975	0.5156675	0.474095	0.362444	0.1367	0.0267607	2.008297	1.328855
29862	-3915.905	-4178.179	262.274	0.6613788	0.315516	0.413589	0.20817	0.0627247	2.102244	1.228377
29868	-3913.388	-4175.651	262.2628	0.5790181	0.315516	0.413589	0.20817	0.0627247	2.048639	1.3522
29874	-3893.895	-4155.8	261.9049	0.7694468	0.504787	0.317956	0.10374	0.0735175	2.030769	1.487062
29880	-3899.551	-4161.499	261.9473	0.7489174	0.504787	0.317956	0.10374	0.0735175	2.030769	1.471427
29886	-3896.825	-4158.734	261.9087	0.6931789	0.442343	0.309392	0.184274	0.0639913	2.064656	1.519213
29892	-3910.427	-4172.174	261.747	0.7390434	0.406251	0.370406	0.169239	0.0541044	1.931064	1.698342
29898	-3908.277	-4170.525	262.248	0.5573418	0.411255	0.374968	0.159005	0.0547708	2.064679	1.368982
29904	-3913.462	-4175.15	261.6878	0.7548157	0.474492	0.312284	0.157889	0.0553346	1.933877	1.726367
29910	-3905.938	-4167.647	261.7094	0.7692356	0.418058	0.313423	0.22049	0.048029	1.931428	1.702125
29916	-3908.129	-4170.149	262.0195	0.7454501	0.383888	0.352561	0.22237	0.0411813	1.931428	1.494611
29922	-3906.478	-4168.193	261.7159	0.8007209	0.427265	0.244942	0.220152	0.107641	1.867043	1.719664
29928	-3896.041	-4157.88	261.8398	0.7598011	0.498103	0.176961	0.212069	0.112866	1.786171	1.719664
29934	-3905.418	-4167.194	261.7758	0.6859245	0.475537	0.219123	0.202462	0.102878	1.872537	1.758826
29940	-3895.054	-4156.808	261.7547	0.6859245	0.403913	0.338242	0.171968	0.0858777	1.880844	1.767758
29946	-3906.032	-4168.276	262.2433	0.6859245	0.419743	0.312306	0.178707	0.0892436	2.00739	1.310495
29952	-3903.904	-4165.923	262.0199	0.7630856	0.388279	0.246211	0.295153	0.0703566	1.978676	1.444385
29958	-3898.376	-4160.433	262.0576	0.6917057	0.418544	0.44195	0.106964	0.0325422	2.033096	1.431696
29964	-3882.151	-4144.356	262.2046	0.7041099	0.502769	0.281317	0.134808	0.0811055	2.136852	1.219545
29970	-3886.257	-4148.679	262.4224	0.5981228	0.402337	0.272122	0.253886	0.0716545	2.218696	1.051668
29976	-3881.696	-4144.006	262.3106	0.7336168	0.480661	0.304741	0.195069	0.0195293	2.080356	1.149692
29982	-3895.46	-4157.766	262.3057	0.6094477	0.49681	0.254448	0.173335	0.0754073	1.997479	1.333361
29988	-3908.268	-4170.515	262.2478	0.7591526	0.419579	0.259552	0.24395	0.0769199	2.124227	1.142559
29994	-3903.827	-4166.052	262.2248	0.7292031	0.418702	0.360676	0.143863	0.0767592	2.146688	1.170881
30000	-3909.131	-4171.477	262.3461	0.7326796	0.474539	0.331461	0.127281	0.0667181	2.021715	1.170881
30006	-3895.784	-4158.039	262.2548	0.7142752	0.440759	0.364478	0.137331	0.0574317	2.102946	1.196417
30012	-3902.899	-4165.221	262.3222	0.7069179	0.416658	0.312866	0.141946	0.128531	2.170865	1.082724
30018	-3894.361	-4156.806	262.4458	0.5723632	0.509545	0.304052	0.144808	0.0415952	2.052356	1.204382
30024	-3907.758	-4170.189	262.4306	0.5795871	0.393182	0.411659	0.104503	0.0906567	2.048325	1.214421
30030	-3906.824	-4169.079	262.2557	0.6087688	0.362157	0.297243	0.139199	0.201402	2.074418	1.312221
30036	-3901.474	-4163.392	261.9187	0.6563317	0.404162	0.325574	0.232594	0.0376702	2.035678	1.562217
30042	-3895.39	-4157.607	262.2176	0.6676665	0.445499	0.28085	0.168207	0.105443	2.035678	1.324028
30048	-3896.118	-4158.273	262.155	0.726806	0.465449	0.314792	0.175739	0.04402	2.035678	1.324028
30054	-3901.565	-4163.909	262.344	0.5282343	0.511625	0.215927	0.193922	0.0785266	2.039662	1.336418
30060	-3909.169	-4171.055	261.887	0.5282343	0.379736	0.357817	0.229992	0.0324552	1.872597	1.796328
30066	-3912.357	-4174.192	261.8342	0.7004854	0.538607	0.20259	0.216812	0.0419907	1.777507	1.773562
30072	-3906.955	-4168.853	261.898	0.7975838	0.52892	0.269978	0.176868	0.0242339	2.008908	1.486494
30078	-3908.286	-4170.42	262.1345	0.6517847	0.436861	0.350671	0.205907	0.00656119	2.008908	1.423654
30084	-3906.75	-4169.282	262.532	0.6120784	0.503339	0.217052	0.203214	0.076395	2.226028	0.9177475
30090	-3902.93	-4165.571	262.6403	0.513398	0.421934	0.342557	0.186227	0.0492815	2.226028	0.9109649
30096	-3902.651	-4165.285	262.634	0.4949424	0.44924	0.31868	0.198279	0.0338013	2.341858	0.801224
30102	-3896.315	-4158.991	262.6762	0.4949424	0.442669	0.314018	0.207575	0.0357382	2.328238	0.761542
30108	-3907.167	-4169.728	262.5612	0.4821785	0.436092	0.32421	0.204491	0.0352072	2.3387	0.908034
30114	-3913.555	-4175.369	261.8137	0.4975278	0.425213	0.375365	0.175671	0.0237501	1.762164	1.942807
30120	-3907.349	-4168.448	261.0995	0.73343	0.459339	0.298034	0.186142	0.0564849	1.619642	2.34126
30126	-3887.722	-4148.789	261.0669	0.650587	0.439816	0.279293	0.219464	0.0614274	1.72216	2.352624
30132	-3900.366	-4161.605	261.2396	0.7322006	0.485385	0.230589	0.236422	0.0476046	1.723361	2.185613
30138	-3904.048	-4165.406	261.3581	0.7443475	0.525195	0.167484	0.255813	0.051509	1.731174	2.094869
30144	-3912.534	-4173.373	260.8392	0.8190669	0.558072	0.177968	0.220806	0.0431549	1.698987	2.398919
30150	-3903.593	-4166.128	262.5342	0.5501888	0.426144	0.37972	0.16608	0.0280558	2.441363	0.7198419
30156	-3900.058	-4162.711	262.6532	0.4476372	0.42238	0.376366	0.173446	0.027808	2.441363	0.6897553
30162	-3904.722	-4167.23	262.5079	0.5801984	0.40199	0.354683	0.187315	0.0560121	2.329673	0.8652566
30168	-3908.862	-4171.555	262.6926	0.4707209	0.457272	0.312476	0.209762	0.0204898	2.246909	0.8756804
30174	-3897.174	-4158.553	261.379	0.7567972	0.499982	0.358139	0.107834	0.0340443	1.763541	2.051107
30180	-3903.561	-4166.117	262.5554	0.5486181	0.466498	0.35193	0.157721	0.0238504	2.361001	0.8079523
30186	-3919.143	-4181.711	262.5684	0.5206141	0.424459	0.358938	0.194901	0.0217011	2.442237	0.7118418
30192	-3903.791	-4164.736	260.9449	0.6475111	0.36709	0.347047	0.25367	0.0321935	1.67805	2.459528
30198	-3903.122	-4164.054	260.9317	0.6665926	0.476054	0.292892	0.215496	0.0155574	1.671047	2.459528
30204	-3907.9	-4167.968	260.0677	0.6710621	0.441305	0.31455	0.199767	0.0443784	1.666631	2.988789
30210	-3907.359	-4168.234	260.8746	0.7475566	0.46029	0.285063	0.20836	0.0462874	1.714885	2.413897
30216	-3909.369	-4169.823	260.4543	0.7164438	0.500974	0.19754	0.271182	0.0303044	1.596628	2.768132
30222	-3902.698	-4163.84	261.1423	0.8077584	0.490991	0.220394	0.2543	0.0343146	1.646412	2.246797
30228	-3903.661	-4165.153	261.4919	0.6257598	0.497397	0.236921	0.249836	0.0158459	1.811989	2.03606
30234	-3898.4	-4160.088	261.6876	0.7041208	0.412214	0.307539	0.229504	0.0507427	2.000317	1.717508
30240	-3905.577	-4167.657	262.0797	0.5675543	0.458745	0.328554	0.15623	0.0564706	1.939712	1.582927
30246	-3907.608	-4169.411	261.8031	0.567697	0.506618	0.261213	0.187107	0.0450622	1.943705	1.776957
30252	-3918.308	-4179.906	261.5977	0.7002353	0.408248	0.312374	0.231472	0.0479064	1.783175	1.931891
30258	-3910.29	-4171.827	261.5364	0.654395	0.421406	0.257161	0.238933	0.0824993	1.772371	2.012713
30264	-3900.964	-4162.247	261.2831	0.7544223	0.461446	0.27057	0.177646	0.0903379	1.811995	2.084027
30270	-3914.272	-4175.616	261.3436	0.766301	0.367487	0.417671	0.16302	0.0518215	1.727893	2.091312
30276	-3925.197	-4186.722	261.5254	0.5449353	0.351343	0.339498	0.191403	0.117757	1.705975	2.139225
30282	-3900.064	-4161.92	261.8568	0.8071144	0.539658	0.181947	0.195161	0.0832329	1.867407	1.613971
30288	-3890.681	-4152.168	261.4872	0.8612492	0.55524	0.228994	0.179046	0.0367201	1.90334	1.809941
30294	-3904.224	-4165.203	260.9787	0.9319325	0.454917	0.207127	0.314588	0.0233676	1.770066	2.189776
30300	-3887.743	-4149.276	261.5322	0.8164418	0.505411	0.237117	0.234195	0.0232773	1.799158	1.882443
30306	-3892.643	-4154.141	261.4973	0.7731003	0.528448	0.231839	0.218042	0.0216719	1.721284	1.989169
30312	-3883.291	-4144.011	260.7195	0.6824147	0.452597	0.361634	0.117413	0.0683561	1.704318	2.56073
30318	-3896.001	-4157.195	261.1936	0.8339045	0.453826	0.362616	0.15174	0.031818	1.785508	2.105435
30324	-3889.628	-4151.427	261.7989	0.6873499	0.491124	0.232642	0.251777	0.0244568	1.891193	1.728504
30330	-3895.196	-4157.628	262.432	0.5606674	0.501817	0.263591	0.176622	0.0579698	2.098266	1.187295
30336	-3885.047	-4147.272	262.2249	0.6900994	0.342703	0.412332	0.224728	0.0202371	2.122837	1.226764
30342	-3884.834	-4146.751	261.9163	0.7171947	0.372767	0.479236	0.128916	0.0190812	2.122837	1.45045
30348	-3890.62	-4152.673	262.0526	0.6980001	0.528497	0.22568	0.21877	0.0270527	2.040795	1.424449
30354	-3910.03	-4172.17	262.1399	0.7043361	0.556454	0.212299	0.205798	0.0254486	2.032436	1.357567
30360	-3896.333	-4158.753	262.4194	0.6679928	0.40007	0.407618	0.183473	0.00883922	2.328775	0.8615328
30366	-3879.702	-4142.252	262.5503	0.5388936	0.456651	0.357675	0.160993	0.0246811	2.320388	0.8766005
30372	-3902.468	-4165.144	262.6762	0.5388936	0.305667	0.449619	0.202378	0.0423364	2.250108	0.8080523
30378	-3903.436	-4166.08	262.6445	0.5228715	0.294527	0.433232	0.183548	0.0886929	2.338526	0.7517344
30384	-3907.835	-4170.525	262.6905	0.4707072	0.344269	0.333681	0.253738	0.0683124	2.29921	0.814121
30390	-3909.87	-4172.54	262.6698	0.5304244	0.552756	0.228133	0.156933	0.0621775	2.239419	0.8408488
30396	-3898.066	-4160.658	262.5914	0.5910471	0.52739	0.217664	0.230528	0.0244179	2.260755	0.8337948
30402	-3903.608	-4166.23	262.6224	0.532413	0.370162	0.258639	0.317736	0.0534631	2.260755	0.86979
30408	-3918.711	-4181.466	262.7556	0.4491607	0.332786	0.333495	0.285654	0.0480649	2.209425	0.86979
30414	-3906.4	-4168.855	262.4558	0.5739631	0.514146	0.270373	0.200952	0.0145285	2.449119	0.7882315
30420	-3873.864	-4136.413	262.5486	0.5239723	0.449909	0.394556	0.140446	0.0150887	2.480145	0.6730499
30426	-3889.776	-4152.282	262.5067	0.5239723	0.447591	0.392523	0.139722	0.0201634	2.52988	0.657393
30432	-3889.213	-4151.713	262.5	0.501495	0.331915	0.419069	0.241859	0.00715643	2.592486	0.5650502
30438	-3889.888	-4152.358	262.4704	0.5303636	0.324242	0.471285	0.194685	0.00978853	2.592486	0.5669308
30444	-3889.818	-4152.074	262.2561	0.6367931	0.474659	0.204842	0.239103	0.0813963	2.188019	1.19276
30450	-3899.21	-4161.572	262.3617	0.6434073	0.378689	0.26869	0.314407	0.0382138	2.17157	1.107666
30456	-3913.765	-4176.061	262.2959	0.6446786	0.412584	0.292739	0.243226	0.0514509	2.206553	1.134252
30462	-3908.514	-4170.973	262.4594	0.5521806	0.421177	0.376956	0.170264	0.0316034	2.582204	0.5620594
30468	-3909.91	-4172.347	262.4374	0.5648752	0.343549	0.471112	0.16825	0.0170887	2.585951	0.5826058
30474	-3913.983	-4176.281	262.2984	0.749529	0.366754	0.338287	0.20393	0.0910287	2.372879	0.8502608
30480	-3899.98	-4162.435	262.4551	0.5940775	0.373113	0.312756	0.227441	0.0866911	2.406814	0.8173789
30486	-3904.292	-4166.798	262.5059	0.5500923	0.446425	0.274191	0.210132	0.0692518	2.362895	0.8652709
30492	-3905.947	-4168.413	262.4659	0.5871263	0.356573	0.42745	0.143854	0.0721227	2.247486	0.9922036
30498	-3897.848	-4160.152	262.3035	0.6096292	0.341747	0.399918	0.169514	0.0888213	2.140398	1.217396
30504	-3882.077	-4144.466	262.3894	0.6022507	0.35233	0.381335	0.174763	0.0915718	2.062268	1.217396
30510	-3884.7	-4147.02	262.3209	0.6620635	0.375475	0.406387	0.120551	0.0975874	2.281133	1.024231
30516	-3897.356	-4159.586	262.2301	0.6324514	0.375475	0.406387	0.120551	0.0975874	2.081759	1.306857
30522	-3892.841	-4155.008	262.1672	0.7577237	0.405111	0.298071	0.191528	0.10529	2.012031	1.306857
30528	-3896.084	-4158.187	262.1024	0.7577237	0.431863	0.317755	0.204175	0.0462067	2.076877	1.306857
30534	-3903.505	-4165.739	262.2343	0.7577237	0.442314	0.341725	0.0927639	0.123197	2.017343	1.247365
30540	-3912.014	-4174.207	262.1928	0.6771379	0.415245	0.39404	0.127306	0.0634096	1.923097	1.42412
30546	-3913.642	-4175.912	262.2704	0.6771379	0.493358	0.280051	0.151253	0.0753377	1.96816	1.327778
30552	-3895.522	-4157.36	261.8376	0.8141418	0.493358	0.280051	0.151253	0.0753377	1.96816	1.548934
30558	-3913.911	-4176.179	262.268	0.7932513	0.491771	0.243604	0.19302	0.0716046	2.124987	1.091055
30564	-3904.019	-4166.166	262.1465	0.7383199	0.509373	0.252324	0.156692	0.0816101	1.999252	1.350127
30570	-3907.268	-4169.585	262.317	0.7516747	0.557319	0.206548	0.171441	0.0646923	2.040974	1.161884
30576	-3896.651	-4158.314	261.6631	0.8087668	0.477812	0.318234	0.145252	0.0587027	1.96926	1.67866
30582	-3898.75	-4160.402	261.6529	0.8485711	0.488449	0.194053	0.238211	0.0792862	1.761396	1.802589
30588	-3896.897	-4158.587	261.6899	0.783464	0.445594	0.273037	0.237528	0.043841	1.918596	1.7144
30594	-3908.935	-4170.389	261.4545	0.8210377	0.476893	0.21396	0.254213	0.054934	1.741796	1.970428
30600	-3904.994	-4166.631	261.6375	0.7871796	0.545074	0.154399	0.240583	0.0599451	1.912634	1.75267
30606	-3898.149	-4159.599	261.4504	0.7294599	0.578764	0.186312	0.182895	0.0520293	1.912634	1.923032
30612	-3885.307	-4146.525	261.2181	0.7084964	0.507677	0.286253	0.160431	0.0456388	1.937571	2.076092
30618	-3887.936	-4149.457	261.5215	0.647871	0.507966	0.286416	0.159953	0.0456647	1.698375	2.076092
30624	-3904.243	-4165.247	261.0041	0.8617236	0.477718	0.333024	0.150429	0.0388293	1.654911	2.293908
30630	-3922.652	-4185.362	262.7093	0.4661892	0.414583	0.367129	0.19292	0.0253676	2.270791	0.831941
30636	-3914.347	-4176.784	262.4365	0.6439092	0.49534	0.257604	0.220403	0.0266521	2.257224	0.9508298
30642	-3914.06	-4174.333	260.2727	0.7385144	0.416421	0.238192	0.267661	0.0777263	1.518566	2.911493
30648	-3913.92	-4174.381	260.461	0.9394946	0.59249	0.191061	0.155664	0.0607852	1.653227	2.586451
30654	-3904.691	-4165.24	260.5496	0.7179654	0.441225	0.305511	0.156066	0.0971972	1.686898	2.653343
30660	-3900.852	-4163.495	262.6429	0.4827831	0.503452	0.260892	0.212485	0.0231713	2.210189	0.9578472
30666	-3886.708	-4149.39	262.682	0.3743975	0.512016	0.266773	0.198225	0.022986	2.210189	1.016288
30672	-3908.96	-4171.346	262.3859	0.6785178	0.480967	0.283747	0.210837	0.0244485	2.237821	0.9853351
30678	-3900.779	-4163.165	262.3852	0.5843614	0.495775	0.212565	0.266459	0.0252012	2.190051	1.125897
30684	-3904.951	-4167.034	262.0836	0.717721	0.495775	0.212565	0.266459	0.0252012	2.190051	1.264219
30690	-3903.946	-4166.172	262.2261	0.717721	0.404391	0.347067	0.232537	0.0160053	2.116552	1.206271
30696	-3898.81	-4160.969	262.1597	0.7730609	0.414065	0.328871	0.2139	0.0431641	2.14469	1.188941
30702	-3913.314	-4174.385	261.0712	0.7800435	0.470474	0.308271	0.138635	0.0826199	1.794	2.216255
30708	-3916.885	-4177.817	260.9327	0.7568898	0.429273	0.281274	0.247451	0.042002	1.745197	2.351743
30714	-3908.728	-4170.891	262.1631	0.5873032	0.516366	0.236406	0.22657	0.0206571	1.955276	1.494383
30720	-3904.986	-4167.065	262.0794	0.5873032	0.398708	0.410397	0.174944	0.0159502	1.850946	1.632608
30726	-3900.667	-4162.676	262.0091	0.5082284	0.357876	0.368368	0.258296	0.0154602	1.834924	1.751611
30732	-3896.588	-4158.054	261.4659	0.6898721	0.353299	0.363657	0.256491	0.0265538	1.748505	2.050367
30738	-3902.624	-4164.439	261.8148	0.5594546	0.409333	0.324358	0.208397	0.0579115	1.779881	1.887462
30744	-3907.226	-4168.368	261.1413	0.6862029	0.376431	0.28128	0.267855	0.0744342	1.681969	2.306795
30750	-3885.713	-4147.345	261.6318	0.6529045	0.418197	0.300468	0.198671	0.0826638	1.745466	1.968048
30756	-3905.666	-4167.137	261.4717	0.6325971	0.37457	0.385231	0.195423	0.0447762	1.728257	2.099854
30762	-3915.557	-4175.438	259.8805	0.8226884	0.38466	0.222213	0.338761	0.0543657	1.464551	3.125935
30768	-3913.109	-4172.148	259.0396	0.6939316	0.450641	0.399916	0.103384	0.046059	1.397441	3.737025
30774	-3892.02	-4149.933	257.9124	0.6492605	0.559315	0.224106	0.171157	0.045422	1.283324	4.471007
30780	-3885.866	-4146.535	260.6691	0.6481521	0.522258	0.222246	0.159817	0.0956793	1.543109	2.713717
30786	-3883.882	-4145.015	261.1334	0.7098353	0.528318	0.183672	0.161671	0.126339	1.636825	2.324659
30792	-3877.531	-4138.912	261.381	0.7636075	0.529991	0.190444	0.195427	0.0841371	1.764398	2.044467
30798	-3893.599	-4154.655	261.056	0.7087877	0.502473	0.230012	0.195957	0.071557	1.779283	2.283812
30804	-3891.676	-4152.785	261.1089	0.7167681	0.557855	0.186618	0.217555	0.0379723	1.683966	2.305551
30810	-3905.512	-4166.766	261.2541	0.7661109	0.366519	0.349984	0.141556	0.141941	1.617458	2.221561
30816	-3901.646	-4162.713	261.0667	0.5563483	0.452835	0.31406	0.127027	0.106078	1.617458	2.481094
30822	-3900.674	-4163.272	262.5983	0.5365334	0.453623	0.350964	0.136574	0.0588388	2.260991	0.8924911
30828	-3898.742	-4161.301	262.5597	0.5489087	0.435919	0.341386	0.146721	0.0759741	2.286848	0.8924911
30834	-3899.395	-4161.887	262.4926	0.6173436	0.38338	0.334136	0.204488	0.0779956	2.33951	0.824164
30840	-3891.894	-4154.258	262.3643	0.7487197	0.413721	0.364628	0.190135	0.0315164	2.289014	0.8726566
30846	-3886.948	-4149.531	262.583	0.5129933	0.367151	0.393116	0.20499	0.0347426	2.258345	0.9385803
30852	-3876.372	-4139.088	262.716	0.4616486	0.447866	0.289802	0.224314	0.0380178	2.200101	0.9120937
30858	-3879.181	-4141.844	262.6627	0.4430857	0.356746	0.419853	0.180321	0.04308	2.338168	0.8331545
30864	-3888.842	-4151.591	262.7487	0.3650613	0.431555	0.298197	0.218134	0.0521138	2.180003	0.9868084
30870	-3898.487	-4161.095	262.607	0.4474312	0.399963	0.418983	0.16506	0.0159937	2.172493	1.06423
30876	-3890.302	-4152.962	262.6607	0.4474312	0.338674	0.447607	0.178688	0.0350315	2.172493	1.012467
30882	-3895.124	-4157.528	262.4045	0.5770949	0.292784	0.402717	0.272981	0.0315182	2.084764	1.207765
30888	-3879.615	-4142.063	262.4473	0.579604	0.328711	0.391813	0.219026	0.0604505	2.103148	1.152484
30894	-3884.23	-4146.663	262.4335	0.5900577	0.355995	0.341331	0.237205	0.065468	2.237105	1.031418
30900	-3874.168	-4136.635	262.4665	0.6110996	0.379238	0.329013	0.228645	0.0631053	2.237105	0.9765445
30906	-3900.107	-4162.46	262.3533	0.7539908	0.41093	0.356508	0.164184	0.0683789	2.272923	0.8973671
30912	-3895.147	-4157.659	262.5122	0.5435823	0.337104	0.431898	0.175119	0.0558788	2.422148	0.79097
30918	-3898.571	-4161.081	262.5096	0.5435823	0.422572	0.319359	0.151539	0.10653	2.422148	0.7944363
30924	-3914.697	-4177.115	262.4178	0.5619658	0.310397	0.394636	0.199478	0.0954893	2.184785	1.122305
30930	-3889.668	-4152.182	262.5148	0.5814358	0.334626	0.446085	0.129274	0.0900145	2.360063	0.8176894
30936	-3889.48	-4152.148	262.6688	0.4257742	0.368082	0.374622	0.181702	0.0755941	2.360063	0.8176894
30942	-3904.802	-4167.261	262.4596	0.6385031	0.351169	0.389619	0.190088	0.0691239	2.354881	0.8182382
30948	-3895.483	-4158.195	262.7123	0.476284	0.363262	0.403036	0.185344	0.0483581	2.223302	0.87393
30954	-3893.112	-4155.803	262.691	0.4777836	0.369244	0.389825	0.17298	0.0679507	2.263974	0.8490933
30960	-3883.583	-4146.127	262.5433	0.5809807	0.392041	0.413893	0.121865	0.0722005	2.17279	0.9959533
30966	-3889.815	-4152.613	262.798	0.4194447	0.439523	0.336561	0.213319	0.0105959	2.18363	0.882006
30972	-3905.247	-4167.852	262.605	0.375614	0.43819	0.374371	0.17857	0.00886981	2.197547	1.100387
30978	-3898.355	-4161.139	262.7846	0.375614	0.43819	0.374371	0.17857	0.00886981	2.009688	1.107938
30984	-3904.614	-4167.263	262.6483	0.4892527	0.374975	0.322039	0.252447	0.0505383	2.080057	1.074526
30990	-3907.081	-4169.252	262.1706	0.5096056	0.393374	0.326366	0.271849	0.00841075	1.83662	1.634777
30996	-3912.48	-4174.159	261.679	0.5107054	0.446511	0.347858	0.194776	0.0108554	1.768604	2.019815
31002	-3896.553	-4157.902	261.349	0.5488552	0.435229	0.339068	0.210651	0.0150516	1.783211	2.201055
31008	-3899.604	-4161.028	261.4232	0.5488552	0.367391	0.377522	0.234541	0.0205458	1.670016	2.226182
31014	-3902.099	-4163.169	261.0699	0.5381169	0.361527	0.3397	0.284191	0.0145823	1.636566	2.478844
31020	-3891.516	-4152.166	260.6505	0.6418302	0.352838	0.349675	0.293673	0.00381484	1.606951	2.690028
31026	-3887.283	-4148.032	260.7487	0.4473097	0.368087	0.330708	0.298612	0.00259283	1.589032	2.762019
31032	-3896.796	-4157.419	260.6227	0.4473097	0.309005	0.435886	0.250682	0.004427	1.443151	2.92696
31038	-3885.401	-4146.426	261.0253	0.4365089	0.331157	0.416205	0.237284	0.0153551	1.531295	2.633838
31044	-3892.996	-4152.993	259.9965	0.7760855	0.414453	0.337191	0.21505	0.0333061	1.615783	2.995389
31050	-3905.132	-4164.608	259.4759	0.6894936	0.468089	0.224165	0.295112	0.0126339	1.423618	3.471256
31056	-3882.465	-4142.133	259.6682	0.6508437	0.460948	0.220745	0.29061	0.0276965	1.423382	3.382803
31062	-3886.759	-4147.204	260.445	0.5913377	0.373003	0.365286	0.235164	0.0265478	1.463607	2.934586
31068	-3881.338	-4141.835	260.497	0.5424498	0.40468	0.330329	0.243124	0.0218675	1.462355	2.934586
31074	-3891.024	-4151.309	260.2857	0.5424498	0.422396	0.300955	0.253767	0.0228824	1.522704	3.025269
31080	-3886.575	-4148.751	262.1763	0.6213449	0.43761	0.232229	0.229346	0.100815	1.935623	1.47224
31086	-3898.031	-4159.56	261.5291	0.7671428	0.379361	0.334352	0.237685	0.0486014	1.850755	1.884654
31092	-3892.294	-4152.696	260.4019	0.656876	0.408759	0.310114	0.229351	0.0517751	1.418405	2.946113
31098	-3882.555	-4142.614	260.0594	0.6578737	0.523872	0.199032	0.25639	0.0207055	1.437467	3.139045
31104	-3898.765	-4158.705	259.9399	0.7169879	0.491991	0.247777	0.240787	0.0194454	1.52258	3.122251
31110	-3889.22	-4148.822	259.6018	0.6821388	0.529927	0.143092	0.306036	0.0209448	1.471329	3.374195
31116	-3905.798	-4164.619	258.8211	0.6012241	0.564637	0.152464	0.252558	0.0303404	1.350085	3.946161
31122	-3891.181	-4150.843	259.6613	0.6755092	0.483224	0.330765	0.162051	0.0239593	1.38807	3.392219
31128	-3914.586	-4173.401	258.8156	0.6707128	0.435555	0.298136	0.146065	0.120244	1.388425	3.885271
31134	-3912.412	-4172.006	259.5938	0.6440457	0.371025	0.385404	0.124425	0.119147	1.409477	3.438766
31140	-3920.323	-4179.633	259.3095	0.7797001	0.510137	0.253359	0.148969	0.0875343	1.463616	3.489441
31146	-3903.535	-4163.913	260.3775	0.7347781	0.501636	0.24292	0.160899	0.0945444	1.497142	2.863461
31152	-3903.773	-4164.139	260.366	0.619543	0.390722	0.410315	0.125324	0.0736401	1.590626	2.887655
31158	-3895.869	-4156.286	260.4172	0.8053191	0.500456	0.185423	0.242525	0.0715953	1.514292	2.783819
31164	-3893.992	-4155.023	261.0311	0.6419304	0.415058	0.361754	0.172319	0.0508698	1.810824	2.324789
31170	-3885.485	-4146.056	260.5706	0.8981487	0.42632	0.335091	0.176994	0.0615943	1.690184	2.521552
31176	-3884.48	-4145.28	260.7991	0.7197018	0.454705	0.361764	0.117035	0.0664971	1.663886	2.511786
31182	-3894.995	-4156.046	261.0512	0.7197018	0.437291	0.34791	0.153922	0.0608772	1.715767	2.320058
31188	-3895.927	-4156.379	260.4515	0.7197018	0.445558	0.319679	0.178825	0.0559375	1.690759	2.710125
31194	-3920.795	-4183.314	262.5188	0.5701515	0.324757	0.42347	0.180651	0.0711216	2.455178	0.6867569
31200	-3913.407	-4175.962	262.5549	0.5064311	0.429579	0.293344	0.255049	0.0220283	2.484277	0.6867569
31206	-3904.787	-4167.226	262.4382	0.6116634	0.408424	0.328144	0.242489	0.0209435	2.400971	0.8228901
31212	-3913.806	-4173.982	260.1759	0.6138852	0.465215	0.262476	0.220695	0.0516142	1.484802	3.069098
31218	-3920.51	-4180.388	259.8785	0.7340543	0.457335	0.25803	0.233895	0.0507399	1.418579	3.209722
31224	-3911.595	-4173.998	262.4036	0.6766697	0.36056	0.368683	0.252744	0.0180137	2.421029	0.7482405
31230	-3914.863	-4175.044	260.1813	0.8378968	0.549057	0.200518	0.201561	0.0488641	1.632091	2.834996
31236	-3892.355	-4152.787	260.4318	0.7293672	0.540765	0.232988	0.168859	0.0573886	1.495559	2.834996
31242	-3892.569	-4153.288	260.7185	0.7045872	0.492909	0.172512	0.290573	0.0440057	1.614712	2.602402
31248	-3886.632	-4147.158	260.5257	0.8353685	0.548818	0.0800237	0.315683	0.0554757	1.669892	2.602402
31254	-3874.749	-4135.429	260.6806	0.8779974	0.483183	0.223419	0.277929	0.0154688	1.648908	2.491589
31260	-3890.192	-4151.136	260.9446	0.7698082	0.457291	0.187362	0.33003	0.0253178	1.726495	2.34741
31266	-3904.014	-4164.409	260.395	0.8271666	0.462627	0.194385	0.298581	0.0444074	1.570756	2.749023
31272	-3903.228	-4162.564	259.3363	0.799804	0.520889	0.133621	0.300759	0.0447313	1.473198	3.45582
31278	-3898.739	-4158.722	259.9832	0.854502	0.497358	0.160041	0.287172	0.0554288	1.446574	3.055679
31284	-3897.001	-4156.513	259.5128	0.7490003	0.486438	0.156528	0.280867	0.0761681	1.487262	3.375552
31290	-3895.19	-4155.339	260.1486	0.7680838	0.515695	0.174036	0.231372	0.0788957	1.414126	3.030181
31296	-3901.849	-4161.787	259.9377	0.9306054	0.448379	0.113034	0.330498	0.108089	1.524579	2.989299
31302	-3898.103	-4157.822	259.719	0.6254285	0.509091	0.128338	0.239846	0.122725	1.462193	3.345962
31308	-3889.577	-4149.392	259.8148	0.5905204	0.474333	0.292501	0.195257	0.0379082	1.505292	3.285745
31314	-3894.443	-4153.98	259.5362	0.7789376	0.400086	0.27521	0.226129	0.0985753	1.489832	3.341719
31320	-3892.215	-4152.322	260.1064	0.7709496	0.485873	0.211707	0.225454	0.0769655	1.572527	2.958628
31326	-3895.667	-4154.411	258.7437	0.8137539	0.442331	0.192734	0.335608	0.0293271	1.524359	3.761635
31332	-3897.001	-4156.043	259.0421	0.7106101	0.413679	0.321196	0.241636	0.0234882	1.48703	3.673591
31338	-3892.484	-4151.771	259.2869	0.7221067	0.49143	0.238653	0.225513	0.0444044	1.421867	3.562313
31344	-3884.695	-4143.46	258.7648	0.7345152	0.522024	0.321362	0.120507	0.036107	1.39896	3.869632
31350	-3878.661	-4137.39	258.7292	0.8146877	0.466933	0.326423	0.139901	0.0667427	1.419712	3.82969
31356	-3880.374	-4139.747	259.3727	0.6397586	0.461242	0.260485	0.225012	0.0532606	1.396216	3.578056
31362	-3881.177	-4141.305	260.1281	0.6397586	0.4897	0.246726	0.213127	0.0504472	1.50975	3.066412
31368	-3895.802	-4155.177	259.3752	0.5627477	0.374701	0.43511	0.152551	0.0376384	1.41624	3.611891
31374	-3879.966	-4140.399	260.4323	0.8186964	0.432847	0.35501	0.17016	0.041983	1.553457	2.742151
31380	-3875.287	-4135.678	260.3912	0.7386303	0.503015	0.29428	0.154556	0.0481488	1.694456	2.73254
31386	-3870.849	-4131.291	260.442	0.7545276	0.446851	0.186166	0.324211	0.0427727	1.588933	2.75577
31392	-3873.706	-4134.099	260.3933	0.7612226	0.480442	0.182817	0.318379	0.0183626	1.583151	2.78465
31398	-3887.891	-4148.559	260.6681	0.8115449	0.461664	0.313494	0.207197	0.017645	1.56635	2.593752
31404	-3873.844	-4134.257	260.4132	0.6726521	0.501815	0.253788	0.225217	0.0191796	1.64554	2.791649
31410	-3884.367	-4145.495	261.1279	0.7390603	0.427349	0.292195	0.260953	0.0195033	1.707471	2.263268
31416	-3879.571	-4140.982	261.411	0.7912768	0.505367	0.162976	0.308593	0.0230639	1.785881	1.990899
31422	-3870.888	-4132.048	261.1602	0.8038186	0.430966	0.138983	0.353278	0.0767741	1.737247	2.179233
31428	-3882.275	-4143.477	261.2023	0.8038186	0.442686	0.215239	0.281516	0.0605588	1.718505	2.164072
31434	-3880.918	-4141.181	260.2634	0.8324473	0.449082	0.218349	0.258761	0.0738087	1.718505	2.735732
31440	-3895.764	-4156.587	260.8226	0.5816942	0.462986	0.24134	0.21958	0.076094	1.715187	2.555928
31446	-3890.773	-4151.514	260.7404	0.643661	0.471985	0.246031	0.223848	0.0581355	1.687893	2.583478
31452	-3898.447	-4159.425	260.9776	0.792438	0.517143	0.130356	0.279827	0.0726737	1.718687	2.316243
31458	-3897.766	-4159.203	261.4367	0.759464	0.584547	0.195609	0.137698	0.082146	1.778888	2.000695
31464	-3901.111	-4162.786	261.6746	0.6383339	0.506535	0.19089	0.230452	0.0721233	1.90997	1.83784
31470	-3895.798	-4157.362	261.5648	0.7686311	0.438921	0.272531	0.185579	0.102969	1.748371	1.928779
31476	-3907.586	-4169.148	261.5619	0.7066593	0.490178	0.264043	0.178981	0.0667987	1.77636	1.955988
31482	-3899.107	-4161.047	261.9401	0.7066593	0.48714	0.268604	0.177871	0.0663847	1.798538	1.679672
31488	-3902.197	-4163.755	261.5586	0.7066593	0.530598	0.292566	0.113571	0.0632663	1.793346	1.946816
31494	-3890.32	-4151.503	261.183	0.8175688	0.464296	0.268442	0.191725	0.0755377	1.776632	2.129335
31500	-3874.527	-4135.903	261.3753	0.785095	0.490769	0.218503	0.243181	0.0475467	1.773157	2.027459
31506	-3889.362	-4150.629	261.267	0.7664408	0.533566	0.208849	0.205891	0.051693	1.66731	2.180761
31512	-3880.892	-4141.683	260.7915	0.7012995	0.502795	0.242952	0.216572	0.0376814	1.702276	2.504684
31518	-3884.133	-4144.783	260.6504	0.6970735	0.442606	0.273451	0.24376	0.0401832	1.710919	2.589897
31524	-3897.294	-4158.276	260.9816	0.7372114	0.458063	0.239718	0.255853	0.0463659	1.589603	2.432313
31530	-3910.344	-4171.444	261.0998	0.7494601	0.415988	0.28119	0.270035	0.0327871	1.642783	2.315599
31536	-3905.347	-4165.911	260.564	0.7875788	0.491842	0.281615	0.201056	0.0254864	1.469361	2.732976
31542	-3897.546	-4157.435	259.8888	0.7978657	0.523255	0.156798	0.264752	0.0551951	1.473164	3.131344
31548	-3909.015	-4168.867	259.8515	0.849095	0.593209	0.113567	0.206408	0.0868155	1.457013	3.131344
31554	-3893.825	-4155.439	261.614	0.8506659	0.468399	0.219664	0.262808	0.0491285	1.844673	1.770235
31560	-3887.72	-4148.138	260.4179	0.8217168	0.472851	0.212601	0.268893	0.0456556	1.669728	2.677801
31566	-3898.285	-4158.044	259.759	0.8162154	0.472851	0.212601	0.268893	0.0456556	1.543403	3.155341
31572	-3901.143	-4160.731	259.5884	0.8349451	0.573942	0.225016	0.121492	0.0795498	1.580805	3.22273
31578	-3894.731	-4155.457	260.7254	0.7892716	0.474544	0.186046	0.278924	0.0604857	1.676322	2.504236
31584	-3889.304	-4149.277	259.9734	0.7429361	0.489913	0.292735	0.118101	0.0992508	1.596807	3.041591
31590	-3880.695	-4141.288	260.5934	0.6110057	0.387891	0.333362	0.249578	0.0291689	1.661234	2.711758
31596	-3882.821	-4143.565	260.7436	0.7030381	0.387891	0.333362	0.249578	0.0291689	1.654223	2.563321
31602	-3873.763	-4134.994	261.2307	0.6435824	0.434479	0.253295	0.279553	0.0326722	1.719834	2.254228
31608	-3901.576	-4162.674	261.0981	0.6884281	0.489297	0.212513	0.266987	0.0312036	1.529986	2.429042
31614	-3900.744	-4161.371	260.6275	0.7486703	0.482222	0.20944	0.263127	0.0452112	1.584813	2.64825
31620	-3910.837	-4171.552	260.7148	0.7486703	0.482222	0.20944	0.263127	0.0452112	1.634672	2.563385
31626	-3906.739	-4167.705	260.9663	0.8616759	0.436079	0.184709	0.287836	0.0913768	1.673456	2.306248
31632	-3901.047	-4162.107	261.0596	0.8342203	0.467608	0.198063	0.304684	0.0296455	1.731847	2.227241
31638	-3907.542	-4168.688	261.1456	0.7795145	0.409712	0.29452	0.245662	0.0501061	1.697948	2.230529
31644	-3924.955	-4186.354	261.3998	0.6972925	0.463062	0.234922	0.184417	0.117599	1.74	2.094358
31650	-3926.812	-4188.271	261.4594	0.7808967	0.463062	0.234922	0.184417	0.117599	1.810145	1.949521
31656	-3908.505	-4170.19	261.6854	0.7300557	0.415218	0.21065	0.287586	0.086546	1.89751	1.771833
31662	-3912.156	-4172.615	260.4587	0.7916448	0.518593	0.170275	0.166259	0.144874	1.439491	2.812834
31668	-3918.832	-4179.133	260.3014	0.8274885	0.481456	0.22422	0.170799	0.123525	1.560189	2.81229
31674	-3919.86	-4180.395	260.5347	0.8354296	0.533353	0.244479	0.101617	0.12055	1.557636	2.666117
31680	-3911.048	-4171.443	260.395	0.8224547	0.446185	0.360626	0.0767734	0.116416	1.506084	2.791466
31686	-3900.786	-4160.344	259.5583	0.8224547	0.57005	0.276517	0.064168	0.0892644	1.424048	3.340605
31692	-3908.162	-4169.009	260.8466	1.055946	0.429459	0.282177	0.231363	0.0570008	1.777639	2.189982
31698	-3897.497	-4158.699	261.2026	0.7484231	0.421918	0.329373	0.2273	0.0214088	1.758749	2.175559
31704	-3890.247	-4151.327	261.0805	0.6779109	0.479813	0.26034	0.23748	0.0223676	1.753994	2.30526
31710	-3893.732	-4154.774	261.0425	0.72818	0.446004	0.230151	0.31075	0.0130947	1.725956	2.3134
31716	-3887.525	-4148.85	261.3253	0.6963338	0.432624	0.309609	0.236742	0.0210252	1.728658	2.151167
31722	-3910.566	-4170.697	260.131	0.8811743	0.500918	0.272342	0.208246	0.0184945	1.747848	2.76787
31728	-3889.944	-4149.877	259.9332	0.8811743	0.545446	0.144847	0.286662	0.0230448	1.559617	3.001404
31734	-3894.246	-4154.285	260.0387	0.771919	0.499814	0.203221	0.26268	0.0342843	1.650815	2.951603
31740	-3890.693	-4151.702	261.0094	0.5333917	0.418984	0.342513	0.196635	0.0418682	1.691701	2.485242
31746	-3892.223	-4152.678	260.4553	0.6959941	0.415155	0.359797	0.206557	0.0184902	1.593996	2.782286
31752	-3897.442	-4157.954	260.512	0.8176625	0.459742	0.270548	0.226726	0.0429835	1.662367	2.626949
31758	-3892.395	-4153.863	261.4689	0.7676251	0.476501	0.252154	0.211312	0.0600334	1.759632	1.986341
31764	-3884.393	-4145.608	261.2149	0.7676251	0.487233	0.258475	0.216609	0.0376831	1.787157	2.135871
31770	-3889.699	-4151.055	261.3565	0.7676251	0.519644	0.27567	0.160386	0.0443005	1.787157	2.04277
31776	-3904.546	-4165.646	261.1002	0.8263207	0.46128	0.366613	0.132687	0.0394195	1.748837	2.19533
31782	-3898.907	-4160.624	261.717	0.8269776	0.424141	0.273462	0.228383	0.0740141	1.896572	1.678537
31788	-3899.787	-4161.394	261.607	0.7252295	0.534646	0.229758	0.158645	0.0769504	1.897181	1.829902
31794	-3894.542	-4156.044	261.5025	0.7252295	0.529617	0.200371	0.172802	0.0972099	1.81583	1.95614
31800	-3897.201	-4159.084	261.8821	0.6304088	0.522581	0.259	0.170507	0.0479127	1.829212	1.755868
31806	-3910.007	-4171.535	261.5273	0.8175258	0.549475	0.20437	0.235691	0.0104643	1.892146	1.821373
31812	-3901.085	-4161.969	260.8844	1.009603	0.417377	0.222577	0.225462	0.134584	1.757201	2.208457
31818	-3886.78	-4148.038	261.2578	0.7342645	0.343592	0.246353	0.282283	0.127772	1.756059	2.151109
31824	-3877.587	-4138.647	261.0602	0.7596244	0.385277	0.27624	0.31653	0.0219541	1.708768	2.291896
31830	-3872.832	-4133.521	260.689	0.6517691	0.385277	0.27624	0.31653	0.0219541	1.604641	2.661345
31836	-3890.864	-4152.01	261.1469	0.6217532	0.367832	0.26425	0.310419	0.0574996	1.735368	2.312695
31842	-3890.493	-4151.971	261.4785	0.6469089	0.423999	0.311651	0.192649	0.0717013	1.7604	2.064266
31848	-3900.463	-4162.106	261.6426	0.5697492	0.400069	0.395029	0.137067	0.0678348	1.818462	1.97049
31854	-3910.407	-4171.791	261.3831	0.7175037	0.492512	0.288894	0.158784	0.0598095	1.793078	2.056296
31860	-3913.889	-4174.266	260.377	0.5403042	0.397181	0.369601	0.221621	0.0115973	1.589731	2.931427
31866	-3911.314	-4171.791	260.477	0.8238844	0.487345	0.26041	0.232569	0.0196761	1.60281	2.681185
31872	-3909.455	-4170.025	260.5695	0.6705443	0.418825	0.296364	0.261816	0.0229952	1.60281	2.723626
31878	-3912.944	-4172.371	259.4273	0.8804258	0.525464	0.125273	0.328478	0.0207847	1.46861	3.35608
31884	-3892.837	-4154.289	261.4515	0.6582756	0.457017	0.281503	0.206782	0.054698	1.709623	2.107515
31890	-3882.734	-4143.661	260.9278	0.8007717	0.489841	0.308602	0.151272	0.0502851	1.752612	2.320792
31896	-3882.725	-4143.738	261.013	0.8352077	0.479739	0.264072	0.174253	0.0819364	1.742517	2.249707
31902	-3893.428	-4154.241	260.8134	0.9409358	0.444816	0.259424	0.201167	0.0945921	1.826127	2.254354
31908	-3896.118	-4157.167	261.0485	0.7626591	0.564195	0.163611	0.255156	0.0170377	1.848962	2.207186
31914	-3892.466	-4153.376	260.9099	0.702963	0.484984	0.136195	0.350643	0.0281783	1.868596	2.32402
31920	-3885.878	-4146.452	260.574	0.7255552	0.408057	0.247104	0.295025	0.049814	1.746693	2.596411
31926	-3909.037	-4169.486	260.4486	0.7311082	0.465969	0.140253	0.336895	0.0568836	1.837391	2.614191
31932	-3910.391	-4171.893	261.502	0.6316174	0.446673	0.297517	0.232353	0.0234573	1.821736	2.018776
31938	-3916.932	-4178.296	261.3642	0.6927253	0.478803	0.248078	0.249066	0.0240529	1.901442	2.014405
31944	-3910.855	-4173.221	262.366	0.5840072	0.43161	0.362735	0.179004	0.0266505	2.078828	1.239274
31950	-3910.439	-4172.704	262.2652	0.5602193	0.312928	0.373558	0.245932	0.0675823	2.078049	1.342375
31956	-3896.754	-4159.037	262.2834	0.5975394	0.439978	0.329127	0.164174	0.0667209	2.020945	1.342375
31962	-3889.081	-4151.409	262.3275	0.5665843	0.467336	0.313048	0.156154	0.0634614	2.081067	1.284365
31968	-3891.604	-4153.749	262.1448	0.7774689	0.521659	0.275685	0.126473	0.0761824	2.152871	1.190693
31974	-3896.082	-4158.406	262.3239	0.6739555	0.358111	0.348617	0.219078	0.074194	2.1322	1.147933
31980	-3917.484	-4178.136	260.6516	0.6956591	0.451916	0.126733	0.285205	0.136146	1.517505	2.709292
31986	-3902.313	-4163.048	260.7352	0.8731305	0.433814	0.211724	0.21029	0.144171	1.659455	2.453937
31992	-3894.151	-4155.342	261.1912	0.7627593	0.513033	0.219918	0.158431	0.108618	1.774005	2.163219
31998	-3915.534	-4177.47	261.9358	0.636475	0.490197	0.26507	0.151379	0.0933535	1.918262	1.650254
32004	-3910.323	-4172.174	261.8507	0.7495688	0.395994	0.324142	0.198871	0.0809931	2.060282	1.521237
32010	-3900.281	-4162.4	262.1188	0.6645034	0.497843	0.239585	0.202707	0.0598649	2.077029	1.372312
32016	-3902.973	-4164.882	261.9083	0.9672539	0.493252	0.246597	0.200838	0.0593128	2.045393	1.314055
32022	-3906.204	-4168.17	261.9655	0.7177422	0.518415	0.155402	0.255198	0.0709855	1.919708	1.565233
32028	-3885.37	-4147.016	261.6459	0.8472769	0.475352	0.190943	0.261083	0.0726225	1.882097	1.724131
32034	-3904.265	-4166.84	262.5753	0.5348932	0.347923	0.385774	0.21877	0.0475327	2.187103	0.9972669
32040	-3906.204	-4168.513	262.3089	0.5450736	0.5163	0.196195	0.247405	0.0400998	2.063258	1.331812
32046	-3894.867	-4156.998	262.1305	0.7186808	0.427227	0.29558	0.238532	0.0386616	2.063258	1.328398
32052	-3909.365	-4171.473	262.1086	0.6422968	0.467141	0.286303	0.215753	0.0308029	2.068755	1.405129
32058	-3897.287	-4159.426	262.1393	0.6422968	0.44655	0.250079	0.267278	0.0360927	1.881013	1.524419
32064	-3896.094	-4158.504	262.4099	0.5412854	0.462298	0.318881	0.207352	0.0114689	1.991118	1.311696
32070	-3885.959	-4148.191	262.2324	0.6359782	0.30214	0.418542	0.275757	0.00356075	1.908697	1.438277
32076	-3902.122	-4163.733	261.611	0.7486953	0.504516	0.21945	0.270088	0.00594578	1.906108	1.803845
32082	-3887.365	-4149.384	262.0186	0.7090183	0.504516	0.21945	0.270088	0.00594578	1.992722	1.478154
32088	-3880.92	-4143.158	262.2375	0.5531025	0.371872	0.407057	0.189009	0.0320623	1.93797	1.478154
32094	-3891.349	-4153.845	262.4954	0.5172983	0.402856	0.339016	0.204757	0.0533721	2.133565	1.139618
32100	-3875.388	-4137.862	262.4733	0.5689301	0.372694	0.388503	0.189427	0.0493762	2.133565	1.111895
32106	-3879.697	-4142.204	262.5065	0.5681218	0.382967	0.399212	0.194649	0.0231718	2.148266	1.068422
32112	-3895.73	-4158.24	262.5099	0.5950683	0.381919	0.39928	0.194116	0.0246854	2.130382	1.055539
32118	-3888.756	-4151.158	262.4013	0.6308275	0.36258	0.383355	0.187734	0.0663314	2.168777	1.08601
32124	-3900.1	-4162.512	262.412	0.6308275	0.437965	0.33824	0.165366	0.0584285	2.151447	1.092152
32130	-3893.028	-4155.352	262.3244	0.6308275	0.384705	0.361063	0.204542	0.0496906	2.17729	1.147971
32136	-3883.127	-4145.47	262.3434	0.6308275	0.441347	0.280956	0.234657	0.0430402	2.139099	1.164874
32142	-3908.361	-4169.474	261.1129	0.7798921	0.486369	0.150625	0.315607	0.0473988	1.852143	2.151571
32148	-3901.875	-4163.165	261.2896	0.7653293	0.472782	0.146417	0.30679	0.0740105	1.782303	2.091727
32154	-3921.866	-4183.15	261.2842	0.6936203	0.542786	0.126282	0.24302	0.0879122	1.782303	2.144891
32160	-3895.871	-4156.862	260.9905	0.7643178	0.494203	0.220937	0.26492	0.01994	1.654171	2.367856
32166	-3887.697	-4148.219	260.5221	0.7643178	0.493204	0.22049	0.264384	0.0219213	1.657493	2.658258
32172	-3894.729	-4155.418	260.689	0.6525549	0.508197	0.261872	0.171079	0.0588515	1.687366	2.609786
32178	-3894.902	-4155.9	260.9977	0.6514218	0.536607	0.259516	0.169539	0.034338	1.678072	2.423689
32184	-3889.79	-4150.989	261.1987	0.7951144	0.662202	0.180859	0.118153	0.0387858	1.753951	2.149263
32190	-3886.813	-4147.932	261.1182	0.978503	0.594649	0.247891	0.1061	0.0513597	1.935203	1.957901
32196	-3891.519	-4152.623	261.1042	0.8791376	0.52227	0.244196	0.188425	0.0451084	1.862307	2.08297
32202	-3892.894	-4154.141	261.2469	0.8260335	0.43885	0.277814	0.237679	0.0456569	1.855265	2.029723
32208	-3891.611	-4152.543	260.9316	0.8073688	0.439766	0.278393	0.238565	0.0432757	1.767274	2.304588
32214	-3886.105	-4147.279	261.1736	0.5970474	0.43197	0.309636	0.234335	0.0240582	1.743157	2.307242
32220	-3897.833	-4158.289	260.4558	0.5970474	0.453926	0.312486	0.188392	0.0451956	1.588491	2.848903
32226	-3899.873	-4159.483	259.6095	0.7244441	0.444102	0.317689	0.191529	0.04668	1.630273	3.249631
32232	-3889.814	-4150.519	260.7052	0.6896571	0.432311	0.193474	0.364618	0.00959675	1.579555	2.642067
32238	-3899.903	-4161.051	261.1478	0.5531756	0.440321	0.342882	0.184252	0.0325451	1.63651	2.420222
32244	-3907.696	-4168.049	260.3525	0.7214528	0.529292	0.193697	0.221482	0.0555296	1.59171	2.829856
32250	-3904.766	-4165.2	260.4347	0.843358	0.526014	0.190653	0.209993	0.0733401	1.51365	2.74931
32256	-3905.854	-4165.73	259.8761	0.8549467	0.568702	0.130799	0.227034	0.0734657	1.611453	3.02077
32262	-3912.671	-4173.162	260.4911	0.8351892	0.490212	0.148503	0.272958	0.0883263	1.586388	2.675393
32268	-3908.319	-4168.739	260.4205	0.8382405	0.503198	0.117159	0.286828	0.0928146	1.542279	2.743768
32274	-3893.165	-4152.925	259.7599	0.5990264	0.525526	0.197864	0.193835	0.0827748	1.586639	3.264909
32280	-3878.535	-4138.266	259.7313	0.6990768	0.419676	0.274932	0.184571	0.120821	1.572565	3.227643
32286	-3893.166	-4152.785	259.6187	0.667405	0.418286	0.286377	0.225977	0.0693602	1.454657	3.38318
32292	-3880.022	-4139.756	259.7335	0.6236207	0.512709	0.195328	0.235231	0.0567325	1.507501	3.311898
32298	-3886.574	-4146.022	259.4482	0.6625222	0.463472	0.205968	0.236449	0.0941111	1.461544	3.482002
32304	-3893.047	-4152.535	259.4885	0.6243899	0.402464	0.290702	0.220961	0.0858733	1.461544	3.482002
32310	-3882.019	-4141.38	259.3609	0.7305792	0.415908	0.280442	0.228342	0.0753084	1.47668	3.482002
32316	-3875.128	-4134.585	259.4578	0.552665	0.435442	0.30978	0.225167	0.029611	1.497988	3.522393
32322	-3887.508	-4147.423	259.9146	0.5728629	0.442772	0.323251	0.222232	0.0117452	1.4966	3.24288
32328	-3884.714	-4143.403	258.6883	0.7244382	0.517904	0.17528	0.293078	0.0137382	1.498157	3.86269
32334	-3894.251	-4154.14	259.8888	0.5974956	0.485988	0.230615	0.208533	0.0748644	1.572349	3.198045
32340	-3891.412	-4151.91	260.4981	0.5974956	0.573111	0.214052	0.182778	0.030058	1.60363	2.81374
32346	-3904.318	-4165.018	260.7008	0.5133109	0.53636	0.309516	0.129492	0.0246319	1.776365	2.637046
32352	-3900.553	-4161.963	261.4102	0.5727321	0.486686	0.280851	0.187483	0.0449805	1.757069	2.162213
32358	-3906.845	-4167.933	261.0881	0.5714096	0.488362	0.281818	0.165898	0.0639216	1.744032	2.378085
32364	-3902.483	-4163.565	261.0827	0.7457095	0.471997	0.305885	0.160339	0.0617795	1.713673	2.283707
32370	-3906.73	-4167.252	260.5226	0.7617497	0.531072	0.246563	0.157025	0.0653404	1.702086	2.632112
32376	-3898.343	-4159.134	260.7909	0.7507018	0.465018	0.243241	0.196471	0.0952703	1.689429	2.480409
32382	-3911.826	-4172.654	260.8279	0.7518047	0.455128	0.29118	0.160448	0.093244	1.673789	2.466331
32388	-3905.741	-4165.931	260.1902	0.6464917	0.538319	0.226237	0.189776	0.0456687	1.597928	2.972121
32394	-3893.34	-4155.326	261.986	0.7559141	0.429478	0.272794	0.188905	0.108823	1.913835	1.524546
32400	-3909.559	-4169.84	260.2806	0.9194677	0.530357	0.157403	0.263819	0.048422	1.588446	2.749838
32406	-3894.506	-4155.337	260.8312	0.7659882	0.406873	0.321534	0.202393	0.0691996	1.675114	2.454023
32412	-3891.976	-4152.844	260.8682	0.6661721	0.407962	0.319719	0.202935	0.0693847	1.748898	2.450775
32418	-3894.787	-4156.139	261.3524	0.7212581	0.490153	0.283793	0.142691	0.0833635	1.88262	2.014675
32424	-3886.651	-4148.328	261.6778	0.6638925	0.520955	0.302612	0.151658	0.0247754	1.842157	1.863592
32430	-3889.572	-4150.825	261.2537	0.7503369	0.467509	0.271566	0.238692	0.0222336	1.736609	2.155429
32436	-3881.531	-4142.312	260.7806	0.7615634	0.467509	0.271566	0.238692	0.0222336	1.665622	2.49458
32442	-3891.637	-4152.561	260.9237	0.6501955	0.440343	0.309084	0.225267	0.0253053	1.659969	2.482359
32448	-3893.059	-4154.228	261.1698	0.6780814	0.51459	0.244759	0.193286	0.0473654	1.641941	2.319676
32454	-3897.814	-4158.705	260.8915	0.5707435	0.490407	0.233257	0.257667	0.0186694	1.599882	2.591858
32460	-3908.283	-4168.625	260.3419	0.6164677	0.370043	0.279155	0.276018	0.0747842	1.523541	2.944637
32466	-3927.662	-4189.16	261.4983	0.6164677	0.46907	0.23625	0.264195	0.030486	1.716807	2.101086
32472	-3904.681	-4166.412	261.7302	0.7907499	0.479622	0.28363	0.152208	0.0845404	1.863492	1.719467
32478	-3894.733	-4156.258	261.5247	0.7611943	0.455279	0.292235	0.16538	0.0871054	1.724761	1.97691
32484	-3910.057	-4169.915	259.8576	0.7144375	0.504707	0.256953	0.183335	0.0550058	1.432492	3.226125
32490	-3899.402	-4159.094	259.692	0.721807	0.5214	0.232376	0.189399	0.0568252	1.306365	3.393392
32496	-3905.831	-4165.134	259.3038	0.6882188	0.436754	0.17932	0.312472	0.0714551	1.528542	3.511278
32502	-3903.347	-4162.894	259.5475	0.7359391	0.478509	0.269887	0.19945	0.0521533	1.522499	3.342558
32508	-3897.082	-4157.02	259.9377	0.8130324	0.553128	0.20526	0.160635	0.0809772	1.591019	3.022278
32514	-3893.569	-4154.027	260.4583	0.6165525	0.357495	0.314986	0.289926	0.037593	1.496754	2.890568
32520	-3894.869	-4155.65	260.7812	0.6135987	0.345494	0.279193	0.280193	0.0951196	1.435931	2.733049
32526	-3885.064	-4145.469	260.4056	0.6135987	0.448952	0.219464	0.290241	0.0413438	1.566311	2.882249
32532	-3879.851	-4140.484	260.6333	0.6436525	0.452405	0.177979	0.32353	0.0460857	1.563294	2.726207
32538	-3890.564	-4151.813	261.2491	0.6436525	0.317667	0.389668	0.227174	0.0654904	1.655277	2.283767
32544	-3883.133	-4144.027	260.8941	0.7723768	0.479022	0.263362	0.159882	0.0977338	1.717529	2.383409
32550	-3892.849	-4153.935	261.0867	0.7723768	0.373489	0.37275	0.200727	0.053034	1.707398	2.267178
32556	-3891.653	-4151.014	259.361	0.8479979	0.50503	0.167623	0.257976	0.0693704	1.538898	3.373429
32562	-3890.814	-4150.709	259.8952	0.8994968	0.498722	0.266096	0.190774	0.0444071	1.606809	2.984536
32568	-3907.989	-4168.365	260.3764	0.768373	0.51847	0.241379	0.193985	0.0461654	1.509967	2.834872
32574	-3887.738	-4148.313	260.5751	0.5514842	0.3244	0.382012	0.23715	0.0564379	1.619655	2.786299
32580	-3888.101	-4148.687	260.5856	0.7794624	0.367821	0.367579	0.22819	0.0364102	1.699949	2.582903
32586	-3902.52	-4163.626	261.1056	0.846018	0.477716	0.341176	0.139816	0.0412921	1.718931	2.197923
32592	-3892.82	-4153.576	260.7563	0.8249216	0.494721	0.179901	0.279411	0.045967	1.782529	2.394598
32598	-3911.554	-4172.551	260.997	0.7121009	0.45047	0.277166	0.254419	0.0179457	1.660643	2.394598
32604	-3902.055	-4164.674	262.619	0.543427	0.324491	0.438214	0.142535	0.0947608	2.348351	0.7438262
32610	-3900.766	-4163.413	262.6475	0.4809379	0.345451	0.441277	0.117849	0.0954233	2.382552	0.7438262
32616	-3901.91	-4164.521	262.6109	0.4809379	0.347843	0.409696	0.0965143	0.145946	2.421336	0.7405622
32622	-3895.653	-4158.273	262.6201	0.4809379	0.399781	0.415957	0.126851	0.0574119	2.439104	0.6962263
32628	-3900.673	-4163.319	262.6459	0.4571747	0.416874	0.275755	0.235225	0.0721459	2.436127	0.6962263
32634	-3907.886	-4170.487	262.6011	0.4019891	0.385755	0.372062	0.174873	0.0673105	2.574026	0.6008639
32640	-3881.187	-4143.563	262.376	0.612939	0.444415	0.257548	0.224941	0.0730954	2.60602	0.5420482
32646	-3888.35	-4150.793	262.4434	0.5724067	0.393145	0.339421	0.19899	0.0684441	2.580652	0.5443857
32652	-3893.857	-4156.231	262.3732	0.5339136	0.275289	0.474382	0.206392	0.0439376	2.692914	0.5267691
32658	-3884.558	-4146.996	262.4383	0.5567581	0.27675	0.433568	0.240886	0.0487957	2.591218	0.5901102
32664	-3894.483	-4157	262.5171	0.5512929	0.284091	0.445067	0.247275	0.0235672	2.516628	0.5945588
32670	-3913.124	-4173.491	260.3663	0.6778636	0.480616	0.148771	0.280413	0.0901995	1.548234	2.87584
32676	-3902.722	-4162.912	260.1905	0.9062895	0.599549	0.100686	0.226809	0.0729568	1.53713	2.844142
32682	-3909.749	-4169.801	260.052	1.009576	0.599549	0.100686	0.226809	0.0729568	1.546448	2.859176
32688	-3910.722	-4170.97	260.2483	0.9312656	0.496557	0.161234	0.264103	0.0781062	1.625803	2.739391
32694	-3900.721	-4160.863	260.1422	0.9312656	0.536932	0.137741	0.251074	0.0742531	1.511116	2.873767
32700	-3911.223	-4171.006	259.7834	0.9138678	0.482904	0.245904	0.213781	0.0574099	1.651569	3.01596
32706	-3906.837	-4167.155	260.3178	0.9162555	0.415017	0.361108	0.186204	0.0376719	1.600231	2.721872
32712	-3898.257	-4158.949	260.6913	0.7959748	0.546355	0.154113	0.214364	0.0851682	1.592098	2.573511
32718	-3906.045	-4166.68	260.6349	0.8745634	0.543294	0.187657	0.213163	0.0558854	1.6013	2.552003
32724	-3913.038	-4175.511	262.4735	0.611734	0.439539	0.26925	0.272629	0.0185824	2.23049	0.9754769
32730	-3893.245	-4155.707	262.4616	0.5563061	0.447536	0.297948	0.229926	0.0245908	2.24896	1.026709
32736	-3870.73	-4133.231	262.5007	0.5547609	0.475196	0.316363	0.18061	0.0278313	2.214769	1.023545
32742	-3876.539	-4139.099	262.5595	0.5149306	0.467333	0.311128	0.177621	0.0439181	2.251854	0.9680466
32748	-3876.865	-4139.431	262.5656	0.5773953	0.418109	0.361057	0.181542	0.0392922	2.230085	0.9163387
32754	-3882.591	-4145.078	262.4866	0.5523877	0.405604	0.309962	0.228752	0.0556824	2.297078	0.9570596
32760	-3893.734	-4156.222	262.4872	0.5523877	0.401123	0.325878	0.21342	0.0595798	2.22287	1.03113
32766	-3892.392	-4154.945	262.5536	0.5523877	0.386922	0.285141	0.241458	0.086479	2.23171	0.9554137
32772	-3885.905	-4148.475	262.5702	0.5145795	0.325243	0.354258	0.247806	0.0726934	2.273484	0.9343545
32778	-3898.97	-4161.558	262.5879	0.5356942	0.314443	0.445063	0.152211	0.0882834	2.302812	0.8567955
32784	-3891.785	-4152.773	260.988	0.8512523	0.464953	0.164395	0.353753	0.016899	1.623515	2.331151
32790	-3882.627	-4142.657	260.0305	0.7786702	0.461419	0.167164	0.292949	0.0784678	1.557022	3.008625
32796	-3902.497	-4162.781	260.2842	0.7786702	0.511682	0.178341	0.226264	0.083714	1.403874	2.94823
32802	-3897.087	-4159.543	262.4559	0.5980035	0.467396	0.364608	0.117896	0.0500996	2.315545	0.9193504
32808	-3889.775	-4152.362	262.5867	0.5425518	0.416302	0.404459	0.105008	0.0742301	2.343341	0.7981867
32814	-3888.819	-4151.312	262.4936	0.6462001	0.506151	0.240765	0.196722	0.0563628	2.265634	0.8757554
32820	-3881.743	-4144.194	262.4507	0.6376138	0.382496	0.407898	0.149059	0.0605465	2.359799	0.8245005
32826	-3884.952	-4147.525	262.5727	0.5727904	0.423409	0.370892	0.165003	0.0406959	2.359799	0.7505114
32832	-3892.487	-4154.263	261.7755	0.6925817	0.466001	0.282975	0.157942	0.0930827	1.878605	1.749836
32838	-3895.068	-4156.638	261.5694	0.7321039	0.483373	0.293524	0.12655	0.0965528	1.86335	1.873838
32844	-3900.071	-4161.777	261.7065	0.7829636	0.593798	0.125798	0.256099	0.0243048	1.86335	1.741971
32850	-3892.865	-4154.315	261.4499	0.7960739	0.364778	0.29765	0.308312	0.02926	1.834602	1.928677
32856	-3905.189	-4166.956	261.7669	0.6530631	0.5382	0.208328	0.215791	0.0376812	2.065581	1.65317
32862	-3891.785	-4153.75	261.9654	0.7662402	0.48851	0.189094	0.276164	0.0462329	1.861223	1.570608
32868	-3903.751	-4165.471	261.7203	0.7347356	0.504675	0.195351	0.252211	0.0477628	1.898744	1.743168
32874	-3910.828	-4172.704	261.876	0.7587341	0.352468	0.372223	0.241951	0.0333578	1.933975	1.588541
32880	-3905.708	-4167.282	261.5742	0.6471564	0.385196	0.366262	0.204359	0.0441835	1.845307	1.943732
32886	-3916.298	-4177.896	261.5977	0.9496813	0.423898	0.336333	0.187659	0.0521103	1.832957	1.718702
32892	-3903.31	-4164.626	261.3161	0.8638655	0.459917	0.263865	0.222426	0.0537921	1.728012	2.042166
32898	-3884.88	-4145.685	260.8043	0.7643554	0.424057	0.267048	0.254454	0.054441	1.702045	2.455092
32904	-3887.368	-4148.018	260.6506	0.7643554	0.455378	0.286773	0.199387	0.0584621	1.650398	2.583197
32910	-3886.081	-4146.459	260.3778	0.7285253	0.421239	0.299818	0.218133	0.060809	1.499175	2.866095
32916	-3877.062	-4136.841	259.7791	0.7697183	0.422012	0.300368	0.216699	0.0609206	1.469513	3.216155
32922	-3885.409	-4146.034	260.6247	0.7922553	0.489691	0.249242	0.203779	0.0572884	1.64795	2.58261
32928	-3882.462	-4142.994	260.5326	0.7138151	0.446935	0.25704	0.233615	0.0624097	1.598793	2.720612
32934	-3876.452	-4137.183	260.731	0.6882515	0.415626	0.313447	0.196842	0.0740858	1.618632	2.602935
32940	-3878.45	-4139.427	260.977	0.5287206	0.323815	0.400108	0.255239	0.020838	1.592465	2.570243
32946	-3875.446	-4136.667	261.2211	0.553017	0.395723	0.348676	0.226306	0.0292948	1.667531	2.354335
32952	-3887.964	-4149.348	261.3838	0.6364681	0.337758	0.436381	0.200858	0.0250037	1.717908	2.161357
32958	-3893.647	-4154.793	261.1457	0.6591367	0.291565	0.399492	0.269989	0.0389547	1.64	2.348996
32964	-3894.683	-4155.081	260.3975	0.7774575	0.531658	0.287675	0.106927	0.0737405	1.64	2.73695
32970	-3886.647	-4147.001	260.3538	0.7774575	0.473044	0.25596	0.238101	0.0328948	1.587929	2.795423
32976	-3892.616	-4152.927	260.3118	0.7554045	0.367112	0.354387	0.257453	0.0210478	1.653154	2.795423
32982	-3888.851	-4148.943	260.0919	0.8893827	0.55994	0.135083	0.282682	0.0222953	1.624747	2.861374
32988	-3901.16	-4161.047	259.8874	0.8368805	0.457423	0.160209	0.354415	0.027953	1.639354	3.008571
32994	-3898.113	-4158.289	260.1759	0.6357357	0.43698	0.347927	0.200531	0.0145622	1.492161	3.050884
33000	-3909.717	-4169.965	260.2485	0.5703813	0.373398	0.3245	0.28852	0.0135816	1.488256	3.050884
33006	-3911.73	-4171.773	260.043	0.6950217	0.432397	0.292832	0.235194	0.0395761	1.562349	3.050884
33012	-3900.469	-4161.117	260.6479	0.7989218	0.502147	0.172355	0.279538	0.0459601	1.54775	2.625909
33018	-3910.877	-4171.445	260.5676	0.835221	0.54697	0.197162	0.193042	0.0628259	1.542288	2.655429
33024	-3913.209	-4173.044	259.8356	0.919453	0.49826	0.284445	0.18095	0.0363451	1.585361	3.020911
33030	-3914.918	-4177.406	262.4878	0.5607351	0.407421	0.345051	0.176214	0.0713148	2.174734	1.06826
33036	-3898.024	-4160.559	262.5351	0.5417226	0.29888	0.457027	0.161116	0.0829765	2.135985	1.078672
33042	-3909.942	-4172.473	262.5307	0.5808903	0.389993	0.368272	0.201377	0.0403579	2.147211	1.033661
33048	-3919.286	-4181.721	262.435	0.5808903	0.490622	0.225468	0.253337	0.030573	2.202525	1.072147
33054	-3905.308	-4167.5	262.1923	0.7324542	0.45028	0.20516	0.304264	0.0402957	2.028285	1.294944
33060	-3900.543	-4160.929	260.3863	0.8768756	0.52723	0.177047	0.23033	0.0653932	1.721241	2.630252
33066	-3886.191	-4146.535	260.3437	0.8814303	0.550355	0.140951	0.240432	0.0682615	1.543969	2.762339
33072	-3892.298	-4152.567	260.2695	0.8190176	0.549362	0.143008	0.239604	0.0680262	1.535871	2.851786
33078	-3893.595	-4153.362	259.7678	0.7639676	0.514982	0.149112	0.24983	0.0860762	1.527475	3.192094
33084	-3895.051	-4155.596	260.5451	0.7108989	0.516055	0.128719	0.264199	0.091027	1.633406	2.693634
33090	-3911.216	-4173.197	261.981	0.495637	0.345584	0.467694	0.164833	0.0218889	1.855875	1.765378
33096	-3919.668	-4182.012	262.3442	0.4180987	0.345584	0.467694	0.164833	0.0218889	1.901552	1.523975
33102	-3923.246	-4183.634	260.3877	0.7429709	0.445143	0.173734	0.312053	0.0690702	1.589656	2.795833
33108	-3913.964	-4172.783	258.8189	0.9489356	0.542159	0.151561	0.212886	0.093394	1.377801	3.72248
33114	-3909.822	-4171.506	261.6838	0.6616115	0.414965	0.331819	0.136116	0.117099	1.749159	1.924345
33120	-3900.614	-4161.999	261.3847	0.6261125	0.396066	0.354198	0.13797	0.111766	1.753519	2.144673
33126	-3907.476	-4169.126	261.65	0.4858555	0.397696	0.355656	0.187448	0.0592002	1.842903	2.00608
33132	-3887.984	-4148.62	260.6358	0.7836785	0.443873	0.259297	0.239324	0.0575061	1.65429	2.577332
33138	-3895.147	-4155.836	260.6889	0.7416701	0.450758	0.230101	0.269966	0.0491746	1.702586	2.541824
33144	-3897.783	-4158.897	261.1141	0.6569044	0.508759	0.173179	0.249737	0.0683248	1.840984	2.242186
33150	-3903.409	-4164.565	261.1563	0.8342359	0.5767	0.205913	0.135103	0.0822842	1.942047	2.026564
33156	-3900.297	-4161.781	261.4835	0.6949459	0.45965	0.362884	0.107682	0.0697849	1.917604	1.922015
33162	-3897.012	-4158.482	261.4695	0.6474183	0.458856	0.277891	0.245699	0.0175542	1.806151	2.039608
33168	-3898.119	-4159.264	261.1448	0.8232705	0.410772	0.273971	0.282234	0.0330227	1.74664	2.169907
33174	-3888.75	-4150.289	261.5392	0.4929734	0.496858	0.331629	0.155381	0.0161312	1.795445	2.106023
33180	-3887.504	-4148.349	260.8451	0.7238958	0.279699	0.522764	0.16681	0.0307276	1.663937	2.480217
33186	-3901.53	-4162.929	261.3987	0.7848499	0.446026	0.347221	0.110796	0.0959566	1.812494	1.985799
33192	-3915.352	-4177.432	262.0798	0.623751	0.478234	0.246974	0.215593	0.0591985	1.80168	1.640232
33198	-3884.256	-4145.911	261.6547	0.6279912	0.454278	0.274513	0.214976	0.0562331	1.829271	1.913906
33204	-3911.518	-4173.584	262.0658	0.5318004	0.357287	0.414883	0.18316	0.04467	1.923743	1.631377
33210	-3902.982	-4164.715	261.7331	0.5669952	0.427169	0.405446	0.121971	0.0454142	1.817674	1.911937
33216	-3899.941	-4161.687	261.7455	0.4563149	0.32198	0.475375	0.154114	0.0485314	1.734128	2.033823
33222	-3884.323	-4145.825	261.5018	0.6356404	0.332453	0.490837	0.1266	0.05011	1.768453	2.0514
33228	-3887.013	-4148.679	261.666	0.6473279	0.506946	0.273448	0.176851	0.0427551	1.831555	1.890793
33234	-3885.057	-4146.638	261.5812	0.5538603	0.470209	0.238741	0.264029	0.0270214	1.800548	2.034305
33240	-3882.105	-4143.816	261.7109	0.6122679	0.501944	0.209601	0.281848	0.00660697	1.870312	1.859015
33246	-3893.539	-4155.302	261.7627	0.6230685	0.501984	0.249641	0.202826	0.0455483	1.846486	1.832055
33252	-3880.426	-4140.816	260.3904	0.5943681	0.450806	0.289858	0.215762	0.0435745	1.589558	2.889601
33258	-3889.078	-4148.751	259.6731	0.7414669	0.379974	0.334171	0.242503	0.0433524	1.543479	3.252684
33264	-3887.212	-4147.944	260.7316	0.5450621	0.409546	0.292937	0.252396	0.045121	1.528182	2.750659
33270	-3894.251	-4154.979	260.7274	0.5450621	0.44213	0.288023	0.224505	0.0453418	1.532417	2.750659
33276	-3902.737	-4163.461	260.7242	0.7116049	0.45418	0.295873	0.230624	0.019322	1.743675	2.514062
33282	-3905.623	-4167.775	262.1526	0.7529607	0.456665	0.316858	0.153722	0.0727549	1.853464	1.44688
33288	-3898.062	-4159.911	261.849	0.5196998	0.454109	0.315085	0.152862	0.0779434	1.853464	1.841636
33294	-3909.27	-4171.653	262.3828	0.5527976	0.429002	0.278277	0.211711	0.0810098	2.082844	1.248962
33300	-3904.607	-4165.51	260.9034	0.6513588	0.450093	0.250316	0.228549	0.0710429	1.730468	2.450111
33306	-3894.576	-4155.497	260.9213	0.5867857	0.450093	0.250316	0.228549	0.0710429	1.75484	2.466275
33312	-3886.051	-4147.457	261.4059	0.5296787	0.536645	0.234408	0.189789	0.0391585	1.750145	2.198296
33318	-3901.044	-4160.81	259.7664	0.6374529	0.48731	0.356471	0.117606	0.0386133	1.628607	3.212286
33324	-3889.809	-4150.232	260.423	0.569027	0.555716	0.266135	0.134115	0.0440337	1.524895	2.924936
33330	-3891.265	-4150.945	259.6794	0.7930136	0.578059	0.115926	0.278038	0.0279768	1.467107	3.262046
33336	-3892.877	-4152.743	259.866	0.7002909	0.479688	0.259124	0.230723	0.0304644	1.519704	3.178382
33342	-3892.923	-4153.187	260.2642	0.7002909	0.456834	0.272011	0.219731	0.0514251	1.553412	2.920055
33348	-3910.849	-4171.866	261.0174	0.7289543	0.586113	0.110637	0.238124	0.0651257	1.683107	2.356144
33354	-3916.923	-4177.458	260.5347	0.7722553	0.566605	0.0981485	0.263249	0.0719973	1.719609	2.606936
33360	-3903.497	-4164.214	260.7171	0.7253654	0.430429	0.300479	0.214399	0.0546936	1.686184	2.545217
33366	-3908.337	-4168.599	260.2613	0.6551244	0.446142	0.312715	0.222226	0.0189179	1.561957	2.945477
33372	-3901.935	-4162.145	260.2101	0.6936362	0.438147	0.307111	0.218243	0.0364989	1.572367	2.945477
33378	-3901.654	-4162.171	260.5172	0.6936362	0.567297	0.178949	0.199916	0.053838	1.572367	2.759291
33384	-3889.235	-4149.469	260.2338	0.6235889	0.561403	0.17709	0.252581	0.0089255	1.57842	2.97215
33390	-3897.702	-4158.82	261.118	0.7013379	0.396282	0.251447	0.336416	0.0158557	1.786928	2.244214
33396	-3898.121	-4159.677	261.5561	0.6143881	0.453509	0.244708	0.295848	0.00593382	1.786928	2.018057
33402	-3885.768	-4147.33	261.5621	0.7347051	0.453509	0.244708	0.295848	0.00593382	1.811209	1.912358
33408	-3905.415	-4167.171	261.7563	0.5554532	0.32751	0.43854	0.213652	0.0202979	1.805865	1.912358
33414	-3903.694	-4165.412	261.7179	0.5185209	0.324794	0.434903	0.222586	0.0177167	1.805865	1.963664
33420	-3913.905	-4173.618	259.7133	0.9912098	0.491019	0.282969	0.161067	0.0649443	1.449509	3.131664
33426	-3900.373	-4161.261	260.8879	0.7784022	0.550378	0.16392	0.238712	0.0469902	1.700974	2.393778
33432	-3897.685	-4159.964	262.2794	0.6339058	0.410534	0.312684	0.20351	0.0732723	2.017972	1.3173
33438	-3905.381	-4167.456	262.0753	0.6512566	0.437129	0.354699	0.158712	0.0494596	1.970215	1.498515
33444	-3901.749	-4162.609	260.8595	0.7888327	0.523009	0.274388	0.157949	0.0446535	1.697544	2.406984
33450	-3900.129	-4161.021	260.8917	0.8667857	0.40648	0.334312	0.224503	0.0347045	1.786484	2.278309
33456	-3907.106	-4168.205	261.0985	0.7247325	0.410788	0.337856	0.226789	0.0245666	1.594921	2.363428
33462	-3911.393	-4173.582	262.1886	0.6901482	0.485285	0.207615	0.248216	0.0588843	1.926066	1.414427
33468	-3894.218	-4156.59	262.3714	0.4691173	0.422762	0.335269	0.216236	0.0257333	1.885975	1.479868
33474	-3897.95	-4159.794	261.8436	0.4460368	0.428312	0.312418	0.201498	0.0577721	1.768861	1.951591
33480	-3892.277	-4153.37	261.0936	0.7473102	0.382939	0.350642	0.180152	0.086268	1.700886	2.283833
33486	-3889.227	-4150.109	260.8823	0.5953582	0.352003	0.317216	0.221755	0.109026	1.659852	2.544315
33492	-3902.394	-4163.07	260.6763	0.5547202	0.42052	0.289092	0.202095	0.0882935	1.513984	2.78696
33498	-3887.919	-4148.618	260.6987	0.453306	0.489255	0.275981	0.185553	0.0492115	1.563258	2.804771
33504	-3883.538	-4144.916	261.3781	0.5311256	0.409243	0.350353	0.226086	0.0143185	1.787209	2.191386
33510	-3880.755	-4142.345	261.5895	0.744688	0.500806	0.311566	0.170106	0.0175221	1.759242	1.921835
33516	-3893.882	-4155.625	261.7425	0.6720803	0.471296	0.282017	0.223649	0.0230375	1.779602	1.856237
33522	-3889.853	-4152.315	262.4623	0.666388	0.426832	0.403156	0.133436	0.0365755	2.131495	1.027868
33528	-3896.74	-4159.164	262.4244	0.6336952	0.447422	0.395008	0.130739	0.0268309	2.164548	1.065605
33534	-3892.795	-4155.089	262.2931	0.6439154	0.31953	0.490391	0.162309	0.0277706	2.164548	1.174449
33540	-3893.372	-4155.622	262.2504	0.7199544	0.392067	0.367047	0.206811	0.0340749	2.153094	1.15131
33546	-3885.772	-4147.985	262.2127	0.7199544	0.392067	0.367047	0.206811	0.0340749	2.074979	1.250608
33552	-3885.492	-4147.842	262.3496	0.6605117	0.417718	0.354919	0.209744	0.0176192	2.129611	1.140032
33558	-3893.41	-4155.772	262.3628	0.6605117	0.443273	0.28416	0.222575	0.0499917	2.188321	1.074502
33564	-3887.808	-4150.091	262.2822	0.6691738	0.460551	0.268038	0.222063	0.0493481	2.072082	1.239925
33570	-3910.515	-4172.842	262.327	0.7246258	0.450705	0.321506	0.186059	0.0417307	2.110242	1.116715
33576	-3908.715	-4171.078	262.3638	0.7633056	0.450705	0.321506	0.186059	0.0417307	2.173873	0.9816178
33582	-3888.06	-4150.39	262.3301	0.7804988	0.480613	0.342841	0.132046	0.0445	2.166577	1.004734
33588	-3899.299	-4161.739	262.4392	0.646343	0.468543	0.256571	0.188838	0.0860477	2.142471	1.059853
33594	-3895.019	-4157.1	262.0804	0.7827022	0.449683	0.372901	0.106278	0.0711371	2.209874	1.192385
33600	-3903.758	-4166.172	262.4142	0.6429221	0.534518	0.256986	0.140138	0.0683578	2.117427	1.109608
33606	-3899.163	-4161.164	262.0009	0.7001556	0.497943	0.142954	0.211592	0.147511	2.098013	1.418457
33612	-3898.694	-4160.963	262.2688	0.7001556	0.476788	0.196266	0.197608	0.129338	2.140956	1.1643
33618	-3892.397	-4154.677	262.2805	0.7022448	0.458147	0.287362	0.162877	0.0916138	2.142879	1.150357
33624	-3916.415	-4178.386	261.9717	0.8312803	0.283135	0.467151	0.187006	0.0627087	2.053198	1.368521
33630	-3885.064	-4147.14	262.0752	0.7636182	0.439832	0.221787	0.25043	0.0879513	2.19904	1.223171
33636	-3902.447	-4164.753	262.306	0.5608739	0.373984	0.363762	0.212938	0.0493165	2.047171	1.333942
33642	-3905.563	-4167.926	262.363	0.6803437	0.428013	0.359274	0.157705	0.0550076	2.013359	1.211245
33648	-3897.993	-4160.45	262.4569	0.6803437	0.40736	0.335738	0.185853	0.0710492	2.05275	1.093472
33654	-3877.329	-4139.827	262.4975	0.5802618	0.436153	0.282778	0.167997	0.113073	2.353729	0.8487528
33660	-3881.823	-4144.149	262.3258	0.7038155	0.336063	0.420223	0.163271	0.0804433	2.394422	0.8495774
33666	-3891.38	-4153.755	262.3751	0.6440795	0.433782	0.365504	0.142011	0.0587031	2.394422	0.8663239
33672	-3889.157	-4151.569	262.4121	0.662503	0.465948	0.318454	0.152542	0.0630561	2.394422	0.7951978
33678	-3891.014	-4153.617	262.6027	0.5343516	0.368035	0.3709	0.22676	0.0343054	2.347827	0.7816469
33684	-3887.538	-4150.066	262.5284	0.5667231	0.361639	0.364454	0.231613	0.0422933	2.311979	0.8784274
33690	-3897.233	-4159.758	262.525	0.5746228	0.375115	0.340771	0.240244	0.0438693	2.356282	0.8186312
33696	-3891.252	-4153.859	262.6074	0.5622479	0.413562	0.319805	0.225463	0.0411702	2.290452	0.8137586
33702	-3881.537	-4144.197	262.6596	0.4663608	0.413996	0.320141	0.232984	0.0328782	2.290452	0.8681978
33708	-3883.851	-4146.45	262.5993	0.5425514	0.423791	0.314767	0.239483	0.0219598	2.242157	0.9055643
33714	-3885.342	-4147.727	262.3854	0.661582	0.493282	0.285902	0.174637	0.0461788	2.242157	0.999518
33720	-3889.651	-4152.144	262.4938	0.6193553	0.448325	0.311012	0.197484	0.0431798	2.219031	0.9580035
33726	-3887.553	-4149.832	262.2786	0.7113636	0.353706	0.364354	0.231354	0.0505856	2.094085	1.186214
33732	-3896.409	-4158.983	262.5739	0.5060202	0.353706	0.364354	0.231354	0.0505856	2.101737	1.107803
33738	-3899.31	-4161.817	262.507	0.6053134	0.337607	0.367977	0.233655	0.0607608	2.066297	1.107803
33744	-3892.117	-4154.508	262.3915	0.529393	0.319726	0.38284	0.243093	0.0543406	2.035257	1.30072
33750	-3882.449	-4144.855	262.4055	0.5883028	0.413106	0.344857	0.171826	0.0702113	2.08821	1.194003
33756	-3891.808	-4154.056	262.2484	0.6552615	0.380001	0.377169	0.187925	0.054906	2.132847	1.229661
33762	-3887.784	-4150.277	262.4927	0.5960838	0.37479	0.361899	0.206755	0.056555	2.027755	1.163665
33768	-3898.189	-4160.504	262.3148	0.5795138	0.455827	0.321042	0.162894	0.0602365	2.021543	1.331944
33774	-3882.071	-4144.143	262.0724	0.5934643	0.478967	0.291254	0.166485	0.0632943	1.956184	1.556363
33780	-3894.431	-4157.016	262.5857	0.4511685	0.380371	0.431307	0.138057	0.0502651	2.018663	1.217245
33786	-3881.666	-4144.033	262.3673	0.5303885	0.428649	0.301263	0.213443	0.0566449	2.105248	1.26235
33792	-3898.091	-4160.185	262.0935	0.6258281	0.428649	0.301263	0.213443	0.0566449	2.003152	1.480189
33798	-3895.421	-4157.179	261.7584	0.9640969	0.448147	0.229614	0.270602	0.0516373	2.003152	1.466672
33804	-3872.175	-4134.28	262.1055	0.6539114	0.456547	0.233918	0.214018	0.0955172	2.072899	1.394807
33810	-3878.267	-4140.39	262.1231	0.6675264	0.470765	0.241203	0.220683	0.0673503	2.040844	1.394807
33816	-3897.399	-4159.647	262.2485	0.6675264	0.480703	0.246295	0.218325	0.0546765	1.9592	1.36044
33822	-3902.175	-4163.402	261.2272	0.55717	0.43887	0.303694	0.163572	0.0938636	1.717017	2.316277
33828	-3906.746	-4168.35	261.6047	0.530207	0.423203	0.369481	0.116803	0.0905127	1.765545	2.057984
33834	-3899.155	-4161.037	261.8823	0.6036062	0.396598	0.315705	0.259164	0.0285335	1.899394	1.726266
33840	-3890.048	-4152.567	262.5194	0.4763166	0.381135	0.320761	0.23325	0.0648542	1.937551	1.319065
33846	-3900.158	-4162.581	262.4225	0.4763166	0.337556	0.41112	0.2177	0.033624	1.990521	1.354216
33852	-3888.712	-4151.024	262.3119	0.5909016	0.438527	0.353674	0.164117	0.0436817	1.963367	1.370962
33858	-3907.038	-4169.175	262.137	0.6400362	0.43794	0.361771	0.177133	0.0231559	1.945886	1.479298
33864	-3896.721	-4158.442	261.7209	0.5992578	0.360113	0.35416	0.246102	0.0396251	1.749947	1.943206
33870	-3895.408	-4157.08	261.6715	0.6274589	0.400036	0.332548	0.176474	0.090942	1.663522	2.014216
33876	-3894.763	-4155.746	260.9821	0.6688646	0.426782	0.351415	0.188273	0.0335306	1.725285	2.392056
33882	-3901.001	-4161.922	260.9216	0.6688646	0.510394	0.325658	0.129419	0.0345293	1.586205	2.517401
33888	-3909.819	-4170.454	260.6351	0.6688646	0.463331	0.33043	0.182849	0.0233892	1.586205	2.694693
33894	-3908.261	-4167.256	258.9955	0.7291501	0.508771	0.215285	0.195405	0.0805399	1.347374	3.769843
33900	-3904.028	-4162.155	258.1274	0.7668634	0.476909	0.198311	0.219387	0.105392	1.24991	4.298346
33906	-3903.039	-4162.109	259.0709	0.6157618	0.479245	0.203373	0.220461	0.0969206	1.324412	3.808751
33912	-3898.381	-4158.108	259.7268	0.7849488	0.47081	0.180476	0.262705	0.0860089	1.30834	3.332642
33918	-3906.135	-4165.755	259.6198	0.7849488	0.534853	0.148589	0.21885	0.0977084	1.420354	3.329714
33924	-3906.676	-4166.487	259.811	0.8116557	0.55356	0.0964269	0.318829	0.0311843	1.476945	3.166712
33930	-3903.381	-4163.486	260.1045	0.6286199	0.483463	0.246775	0.240592	0.0291691	1.544604	3.066716
33936	-3889.809	-4150.458	260.6483	0.6377509	0.433102	0.335088	0.183683	0.0481265	1.496427	2.761692
33942	-3890.642	-4151.277	260.6345	0.7027995	0.404909	0.313275	0.236822	0.0449937	1.591954	2.669386
33948	-3892.832	-4153.369	260.5373	0.4976449	0.398355	0.33774	0.230327	0.0335779	1.579664	2.866735
33954	-3888.714	-4149.053	260.3382	0.6673397	0.337209	0.372065	0.253735	0.0369905	1.501593	2.927726
33960	-3904.993	-4164.969	259.9764	0.576789	0.415527	0.282822	0.252194	0.0494564	1.430446	3.24303
33966	-3892.908	-4152.72	259.812	0.5608045	0.409171	0.278496	0.248336	0.063997	1.611399	3.24303
33972	-3903.558	-4163.105	259.5471	0.7063124	0.491594	0.14287	0.249152	0.116384	1.512092	3.367325
33978	-3905.884	-4164.948	259.0641	0.7447997	0.509365	0.204422	0.258159	0.028054	1.426561	3.674943
33984	-3915.742	-4174.746	259.0035	0.6392747	0.460363	0.258187	0.256095	0.0253551	1.442973	3.764994
33990	-3909.977	-4168.808	258.8312	0.5895447	0.429034	0.275896	0.279575	0.0154946	1.389402	3.924909
33996	-3884.976	-4144.603	259.6273	0.6260462	0.414488	0.244147	0.300639	0.0407261	1.522496	3.363984
34002	-3885.563	-4145.545	259.9825	0.7869874	0.402925	0.265233	0.292252	0.03959	1.602794	3.004753
34008	-3897.65	-4158.451	260.8014	0.7220082	0.498572	0.257011	0.220673	0.0237442	1.627514	2.531522
34014	-3899.226	-4160.475	261.2494	0.7213033	0.411498	0.253994	0.210782	0.123725	1.737062	2.177888
34020	-3887.379	-4148.518	261.1391	0.7785348	0.446541	0.226061	0.228732	0.0986667	1.786924	2.177888
34026	-3889.713	-4150.917	261.204	0.6488461	0.474744	0.240339	0.243179	0.0417378	1.78492	2.225885
34032	-3881.54	-4142.536	260.9961	0.6966669	0.445893	0.282839	0.2284	0.0428679	1.824291	2.301575
34038	-3900.026	-4160.956	260.9302	0.7809965	0.552908	0.145351	0.254057	0.0476833	1.822792	2.287683
34044	-3893.892	-4155.586	261.694	0.6305705	0.489509	0.150696	0.2634	0.0963949	1.811541	1.897415
34050	-3883.367	-4145.224	261.8568	0.7856462	0.457756	0.223163	0.256967	0.0621142	1.928027	1.586291
34056	-3909.058	-4170.653	261.5954	0.7050456	0.45844	0.258599	0.2474	0.0355614	1.853229	1.882518
34062	-3902.955	-4164.675	261.7197	0.6283975	0.436255	0.246085	0.235427	0.0822328	1.85442	1.852256
34068	-3900.16	-4161.22	261.0598	0.784266	0.428412	0.233643	0.231195	0.106751	1.715206	2.271417
34074	-3898.765	-4160.163	261.3977	0.727597	0.505715	0.200298	0.177924	0.116063	1.921778	1.9537
34080	-3897.585	-4159.049	261.4642	0.7524171	0.4767	0.276629	0.137267	0.109404	1.852054	1.938267
34086	-3915.443	-4176.634	261.1904	0.7524171	0.443211	0.257195	0.264469	0.0351255	1.843585	2.125465
34092	-3907.479	-4169.788	262.3091	0.6977428	0.402813	0.332418	0.174361	0.0904076	1.975961	1.272239
34098	-3914.642	-4176.744	262.1018	0.8028472	0.434067	0.187559	0.316085	0.0622885	1.960532	1.362431
34104	-3902.484	-4164.593	262.1095	0.7357414	0.549062	0.237248	0.1349	0.0787902	2.033624	1.354434
34110	-3917.77	-4179.554	261.7839	0.5372832	0.346418	0.362395	0.230393	0.0607942	1.848228	1.877546
34116	-3909.618	-4171.716	262.0978	0.5682436	0.376526	0.306979	0.250417	0.0660779	1.949471	1.562006
34122	-3909.18	-4171.514	262.3334	0.5712012	0.342078	0.332004	0.21236	0.113558	2.03423	1.313729
34128	-3902.353	-4164.855	262.5022	0.4950329	0.352755	0.342366	0.218987	0.0858915	2.03423	1.238749
34134	-3905.247	-4167.558	262.3113	0.6211256	0.410984	0.321748	0.210699	0.0565685	2.120456	1.217443
34140	-3918.364	-4180.151	261.7866	0.5941179	0.449846	0.274515	0.197384	0.0782553	1.853848	1.831488
34146	-3920.846	-4183.071	262.2247	0.5645943	0.449846	0.274515	0.197384	0.0782553	1.7455	1.620935
34152	-3918.822	-4180.795	261.9725	0.507444	0.327011	0.372505	0.244944	0.05554	1.919206	1.718658
34158	-3918.089	-4179.992	261.9029	0.6858604	0.407691	0.281333	0.279233	0.0317427	1.94203	1.619183
34164	-3896.108	-4157.423	261.3154	0.5629833	0.38068	0.377147	0.149124	0.0930493	1.728256	2.248707
34170	-3904.893	-4166.123	261.2301	0.6282452	0.477435	0.276517	0.167537	0.0785118	1.716839	2.266917
34176	-3897.448	-4158.304	260.8554	0.6977338	0.541947	0.287287	0.148556	0.02221	1.611024	2.524159
34182	-3913.833	-4174.749	260.9157	0.6245934	0.524257	0.246194	0.178994	0.050555	1.611024	2.534805
34188	-3906.125	-4167.732	261.6074	0.4803176	0.562735	0.262428	0.136332	0.0385055	1.755905	2.095366
34194	-3901.832	-4162.671	260.839	0.8035447	0.505665	0.166767	0.151181	0.176388	1.610377	2.465018
34200	-3897.339	-4156.241	258.9025	0.724728	0.422727	0.217288	0.212528	0.147457	1.324072	3.839461
34206	-3893.508	-4153.138	259.6301	0.7501717	0.406773	0.345902	0.191081	0.0562441	1.347805	3.387777
34212	-3906.352	-4164.659	258.3067	0.8626715	0.486178	0.306402	0.162009	0.045411	1.347805	4.084093
34218	-3894.862	-4154.326	259.4643	0.8953192	0.469341	0.295791	0.191029	0.0438384	1.535175	3.286096
34224	-3899.175	-4158.297	259.1225	0.8747907	0.440064	0.274406	0.15307	0.132461	1.409671	3.572021
34230	-3897.533	-4156.702	259.1683	0.7708676	0.47488	0.257162	0.17491	0.0930493	1.472289	3.572021
34236	-3892.611	-4152.573	259.9613	0.9298664	0.528072	0.261418	0.13741	0.0731	1.590669	2.93581
34242	-3895.142	-4155.762	260.6203	0.7685708	0.497209	0.268743	0.158899	0.0751483	1.641203	2.604886
34248	-3889.806	-4150.703	260.8979	0.8176323	0.474595	0.302003	0.151672	0.0717304	1.641203	2.399283
34254	-3907.78	-4168.426	260.6456	0.8563816	0.474595	0.302003	0.151672	0.0717304	1.62072	2.544941
34260	-3904.532	-4165.667	261.1349	0.6619526	0.487276	0.233547	0.202374	0.0768028	1.560923	2.404027
34266	-3924.278	-4185.519	261.2404	0.6619526	0.458378	0.325765	0.126843	0.0890137	1.70204	2.246904
34272	-3926.348	-4187.806	261.458	0.7683168	0.543372	0.284919	0.136281	0.035428	1.651564	2.064813
34278	-3920.203	-4180.853	260.6491	1.068295	0.53906	0.108757	0.235266	0.116916	1.644718	2.393583
34284	-3918.205	-4179.256	261.0509	1.024464	0.466848	0.255185	0.157519	0.120448	1.612165	2.185011
34290	-3917.042	-4177.227	260.1851	0.8330376	0.483719	0.212383	0.195857	0.108041	1.506903	2.911514
34296	-3891.993	-4151.739	259.7456	0.7163698	0.46247	0.2765	0.200285	0.0607449	1.497864	3.2525
34302	-3904.389	-4164.583	260.1935	0.7771523	0.572357	0.150136	0.247167	0.0303395	1.50184	2.944806
34308	-3895.052	-4155.202	260.1501	0.9329106	0.446741	0.187112	0.308039	0.0581087	1.638519	2.790546
34314	-3903.259	-4163.794	260.5351	0.6122868	0.466688	0.297028	0.167116	0.0691685	1.589267	2.790546
34320	-3895.642	-4156.384	260.7416	0.6122868	0.402627	0.215328	0.267277	0.114767	1.519292	2.707084
34326	-3895.409	-4155.911	260.5018	0.5806654	0.41327	0.338308	0.173795	0.0746266	1.626138	2.808521
34332	-3896.146	-4156.737	260.5906	0.6418335	0.434259	0.365081	0.133611	0.0670492	1.544768	2.764791
34338	-3890.37	-4151.614	261.2441	0.5992182	0.398781	0.335255	0.239661	0.0263033	1.606723	2.347763
34344	-3920.159	-4179.992	259.8327	0.8235644	0.575505	0.135587	0.250782	0.0381253	1.4458	3.164973
34350	-3900.449	-4160.644	260.1952	0.7489941	0.494246	0.259624	0.21489	0.0312394	1.471737	2.97975
34356	-3898.118	-4158.526	260.408	0.5425369	0.494615	0.259071	0.215051	0.0312628	1.555886	2.931757
34362	-3905.363	-4165.826	260.4631	0.6832221	0.487528	0.281343	0.211969	0.0191597	1.645753	2.754203
34368	-3895.686	-4156.219	260.533	0.6838291	0.417455	0.240905	0.320019	0.0216217	1.575219	2.754203
34374	-3902.412	-4163.278	260.866	0.6327644	0.518233	0.299062	0.165623	0.0170824	1.611091	2.560331
34380	-3920.022	-4180.789	260.7666	0.7765955	0.428383	0.367887	0.146829	0.0569013	1.61424	2.525535
34386	-3899.254	-4160.211	260.957	0.8108485	0.485346	0.211324	0.166353	0.136977	1.661526	2.353472
34392	-3900.91	-4162.593	261.6832	0.7163017	0.359005	0.386997	0.176775	0.0772225	1.815917	1.839851
34398	-3919.966	-4181.889	261.9227	0.6939149	0.335938	0.316198	0.260579	0.0872855	1.870707	1.650179
34404	-3902.836	-4164.711	261.8755	0.681154	0.492712	0.204073	0.233417	0.0697979	1.895911	1.67554
34410	-3935.904	-4196.509	260.6052	0.6479672	0.475502	0.258174	0.164873	0.101452	1.619103	2.70642
34416	-3902.531	-4162.615	260.0844	0.8448586	0.469951	0.25516	0.162948	0.111941	1.614579	2.899868
34422	-3889.521	-4150.84	261.3189	0.7385407	0.486061	0.265933	0.0879472	0.160058	1.738602	2.119679
34428	-3892.503	-4153.762	261.2593	0.7737663	0.476316	0.296162	0.149389	0.0781325	1.761014	2.119679
34434	-3905.509	-4166.713	261.204	0.6797213	0.461875	0.320781	0.14486	0.0724839	1.657623	2.286672
34440	-3913.039	-4173.825	260.7865	0.8401649	0.534816	0.236222	0.189103	0.0398595	1.589309	2.487179
34446	-3921.376	-4182.666	261.2899	0.8696085	0.48893	0.170871	0.258139	0.0820607	1.878806	1.955104
34452	-3902.04	-4163.776	261.7355	0.7635128	0.528878	0.21076	0.171597	0.0887655	1.974932	1.656848
34458	-3903.027	-4165.095	262.0674	0.7446349	0.483081	0.240054	0.156738	0.120127	2.082183	1.341819
34464	-3909.828	-4171.58	261.752	0.8437796	0.521377	0.199163	0.221226	0.0582341	1.768933	1.731682
34470	-3910.584	-4172.293	261.7085	0.8437796	0.470367	0.249801	0.199582	0.0802494	1.86664	1.693393
34476	-3897.11	-4158.976	261.8664	0.696745	0.406903	0.27883	0.282321	0.0319455	1.863349	1.693393
34482	-3902.264	-4164.011	261.7471	0.732186	0.411379	0.255902	0.273252	0.0594673	2.068517	1.604867
34488	-3905.779	-4167.606	261.827	0.9069478	0.47433	0.273458	0.221853	0.0303597	1.86539	1.561709
34494	-3915.039	-4177.383	262.3433	0.6518765	0.427024	0.311938	0.235777	0.0252614	1.973375	1.286226
34500	-3918.437	-4181.136	262.6989	0.4265398	0.355652	0.433601	0.0951227	0.115625	2.108238	1.056149
34506	-3912.528	-4174.8	262.272	0.7185896	0.313614	0.382943	0.194656	0.108786	2.166866	1.121012
34512	-3906.216	-4168.51	262.2942	0.6880131	0.45581	0.246425	0.227761	0.0700042	2.169817	1.127606
34518	-3894.882	-4157.01	262.1281	0.6788199	0.436366	0.363349	0.149767	0.0505177	1.94941	1.452231
34524	-3917.726	-4179.94	262.214	0.6788199	0.426987	0.289329	0.213779	0.0699059	1.904055	1.421126
34530	-3914.12	-4175.785	261.6645	0.8105267	0.530899	0.273023	0.116767	0.0793105	1.991809	1.660277
34536	-3909.862	-4171.731	261.8687	0.6595967	0.594559	0.185852	0.130769	0.0888205	1.915234	1.682873
34542	-3906.068	-4167.955	261.8867	0.7102086	0.494967	0.311885	0.141179	0.0519697	1.843593	1.682873
34548	-3907.304	-4169.304	262	0.68193	0.494967	0.311885	0.141179	0.0519697	1.97779	1.524799
34554	-3904.75	-4166.92	262.1708	0.6522112	0.481414	0.3332	0.150827	0.0345589	1.992439	1.407986
34560	-3894.85	-4157.195	262.3446	0.6522112	0.492609	0.270163	0.205359	0.0318687	1.986595	1.273973
34566	-3903.838	-4166.284	262.4461	0.5977255	0.411253	0.31585	0.220194	0.0527029	2.121935	1.119794
34572	-3905.393	-4167.623	262.2302	0.791513	0.483062	0.314358	0.163457	0.039123	2.093055	1.155607
34578	-3900.095	-4162.469	262.3739	0.6382948	0.423326	0.288234	0.239501	0.0489388	2.093055	1.171565
34584	-3905.889	-4168.064	262.1749	0.7456393	0.423633	0.288443	0.239675	0.048249	2.034895	1.292412
34590	-3910.892	-4173.074	262.1825	0.7890265	0.379723	0.353722	0.229798	0.036757	1.959839	1.310082
34596	-3903.059	-4165.248	262.1888	0.7440206	0.383848	0.357565	0.232294	0.0262931	1.93468	1.363057
34602	-3901.425	-4163.767	262.3423	0.6569858	0.416315	0.33899	0.179507	0.0651882	2.164948	1.118234
34608	-3891.97	-4154.129	262.1589	0.8388263	0.413964	0.350318	0.144039	0.0916783	2.120367	1.150751
34614	-3909.702	-4171.946	262.2439	0.6485092	0.485122	0.281188	0.115615	0.118076	2.162136	1.214684
34620	-3896.753	-4158.912	262.1586	0.7406609	0.419215	0.377354	0.123578	0.0798536	2.092706	1.262621
34626	-3899.283	-4161.269	261.9856	0.7570504	0.433284	0.390019	0.127725	0.0489714	2.05348	1.418184
34632	-3895.091	-4157.552	262.461	0.6066828	0.510598	0.336811	0.1103	0.0422905	2.170479	1.052316
34638	-3900.756	-4162.962	262.206	0.7534065	0.384521	0.36698	0.136172	0.112327	2.137061	1.173333
34644	-3912.023	-4174.175	262.1518	0.664717	0.478659	0.238817	0.241295	0.0412288	1.960258	1.437202
34650	-3908.313	-4170.72	262.4068	0.6839434	0.558535	0.166855	0.252857	0.0217529	2.149979	1.045632
34656	-3905.427	-4167.934	262.5067	0.6319055	0.501436	0.258662	0.222605	0.0172969	2.105114	1.045632
34662	-3895.401	-4157.644	262.2429	0.7285164	0.408914	0.382119	0.0736601	0.135307	2.139131	1.162295
34668	-3898.634	-4160.893	262.259	0.7285164	0.465307	0.325244	0.160793	0.0486558	2.163589	1.126252
34674	-3912.271	-4174.809	262.5381	0.5775104	0.406393	0.340046	0.240732	0.012829	2.17057	1.006965
34680	-3908.048	-4170.514	262.4662	0.6439307	0.404879	0.356412	0.223073	0.0156362	2.231312	0.946803
34686	-3924.905	-4187.382	262.4773	0.633588	0.435316	0.262724	0.281112	0.0208479	2.274379	0.8996859
34692	-3911.29	-4173.778	262.488	0.6172324	0.502704	0.284328	0.192149	0.0208196	2.210023	0.9756277
34698	-3909.083	-4171.663	262.5803	0.5798562	0.497945	0.281636	0.186709	0.03371	2.154803	0.9777819
34704	-3914.297	-4176.808	262.5108	0.5798562	0.478351	0.292627	0.193996	0.0350256	2.182516	1.019655
34710	-3913.498	-4176.014	262.5159	0.5814749	0.354346	0.317132	0.293546	0.0349753	2.275189	0.9166967
34716	-3906.115	-4168.746	262.6309	0.5330604	0.439468	0.3818	0.167099	0.0116332	2.190012	0.9386715
34722	-3915.477	-4177.968	262.4903	0.5803896	0.395002	0.325748	0.161785	0.117465	2.148438	1.071408
34728	-3906.562	-4168.85	262.288	0.5803896	0.395002	0.325748	0.161785	0.117465	2.036169	1.340883
34734	-3913.775	-4175.881	262.1063	0.6528529	0.488567	0.202293	0.200107	0.109033	1.810464	1.592435
34740	-3896.276	-4158.547	262.2709	0.4887841	0.459172	0.342171	0.172649	0.0260089	1.815525	1.592435
34746	-3913.458	-4175.53	262.0729	0.4712327	0.436438	0.314212	0.237852	0.0114989	1.870824	1.707073
34752	-3893.011	-4155.121	262.1101	0.4335614	0.438065	0.324138	0.218986	0.0188115	1.869062	1.707073
34758	-3888.207	-4150.02	261.813	0.597164	0.395712	0.28819	0.211098	0.105001	1.873711	1.797318
34764	-3891.89	-4154.146	262.2568	0.5644057	0.414849	0.312762	0.205363	0.0670264	1.935278	1.456696
34770	-3912.803	-4174.032	261.2291	0.9440932	0.455301	0.2747	0.203968	0.0660311	1.632412	2.108226
34776	-3911.896	-4173.496	261.5998	0.7872368	0.437911	0.257291	0.136843	0.167955	1.753912	1.888059
34782	-3889.68	-4151.478	261.7982	0.6866998	0.388235	0.325854	0.264834	0.0210771	1.843655	1.762733
34788	-3880.333	-4142.054	261.7207	0.7395576	0.453454	0.223798	0.27795	0.0447975	1.844207	1.77737
34794	-3875.836	-4137.535	261.699	0.8415546	0.378464	0.304766	0.280952	0.0358179	1.850344	1.713321
34800	-3890.338	-4152.163	261.8254	0.6252457	0.482726	0.261535	0.241099	0.0146404	1.951962	1.713321
34806	-3897.336	-4159.256	261.9201	0.8532053	0.541186	0.181783	0.270296	0.00673475	1.929155	1.486185
34812	-3910.497	-4172.566	262.0688	0.7214672	0.542618	0.182264	0.271012	0.00410573	1.867174	1.524749
34818	-3906.82	-4168.828	262.0078	0.6827931	0.435901	0.250457	0.312145	0.00149659	2.016432	1.489401
34824	-3903.557	-4166.069	262.5116	0.4472021	0.418225	0.334495	0.231961	0.0153189	2.039115	1.265262
34830	-3894.698	-4156.49	261.7923	0.798838	0.526622	0.227836	0.24291	0.00263242	2.02478	1.552439
34836	-3890.765	-4152.534	261.7689	0.798838	0.562242	0.243246	0.191702	0.00281047	2.00137	1.5868
34842	-3908.064	-4169.979	261.9151	0.8683641	0.591624	0.255958	0.151343	0.00107446	2.065602	1.373057
34848	-3901.508	-4163.424	261.9155	0.8076747	0.470428	0.203524	0.323281	0.00276765	1.960018	1.502124
34854	-3897.721	-4160.063	262.3423	0.7120275	0.424887	0.295996	0.235687	0.0434301	2.209918	1.021171
34860	-3888.368	-4150.651	262.2828	0.6730729	0.444166	0.274746	0.246381	0.0347073	2.231075	1.096693
34866	-3905.825	-4168.369	262.544	0.5217235	0.469186	0.261335	0.226592	0.0428873	2.231075	0.9979838
34872	-3902.178	-4164.68	262.5024	0.5623095	0.389369	0.3387	0.248388	0.023543	2.231075	0.9979838
34878	-3893.87	-4156.37	262.5004	0.6161964	0.504615	0.211652	0.249539	0.0341945	2.226988	0.946178
34884	-3891.183	-4153.742	262.5594	0.5949679	0.400409	0.34952	0.238235	0.0118359	2.201949	0.9337621
34890	-3877.263	-4139.74	262.477	0.5949679	0.400522	0.349619	0.238303	0.0115572	2.400561	0.7955705
34896	-3897.964	-4160.413	262.4494	0.5767651	0.359894	0.415548	0.212702	0.0118564	2.431138	0.8167233
34902	-3880.409	-4143.015	262.606	0.4680073	0.358449	0.41388	0.211848	0.0158221	2.311609	0.9036801
34908	-3874.844	-4137.345	262.5008	0.5622513	0.413043	0.368924	0.189855	0.0281778	2.243785	0.9867927
34914	-3887.318	-4149.953	262.6354	0.4420862	0.413266	0.369124	0.189958	0.0276509	2.228417	0.9867927
34920	-3883.545	-4145.928	262.3838	0.5751668	0.453875	0.27973	0.208624	0.0577706	2.309685	1.024291
34926	-3897.23	-4159.688	262.4576	0.5746637	0.342698	0.383277	0.217084	0.0569407	2.330042	0.9282158
34932	-3892.183	-4154.685	262.5016	0.5530755	0.442453	0.324384	0.187234	0.0459294	2.340595	0.8926195
34938	-3883.646	-4146.044	262.3985	0.5794997	0.312825	0.496836	0.110843	0.0794958	2.340595	0.9740726
34944	-3901.139	-4163.523	262.3835	0.6570903	0.494776	0.311388	0.11288	0.080956	2.350242	0.8918121
34950	-3900.328	-4162.833	262.5053	0.6188533	0.441867	0.278089	0.207745	0.0722989	2.350242	0.7913576
34956	-3900.861	-4163.472	262.6115	0.546722	0.468893	0.295099	0.180385	0.0556231	2.376238	0.7053905
34962	-3900.984	-4163.563	262.5785	0.5495366	0.523143	0.31517	0.102281	0.0594063	2.381095	0.7459959
34968	-3909.508	-4172.024	262.5163	0.5764314	0.32897	0.435474	0.116552	0.119005	2.381095	0.7949572
34974	-3912.582	-4174.894	262.3115	0.7150591	0.426682	0.370046	0.15117	0.0521016	2.470033	0.7518077
34980	-3900.912	-4163.451	262.5391	0.5853828	0.423807	0.367552	0.141464	0.0671766	2.332778	0.8162837
34986	-3893.777	-4156.414	262.637	0.532207	0.459686	0.340592	0.159426	0.0402965	2.267037	0.8448893
34992	-3888.119	-4150.553	262.4347	0.6772103	0.420901	0.396228	0.145975	0.0368966	2.310706	0.8531671
34998	-3902.438	-4164.985	262.5476	0.6365509	0.382467	0.423608	0.156062	0.037862	2.272736	0.8133264
35004	-3905.903	-4168.515	262.6122	0.5599157	0.390274	0.432255	0.138836	0.0386348	2.305883	0.790145
35010	-3895.822	-4158.368	262.5461	0.5662162	0.39542	0.40355	0.159017	0.0420129	2.336825	0.8276657
35016	-3901.383	-4163.858	262.4744	0.6712488	0.366701	0.37424	0.184226	0.0748328	2.25363	0.8811805
35022	-3916.218	-4178.65	262.4326	0.6712488	0.391573	0.331797	0.196721	0.0799085	2.295395	0.8811805
35028	-3910.01	-4172.673	262.663	0.4845772	0.437317	0.370557	0.136147	0.0559787	2.295395	0.8367102
35034	-3909.75	-4172.272	262.5223	0.5695393	0.271319	0.503229	0.172973	0.0524797	2.285772	0.9117477
35040	-3910.449	-4172.906	262.4573	0.6064657	0.271319	0.503229	0.172973	0.0524797	2.350336	0.8680768
35046	-3908.008	-4170.425	262.417	0.5704635	0.282273	0.489159	0.179957	0.0486112	2.491327	0.7885423
35052	-3903.7	-4166.254	262.5546	0.5221432	0.322995	0.493938	0.143521	0.0395459	2.403154	0.7888381
35058	-3900.819	-4163.118	262.2986	0.6967795	0.426038	0.314902	0.225982	0.0330787	2.354911	0.9340346
35064	-3911.442	-4174.003	262.5613	0.5391803	0.426038	0.314902	0.225982	0.0330787	2.257622	0.9340346
35070	-3921.442	-4183.888	262.446	0.6825238	0.406479	0.305269	0.254028	0.0342238	2.297287	0.8489416
35076	-3906.763	-4169.404	262.6408	0.4814193	0.412933	0.310116	0.258062	0.01889	2.403644	0.72041
35082	-3901.521	-4164.196	262.6749	0.5122334	0.424374	0.30182	0.254392	0.0194134	2.361816	0.6805803
35088	-3890.929	-4153.35	262.421	0.6139685	0.405521	0.288411	0.24309	0.0629772	2.361662	0.888004
35094	-3890.022	-4152.416	262.3938	0.6756665	0.459478	0.326787	0.124071	0.089664	2.317719	0.8946913
35100	-3884.856	-4147.161	262.3042	0.6756665	0.445639	0.41334	0.112512	0.0285092	2.420357	0.879742
35106	-3878.578	-4141.068	262.4903	0.5648348	0.363965	0.393577	0.185401	0.0570572	2.291872	0.9450521
35112	-3887.521	-4150.006	262.4858	0.5648348	0.402621	0.350341	0.18772	0.059318	2.291872	0.9498504
35118	-3896.52	-4159.117	262.5969	0.5648348	0.410683	0.344769	0.182683	0.061865	2.326158	0.7762341
35124	-3895.734	-4158.114	262.3799	0.6930378	0.384668	0.359989	0.190747	0.064596	2.240065	0.9734047
35130	-3906.071	-4168.339	262.2674	0.6082255	0.519297	0.229372	0.189825	0.0615056	2.389727	1.02598
35136	-3890.801	-4153.22	262.4183	0.5700953	0.426199	0.36636	0.155794	0.0516478	2.278728	1.02598
35142	-3889.588	-4152.069	262.4813	0.5700953	0.408338	0.282386	0.261211	0.0480647	2.248885	0.9931359
35148	-3891.788	-4154.266	262.4781	0.5700953	0.362155	0.351251	0.251985	0.0346085	2.081422	1.153198
35154	-3876.79	-4139.261	262.4707	0.5723771	0.384754	0.351787	0.157682	0.105777	2.214956	1.034755
35160	-3889.413	-4151.931	262.5181	0.5212163	0.434913	0.326862	0.179823	0.0584028	2.317264	0.9361016
35166	-3890.805	-4153.317	262.5119	0.5372285	0.384507	0.356017	0.195863	0.0636123	2.302422	0.9411902
35172	-3883.143	-4145.564	262.4214	0.5505486	0.407583	0.287467	0.207617	0.0973321	2.229826	1.088655
35178	-3879.592	-4142.048	262.4553	0.5790431	0.426888	0.301083	0.217451	0.0545777	2.194939	1.061955
35184	-3879.005	-4141.491	262.4856	0.6096613	0.445786	0.31066	0.183628	0.0599263	2.128022	1.06618
35190	-3872.877	-4135.106	262.2288	0.6569061	0.43121	0.300501	0.177623	0.0906655	2.117938	1.25701
35196	-3892.813	-4155.129	262.3159	0.69526	0.487704	0.264229	0.157547	0.09052	2.05349	1.203734
35202	-3908.367	-4170.511	262.1438	0.7516927	0.36662	0.299214	0.215955	0.118212	2.001798	1.339018
35208	-3899.438	-4161.213	261.7747	0.8077669	0.473955	0.208315	0.248117	0.0696138	1.897816	1.650731
35214	-3901.915	-4163.913	261.998	0.8077669	0.47468	0.208633	0.248496	0.0681906	1.897816	1.486809
35220	-3905.893	-4167.885	261.9918	0.7519294	0.450922	0.160025	0.324276	0.0647776	1.962692	1.486809
35226	-3906.07	-4167.919	261.8492	0.777483	0.389767	0.27676	0.280297	0.0531764	1.973412	1.564863
35232	-3894.962	-4156.188	261.2263	0.7745531	0.475192	0.16404	0.297804	0.0629634	1.753557	2.145602
35238	-3908.871	-4169.82	260.9496	0.7962496	0.526466	0.154282	0.22342	0.0958311	1.735927	2.320574
35244	-3905.815	-4168.347	262.5323	0.5155266	0.433826	0.285093	0.193955	0.0871256	2.525588	0.6285657
35250	-3895.826	-4158.362	262.5361	0.4944241	0.443737	0.291607	0.198387	0.0662697	2.525588	0.6666517
35256	-3907.88	-4170.307	262.4272	0.6654477	0.475613	0.266148	0.178864	0.0793751	2.439643	0.6991604
35262	-3915.32	-4177.664	262.3444	0.7399958	0.618426	0.189824	0.135138	0.0566124	2.443486	0.6991604
35268	-3885.413	-4147.866	262.4522	0.5989965	0.473334	0.264816	0.188526	0.0733245	2.46388	0.7336588
35274	-3898.606	-4161.034	262.4282	0.6817794	0.44507	0.283726	0.202258	0.068946	2.367554	0.7820909
35280	-3895.555	-4158.064	262.5095	0.6392892	0.440852	0.351578	0.14823	0.059339	2.268399	0.8623026
35286	-3896.866	-4159.495	262.6288	0.4809335	0.441876	0.352395	0.148574	0.0571555	2.339907	0.8283179
35292	-3888.751	-4151.393	262.6417	0.4483557	0.356573	0.391022	0.230561	0.0218446	2.316249	0.8789032
35298	-3899.604	-4162.088	262.4845	0.6128743	0.437537	0.288334	0.20319	0.0709388	2.307187	0.8789032
35304	-3899	-4161.45	262.4499	0.6543191	0.4963	0.232222	0.230479	0.0409994	2.221595	0.9625558
35310	-3909.451	-4171.988	262.5376	0.5258342	0.377383	0.247268	0.331693	0.0436558	2.126897	1.099769
35316	-3900.479	-4162.95	262.4715	0.5621345	0.333726	0.334348	0.293321	0.0386055	2.161364	1.094525
35322	-3909.911	-4172.355	262.444	0.5596122	0.352912	0.347214	0.246005	0.0538698	2.195927	1.090419
35328	-3905.538	-4167.901	262.3624	0.6400746	0.356116	0.409044	0.195721	0.0391189	2.120232	1.15615
35334	-3903.986	-4166.196	262.2097	0.6248935	0.452026	0.259953	0.23634	0.0516807	2.016424	1.381488
35340	-3898.881	-4161.036	262.1552	0.6909891	0.394658	0.326131	0.226737	0.0524739	2.000948	1.381488
35346	-3896.04	-4158.012	261.9721	0.6744586	0.506603	0.294406	0.16942	0.0295705	1.974731	1.553564
35352	-3905.212	-4167.083	261.8707	0.8712902	0.450939	0.203012	0.319727	0.0263213	1.974731	1.474974
35358	-3907.867	-4169.966	262.0988	0.6675744	0.547478	0.154934	0.274952	0.0226352	1.960667	1.474974
35364	-3916.75	-4177.492	260.7414	0.8064194	0.521443	0.241086	0.196239	0.0412325	1.641095	2.504978
35370	-3904.257	-4164.695	260.4376	0.7705993	0.321404	0.417458	0.215796	0.0453418	1.583763	2.751269
35376	-3900.006	-4160.583	260.5776	0.6428165	0.40985	0.370539	0.182347	0.0372636	1.625288	2.722873
35382	-3892.74	-4153.467	260.7267	0.5736539	0.385996	0.346591	0.232319	0.0350947	1.629136	2.673595
35388	-3896.254	-4157.581	261.3274	0.5295752	0.407096	0.346966	0.235472	0.0104665	1.627908	2.327213
35394	-3897.603	-4158.303	260.6997	0.6706718	0.44141	0.272871	0.25532	0.0303988	1.748563	2.553308
35400	-3907.913	-4168.741	260.8278	0.6998777	0.489627	0.227881	0.227428	0.0550636	1.605858	2.543142
35406	-3909.095	-4170.24	261.1448	0.6998777	0.405977	0.312554	0.257977	0.0234913	1.659032	2.309986
35412	-3913.962	-4175.112	261.1503	0.7616841	0.380303	0.326754	0.241663	0.05128	1.69151	2.243762
35418	-3912.041	-4173.277	261.2363	0.5754165	0.483477	0.209601	0.243276	0.0636467	1.69785	2.310613
35424	-3887.694	-4149.328	261.6341	0.6167704	0.367824	0.445899	0.147649	0.0386284	1.760564	1.981917
35430	-3894.645	-4155.854	261.209	0.6937617	0.460607	0.330715	0.177274	0.031405	1.612113	2.303041
35436	-3905.889	-4166.743	260.8539	0.7660101	0.514855	0.316109	0.132989	0.0360473	1.68766	2.431853
35442	-3896.934	-4157.577	260.643	0.7635917	0.494334	0.251618	0.210533	0.0435153	1.495838	2.68379
35448	-3892.606	-4152.894	260.2882	0.6041751	0.43744	0.348576	0.186302	0.0276819	1.46186	3.021751
35454	-3897.233	-4155.765	258.5315	0.617966	0.410533	0.327136	0.211421	0.05091	1.384518	4.081868
35460	-3896.026	-4155.895	259.869	0.7356569	0.427115	0.38826	0.131659	0.0529664	1.404487	3.222681
35466	-3909.159	-4169.463	260.3041	0.7507221	0.459025	0.342556	0.141495	0.0569235	1.456547	2.922222
35472	-3905.856	-4166.054	260.1983	0.7169321	0.521296	0.244439	0.189324	0.0449401	1.548979	2.951818
35478	-3895.394	-4154.875	259.481	0.7237666	0.450045	0.298875	0.152007	0.0990737	1.47865	3.414869
35484	-3891.791	-4151.649	259.8577	0.7607591	0.405803	0.269494	0.235369	0.0893342	1.461646	3.179798
35490	-3918.083	-4179.547	261.4645	0.584609	0.383668	0.384652	0.167658	0.0640229	1.837213	2.066113
35496	-3908.043	-4169.597	261.5536	0.6396706	0.383073	0.367142	0.160026	0.0897586	1.79006	1.999829
35502	-3894.652	-4155.389	260.7374	0.6978908	0.417138	0.357479	0.176576	0.0488068	1.576735	2.618559
35508	-3895.667	-4156.305	260.6379	0.7298194	0.429529	0.368097	0.181821	0.0205523	1.642411	2.618559
35514	-3909.177	-4171.237	262.0597	0.621965	0.309025	0.44602	0.153233	0.0917222	1.853307	1.618822
35520	-3904.839	-4166.379	261.5392	0.6630816	0.592981	0.189021	0.136234	0.0817642	1.643848	2.089725
35526	-3915.145	-4176.891	261.746	0.6261218	0.587896	0.211769	0.103876	0.0964587	1.783703	1.884184
35532	-3907.297	-4168.653	261.3564	0.6949643	0.381622	0.425587	0.131906	0.0608848	1.771317	2.103883
35538	-3899.022	-4160.956	261.9342	0.6666432	0.351473	0.391966	0.138735	0.117826	1.790775	1.719369
35544	-3906.621	-4168.835	262.2139	0.4166881	0.323212	0.388538	0.135244	0.153005	1.786625	1.70259
35550	-3891.535	-4153.407	261.8721	0.5284292	0.460231	0.285255	0.170521	0.0839925	1.754043	1.887735
35556	-3900.199	-4162.046	261.8462	0.5469362	0.42484	0.372124	0.136032	0.0670043	1.69903	1.929741
35562	-3898.059	-4159.732	261.6735	0.6518766	0.479468	0.291389	0.153523	0.07562	1.687914	1.97936
35568	-3891.305	-4152.86	261.5553	0.7258937	0.525235	0.185156	0.20677	0.0828383	1.727763	1.97936
35574	-3889.78	-4151.844	262.0643	0.6997999	0.520514	0.183492	0.2139	0.0820937	1.953166	1.480919
35580	-3895.331	-4157.681	262.3498	0.5981541	0.371338	0.328475	0.225147	0.07504	2.169973	1.162346
35586	-3894.457	-4156.738	262.2811	0.5981541	0.411751	0.280557	0.220369	0.0873229	2.169973	1.221522
35592	-3904.223	-4166.004	261.7808	0.6877175	0.464373	0.213053	0.319849	0.00272375	1.811901	1.796176
35598	-3905.812	-4167.766	261.9531	0.6877175	0.479651	0.285738	0.227874	0.00673671	1.920799	1.596737
35604	-3907.484	-4169.355	261.8712	0.7914605	0.481245	0.357993	0.152322	0.00844022	1.921126	1.576337
35610	-3916.076	-4178.073	261.9971	0.7400505	0.594115	0.186774	0.208691	0.0104198	1.961532	1.493133
35616	-3915.429	-4177.083	261.6543	0.7400505	0.417902	0.223462	0.351307	0.00732929	1.79426	1.857275
35622	-3922.348	-4183.724	261.3765	0.6325723	0.507886	0.169741	0.316739	0.00563429	1.773817	2.132376
35628	-3909.971	-4170.917	260.9467	0.708166	0.415097	0.314257	0.258872	0.0117737	1.715068	2.394618
35634	-3901.513	-4162.145	260.6321	0.7070686	0.361131	0.225619	0.287522	0.125728	1.553853	2.691546
35640	-3900.44	-4161.474	261.0339	0.646229	0.466797	0.204316	0.176718	0.152169	1.65332	2.419942
35646	-3901.869	-4162.486	260.6177	0.7063313	0.461702	0.202086	0.185704	0.150509	1.639225	2.648352
35652	-3903.668	-4164.182	260.5149	0.8500519	0.509752	0.243369	0.195019	0.0518602	1.624255	2.627878
35658	-3900.629	-4162.172	261.5425	0.5882304	0.480393	0.241622	0.183787	0.0941988	1.684453	2.112719
35664	-3894.346	-4155.764	261.4181	0.6892088	0.51385	0.226064	0.171953	0.0881333	1.81159	2.040751
35670	-3904.456	-4165.83	261.3744	0.7546498	0.526707	0.230542	0.17158	0.0711712	1.668688	2.118003
35676	-3901.674	-4163.101	261.427	0.8890831	0.545678	0.197865	0.147261	0.109196	1.783984	1.913015
35682	-3893.196	-4154.283	261.0873	0.8502232	0.559145	0.202749	0.144453	0.0936538	1.744917	2.190167
35688	-3902.075	-4163.035	260.9603	0.9210138	0.530382	0.197226	0.22179	0.050602	1.611195	2.310852
35694	-3909.62	-4170.273	260.6532	0.615945	0.452448	0.328681	0.171208	0.0476629	1.649731	2.678872
35700	-3924.123	-4184.712	260.5892	0.5300802	0.441383	0.320643	0.16702	0.070953	1.463597	2.885817
35706	-3903.401	-4164.031	260.6301	0.651007	0.440883	0.321414	0.166831	0.0708725	1.524829	2.746918
35712	-3905.754	-4166.914	261.1606	0.6323033	0.508983	0.274056	0.156554	0.0604069	1.617872	2.371562
35718	-3891.298	-4151.875	260.5768	0.757496	0.499323	0.276745	0.179887	0.0440455	1.71079	2.596013
35724	-3886.74	-4146.506	259.7668	0.9512595	0.511866	0.183839	0.244649	0.0596451	1.632204	3.014667
35730	-3895.991	-4156.284	260.2926	0.7424205	0.543887	0.19917	0.215484	0.0414591	1.533398	2.88807
35736	-3891.674	-4151.21	259.5363	0.8147528	0.488759	0.211063	0.223838	0.07634	1.43268	3.353194
35742	-3894.574	-4154.96	260.3865	0.6812138	0.504266	0.231614	0.158625	0.105494	1.497431	2.892205
35748	-3888.904	-4149.025	260.1208	0.7628715	0.483401	0.283195	0.132275	0.101129	1.547975	2.969855
35754	-3908.156	-4169.018	260.8622	0.6010894	0.421658	0.351478	0.207338	0.0195254	1.592563	2.594853
35760	-3914.911	-4175.939	261.0279	0.790931	0.52118	0.305327	0.085039	0.0884538	1.658496	2.323583
35766	-3926.089	-4187.303	261.2134	0.7829117	0.441959	0.355844	0.0991088	0.103089	1.703849	2.180594
35772	-3898.106	-4157.041	258.9352	0.7402379	0.449612	0.335385	0.165859	0.0491442	1.551761	3.679887
35778	-3901.541	-4161.411	259.8698	0.535654	0.449612	0.335385	0.165859	0.0491442	1.478132	3.302878
35784	-3900.379	-4161.538	261.1593	0.6550017	0.280578	0.418958	0.182227	0.118236	1.633911	2.347006
35790	-3901.94	-4162.583	260.643	0.822294	0.467039	0.316645	0.107724	0.108592	1.676583	2.533874
35796	-3892.445	-4153.125	260.6805	0.6320542	0.464921	0.313561	0.107235	0.114283	1.637488	2.659155
35802	-3889.165	-4150.007	260.8422	0.8515998	0.56256	0.275583	0.103897	0.0579593	1.649017	2.407161
35808	-3892.261	-4152.571	260.3101	0.8463194	0.497521	0.233037	0.254407	0.0150352	1.640964	2.745779
35814	-3895.153	-4154.996	259.8426	0.9022043	0.453106	0.217768	0.315433	0.013693	1.512794	3.070705
35820	-3897.126	-4157.378	260.252	0.7775553	0.532963	0.256148	0.188648	0.0222408	1.53636	2.888405
35826	-3902.582	-4162.976	260.3941	0.7669432	0.520182	0.288188	0.125329	0.0663004	1.535454	2.809573
35832	-3913.19	-4172.668	259.478	0.740074	0.432875	0.372143	0.109367	0.0856149	1.618135	3.324571
35838	-3897.22	-4157.601	260.3805	0.8631621	0.491066	0.233788	0.132155	0.142991	1.664871	2.677263
35844	-3890.234	-4151.795	261.5615	0.8398116	0.359577	0.347819	0.196615	0.0959898	1.874547	1.793829
35850	-3898.282	-4158.81	260.5278	0.7297101	0.346042	0.334278	0.278351	0.0413295	1.728016	2.63378
35856	-3885.55	-4146.091	260.5403	0.7297101	0.368824	0.332005	0.227617	0.0715537	1.695879	2.645889
35862	-3890.32	-4150.829	260.5088	0.7919473	0.378987	0.292682	0.254806	0.0735252	1.661809	2.645889
35868	-3900.368	-4161.698	261.3304	0.7244184	0.395135	0.29728	0.234791	0.0727939	1.913764	2.006359
35874	-3896.8	-4158.521	261.7206	0.6872183	0.410996	0.309213	0.253624	0.0261682	1.842093	1.817325
35880	-3888.381	-4149.838	261.4564	0.8125946	0.460207	0.346236	0.153146	0.0404114	1.97407	1.817325
35886	-3895.406	-4156.505	261.0993	0.7157703	0.440374	0.22561	0.316312	0.0177047	1.837231	2.213974
35892	-3900.881	-4162.018	261.137	0.7335829	0.414046	0.266896	0.297401	0.0216578	1.795617	2.204298
35898	-3911.094	-4172.654	261.5602	0.6858448	0.479376	0.176993	0.320305	0.0233258	1.813232	1.947166
35904	-3911.364	-4173.128	261.7638	0.6673188	0.438181	0.245904	0.29278	0.023135	1.765554	1.854669
35910	-3914.107	-4175.321	261.2136	0.6673188	0.340822	0.359723	0.29635	0.00310433	1.677823	2.276023
35916	-3909.349	-4170.439	261.0906	0.6153096	0.395573	0.324166	0.279608	0.000652269	1.797912	2.31304
35922	-3897.514	-4159.398	261.8831	0.5414106	0.430187	0.352532	0.207962	0.00931935	1.950569	1.73521
35928	-3891.254	-4153.117	261.8633	0.6874104	0.421448	0.335133	0.189227	0.0541925	1.817147	1.73521
35934	-3905.02	-4166.569	261.5498	0.930066	0.526402	0.32861	0.110702	0.0342859	1.839361	1.761802
35940	-3894.236	-4155.738	261.5022	0.8884496	0.539227	0.283433	0.147768	0.0295723	1.731464	1.898123
35946	-3911.319	-4172.154	260.8349	0.8185386	0.473292	0.178083	0.245848	0.102776	1.722344	2.387204
35952	-3905.887	-4166.676	260.7892	0.7075345	0.36216	0.389474	0.146987	0.101379	1.670702	2.521718
35958	-3893.646	-4154.7	261.0539	0.7579566	0.545394	0.174932	0.221355	0.0583188	1.687811	2.3104
35964	-3906.372	-4168.26	261.8871	0.8032923	0.455849	0.230384	0.217293	0.0964731	1.974894	1.515647
35970	-3893.199	-4155.225	262.0265	0.7611296	0.447662	0.226247	0.196948	0.129143	2.076259	1.365136
35976	-3904.95	-4166.849	261.8991	0.75774	0.50269	0.236403	0.236464	0.0244435	2.136682	1.420157
35982	-3898.868	-4160.687	261.8191	0.75774	0.52275	0.198716	0.226009	0.0525252	2.033798	1.557905
35988	-3904.288	-4166.123	261.835	0.75774	0.467263	0.238997	0.228318	0.0654226	2.042243	1.539906
35994	-3909.159	-4171.182	262.023	0.7012046	0.506967	0.232642	0.22881	0.0315815	2.042243	1.443476
36000	-3909.943	-4171.803	261.8598	0.6864334	0.471336	0.153765	0.304642	0.0702565	1.910941	1.672019
36006	-3892.525	-4154.386	261.8613	0.6864334	0.465332	0.27354	0.191766	0.0693615	1.969984	1.628601
36012	-3905.845	-4167.975	262.13	0.588922	0.42793	0.245339	0.215819	0.110911	1.934406	1.533379
36018	-3906.102	-4168.121	262.0189	0.6179176	0.431214	0.247222	0.212329	0.109235	1.935212	1.592074
36024	-3913.806	-4174.666	260.8596	0.7928058	0.468709	0.266559	0.237298	0.0274336	1.599203	2.466151
36030	-3907.899	-4168.498	260.5984	0.7882108	0.529136	0.181129	0.242414	0.0473213	1.543068	2.666237
36036	-3914.386	-4174.972	260.586	0.6988245	0.488448	0.167201	0.322984	0.0213663	1.406171	2.815289
36042	-3919.153	-4180.039	260.886	0.741745	0.479013	0.158377	0.305938	0.0566724	1.483294	2.555596
36048	-3905.955	-4165.2	259.2452	0.9614749	0.474786	0.234075	0.197703	0.0934361	1.466663	3.4155
36054	-3912.742	-4173.525	260.783	0.665961	0.497699	0.233379	0.175764	0.093158	1.596857	2.598846
36060	-3897.404	-4158.555	261.1504	0.754607	0.419163	0.196552	0.290353	0.0939319	1.652191	2.273732
36066	-3904.609	-4165.436	260.8267	0.7608204	0.502318	0.222914	0.181762	0.093006	1.53911	2.545284
36072	-3890.057	-4150.827	260.7701	0.7692925	0.501773	0.250125	0.20395	0.0441524	1.550361	2.567882
36078	-3881.752	-4142.414	260.662	0.8010454	0.490207	0.24436	0.222299	0.0431347	1.521483	2.632064
36084	-3889.546	-4149.444	259.8983	0.9832309	0.478929	0.238738	0.217185	0.065148	1.46971	3.013928
36090	-3902.999	-4163.371	260.3717	0.8794633	0.437342	0.304841	0.198326	0.0594909	1.614057	2.703565
36096	-3886.23	-4146.732	260.5024	0.6824102	0.453139	0.315853	0.180639	0.0503691	1.533803	2.799082
36102	-3896.619	-4156.83	260.2112	1.119955	0.517153	0.29731	0.134382	0.051155	1.612112	2.655592
36108	-3897.196	-4157.641	260.4448	0.9410796	0.614542	0.164981	0.159689	0.0607883	1.555925	2.655592
36114	-3896.602	-4159.076	262.4737	0.5643593	0.482246	0.273775	0.197376	0.0466033	2.136653	1.113023
36120	-3904.997	-4165.859	260.8622	0.7697625	0.437183	0.365107	0.114612	0.0830976	1.480191	2.553958
36126	-3898.579	-4159.194	260.6151	0.7271991	0.395712	0.292489	0.183864	0.127935	1.591929	2.665476
36132	-3891.31	-4152.626	261.3166	0.8042104	0.443961	0.328153	0.206283	0.0216036	1.703017	2.099239
36138	-3888.093	-4149.413	261.3201	0.8334414	0.455621	0.321271	0.201957	0.0211506	1.687794	2.08689
36144	-3896.689	-4157.68	260.9907	0.888522	0.418714	0.281365	0.178475	0.121446	1.641985	2.29306
36150	-3892.131	-4152.872	260.7407	0.696604	0.481894	0.260772	0.16421	0.0931243	1.518394	2.653338
36156	-3882.458	-4143.056	260.5974	0.7886622	0.481894	0.260772	0.16421	0.0931243	1.440842	2.729308
36162	-3889.541	-4150.336	260.7948	0.6469604	0.484823	0.331385	0.165208	0.0185844	1.472803	2.680503
36168	-3890.299	-4149.198	258.8992	0.9035593	0.544824	0.152001	0.267223	0.0359516	1.391245	3.695036
36174	-3875.856	-4135.546	259.6905	0.8032391	0.545642	0.209598	0.170602	0.0741576	1.53551	3.208707
36180	-3878.559	-4139.223	260.6632	0.7608197	0.534465	0.205305	0.167108	0.093123	1.464578	2.692338
36186	-3886.131	-4145.429	259.2976	0.8673348	0.45423	0.343753	0.13397	0.0680466	1.524554	3.407257
36192	-3890.75	-4150.51	259.7594	0.8002556	0.496048	0.22113	0.117488	0.165334	1.404513	3.247292
36198	-3885.817	-4145.52	259.7031	0.8139327	0.446444	0.31232	0.165938	0.0752986	1.501393	3.214782
36204	-3892.898	-4153.258	260.3599	0.6295802	0.464625	0.259925	0.21003	0.0654198	1.4782	2.952789
36210	-3897.156	-4158.137	260.9802	0.5785703	0.466257	0.26147	0.251729	0.0205447	1.749481	2.437985
36216	-3899.808	-4161.018	261.2101	0.6142688	0.369359	0.30282	0.286317	0.0415041	1.746598	2.270103
36222	-3908.22	-4168.634	260.4144	0.5577523	0.460851	0.260222	0.243614	0.0353138	1.572477	2.908428
36228	-3893.934	-4154.77	260.8363	0.6152127	0.467606	0.264036	0.247184	0.0211736	1.702482	2.53343
36234	-3907.346	-4168.114	260.7686	0.7074511	0.407708	0.320379	0.203122	0.0687911	1.656115	2.543677
36240	-3907.307	-4168.352	261.0447	0.5769525	0.416378	0.327192	0.207441	0.0489892	1.589901	2.498666
36246	-3899.681	-4159.998	260.3177	0.5973428	0.490952	0.28799	0.164453	0.0566052	1.594245	2.928766
36252	-3892.725	-4152.25	259.5252	0.7671835	0.491699	0.228338	0.223271	0.0566913	1.465261	3.369914
36258	-3893.544	-4153.412	259.8678	0.5878632	0.523262	0.242996	0.16485	0.0688916	1.476247	3.273254
36264	-3910.001	-4171.207	261.2067	0.5889013	0.505961	0.294047	0.110997	0.0889955	1.686832	2.327477
36270	-3899.963	-4161.228	261.2649	0.6216379	0.44209	0.349146	0.0969848	0.111778	1.68958	2.266554
36276	-3885.528	-4146.366	260.8372	0.6155932	0.341477	0.282925	0.289259	0.0863392	1.644198	2.568856
36282	-3896.688	-4158.03	261.3416	0.5815853	0.429686	0.219544	0.242128	0.108642	1.731189	2.217497
36288	-3911.824	-4172.849	261.0252	0.7428738	0.545815	0.120192	0.307566	0.0264271	1.663437	2.354319
36294	-3908.229	-4168.788	260.559	0.8883179	0.516867	0.213667	0.241492	0.0279742	1.569456	2.610036
36300	-3904.261	-4165.028	260.7663	0.8883179	0.501427	0.113594	0.261628	0.123351	1.666796	2.41987
36306	-3895.019	-4155.688	260.6682	0.8166892	0.547264	0.146156	0.238728	0.0678517	1.693272	2.511439
36312	-3893.061	-4153.096	260.0343	0.9236613	0.547264	0.146156	0.238728	0.0678517	1.589362	2.896382
36318	-3878.884	-4138.306	259.422	0.6737753	0.498509	0.181116	0.284212	0.036163	1.439201	3.503349
36324	-3900.684	-4159.913	259.2295	0.8079614	0.489682	0.125195	0.3496	0.0355227	1.376006	3.569796
36330	-3898.109	-4157.771	259.6621	0.8163275	0.45832	0.213351	0.298044	0.0302841	1.406858	3.293413
36336	-3888.734	-4148.581	259.847	0.8163275	0.518329	0.223243	0.224179	0.0342492	1.493611	3.13255
36342	-3897.977	-4158.411	260.4341	0.796518	0.537515	0.227566	0.185842	0.0490766	1.507014	2.783612
36348	-3904.794	-4165.502	260.7079	0.8117342	0.509475	0.244216	0.1694	0.0769094	1.56613	2.569079
36354	-3897.24	-4157.881	260.6408	0.8117342	0.470431	0.2255	0.28327	0.0207998	1.663659	2.550143
36360	-3911.563	-4172.734	261.1715	0.7193468	0.464196	0.341071	0.159894	0.0348389	1.699561	2.253706
36366	-3908.708	-4170.831	262.123	0.5335535	0.456823	0.325007	0.150963	0.0672072	1.836872	1.651412
36372	-3904.305	-4165.928	261.6223	0.7929261	0.475256	0.160104	0.334476	0.0301648	1.827836	1.817918
36378	-3910.046	-4171.714	261.6681	0.7334845	0.45285	0.220725	0.280004	0.0464216	1.844682	1.817918
36384	-3906.448	-4168.103	261.6545	0.719309	0.45285	0.220725	0.280004	0.0464216	1.887359	1.808201
36390	-3912.685	-4174.475	261.7898	0.7165585	0.491252	0.239443	0.214486	0.0548185	1.851624	1.74089
36396	-3903.56	-4165.681	262.1206	0.4729871	0.424013	0.350022	0.199117	0.0268486	1.879687	1.665662
36402	-3893.587	-4154.533	260.9466	0.9257088	0.555136	0.242465	0.129337	0.0730613	1.759457	2.221507
36408	-3900.32	-4161.653	261.3339	0.9959919	0.557304	0.243412	0.129842	0.0694421	1.850097	1.857521
36414	-3883.505	-4145.323	261.8173	0.6721928	0.47055	0.285335	0.210729	0.0333857	1.937511	1.694065
36420	-3886.382	-4148.458	262.0764	0.5716919	0.522708	0.207499	0.25812	0.0116734	1.968508	1.561113
36426	-3893.094	-4154.928	261.8344	0.8058723	0.498649	0.172373	0.306583	0.0223956	1.894413	1.611592
36432	-3881.997	-4143.809	261.8116	0.6439253	0.482997	0.122005	0.300556	0.0944431	1.897399	1.747506
36438	-3897.978	-4158.825	260.8467	0.8555239	0.473739	0.363815	0.11264	0.0498071	1.859986	2.267518
36444	-3886.104	-4146.911	260.8067	0.7996728	0.533056	0.105971	0.304791	0.0561826	1.698979	2.432149
36450	-3907.019	-4167.833	260.8138	0.7996728	0.571083	0.0975214	0.279693	0.0517031	1.691969	2.432149
36456	-3895.555	-4156.175	260.6198	0.7573867	0.547223	0.151055	0.204922	0.0968003	1.603294	2.635903
36462	-3891.335	-4152.051	260.7155	0.8190662	0.458896	0.168219	0.234119	0.138766	1.547454	2.571209
36468	-3890.714	-4150.838	260.1247	0.8003693	0.457935	0.19315	0.300716	0.0481992	1.53767	2.949958
36474	-3881.954	-4142.06	260.1063	0.8003693	0.545384	0.256842	0.170453	0.0273204	1.524004	2.969242
36480	-3902.048	-4162.789	260.7416	0.6673894	0.470057	0.223383	0.208875	0.0976837	1.57201	2.63884
36486	-3906.741	-4167.007	260.2661	0.804369	0.463882	0.233587	0.206131	0.0964003	1.498779	2.885565
36492	-3880.613	-4140.207	259.5938	0.863852	0.468286	0.186849	0.247549	0.0973155	1.492454	3.25399
36498	-3889.592	-4150.157	260.5647	0.8474869	0.4717	0.238274	0.231651	0.0583749	1.687578	2.559429
36504	-3903.27	-4164.115	260.8444	0.6634944	0.417623	0.318293	0.205094	0.0589901	1.527538	2.605338
36510	-3901.766	-4161.629	259.8635	0.76815	0.487157	0.299528	0.185181	0.0281338	1.428169	3.191588
36516	-3903.431	-4163.917	260.4858	0.7098288	0.512232	0.223963	0.200919	0.062887	1.56315	2.773577
36522	-3889.424	-4150.031	260.6071	0.8205312	0.499447	0.224174	0.21274	0.0636392	1.573434	2.621294
36528	-3882.548	-4143.948	261.3994	0.710522	0.480103	0.15962	0.308409	0.0518682	1.642835	2.148984
36534	-3895.043	-4156.039	260.9958	0.8145799	0.55397	0.136941	0.26459	0.0444988	1.63821	2.34115
36540	-3890.004	-4151.293	261.2889	0.7628923	0.465361	0.27499	0.222268	0.0373811	1.679967	2.160729
36546	-3885.933	-4147.479	261.5461	0.6848608	0.418055	0.303024	0.238952	0.0399691	1.711469	2.0253
36552	-3896.028	-4157.847	261.8186	0.6848608	0.447288	0.227861	0.255661	0.0691894	1.854494	1.742275
36558	-3886.193	-4147.208	261.0151	0.8205615	0.361999	0.291556	0.290449	0.0559963	1.79345	2.225365
36564	-3895.051	-4156.115	261.0643	0.9191953	0.538169	0.281759	0.131698	0.048374	1.753914	2.153065
36570	-3890.014	-4151.234	261.2201	0.9643456	0.471442	0.246824	0.265026	0.0167079	1.925936	1.905035
36576	-3887.903	-4149.393	261.4905	0.747229	0.514017	0.214844	0.230688	0.0404508	1.843907	1.929698
36582	-3898.101	-4159.23	261.1287	0.7389972	0.500377	0.242649	0.224566	0.0324081	1.741974	2.240603
36588	-3894.741	-4155.713	260.9723	0.8023701	0.453192	0.224016	0.273233	0.0495599	1.799457	2.261286
36594	-3911.994	-4172.949	260.9553	0.8023701	0.568551	0.257471	0.111802	0.0621754	1.584069	2.409191
36600	-3901.265	-4160.897	259.632	0.8023701	0.498739	0.288453	0.167531	0.0452774	1.594397	3.20902
36606	-3897.537	-4158.599	261.0613	0.7940027	0.513075	0.296745	0.143602	0.0465789	1.68746	2.281658
36612	-3906.752	-4167.888	261.1359	0.6958865	0.500701	0.200454	0.235115	0.0637301	1.716481	2.281658
36618	-3896.019	-4157.397	261.3781	0.885836	0.524977	0.12796	0.317663	0.0294008	1.768969	1.958359
36624	-3884.452	-4146.166	261.7144	0.9196839	0.527	0.165501	0.263905	0.0435948	1.735612	1.726547
36630	-3891.615	-4153.342	261.7263	0.777495	0.571588	0.235218	0.141652	0.0515417	1.891346	1.712365
36636	-3895.421	-4156.853	261.432	0.8029231	0.496107	0.241833	0.217325	0.0447353	1.802166	1.957751
36642	-3890.939	-4152.697	261.7582	0.618574	0.483764	0.240177	0.215837	0.0602223	1.739389	1.911412
36648	-3893.74	-4154.938	261.1975	0.758813	0.478257	0.250022	0.243286	0.0284359	1.839509	2.119085
36654	-3895.164	-4156.989	261.8255	0.6258302	0.340582	0.300624	0.318159	0.0406349	1.747779	1.854677
36660	-3876.147	-4137.758	261.6112	0.5944284	0.406061	0.35842	0.171466	0.0640527	1.725312	2.036264
36666	-3878.321	-4140.214	261.8938	0.6137059	0.288729	0.509846	0.127625	0.0738002	1.861846	1.73714
36672	-3881.828	-4142.965	261.1371	0.7909836	0.389838	0.421263	0.132317	0.0565822	1.793524	2.166414
36678	-3894.232	-4155.58	261.3481	0.7061677	0.497981	0.170113	0.259628	0.0722784	1.752816	2.113663
36684	-3878.954	-4140.681	261.727	0.6710225	0.470186	0.160618	0.330291	0.0389051	1.906906	1.779864
36690	-3893.637	-4155.687	262.0499	0.6262469	0.484657	0.193861	0.28138	0.0401025	2.080953	1.453976
36696	-3907.452	-4169.309	261.8571	0.7441431	0.439982	0.205738	0.298619	0.0556616	2.042614	1.533917
36702	-3911.996	-4171.536	259.5406	0.6246117	0.466045	0.324901	0.144653	0.0644016	1.330446	3.527913
36708	-3915.836	-4175.129	259.2932	0.8838128	0.472133	0.272781	0.189843	0.0652429	1.524108	3.400141
36714	-3907.17	-4168.165	260.9947	0.8645699	0.358213	0.33214	0.209093	0.100554	1.697619	2.270694
36720	-3894.751	-4155.642	260.8905	0.6469974	0.358213	0.33214	0.209093	0.100554	1.687986	2.487703
36726	-3897.963	-4159.046	261.083	0.7286537	0.531819	0.227522	0.139462	0.101197	1.792213	2.244692
36732	-3897.766	-4159.386	261.6196	0.623156	0.455475	0.250813	0.195609	0.0981026	1.839153	1.934359
36738	-3887.931	-4149.064	261.1329	0.6962451	0.504553	0.228207	0.177979	0.0892608	1.715095	2.284219
36744	-3901.405	-4161.969	260.5644	0.7291865	0.521171	0.235723	0.175833	0.0672729	1.562001	2.713717
36750	-3878.74	-4139.198	260.4585	0.6434752	0.549406	0.182103	0.182916	0.0855752	1.5622	2.83352
36756	-3876.054	-4136.648	260.5935	0.7031701	0.502665	0.206519	0.246978	0.043838	1.492624	2.755175
36762	-3882.967	-4143.197	260.2304	1.047653	0.468968	0.211101	0.259177	0.0607545	1.654634	2.661069
36768	-3883.599	-4144.169	260.5696	0.750263	0.487415	0.233482	0.221844	0.0572585	1.620174	2.661069
36774	-3894.414	-4154.919	260.5055	0.8289618	0.565148	0.103284	0.257223	0.0743447	1.543903	2.696639
36780	-3885.032	-4145.454	260.4223	0.8243325	0.478411	0.181353	0.263948	0.0762882	1.537923	2.754182
36786	-3909.763	-4170.189	260.4258	0.9583012	0.452482	0.190368	0.277069	0.0800807	1.612955	2.621355
36792	-3910.123	-4171.025	260.9017	0.7533563	0.450836	0.243158	0.205145	0.100861	1.495158	2.530839
36798	-3913.458	-4174.591	261.1324	0.7246069	0.434322	0.293031	0.162559	0.110087	1.623828	2.323587
36804	-3924.458	-4185.366	260.9086	0.7993862	0.492859	0.220601	0.148456	0.138084	1.654973	2.39587
36810	-3912.451	-4173.819	261.3681	0.6303073	0.540503	0.243327	0.146758	0.0694117	1.601628	2.250863
36816	-3903.977	-4165.153	261.176	0.8345155	0.539563	0.157648	0.163759	0.13903	1.812154	2.099129
36822	-3898.068	-4159.411	261.3428	0.8664714	0.423762	0.249159	0.209075	0.118003	1.651919	2.072968
36828	-3900.919	-4161.691	260.7721	0.9466432	0.483303	0.235181	0.170133	0.111383	1.548715	2.453044
36834	-3903.034	-4163.657	260.6233	1.063832	0.541281	0.235121	0.0662791	0.15732	1.646704	2.411384
36840	-3897.523	-4157.899	260.3764	1.023556	0.438453	0.280816	0.154759	0.125972	1.610177	2.61318
36846	-3892.896	-4153.925	261.0292	0.7884438	0.582777	0.166882	0.143465	0.106876	1.789014	2.240833
36852	-3907.04	-4168.54	261.5001	0.6543876	0.617121	0.153145	0.131656	0.098079	1.896644	1.953882
36858	-3901.766	-4163.159	261.3934	0.6842022	0.444214	0.259976	0.176776	0.119034	1.792244	2.073333
36864	-3906.507	-4167.874	261.367	0.5647951	0.495101	0.26658	0.184437	0.0538816	1.682373	2.24385
36870	-3902.31	-4163.204	260.8933	0.7664579	0.486738	0.262077	0.181321	0.0698643	1.556373	2.489226
36876	-3894.076	-4155.535	261.4591	0.6629994	0.449954	0.326998	0.167618	0.0554305	1.68456	2.115648
36882	-3888.464	-4149.899	261.4351	0.637215	0.354272	0.349942	0.248832	0.0469539	1.748641	2.107255
36888	-3897.268	-4158.512	261.2438	0.5467197	0.310035	0.431113	0.217761	0.041091	1.648192	2.356303
36894	-3901.501	-4162.348	260.8478	0.5866238	0.318638	0.443219	0.20776	0.0303832	1.681854	2.557789
36900	-3886.132	-4147.107	260.975	0.9019311	0.404114	0.303664	0.252906	0.0393159	1.708552	2.251649
36906	-3904.177	-4165.877	261.7002	0.6409005	0.452822	0.288399	0.168606	0.0901718	1.793045	1.898398
36912	-3914.946	-4177.045	262.0992	0.5883853	0.564426	0.155829	0.181413	0.0983323	1.913216	1.572122
36918	-3910.276	-4171.995	261.7199	0.7918202	0.57089	0.157613	0.183491	0.0880057	1.835816	1.745354
36924	-3914.996	-4176.98	261.9848	0.738918	0.459792	0.237697	0.187377	0.115133	1.991271	1.480888
36930	-3914.144	-4174.652	260.5087	0.8839905	0.449115	0.245508	0.255504	0.0498725	1.502795	2.684882
36936	-3899.603	-4159.066	259.4633	0.7645879	0.425173	0.314316	0.201347	0.059164	1.505402	3.384303
36942	-3892.154	-4153.193	261.0389	0.7489223	0.440005	0.265193	0.233574	0.0612279	1.652326	2.34865
36948	-3900.899	-4161.992	261.0936	0.7489223	0.52051	0.248607	0.208062	0.0228214	1.582304	2.35837
36954	-3898.363	-4159.45	261.0875	0.6540052	0.514772	0.25689	0.205768	0.0225698	1.624209	2.399282
36960	-3894.201	-4155.498	261.2973	0.8044855	0.51295	0.223434	0.20504	0.0585758	1.727713	2.095514
36966	-3904.832	-4166.461	261.6292	0.6229953	0.424811	0.259294	0.247919	0.0679769	1.827354	1.935953
36972	-3885.541	-4147.208	261.6662	0.6917155	0.435326	0.241489	0.224954	0.0982311	1.802731	1.878317
36978	-3887.035	-4148.085	261.0498	0.6917155	0.420244	0.229173	0.257362	0.0932213	1.650817	2.381029
36984	-3896.643	-4157.337	260.6945	0.9040042	0.473463	0.15364	0.232913	0.139984	1.674196	2.450247
36990	-3877.909	-4138.862	260.9527	0.6445477	0.427747	0.261028	0.294829	0.0163948	1.636456	2.482646
36996	-3877.694	-4138.882	261.1881	0.5274176	0.418009	0.300232	0.266916	0.0148426	1.692985	2.375737
37002	-3897.412	-4158.54	261.1277	0.5632628	0.408149	0.316738	0.26062	0.0144925	1.596394	2.451526
37008	-3888.562	-4149.691	261.1292	0.6792946	0.41598	0.372832	0.128316	0.082872	1.572682	2.388586
37014	-3882.713	-4143.583	260.8704	0.8497269	0.45603	0.287587	0.139582	0.116801	1.652124	2.388586
37020	-3898.96	-4159.681	260.721	0.7302098	0.45603	0.287587	0.139582	0.116801	1.648722	2.562939
37026	-3903.44	-4164.299	260.8589	0.7185946	0.459884	0.261977	0.134658	0.143481	1.632173	2.494946
37032	-3904.494	-4166.215	261.7213	0.7812652	0.455408	0.270942	0.145349	0.128301	1.778188	1.792302
37038	-3904.214	-4165.417	261.2032	0.8264053	0.440269	0.316955	0.170033	0.072743	1.713141	2.15159
37044	-3881.517	-4143.997	262.4801	0.5155531	0.419476	0.297988	0.212601	0.0699349	2.605348	0.5188004
37050	-3896.775	-4159.151	262.3762	0.6069693	0.390636	0.437206	0.137481	0.0346766	2.61312	0.5347179
37056	-3895.43	-4157.85	262.4202	0.6069693	0.420179	0.271434	0.196843	0.111545	2.564933	0.5592536
37062	-3904.893	-4167.316	262.4232	0.6069693	0.43971	0.2303	0.224776	0.105215	2.564961	0.542782
37068	-3911.402	-4173.89	262.4882	0.5558005	0.401717	0.314077	0.193589	0.090617	2.550199	0.5595798
37074	-3897.82	-4160.39	262.5701	0.4998005	0.40397	0.315839	0.189067	0.0911252	2.509722	0.6125864
37080	-3896.58	-4158.11	261.5295	0.6640446	0.442678	0.374911	0.14557	0.0368411	1.718588	2.046158
37086	-3889.849	-4151.252	261.4032	0.7690313	0.424189	0.23107	0.264299	0.0804413	1.70437	2.065667
37092	-3898.79	-4160.389	261.5991	0.8630834	0.58868	0.165061	0.188797	0.0574618	1.756039	1.833002
37098	-3907.864	-4169.149	261.2847	0.8630834	0.490176	0.191988	0.243672	0.0741634	1.64809	2.115969
37104	-3925.918	-4187.279	261.3616	0.7514253	0.40188	0.298653	0.1841	0.115367	1.687928	2.115969
37110	-3903.408	-4165.826	262.4177	0.6091671	0.456874	0.308382	0.156789	0.077955	2.559269	0.5827573
37116	-3907.361	-4169.768	262.4074	0.6810673	0.522565	0.268224	0.121712	0.0874987	2.476013	0.6324978
37122	-3908.069	-4170.453	262.3834	0.6810673	0.501024	0.257167	0.116695	0.125114	2.477619	0.6796096
37128	-3905.651	-4168.118	262.4672	0.6810673	0.503986	0.254976	0.11699	0.124048	2.393773	0.6796096
37134	-3919.675	-4182.156	262.4808	0.6682208	0.444895	0.232435	0.258717	0.0639536	2.393773	0.6796096
37140	-3917.124	-4178.898	261.7745	0.707156	0.504598	0.17101	0.25188	0.0725125	1.666808	1.88596
37146	-3925.868	-4186.71	260.8418	0.9716017	0.581219	0.196977	0.169916	0.0518871	1.682773	2.308075
37152	-3894.379	-4155.864	261.485	0.661344	0.552187	0.187138	0.211379	0.0492954	1.749523	2.057032
37158	-3897.521	-4158.646	261.125	0.7179147	0.38804	0.27388	0.2395	0.0985799	1.685208	2.293696
37164	-3911.911	-4173.489	261.5781	0.7179147	0.403605	0.284865	0.237559	0.0739708	1.776199	1.93716
37170	-3913.049	-4175.524	262.4757	0.5783438	0.401508	0.348481	0.210316	0.0396955	2.516145	0.6322362
37176	-3905.623	-4168.121	262.4979	0.5783438	0.463684	0.228258	0.137759	0.170299	2.447299	0.7217656
37182	-3891.601	-4153.15	261.5484	0.5939795	0.515655	0.215707	0.247085	0.021553	1.804399	2.02578
37188	-3902.693	-4164.013	261.3204	0.8583368	0.450191	0.26598	0.239679	0.0441508	1.754132	2.02578
37194	-3902.512	-4163.857	261.3445	0.6609906	0.521903	0.246221	0.150133	0.0817429	1.624374	2.230527
37200	-3900.592	-4162.924	262.3323	0.7476732	0.484846	0.277673	0.150735	0.0867467	2.372206	0.8109188
37206	-3894.46	-4156.76	262.2993	0.7476732	0.489591	0.28039	0.115741	0.114278	2.338755	0.8915519
37212	-3897.581	-4159.92	262.3388	0.7476732	0.398123	0.252694	0.283149	0.0660341	2.272839	0.9210114
37218	-3890.665	-4153.102	262.4369	0.6701924	0.39792	0.252565	0.283005	0.0665095	2.252098	0.9260579
37224	-3897.566	-4159.851	262.2855	0.6767373	0.438398	0.280183	0.199011	0.082408	2.260359	1.063249
37230	-3903.744	-4165.853	262.1085	0.7570484	0.504313	0.232953	0.194217	0.0685165	2.028288	1.341517
37236	-3884.587	-4146.864	262.2769	0.6901626	0.443604	0.32529	0.170837	0.0602685	2.090604	1.209901
37242	-3880.096	-4142.305	262.2086	0.7664755	0.453453	0.338245	0.163747	0.0445539	2.273644	1.033323
37248	-3906.384	-4168.572	262.1883	0.7704009	0.462458	0.332937	0.17753	0.027075	2.150859	1.16109
37254	-3888.415	-4150.688	262.2721	0.7055368	0.451259	0.324875	0.16954	0.0543258	2.152235	1.146413
37260	-3880.446	-4142.669	262.2225	0.7783229	0.423642	0.304993	0.159164	0.112201	2.212563	1.066479
37266	-3895.165	-4157.557	262.392	0.6863681	0.407923	0.329273	0.171834	0.0909696	2.20797	1.000892
37272	-3888.27	-4150.606	262.3366	0.6863681	0.501391	0.284381	0.105085	0.109143	2.20797	1.054841
37278	-3889.896	-4152.268	262.3716	0.6863681	0.403763	0.327797	0.142634	0.125805	2.208978	1.02004
37284	-3903.582	-4165.898	262.3158	0.6627632	0.337816	0.364304	0.219882	0.0779977	2.22794	1.079139
37290	-3890.494	-4152.553	262.0587	0.7919193	0.339181	0.383522	0.220771	0.056527	2.192223	1.21768
37296	-3899.023	-4161.382	262.3597	0.5901691	0.42069	0.364553	0.17852	0.0362363	2.134904	1.191526
37302	-3885.898	-4148.053	262.1541	0.6771451	0.363692	0.452278	0.139074	0.044956	2.255035	1.18601
37308	-3881.498	-4143.63	262.1324	0.7279426	0.343779	0.456987	0.156739	0.0424946	2.142595	1.254121
37314	-3897.265	-4159.188	261.9233	0.644083	0.465586	0.26459	0.212274	0.0575511	2.079794	1.535801
37320	-3890.249	-4152.021	261.7715	0.831797	0.460821	0.243771	0.182191	0.113217	1.980163	1.575169
37326	-3885.65	-4147.755	262.1051	0.6938397	0.473358	0.250403	0.187148	0.0890916	2.021071	1.402501
37332	-3886.443	-4148.074	261.632	0.8071445	0.482955	0.249487	0.221237	0.0463206	1.883549	1.76224
37338	-3887.596	-4149.467	261.8709	0.7371155	0.502202	0.25943	0.165684	0.0726831	1.901791	1.632183
37344	-3904.067	-4166.117	262.0502	0.7371305	0.419044	0.246856	0.281448	0.0526521	2.124737	1.327882
37350	-3904.124	-4165.88	261.7562	0.7293963	0.534271	0.229345	0.155913	0.0804703	1.829833	1.770181
37356	-3907.801	-4169.668	261.8671	0.7420857	0.403004	0.245909	0.269339	0.0817491	1.866852	1.656246
37362	-3898.779	-4160.472	261.6928	0.7587769	0.469279	0.266799	0.230524	0.0333976	1.869894	1.764804
37368	-3892.051	-4153.806	261.7548	0.6817813	0.523077	0.192626	0.252232	0.0320651	1.889303	1.764804
37374	-3880.415	-4141.79	261.375	0.7655857	0.49853	0.183586	0.240395	0.0774892	1.78694	2.032097
37380	-3897.126	-4158.199	261.0726	0.9311433	0.568293	0.129925	0.213448	0.0883329	1.78694	2.118156
37386	-3882.323	-4143.079	260.7563	0.8793452	0.530203	0.188244	0.199142	0.0824123	1.677684	2.42513
37392	-3896.182	-4156.464	260.2816	0.8793452	0.528143	0.187512	0.198368	0.0859767	1.663875	2.728284
37398	-3885.044	-4145.496	260.4515	0.7191181	0.495943	0.232628	0.222264	0.0491656	1.644461	2.738836
37404	-3881.873	-4142.613	260.7391	0.8039753	0.549129	0.150332	0.2461	0.0544383	1.677798	2.485054
37410	-3885.56	-4146.42	260.8598	0.8346817	0.489462	0.160206	0.266402	0.0839305	1.670403	2.393674
37416	-3881.513	-4142.025	260.5117	0.8180491	0.52003	0.191532	0.210294	0.0781432	1.517471	2.715986
37422	-3894.599	-4155.138	260.5387	0.8052879	0.517698	0.190738	0.212929	0.0786354	1.704287	2.592475
37428	-3885.975	-4146.746	260.7711	0.8245202	0.498453	0.261999	0.19106	0.0484889	1.566486	2.521226
37434	-3890.447	-4151.615	261.1681	0.7870828	0.485866	0.327789	0.16128	0.0250658	1.785646	2.154046
37440	-3894.658	-4155.516	260.8576	0.788665	0.444693	0.300967	0.148083	0.106257	1.734685	2.384811
37446	-3906.175	-4167.511	261.3362	0.6934108	0.490513	0.270978	0.186104	0.052404	1.846049	2.069095
37452	-3889.099	-4150.186	261.0863	0.8087016	0.542551	0.150197	0.239744	0.067508	1.81096	2.175986
37458	-3886.844	-4148.001	261.1575	0.8395885	0.531236	0.175785	0.234744	0.0582352	1.756402	2.144199
37464	-3900.276	-4160.577	260.301	0.824627	0.469088	0.214047	0.260979	0.0558861	1.550091	2.820474
37470	-3895.296	-4156.146	260.8493	0.8983819	0.546277	0.279665	0.0950469	0.0790116	1.693542	2.343918
37476	-3886.918	-4148.014	261.0964	0.7357254	0.461047	0.291701	0.134261	0.112991	1.727259	2.273045
37482	-3895.649	-4157.043	261.3942	0.7357254	0.504676	0.30539	0.139492	0.0504425	1.72667	2.080036
37488	-3898.423	-4159.288	260.8645	0.7947274	0.44168	0.298137	0.1679	0.0922834	1.717822	2.38708
37494	-3892.959	-4154.287	261.3283	0.7849297	0.429461	0.289889	0.168265	0.112385	1.807083	2.036216
37500	-3886.69	-4147.685	260.9947	0.9007026	0.503771	0.141026	0.295466	0.0597378	1.738677	2.220324
37506	-3898.451	-4159.184	260.7323	0.8966698	0.486187	0.235499	0.231508	0.0468066	1.723808	2.399942
37512	-3909.341	-4170.436	261.0943	0.8774871	0.486187	0.235499	0.231508	0.0468066	1.723808	2.180989
37518	-3905.285	-4166.433	261.1478	0.7607899	0.448613	0.235966	0.268521	0.0468994	1.782618	2.187154
37524	-3905.548	-4166.069	260.5215	0.935026	0.504046	0.159743	0.243123	0.0930882	1.769275	2.479269
37530	-3887.89	-4148.636	260.7458	0.8356424	0.459353	0.258673	0.19714	0.0848341	1.679227	2.45924
37536	-3908.13	-4169.85	261.72	0.7271945	0.484612	0.263518	0.172123	0.0797475	1.804435	1.814516
37542	-3889.934	-4150.831	260.8968	0.8076946	0.569452	0.17638	0.213839	0.0403295	1.594714	2.435789
37548	-3885.034	-4145.352	260.318	0.8359077	0.519888	0.196684	0.238456	0.0449722	1.521631	2.820313
37554	-3889.881	-4150.485	260.604	0.8359077	0.510804	0.175622	0.234289	0.0792849	1.594954	2.599964
37560	-3890.775	-4151.304	260.529	0.8359077	0.489026	0.210769	0.2243	0.0759046	1.669956	2.599964
37566	-3903.053	-4164.064	261.0114	0.6400407	0.552045	0.162842	0.213146	0.0719674	1.48356	2.544393
37572	-3894.928	-4154.995	260.0669	0.720679	0.49368	0.222188	0.2222	0.0619322	1.441786	3.092351
37578	-3892.335	-4152.321	259.9857	0.7243339	0.440285	0.305166	0.179311	0.0752383	1.446026	3.135922
37584	-3896.731	-4156.901	260.1698	0.7919919	0.534558	0.162944	0.217704	0.0847941	1.473183	2.966949
37590	-3886.148	-4146.683	260.5347	0.877059	0.530536	0.161718	0.196851	0.110896	1.530099	2.656494
37596	-3880.567	-4140.734	260.1666	0.8735797	0.569476	0.148304	0.180523	0.101697	1.533115	2.881442
37602	-3891.435	-4151.027	259.592	0.8735797	0.491074	0.179833	0.218902	0.11019	1.538855	3.221674
37608	-3901.487	-4161.2	259.7129	0.8076276	0.496077	0.213735	0.171489	0.1187	1.486568	3.221674
37614	-3904.772	-4165.318	260.5459	0.8240563	0.505921	0.248509	0.227472	0.018098	1.547909	2.672493
37620	-3894.947	-4155.003	260.0559	0.8240563	0.428579	0.210519	0.345571	0.0153313	1.503026	2.997241
37626	-3894.927	-4154.841	259.9142	0.7759079	0.399403	0.25789	0.322045	0.0206624	1.576698	3.068185
37632	-3903.939	-4163.927	259.9873	0.81135	0.530127	0.293184	0.165478	0.0112104	1.466397	3.068185
37638	-3897.471	-4157.362	259.8913	0.770994	0.40808	0.186989	0.402849	0.00208177	1.497845	3.131942
37644	-3898.534	-4157.294	258.76	0.6526559	0.51502	0.271781	0.1307	0.0824988	1.307825	3.974307
37650	-3887.986	-4147.066	259.08	0.8071398	0.578908	0.16446	0.157326	0.0993055	1.295878	3.703415
37656	-3913.263	-4172.562	259.2991	0.8412457	0.619097	0.180768	0.0909821	0.109153	1.402879	3.493361
37662	-3902.864	-4164.479	261.6148	0.8538211	0.454917	0.246756	0.151916	0.146411	1.83418	1.774739
37668	-3900.51	-4162.236	261.7261	0.8910079	0.495134	0.26857	0.165346	0.0709495	1.875769	1.639456
37674	-3903.116	-4162.583	259.4673	0.9192368	0.527139	0.202296	0.125465	0.1451	1.401618	3.348498
37680	-3904.854	-4163.924	259.07	0.7957673	0.615978	0.198115	0.136103	0.0498041	1.200425	3.771145
37686	-3895.629	-4155.188	259.5599	0.6532125	0.352941	0.294582	0.314756	0.0377206	1.406772	3.454461
37692	-3899.55	-4158.665	259.1147	0.732766	0.415262	0.254959	0.283662	0.0461177	1.400943	3.667852
37698	-3907.091	-4167.62	260.5297	0.7812489	0.500115	0.174844	0.228579	0.0964629	1.458723	2.764495
37704	-3897.872	-4157.065	259.1929	0.8188914	0.5485	0.19176	0.177347	0.0823932	1.425621	3.55559
37710	-3895.405	-4156.44	261.0352	0.7628505	0.408896	0.315773	0.18867	0.0866607	1.632485	2.354219
37716	-3913.107	-4173.907	260.7998	0.7260059	0.348002	0.353645	0.217126	0.0812267	1.688783	2.491575
37722	-3903.501	-4163.895	260.3938	0.7618267	0.357907	0.326276	0.24055	0.0752667	1.62517	2.758317
37728	-3892.943	-4153.201	260.2587	0.6735678	0.424032	0.386557	0.138889	0.0505227	1.527115	2.956275
37734	-3891.256	-4151.391	260.1358	0.7386521	0.47983	0.337286	0.13919	0.0436937	1.53783	2.982295
37740	-3900.028	-4160.373	260.345	0.9742855	0.43557	0.306175	0.122658	0.135597	1.598466	2.670125
37746	-3902.081	-4163.154	261.0725	0.6370376	0.422082	0.296693	0.149827	0.131398	1.660434	2.397196
37752	-3906.475	-4168.475	262.0004	0.8172976	0.513367	0.197321	0.210666	0.0786467	2.020754	1.38296
37758	-3904.874	-4166.606	261.7325	0.7179671	0.489094	0.215303	0.246058	0.0495446	1.812582	1.806994
37764	-3888.702	-4149.439	260.7362	0.8349264	0.493182	0.251438	0.14108	0.114301	1.591599	2.520545
37770	-3892.542	-4153.415	260.8729	0.7248217	0.529657	0.234595	0.166082	0.0696653	1.57091	2.520361
37776	-3898.647	-4159.093	260.4462	0.8757886	0.458077	0.202891	0.143637	0.195395	1.594728	2.672006
37782	-3896.102	-4156.867	260.7652	0.8400115	0.533214	0.146886	0.251396	0.0685043	1.596509	2.496101
37788	-3907.022	-4168.191	261.1694	0.9205188	0.622845	0.130227	0.19405	0.0528778	1.607224	2.179252
37794	-3887.324	-4148.241	260.9174	0.8149991	0.55536	0.147816	0.233261	0.0635627	1.737366	2.327677
37800	-3879.505	-4140.764	261.2583	0.9034312	0.481855	0.336996	0.136798	0.0443516	1.850729	1.971758
37806	-3897.791	-4159.548	261.7563	0.7569606	0.529781	0.23437	0.192272	0.0435776	1.935852	1.674878
37812	-3885.713	-4147.398	261.6849	0.8968704	0.478637	0.142977	0.344772	0.0336134	1.924448	1.629704
37818	-3899.83	-4161.402	261.5717	0.7726938	0.475753	0.147683	0.356118	0.0204462	1.834905	1.862428
37824	-3900.088	-4161.791	261.703	0.7726938	0.478206	0.144248	0.334982	0.0425648	1.877512	1.742107
37830	-3895.707	-4157.526	261.8193	0.8586547	0.505654	0.152527	0.318948	0.0228707	2.052323	1.465015
37836	-3900.637	-4162.086	261.4493	0.8661019	0.467138	0.17682	0.300802	0.0552402	1.834017	1.880003
37842	-3899.824	-4161.321	261.4977	0.7098605	0.473897	0.179379	0.305155	0.0415691	1.812651	1.972404
37848	-3880.035	-4141.206	261.1709	0.694987	0.456277	0.225537	0.293808	0.0243774	1.727158	2.252936
37854	-3885.563	-4146.339	260.7761	0.7556587	0.469227	0.311454	0.176675	0.0426437	1.609566	2.536292
37860	-3894.594	-4154.942	260.3479	0.7414302	0.414844	0.311116	0.166279	0.10776	1.551781	2.844047
37866	-3888.472	-4149.123	260.6514	0.8342585	0.517033	0.18447	0.18112	0.117378	1.742304	2.479767
37872	-3901.577	-4162.408	260.8303	0.8342585	0.485614	0.214237	0.204131	0.0960174	1.597234	2.458566
37878	-3900.71	-4161.71	261.0004	0.6640301	0.487589	0.215109	0.216654	0.080648	1.606532	2.458566
37884	-3898.819	-4159.532	260.7132	0.7912833	0.486467	0.250771	0.172985	0.0897771	1.561468	2.581979
37890	-3888.877	-4149.3	260.4227	0.7912833	0.528507	0.241321	0.187934	0.042238	1.630494	2.71844
37896	-3889.666	-4150.539	260.8735	0.6268719	0.382481	0.278726	0.2642	0.0745938	1.52305	2.614105
37902	-3913.785	-4174.168	260.3832	0.6791774	0.412998	0.185489	0.319214	0.0822994	1.55979	2.857752
37908	-3916.958	-4176.896	259.9375	0.8329351	0.506874	0.226043	0.199996	0.0670876	1.556574	3.030578
37914	-3890.925	-4151.133	260.2086	0.6402156	0.480148	0.171919	0.260538	0.0873959	1.556574	2.989883
37920	-3902.865	-4163.703	260.8378	0.6498266	0.351715	0.276847	0.20048	0.170958	1.636707	2.550681
37926	-3894.507	-4155.043	260.5363	0.8209774	0.50779	0.208576	0.112654	0.17098	1.636707	2.625654
37932	-3903.548	-4164.159	260.6112	0.8337491	0.472366	0.223587	0.120762	0.183285	1.556067	2.620966
37938	-3898.113	-4158.632	260.5187	0.8558732	0.570721	0.198884	0.159021	0.0713735	1.530095	2.679801
37944	-3893.353	-4154.215	260.8619	0.6526838	0.403017	0.314899	0.194697	0.087386	1.573689	2.572971
37950	-3880.862	-4141.602	260.7399	0.8630884	0.547087	0.230805	0.170412	0.0516959	1.579194	2.50773
37956	-3893.17	-4153.764	260.5936	0.9067272	0.563413	0.237692	0.161935	0.0369601	1.579194	2.57085
37962	-3894.967	-4155.575	260.6079	0.8540611	0.519128	0.272916	0.148233	0.0597235	1.637994	2.559161
37968	-3885.308	-4146.419	261.1114	0.7128286	0.484236	0.365945	0.0912032	0.0586158	1.707457	2.291607
37974	-3893.981	-4154.55	260.5696	0.8247192	0.487556	0.368453	0.0918284	0.0521623	1.603899	2.622917
37980	-3900.061	-4160.79	260.7286	0.8558648	0.420009	0.332939	0.102455	0.144597	1.771984	2.398461
37986	-3887.575	-4148.31	260.7354	0.9590798	0.458205	0.253337	0.171883	0.116574	1.710073	2.366424
37992	-3896.568	-4157.403	260.8347	0.8157944	0.388632	0.244545	0.201142	0.165681	1.725007	2.387423
37998	-3891.762	-4153.341	261.5783	0.6541257	0.43714	0.275069	0.179648	0.108142	1.702688	2.031359
38004	-3900.337	-4161.773	261.4361	0.6541257	0.360788	0.264529	0.230792	0.143891	1.719757	2.113827
38010	-3897.234	-4158.037	260.8027	0.9303343	0.527583	0.274818	0.174477	0.0231216	1.705547	2.34508
38016	-3898.983	-4160.343	261.3601	0.8241239	0.469548	0.237636	0.211721	0.0810955	1.75708	2.021033
38022	-3906.824	-4168.313	261.4885	0.7955801	0.472823	0.239293	0.213198	0.0746861	1.754225	1.957135
38028	-3924.011	-4185.964	261.9533	0.6643387	0.427893	0.260143	0.231774	0.0801906	1.799964	1.7011
38034	-3897.911	-4159.019	261.1084	0.9050473	0.532287	0.137154	0.321458	0.00910085	1.782095	2.11535
38040	-3902.789	-4164.431	261.6422	0.773568	0.493118	0.14861	0.348308	0.00996377	1.790356	1.844017
38046	-3892.241	-4153.871	261.6299	0.64625	0.425399	0.300954	0.265051	0.00859547	1.845664	1.906549
38052	-3900.38	-4161.886	261.5055	0.7330685	0.448835	0.261471	0.279653	0.0100401	1.865868	1.914825
38058	-3887.46	-4149.041	261.5809	0.6610353	0.487487	0.243135	0.260042	0.00933603	1.866726	1.914825
38064	-3895.663	-4157.362	261.699	0.5128209	0.406637	0.406621	0.181284	0.00545764	1.81472	1.974242
38070	-3910.053	-4171.033	260.9803	0.4883496	0.391618	0.353659	0.230541	0.0241821	1.76214	2.487693
38076	-3895.895	-4157.057	261.1622	0.4531423	0.384225	0.375531	0.216196	0.0240483	1.695042	2.43694
38082	-3893.484	-4153.762	260.2779	0.5998322	0.452894	0.25611	0.254835	0.0361607	1.730566	2.868885
38088	-3908.205	-4168.391	260.1864	0.7009405	0.461284	0.242331	0.259555	0.0368305	1.5385	2.975416
38094	-3893.139	-4155.269	262.1298	0.6588045	0.406143	0.28673	0.276084	0.0310429	1.989521	1.436463
38100	-3899.841	-4162.083	262.2427	0.7529576	0.532157	0.258117	0.177843	0.0318828	2.196926	1.08719
38106	-3896.827	-4159.032	262.2052	0.7529576	0.524637	0.25447	0.17533	0.0455635	2.147639	1.165189
38112	-3886.606	-4148.905	262.2991	0.6361091	0.562382	0.192373	0.194659	0.0505865	2.104465	1.227926
38118	-3889.779	-4151.962	262.1827	0.6936159	0.43009	0.319379	0.209099	0.0414319	2.278456	1.124798
38124	-3884.565	-4146.797	262.2328	0.5719497	0.355616	0.41425	0.172891	0.0572432	2.064793	1.368906
38130	-3887.529	-4149.82	262.2917	0.4746067	0.348964	0.326053	0.26881	0.0561724	2.0025	1.447913
38136	-3882.06	-4144.405	262.3453	0.6617486	0.473257	0.277647	0.201263	0.047833	2.076242	1.189421
38142	-3894.683	-4156.906	262.2237	0.7261434	0.413774	0.262663	0.237894	0.0856681	2.129607	1.189421
38148	-3883.394	-4145.746	262.3526	0.6453655	0.412625	0.28193	0.233163	0.0722825	2.197294	1.090485
38154	-3893.564	-4155.92	262.3557	0.5559389	0.33862	0.333438	0.230746	0.0971964	2.08844	1.26415
38160	-3882.944	-4145.081	262.1364	0.7108474	0.418066	0.300378	0.198108	0.0834483	2.144554	1.26415
38166	-3892.983	-4155.137	262.1534	0.6632376	0.492093	0.182215	0.265623	0.0600704	2.110807	1.318974
38172	-3891.523	-4153.727	262.2034	0.6632376	0.385385	0.295003	0.264101	0.0555116	2.060806	1.318974
38178	-3891.995	-4154.256	262.261	0.523845	0.473007	0.337337	0.11933	0.0703271	1.848031	1.550087
38184	-3889.265	-4151.575	262.3093	0.5455148	0.310672	0.420056	0.235892	0.0333804	1.958276	1.413738
38190	-3900.136	-4162.373	262.2364	0.6025857	0.343707	0.341086	0.29237	0.022837	1.971758	1.413738
38196	-3884.771	-4146.589	261.8184	0.6732642	0.475233	0.265678	0.227733	0.031356	1.918216	1.706149
38202	-3884.334	-4146.604	262.2692	0.6052114	0.496777	0.23239	0.238056	0.0327774	2.032593	1.337975
38208	-3893.812	-4156.289	262.477	0.6066115	0.460546	0.294504	0.222002	0.0229474	2.029347	1.166343
38214	-3882.222	-4144.687	262.4647	0.5372535	0.403039	0.286328	0.28593	0.0247029	2.029347	1.23858
38220	-3893.913	-4153.592	259.6794	1.010083	0.484387	0.2481	0.229458	0.0380548	1.449209	3.140787
38226	-3889.272	-4148.85	259.5785	0.8369982	0.486534	0.2492	0.230475	0.0337906	1.443197	3.308549
38232	-3890.291	-4148.869	258.5782	0.8369982	0.493928	0.238158	0.233978	0.0339361	1.44103	3.890857
38238	-3888.682	-4147.675	258.9929	0.669427	0.519612	0.325408	0.105267	0.0497141	1.332643	3.816267
38244	-3873.93	-4132.924	258.9941	0.669427	0.355234	0.316099	0.28407	0.0445966	1.331433	3.816267
38250	-3892.286	-4151.22	258.9338	0.7971098	0.307058	0.437702	0.203027	0.0522119	1.256892	3.816267
38256	-3879.135	-4137.443	258.3081	0.6433307	0.407917	0.268239	0.269715	0.0541289	1.352864	4.211654
38262	-3889.091	-4147.877	258.7863	0.8248845	0.454721	0.299017	0.193294	0.0529683	1.401524	3.801205
38268	-3895.335	-4155.141	259.8063	0.7484379	0.400863	0.352719	0.1955	0.0509184	1.502669	3.193671
38274	-3885.49	-4144.831	259.341	0.9366014	0.497832	0.224514	0.25331	0.0243442	1.437109	3.391471
38280	-3888.04	-4148.212	260.172	0.708311	0.403561	0.263258	0.297024	0.0361568	1.6625	2.904726
38286	-3894.602	-4154.812	260.2097	0.9139816	0.55246	0.166889	0.191571	0.0890799	1.55584	2.816358
38292	-3898.164	-4158.262	260.0978	0.8510369	0.520894	0.157354	0.180625	0.141127	1.620181	2.884509
38298	-3879.281	-4139.549	260.2677	0.9597537	0.516446	0.15601	0.195906	0.131638	1.690025	2.670394
38304	-3879.976	-4140.438	260.4622	0.9277863	0.542074	0.163752	0.149845	0.144329	1.685943	2.572783
38310	-3900.974	-4161.877	260.9026	0.7131319	0.526141	0.140155	0.198576	0.135128	1.583849	2.501461
38316	-3893.665	-4154.345	260.6807	0.6769773	0.458916	0.25273	0.207955	0.0803996	1.488752	2.721203
38322	-3901.407	-4162.057	260.6503	0.6811245	0.461631	0.254226	0.209185	0.0749573	1.565441	2.690129
38328	-3887.292	-4147.826	260.5344	0.6365664	0.480982	0.264882	0.176037	0.0780993	1.593258	2.772883
38334	-3897.64	-4158.44	260.8003	0.7965415	0.539406	0.234888	0.19742	0.028286	1.593258	2.504545
38340	-3883.185	-4143.92	260.735	0.7406944	0.523944	0.228155	0.191761	0.0561409	1.623456	2.563006
38346	-3884.841	-4144.765	259.9235	0.7610409	0.564462	0.210635	0.177036	0.0478665	1.557345	3.083555
38352	-3879.807	-4140.496	260.6891	0.7610409	0.556437	0.207641	0.174519	0.0614038	1.637337	2.569611
38358	-3891.278	-4152.336	261.058	0.6768521	0.511452	0.228699	0.192218	0.0676312	1.560465	2.442774
38364	-3884.954	-4145.698	260.7442	0.8279685	0.462413	0.302441	0.171647	0.0634994	1.576701	2.529352
38370	-3893.559	-4154.641	261.0817	0.8291009	0.399106	0.335277	0.190283	0.0753348	1.61674	2.290398
38376	-3887.871	-4148.928	261.0569	0.7467128	0.446335	0.276455	0.2128	0.0644099	1.676852	2.323021
38382	-3885.882	-4146.974	261.0919	0.7467128	0.446335	0.276455	0.2128	0.0644099	1.715897	2.27573
38388	-3895.762	-4157.328	261.5662	0.7467128	0.440809	0.273032	0.213873	0.0722859	1.726549	1.958068
38394	-3888.114	-4149.447	261.3327	0.7273078	0.459627	0.289473	0.174261	0.0766387	1.704888	2.140472
38400	-3885.818	-4147.348	261.5298	0.6048644	0.439848	0.298968	0.182032	0.0791524	1.705857	2.095584
38406	-3905.354	-4166.943	261.5893	0.8001004	0.550996	0.272749	0.104045	0.0722109	1.927479	1.766531
38412	-3900.175	-4161.948	261.7734	0.8234051	0.511413	0.218483	0.18779	0.0823143	1.989187	1.573602
38418	-3899.207	-4161.187	261.9794	0.7456716	0.466091	0.299727	0.129133	0.105049	1.964222	1.499957
38424	-3893.582	-4155.152	261.5696	0.8381996	0.479449	0.299393	0.121951	0.0992073	1.966876	1.724867
38430	-3906.458	-4168.332	261.8736	0.7205599	0.403886	0.355045	0.164506	0.0765638	1.973555	1.590865
38436	-3897.433	-4159.137	261.7037	0.7742319	0.57981	0.143437	0.188856	0.0878969	1.856585	1.755137
38442	-3900.784	-4163.073	262.2887	0.5796677	0.396546	0.317371	0.243548	0.0425345	1.912125	1.437827
38448	-3886.985	-4148.617	261.6318	0.7615507	0.442054	0.239668	0.270957	0.0473213	1.897375	1.786055
38454	-3906.221	-4167.206	260.9845	0.7160782	0.482931	0.162996	0.346568	0.00750512	1.630264	2.418994
38460	-3893.383	-4154.077	260.6935	0.8612447	0.464135	0.156652	0.33308	0.0461321	1.614331	2.515944
38466	-3911.838	-4172.48	260.6418	0.8712042	0.47676	0.245646	0.26559	0.0120039	1.615892	2.540809
38472	-3895.186	-4156.248	261.0616	0.7954234	0.545167	0.118853	0.315937	0.0200423	1.574775	2.352411
38478	-3891.924	-4153.015	261.0907	0.6430963	0.43699	0.297802	0.234474	0.0307331	1.66248	2.380389
38484	-3907.16	-4167.722	260.5628	0.7788197	0.491943	0.26529	0.197523	0.0452449	1.640654	2.634136
38490	-3899.434	-4161.676	262.2422	0.65316	0.356549	0.418739	0.148624	0.0760876	2.014096	1.333914
38496	-3903.94	-4166.14	262.1998	0.589304	0.352976	0.414543	0.154332	0.0781496	2.093403	1.358119
38502	-3897.781	-4160.105	262.3237	0.5892374	0.404804	0.381336	0.14197	0.0718896	2.027047	1.312174
38508	-3906.214	-4168.532	262.3174	0.5897138	0.390586	0.367943	0.151601	0.0898698	2.032814	1.312174
38514	-3891.824	-4153.639	261.8153	0.770655	0.478036	0.213877	0.193425	0.114663	2.052613	1.536737
38520	-3891.349	-4153.168	261.8184	0.770655	0.507557	0.227085	0.207253	0.0581057	2.095973	1.50209
38526	-3899.404	-4161.468	262.0638	0.7173638	0.37817	0.400096	0.134344	0.0873894	1.993486	1.43645
38532	-3906.224	-4168.274	262.0497	0.6717019	0.482596	0.222116	0.214361	0.0809276	1.924851	1.535276
38538	-3909.258	-4171.273	262.0155	0.7712973	0.487228	0.224248	0.178439	0.110085	1.938058	1.472109
38544	-3905.234	-4165.06	259.826	0.7240001	0.553854	0.19916	0.151348	0.0956379	1.374625	3.273022
38550	-3887.344	-4146.953	259.609	0.7902909	0.419964	0.387769	0.117818	0.0744496	1.521764	3.273022
38556	-3889.236	-4149.082	259.8461	0.7553963	0.504626	0.249124	0.198419	0.0478305	1.321422	3.273022
38562	-3906.144	-4164.685	258.5409	0.7996863	0.400666	0.39095	0.111013	0.0973703	1.291496	4.020056
38568	-3900.396	-4160.429	260.0338	0.7996863	0.484885	0.233824	0.165812	0.115479	1.518497	3.016523
38574	-3891.081	-4150.975	259.8936	0.7693949	0.52524	0.253284	0.122637	0.0988381	1.588195	3.077719
38580	-3902.43	-4162.834	260.4042	0.7359879	0.516129	0.276316	0.143448	0.064107	1.526167	2.828891
38586	-3896.96	-4157.621	260.661	0.763458	0.509755	0.272904	0.165316	0.0520251	1.538812	2.64635
38592	-3902.851	-4163.605	260.7547	0.7776626	0.424118	0.298542	0.180847	0.0964939	1.5757	2.556245
38598	-3898.405	-4158.274	259.8688	0.6176307	0.398708	0.419995	0.118219	0.0630779	1.461651	3.262862
38604	-3906.588	-4166.79	260.2017	0.6167338	0.419147	0.441526	0.104368	0.0349579	1.596812	2.984747
38610	-3900.64	-4159	258.3603	0.9453985	0.415544	0.253476	0.255045	0.0759348	1.346727	4.005764
38616	-3888.714	-4148.42	259.7065	0.8955999	0.545646	0.208327	0.177944	0.0680831	1.498757	3.164139
38622	-3882.418	-4141.781	259.363	0.8746596	0.516885	0.166379	0.218538	0.0981976	1.526128	3.363535
38628	-3886.146	-4146.568	260.4222	0.8746596	0.57482	0.185027	0.191176	0.0489771	1.526128	2.729513
38634	-3890.079	-4150.386	260.3069	0.7360849	0.479516	0.28873	0.194629	0.0371246	1.544186	2.876905
38640	-3891.092	-4150.954	259.8617	0.7198256	0.427514	0.266128	0.227341	0.0790172	1.444699	3.213135
38646	-3887.329	-4146.85	259.5209	0.8297135	0.468882	0.246898	0.210913	0.0733074	1.395508	3.374925
38652	-3889.103	-4148.892	259.7893	0.8297135	0.468882	0.246898	0.210913	0.0733074	1.549562	3.125251
38658	-3901.321	-4161.464	260.1427	1.003741	0.585365	0.125826	0.214318	0.0744908	1.597926	2.77628
38664	-3893.59	-4154.205	260.6154	0.8308312	0.554849	0.178371	0.19344	0.0733403	1.575192	2.60843
38670	-3907.355	-4167.88	260.5253	0.882736	0.543874	0.146068	0.217869	0.0921893	1.644942	2.587716
38676	-3889.721	-4150.651	260.93	0.8787151	0.448182	0.120368	0.340394	0.0910561	1.834165	2.215108
38682	-3875.426	-4135.814	260.3882	0.8644747	0.519641	0.24237	0.206827	0.0311621	1.706904	2.64579
38688	-3880.375	-4140.803	260.4286	0.8929609	0.53486	0.215052	0.214508	0.0355795	1.63714	2.64579
38694	-3892.339	-4152.883	260.5442	0.8032364	0.436878	0.300055	0.234005	0.0290617	1.634663	2.633491
38700	-3887.746	-4148.367	260.6214	0.8425145	0.47674	0.232136	0.207551	0.0835737	1.661659	2.543536
38706	-3890.426	-4151.025	260.5998	0.9445106	0.453719	0.290477	0.155452	0.100352	1.578429	2.543536
38712	-3897.181	-4157.029	259.8481	0.8417442	0.3856	0.248837	0.279596	0.0859666	1.589181	3.05908
38718	-3906.201	-4166.441	260.2397	0.7743025	0.382244	0.246672	0.285865	0.0852186	1.501407	2.919046
38724	-3893.233	-4153.918	260.6849	0.8173289	0.520322	0.200563	0.232431	0.0466842	1.623933	2.543827
38730	-3896.363	-4158.005	261.6427	0.7905917	0.509968	0.165045	0.240163	0.0848232	1.731238	1.871869
38736	-3893.198	-4154.578	261.3801	0.8222841	0.576252	0.186497	0.143153	0.0940974	1.817715	1.968539
38742	-3898.294	-4159.835	261.5404	0.7008694	0.366784	0.301613	0.17806	0.153543	1.785243	1.968539
38748	-3898.304	-4159.969	261.6651	0.7949035	0.47811	0.264303	0.223972	0.0336157	1.746022	1.843364
38754	-3892.348	-4154.39	262.0418	0.7349322	0.480863	0.233432	0.225261	0.0604435	1.93004	1.487222
38760	-3896.108	-4158.344	262.2362	0.6680824	0.487088	0.243307	0.206605	0.0630004	2.000613	1.33685
38766	-3908.149	-4169.921	261.7726	0.8345457	0.532406	0.22181	0.18835	0.0574341	1.972547	1.577841
38772	-3898.928	-4160.996	262.0676	0.7731509	0.497574	0.272721	0.176028	0.0536767	1.982228	1.396725
38778	-3886.731	-4148.717	261.9862	0.7464559	0.41876	0.335627	0.179236	0.066378	1.994004	1.471771
38784	-3892.728	-4154.752	262.0237	0.7438975	0.479694	0.294526	0.149743	0.0760368	2.03173	1.416244
38790	-3887.937	-4150.002	262.0648	0.6576941	0.354902	0.344591	0.233108	0.0673997	1.984633	1.490386
38796	-3902.102	-4164.152	262.0501	0.6556316	0.486022	0.276309	0.145368	0.0923009	2.035628	1.464631
38802	-3895.475	-4157.582	262.1077	0.6932588	0.492553	0.243072	0.128748	0.135627	1.969398	1.440812
38808	-3909.039	-4171.17	262.1312	0.6417268	0.403445	0.307601	0.117322	0.171632	1.969398	1.464496
38814	-3880.566	-4142.476	261.91	0.7493358	0.431859	0.329265	0.163981	0.0748951	1.839527	1.639547
38820	-3885.929	-4147.673	261.7439	0.6681926	0.429199	0.327236	0.16297	0.0805943	1.797569	1.845749
38826	-3873.999	-4135.769	261.77	0.7253746	0.372008	0.326456	0.231753	0.0697837	1.793011	1.789143
38832	-3893.655	-4155.385	261.7292	0.7843649	0.501499	0.0920044	0.312422	0.0940744	1.763726	1.794594
38838	-3887.871	-4149.33	261.4599	0.8624013	0.477649	0.168133	0.272243	0.0819758	1.765911	1.921619
38844	-3896.009	-4157.378	261.369	0.87393	0.458459	0.274892	0.24436	0.0222892	1.862497	1.9097
38850	-3906.768	-4168.079	261.3118	0.7735223	0.432701	0.259447	0.23331	0.0745414	1.729364	2.106206
38856	-3903.927	-4164.392	260.4652	0.7141084	0.480605	0.28817	0.148431	0.0827937	1.658136	2.725385
38862	-3903.715	-4164.932	261.2169	0.6104343	0.439808	0.263709	0.220717	0.0757658	1.711033	2.291134
38868	-3892.049	-4152.533	260.4844	0.6141387	0.440346	0.264032	0.220987	0.0746351	1.634785	2.792461
38874	-3905.035	-4164.948	259.9136	0.8530487	0.455993	0.273413	0.228839	0.0417538	1.51111	3.059578
38880	-3898.504	-4157.875	259.3717	0.8917533	0.535892	0.121559	0.293479	0.0490699	1.452368	3.391405
38886	-3883.378	-4142.545	259.1676	1.185138	0.492325	0.239862	0.19839	0.0694223	1.599018	3.254426
38892	-3885.183	-4144.273	259.0909	0.8141588	0.526249	0.231595	0.165659	0.0764969	1.419941	3.620993
38898	-3892.568	-4152.402	259.8336	0.809097	0.399138	0.345487	0.17595	0.0794253	1.436817	3.178712
38904	-3889.204	-4149.642	260.4376	0.8181372	0.494137	0.199913	0.207621	0.0983293	1.60834	2.705642
38910	-3886.777	-4147.112	260.3349	0.879946	0.463383	0.212066	0.220244	0.104307	1.646936	2.705642
38916	-3889.078	-4148.929	259.8511	0.9712449	0.447478	0.225062	0.272829	0.054631	1.630626	2.952856
38922	-3894.221	-4153.757	259.5366	1.055343	0.497356	0.261697	0.169598	0.0713493	1.541226	3.144342
38928	-3891.145	-4150.729	259.5842	0.8567878	0.492721	0.256697	0.115428	0.135154	1.541226	3.235206
38934	-3891.084	-4150.595	259.5107	0.929627	0.479909	0.296388	0.123332	0.100371	1.541226	3.234402
38940	-3886.528	-4146.448	259.9197	0.7042128	0.433149	0.247066	0.229194	0.090591	1.614344	3.08762
38946	-3907.091	-4165.096	258.0051	0.791595	0.387882	0.301831	0.229163	0.0811237	1.316915	4.314872
38952	-3910.65	-4170.416	259.7668	0.9030198	0.634376	0.133591	0.190726	0.0413066	1.463053	3.145005
38958	-3896.687	-4156.659	259.9715	0.9030198	0.470584	0.177542	0.323324	0.0285502	1.625847	2.924984
38964	-3896.246	-4157.291	261.0447	0.6447583	0.454746	0.228803	0.276837	0.0396148	1.717019	2.373869
38970	-3909.466	-4169.967	260.5012	0.6447583	0.378243	0.387796	0.194386	0.0395755	1.55073	2.813728
38976	-3913.64	-4174.214	260.574	0.7462465	0.51786	0.212039	0.215918	0.0541837	1.625941	2.657423
38982	-3903.609	-4166.185	262.5759	0.5500341	0.353823	0.369217	0.211232	0.0657281	2.160423	1.007819
38988	-3900.562	-4163.006	262.4438	0.4513538	0.362274	0.346575	0.240573	0.0505779	2.007256	1.342929
38994	-3905.928	-4168.34	262.4119	0.437709	0.440898	0.34841	0.129882	0.0808101	2.051811	1.342929
39000	-3905.2	-4167.654	262.4538	0.5278306	0.385412	0.377984	0.179576	0.0570283	1.996245	1.283039
39006	-3889.812	-4152.297	262.4847	0.5140292	0.3968	0.37098	0.176248	0.0559715	2.049898	1.22432
39012	-3891.018	-4153.493	262.4752	0.5140292	0.403366	0.377119	0.179165	0.0403497	2.059371	1.22432
39018	-3895.838	-4158.253	262.4146	0.5995196	0.436773	0.289307	0.248204	0.0257164	2.091277	1.173284
39024	-3885.098	-4147.495	262.3965	0.6731213	0.394491	0.302884	0.259852	0.0427731	2.190701	1.027303
39030	-3906.797	-4169.189	262.3924	0.6970751	0.501564	0.278932	0.133999	0.0855049	2.169426	1.027303
39036	-3902.659	-4165.105	262.4464	0.6329931	0.452502	0.306412	0.156373	0.0847129	2.143099	1.065777
39042	-3902.491	-4164.822	262.3313	0.7131803	0.344805	0.321887	0.26573	0.0675773	2.173316	1.065777
39048	-3907.688	-4170.036	262.3481	0.6821594	0.369528	0.344967	0.213082	0.0724228	2.15756	1.095322
39054	-3906.363	-4168.98	262.6171	0.529702	0.344904	0.33109	0.254497	0.0695093	2.271455	0.8666107
39060	-3893.103	-4155.609	262.506	0.529702	0.389377	0.315498	0.242512	0.0526132	2.275842	0.9829336
39066	-3886.634	-4149.067	262.4329	0.5659217	0.430937	0.349172	0.138422	0.0814691	2.213514	1.078381
39072	-3898.653	-4161.15	262.497	0.5659217	0.354133	0.36554	0.180364	0.0999629	2.375493	0.841079
39078	-3888.358	-4150.822	262.464	0.5834284	0.421786	0.24369	0.21482	0.119704	2.429164	0.7907075
39084	-3896.885	-4158.925	262.0407	0.7917336	0.484881	0.200484	0.234384	0.0802507	1.966144	1.414896
39090	-3898.091	-4160.352	262.261	0.742206	0.417474	0.20581	0.306985	0.0697309	2.439889	0.8230256
39096	-3884.771	-4147.139	262.3684	0.7350639	0.4196	0.206858	0.303457	0.070086	2.353665	0.8053778
39102	-3899.262	-4161.773	262.5117	0.6177154	0.492514	0.319681	0.157531	0.0302739	2.338743	0.7998148
39108	-3890.506	-4153.06	262.5538	0.5323851	0.362858	0.305034	0.265757	0.0663509	2.385465	0.7998148
39114	-3886.305	-4148.862	262.5577	0.5291482	0.335865	0.282343	0.301378	0.0804138	2.423733	0.7446561
39120	-3881.721	-4144.288	262.5675	0.5077253	0.355278	0.309251	0.288696	0.0467745	2.446824	0.7271122
39126	-3892.71	-4155.428	262.7179	0.4266565	0.412923	0.33051	0.214372	0.0421953	2.334228	0.7857732
39132	-3891.526	-4154.083	262.557	0.5351371	0.391495	0.313358	0.212567	0.0825798	2.404949	0.7644638
39138	-3904	-4166.407	262.407	0.5774092	0.349007	0.331702	0.23012	0.0891708	2.523154	0.7468746
39144	-3890.709	-4153.288	262.5782	0.524202	0.447577	0.368759	0.16356	0.0201044	2.379929	0.7854769
39150	-3888.243	-4150.744	262.501	0.5318592	0.386452	0.347224	0.223825	0.0424986	2.331519	0.927453
39156	-3889.869	-4152.258	262.3888	0.6219915	0.312612	0.416834	0.207206	0.0633483	2.199244	1.078045
39162	-3894.86	-4157.246	262.3857	0.644906	0.326658	0.412314	0.227626	0.0334014	2.208364	1.049492
39168	-3882.768	-4145.49	262.7216	0.3882535	0.323898	0.40883	0.235351	0.0319218	2.125334	1.049492
39174	-3880.946	-4143.622	262.6762	0.376597	0.400349	0.331297	0.200556	0.0677971	2.117436	1.107835
39180	-3882.259	-4144.645	262.3865	0.613117	0.381455	0.381018	0.20489	0.0326366	2.075992	1.198432
39186	-3900.812	-4163.216	262.4038	0.613117	0.444158	0.307645	0.190546	0.0576507	2.17252	1.097509
39192	-3911.933	-4174.379	262.4459	0.6905385	0.41956	0.30857	0.229372	0.0424972	2.048583	1.097509
39198	-3896.134	-4158.597	262.4635	0.5851871	0.421734	0.267113	0.274365	0.0367876	2.157048	1.08376
39204	-3917.49	-4179.494	262.004	0.8325259	0.551739	0.224702	0.16739	0.0561682	2.0273	1.362424
39210	-3902.895	-4164.984	262.0888	0.7261276	0.50107	0.239946	0.190422	0.0685617	2.008615	1.398288
39216	-3898.846	-4160.886	262.0407	0.7631047	0.36426	0.367081	0.201229	0.0674301	1.956057	1.445776
39222	-3894.255	-4156.291	262.0364	0.7445643	0.392305	0.361025	0.197909	0.0487605	2.060283	1.383643
39228	-3901.191	-4163.511	262.3197	0.6498293	0.412597	0.344595	0.205256	0.0375522	2.0863	1.213549
39234	-3892.197	-4154.56	262.3625	0.6498293	0.400208	0.472313	0.0893782	0.0381001	2.249188	1.027504
39240	-3899.942	-4162.357	262.4147	0.6874773	0.405927	0.37364	0.181789	0.0386445	2.238034	0.945382
39246	-3883.135	-4145.48	262.3446	0.6680668	0.439061	0.288956	0.230183	0.0417989	2.394063	0.8727226
39252	-3887.411	-4149.751	262.3401	0.6680668	0.425319	0.397673	0.112873	0.0641351	2.465047	0.7891641
39258	-3907.384	-4169.786	262.4025	0.6538009	0.493147	0.344625	0.100296	0.0619321	2.339445	0.8864418
39264	-3907.161	-4169.674	262.5132	0.5058573	0.433663	0.308923	0.251035	0.00637934	2.126729	1.140148
39270	-3904.017	-4166.452	262.4351	0.6235629	0.434502	0.309521	0.251521	0.0044553	2.132963	1.094993
39276	-3909.561	-4171.918	262.3571	0.6108042	0.354332	0.376503	0.253928	0.0152369	2.143384	1.167568
39282	-3905.198	-4167.534	262.3359	0.6937365	0.362849	0.382136	0.144787	0.110228	2.463858	0.758223
39288	-3900.82	-4163.305	262.4847	0.595204	0.437112	0.292009	0.178094	0.0927849	2.446884	0.7150693
39294	-3893.121	-4155.687	262.5652	0.5294942	0.37266	0.395978	0.153998	0.0773643	2.226236	0.9733564
39300	-3897.111	-4159.6	262.4897	0.585785	0.409153	0.335602	0.218114	0.037131	2.453988	0.7113744
39306	-3897.173	-4159.663	262.4897	0.585785	0.376885	0.352583	0.215631	0.0549001	2.453988	0.7113744
39312	-3904.766	-4167.161	262.3957	0.6590145	0.296427	0.368527	0.262721	0.0723245	2.449672	0.7450967
39318	-3901.716	-4164.045	262.3284	0.7245636	0.404514	0.439295	0.0574947	0.0986962	2.421061	0.7834556
39324	-3896.146	-4158.409	262.2632	0.8200354	0.371352	0.463759	0.0606964	0.104192	2.333951	0.8503996
39330	-3896.946	-4159.466	262.5199	0.5714449	0.471142	0.37406	0.0934689	0.0613288	2.332258	0.8587852
39336	-3907.676	-4170.188	262.5122	0.5284081	0.295896	0.491746	0.121648	0.09071	2.46384	0.7537974
39342	-3900.181	-4162.716	262.5351	0.5441291	0.418347	0.248153	0.322823	0.0106773	2.293093	0.9184649
39348	-3891.271	-4153.751	262.4798	0.6033238	0.289064	0.437059	0.258374	0.0155024	2.308428	0.8943288
39354	-3883.186	-4145.693	262.5073	0.5744877	0.398722	0.383576	0.188369	0.0293328	2.280246	0.9285431
39360	-3890.841	-4153.336	262.4945	0.6421326	0.364639	0.305574	0.175773	0.154014	2.249895	0.8976545
39366	-3899.556	-4162.017	262.4609	0.5483938	0.360813	0.302368	0.18442	0.152399	2.286758	0.9981901
39372	-3902.232	-4164.687	262.4554	0.6537488	0.41863	0.278309	0.162788	0.140272	2.286758	0.8861839
39378	-3897.052	-4159.396	262.3434	0.7397646	0.45631	0.303359	0.125332	0.114999	2.297973	0.897284
39384	-3910.641	-4173.223	262.5821	0.5765579	0.330519	0.358624	0.225234	0.0856232	2.31226	0.7988838
39390	-3904.372	-4166.303	261.9306	0.5449522	0.3514	0.404048	0.218236	0.0263171	2.001405	1.662989
39396	-3899.444	-4161.175	261.7306	0.6658823	0.368457	0.317592	0.280166	0.0337853	1.880126	1.799731
39402	-3905.382	-4167.957	262.5743	0.5661416	0.427916	0.331654	0.152877	0.0875529	2.296331	0.8431045
39408	-3910.064	-4172.565	262.5016	0.5956906	0.377127	0.297375	0.301456	0.024043	2.38427	0.7832147
39414	-3910.872	-4173.387	262.5149	0.7082409	0.458972	0.361912	0.149855	0.0292609	2.172994	0.8822258
39420	-3902.592	-4164.094	261.5024	0.8520483	0.483012	0.276846	0.179052	0.0610901	1.93818	1.781846
39426	-3916.771	-4178.39	261.6191	0.8520483	0.493812	0.283036	0.160697	0.062456	1.873673	1.745458
39432	-3911.95	-4174.242	262.2922	0.6889753	0.438005	0.272775	0.164624	0.124596	2.171008	1.12737
39438	-3906.504	-4168.918	262.4139	0.6764929	0.45063	0.353498	0.133448	0.0624237	2.171008	1.026071
39444	-3915.066	-4176.301	261.2356	0.8453127	0.516537	0.33891	0.123066	0.0214874	1.87033	2.0139
39450	-3916.448	-4178.861	262.413	0.6147021	0.436495	0.292694	0.205761	0.0650506	2.162048	1.097128
39456	-3903.159	-4165.506	262.3468	0.6467855	0.459131	0.284941	0.187504	0.068424	2.1963	1.095356
39462	-3903.551	-4165.923	262.3713	0.693069	0.481788	0.299002	0.196757	0.0224532	2.196486	1.025601
39468	-3905.639	-4168.133	262.494	0.5691093	0.499117	0.260978	0.205367	0.034537	2.196486	1.033383
39474	-3901.871	-4164.305	262.4338	0.6555022	0.489445	0.278146	0.175543	0.0568668	2.121998	1.075026
39480	-3886.061	-4148.343	262.2816	0.7048448	0.486423	0.253772	0.174459	0.0853465	2.147016	1.143229
39486	-3896.129	-4158.45	262.3206	0.7270826	0.49495	0.25822	0.197504	0.0493254	2.115159	1.11574
39492	-3904.945	-4167.275	262.3307	0.7615369	0.502227	0.274577	0.169711	0.0534845	2.294723	0.8893233
39498	-3897.491	-4160	262.5082	0.5776341	0.330302	0.372411	0.185666	0.111621	2.255624	0.9503564
39504	-3900.986	-4163.558	262.5714	0.5359182	0.455925	0.294103	0.146625	0.103347	2.235552	0.9503564
39510	-3906.109	-4168.339	262.2301	0.6856227	0.478094	0.311771	0.125839	0.0842959	2.079712	1.262463
39516	-3926.177	-4188.341	262.1636	0.689103	0.396486	0.360521	0.145516	0.0974768	2.128762	1.273763
39522	-3909.896	-4172.036	262.1409	0.7865439	0.54611	0.230566	0.153319	0.0700059	2.128762	1.206616
39528	-3912.887	-4174.866	261.9791	0.7865439	0.592722	0.193059	0.127828	0.0863915	1.946983	1.480772
39534	-3898.558	-4160.64	262.0826	0.7865439	0.407131	0.290763	0.157082	0.145024	2.004466	1.356417
39540	-3906.78	-4168.49	261.7099	0.7491257	0.407131	0.290763	0.157082	0.145024	1.882417	1.751173
39546	-3909.471	-4171.768	262.2971	0.5545731	0.382549	0.302819	0.163595	0.151038	1.862349	1.489062
39552	-3901.542	-4163.22	261.6784	0.738701	0.428986	0.252382	0.242077	0.0765545	1.855647	1.799397
39558	-3912.499	-4174.136	261.6367	0.6730121	0.436148	0.256595	0.226513	0.0807443	1.793468	1.918078
39564	-3901.367	-4163.023	261.6565	0.6403487	0.402291	0.370214	0.158189	0.069306	1.808242	1.918078
39570	-3900.755	-4162.119	261.3644	0.6863773	0.407467	0.374978	0.147357	0.0701978	1.850339	2.05261
39576	-3902.937	-4164.323	261.3865	0.5909938	0.454098	0.368624	0.133729	0.0435494	1.699217	2.20274
39582	-3893.789	-4154.431	260.6421	0.7439476	0.475809	0.263927	0.132069	0.128195	1.579076	2.645884
39588	-3900.941	-4161.904	260.9637	0.7439476	0.499167	0.118095	0.364963	0.0177748	1.681088	2.3814
39594	-3901.995	-4162.524	260.5288	0.7185271	0.453838	0.260598	0.240083	0.0454799	1.543326	2.753812
39600	-3912.102	-4172.357	260.2555	0.658643	0.511038	0.233306	0.214939	0.0407168	1.606037	2.920162
39606	-3900.615	-4160.472	259.8574	0.8138191	0.520824	0.250733	0.199723	0.02872	1.495212	3.126937
39612	-3918.047	-4178.148	260.1006	0.7347938	0.507009	0.224256	0.229352	0.0393835	1.438072	3.065563
39618	-3897.675	-4157.864	260.1892	0.6959406	0.498182	0.220351	0.242769	0.0386978	1.431432	3.041168
39624	-3889.679	-4150.611	260.9319	0.5641679	0.352307	0.396074	0.181246	0.0703734	1.599813	2.571086
39630	-3901.881	-4162.815	260.9342	0.6490553	0.441955	0.257156	0.239097	0.0617922	1.574389	2.529965
39636	-3908.831	-4170.33	261.4994	0.6387668	0.354649	0.389664	0.191865	0.0638223	1.625725	2.144497
39642	-3889.493	-4149.925	260.4319	0.7674899	0.379547	0.402885	0.183848	0.0337197	1.602919	2.745003
39648	-3886.53	-4146.731	260.201	0.8609153	0.438623	0.369488	0.168608	0.0232819	1.536367	2.866589
39654	-3883.566	-4144.325	260.7594	0.8609153	0.459431	0.266456	0.249726	0.0243864	1.679224	2.43424
39660	-3898.673	-4158.872	260.1985	0.8609153	0.528548	0.0404311	0.347418	0.0836032	1.562458	2.852318
39666	-3895.463	-4155.569	260.1059	0.9315497	0.481211	0.0861754	0.348701	0.0839121	1.582504	2.852318
39672	-3890.074	-4150.467	260.3927	0.8375146	0.428125	0.20223	0.31712	0.052524	1.680729	2.676412
39678	-3911.051	-4172.547	261.496	0.6238863	0.475388	0.282046	0.196363	0.0462038	1.717692	2.096868
39684	-3901.835	-4164.007	262.172	0.6125029	0.44422	0.279332	0.239469	0.036979	2.027295	1.412487
39690	-3920.459	-4181.387	260.9277	0.9398927	0.555761	0.241503	0.17373	0.0290066	1.688881	2.269726
39696	-3919.787	-4180.882	261.0957	0.9398927	0.427374	0.264923	0.168218	0.139485	1.836727	2.064428
39702	-3894.313	-4155.349	261.0353	0.9812847	0.509303	0.153617	0.245525	0.0915558	1.855248	2.064428
39708	-3883.85	-4145.104	261.2542	0.7974864	0.519667	0.226896	0.160017	0.093419	1.825377	2.064428
39714	-3897.496	-4158.374	260.8782	0.9749284	0.467108	0.235176	0.213745	0.0839706	1.740261	2.245747
39720	-3901.73	-4163.072	261.3419	0.5662247	0.377609	0.319958	0.217132	0.0853009	1.723522	2.23252
39726	-3899.279	-4160.414	261.1352	0.7999779	0.495538	0.273015	0.166167	0.0652794	1.757164	2.185131
39732	-3892.391	-4153.943	261.5514	0.7503205	0.547708	0.19648	0.183661	0.0721519	1.790923	1.922109
39738	-3895.906	-4157.258	261.3529	0.93082	0.506087	0.21911	0.22915	0.0456525	1.776393	1.939326
39744	-3920.302	-4180.675	260.3727	0.668677	0.553941	0.0777215	0.34372	0.0246173	1.542653	2.881208
39750	-3900.389	-4162.004	261.6144	0.7233844	0.371878	0.332039	0.176534	0.119548	1.792143	1.897941
39756	-3896.407	-4157.744	261.3365	0.7716721	0.357576	0.320408	0.209924	0.112092	1.755951	2.073823
39762	-3911.197	-4172.176	260.979	0.8780438	0.48185	0.244425	0.216144	0.0575815	1.771362	2.224437
39768	-3899.615	-4161.106	261.4913	0.7699831	0.506751	0.303039	0.128375	0.0618344	1.739886	1.982898
39774	-3893.197	-4154.855	261.6573	0.6690964	0.509397	0.287898	0.129045	0.0736588	1.814681	1.892537
39780	-3894.419	-4156.114	261.6948	0.8407464	0.489028	0.276387	0.163871	0.0707135	1.914932	1.671077
39786	-3906.485	-4168.245	261.7603	0.7300161	0.535858	0.228516	0.21316	0.0224658	1.870354	1.738494
39792	-3908.196	-4169.845	261.6487	0.7602944	0.474161	0.207107	0.20781	0.110922	1.734267	1.887436
39798	-3883.444	-4144.531	261.0872	0.7602944	0.489255	0.2137	0.201841	0.0952039	1.782427	2.226776
39804	-3899.651	-4160.092	260.4403	0.7363874	0.530128	0.266446	0.176948	0.0264786	1.530071	2.804338
39810	-3897.712	-4158.653	260.9414	0.9325055	0.574505	0.0916878	0.26526	0.0685477	1.615488	2.312736
39816	-3898.185	-4159.809	261.6244	0.7821073	0.493575	0.117163	0.348508	0.0407542	1.781272	1.856322
39822	-3894.105	-4155.808	261.703	0.7076016	0.53673	0.169913	0.265545	0.0278125	1.781272	1.856322
39828	-3889.441	-4151.588	262.1466	0.6647033	0.516673	0.146264	0.214322	0.122741	1.996449	1.413382
39834	-3891.486	-4153.719	262.233	0.6156479	0.333017	0.40761	0.180262	0.0791113	1.961815	1.41341
39840	-3897.864	-4159.351	261.4876	0.6299613	0.29581	0.430347	0.190318	0.0835244	1.908798	1.971476
39846	-3886.045	-4148.024	261.9789	0.6115289	0.38445	0.329784	0.247346	0.0384202	1.926567	1.632215
39852	-3897.15	-4159.15	262.0003	0.6363537	0.519043	0.215846	0.208147	0.0569637	1.974689	1.562561
39858	-3905.906	-4168.291	262.3854	0.5323263	0.471387	0.263585	0.187048	0.0779802	1.948704	1.372323
39864	-3915.516	-4177.769	262.2528	0.7775493	0.510988	0.169983	0.280462	0.0385667	2.010923	1.219683
39870	-3899.503	-4161.505	262.0022	0.831742	0.462306	0.24906	0.253742	0.0348924	2.021262	1.369247
39876	-3905.103	-4167.294	262.1913	0.6480142	0.459593	0.283648	0.252253	0.0045067	2.09961	1.31049
39882	-3901.25	-4163.307	262.0561	0.6908393	0.448438	0.256594	0.196905	0.0980624	1.932438	1.509788
39888	-3921.335	-4183.154	261.8191	0.8581694	0.484543	0.238314	0.213224	0.0639198	1.801248	1.650504
39894	-3892.599	-4154.665	262.0664	0.7975312	0.539453	0.171516	0.273431	0.0156001	2.063973	1.312523
39900	-3898.534	-4160.579	262.0449	0.7995391	0.565385	0.179761	0.238504	0.01635	2.149061	1.258784
39906	-3899.795	-4162.127	262.332	0.5519063	0.487935	0.276892	0.230302	0.00487103	2.046069	1.321404
39912	-3891.171	-4152.515	261.3441	0.7078085	0.46581	0.285715	0.229643	0.0188323	1.672538	2.16754
39918	-3885.707	-4147.57	261.8634	0.5968113	0.337837	0.389969	0.251564	0.0206299	1.858432	1.773184
39924	-3903.588	-4164.727	261.139	0.7338812	0.473837	0.171333	0.352834	0.00199539	1.62161	2.314598
39930	-3892.23	-4153.145	260.9147	0.8206769	0.467238	0.173482	0.357259	0.00202042	1.685889	2.358326
39936	-3896.954	-4157.131	260.1768	0.9533779	0.516735	0.233888	0.247166	0.00221123	1.715198	2.714703
39942	-3900.042	-4161.017	260.9757	0.6220716	0.467786	0.221052	0.304213	0.00694894	1.610058	2.499621
39948	-3904.952	-4165.974	261.022	0.6220716	0.472518	0.251431	0.268148	0.00790391	1.598726	2.477776
39954	-3893.945	-4155.267	261.3224	0.6691113	0.436903	0.228003	0.295546	0.0395477	1.727404	2.172644
39960	-3891.877	-4153.899	262.0223	0.5284056	0.354789	0.326484	0.262098	0.0566295	1.799583	1.752845
39966	-3895.734	-4157.819	262.085	0.5891525	0.53689	0.268788	0.124408	0.0699142	1.89128	1.597968
39972	-3897.52	-4159.58	262.0595	0.683128	0.459843	0.230215	0.256239	0.0537019	1.934608	1.51172
39978	-3896.658	-4158.741	262.0833	0.6710932	0.449552	0.270939	0.216308	0.0632013	1.907346	1.52375
39984	-3904.792	-4166.519	261.7275	0.8387285	0.455576	0.274569	0.219207	0.0506481	1.955938	1.619596
39990	-3911.009	-4172.859	261.8505	0.8200625	0.444333	0.304821	0.211615	0.0392306	1.968753	1.534423
39996	-3906.134	-4168.174	262.0399	0.8200625	0.543014	0.263756	0.14581	0.0474209	2.062073	1.316455
40002	-3909.887	-4171.97	262.0833	0.8200625	0.50157	0.265107	0.178944	0.0543791	2.16023	1.198864
40008	-3902.766	-4164.861	262.0948	0.7920464	0.45564	0.247272	0.247688	0.0493995	2.128862	1.240563
40014	-3912.411	-4174.822	262.4107	0.6639172	0.401539	0.385314	0.160616	0.0525304	2.083628	1.123311
40020	-3909.156	-4171.549	262.3927	0.558016	0.404684	0.317497	0.189647	0.0881722	2.585401	0.7018969
40026	-3898.245	-4160.848	262.6037	0.4987385	0.380767	0.360206	0.215158	0.0438695	2.356564	0.8167262
40032	-3900.724	-4163.15	262.4263	0.6019722	0.302733	0.38371	0.25585	0.0577066	1.995926	1.242401
40038	-3893.212	-4155.361	262.1485	0.7059669	0.454566	0.25393	0.237856	0.0536482	1.995926	1.378248
40044	-3896.103	-4158.65	262.5465	0.487233	0.424185	0.323587	0.218098	0.0341299	2.428542	0.8122762
40050	-3903.991	-4165.966	261.9756	0.5410119	0.38287	0.326414	0.227406	0.0633103	1.813304	1.76683
40056	-3886.266	-4147.724	261.458	0.7003447	0.480452	0.2748	0.191448	0.0532995	1.764406	2.037712
40062	-3897.331	-4158.997	261.6659	0.7854808	0.422147	0.292142	0.168215	0.117495	1.824416	1.795579
40068	-3889.831	-4151.933	262.1021	0.7519131	0.491827	0.199612	0.190523	0.118037	1.963355	1.401941
40074	-3896.667	-4158.179	261.512	0.8128101	0.553851	0.265325	0.132426	0.0483975	1.740905	1.93818
40080	-3895.83	-4157.421	261.5905	0.7041379	0.500844	0.269825	0.159676	0.0696555	1.776941	1.93818
40086	-3901.163	-4162.956	261.7928	0.5928064	0.449784	0.222425	0.240344	0.0874473	1.714534	1.923135
40092	-3905.734	-4167.277	261.5434	0.5351197	0.333962	0.422655	0.178454	0.0649292	1.701987	2.136635
40098	-3896.381	-4157.93	261.5491	0.5351197	0.351771	0.362791	0.229705	0.0557328	1.747188	2.103357
40104	-3898.488	-4160.055	261.5669	0.5469379	0.482678	0.292522	0.207892	0.0169071	1.718532	2.102531
40110	-3905.766	-4167.713	261.9471	0.5422288	0.486684	0.229977	0.210867	0.0724716	1.850106	1.760164
40116	-3897.726	-4159.784	262.0578	0.5150121	0.381435	0.382717	0.147096	0.0887519	1.830123	1.715914
40122	-3892.287	-4154.32	262.0335	0.6065733	0.35144	0.431258	0.135529	0.0817728	1.938563	1.587692
40128	-3904.162	-4166.181	262.0199	0.5683219	0.327389	0.401744	0.168065	0.102802	1.979004	1.597301
40134	-3898.493	-4160.541	262.0483	0.6144065	0.358429	0.411728	0.190221	0.0396215	1.822567	1.654941
40140	-3882.213	-4144.223	262.0103	0.4709411	0.462715	0.253545	0.245566	0.0381735	1.796683	1.802886
40146	-3908.306	-4170.741	262.4357	0.5672909	0.534476	0.257309	0.164313	0.0439016	1.999739	1.261648
40152	-3891.078	-4153.46	262.3824	0.5833677	0.433832	0.271052	0.214789	0.0803272	2.05848	1.243163
40158	-3889.588	-4151.875	262.2876	0.582201	0.453341	0.323804	0.152375	0.0704793	2.050667	1.328153
40164	-3883.138	-4145.339	262.2005	0.5791991	0.393233	0.294684	0.247943	0.0641408	1.983287	1.451252
40170	-3881.739	-4143.899	262.1594	0.6660885	0.415235	0.28465	0.261816	0.0382991	1.932878	1.451252
40176	-3900.246	-4162.013	261.7677	0.7222686	0.498336	0.216653	0.274854	0.010157	1.936397	1.692452
40182	-3906.516	-4168.208	261.6923	0.7416437	0.382824	0.417959	0.183389	0.015827	1.851725	1.790393
40188	-3893.522	-4155.06	261.5378	0.687395	0.374979	0.331821	0.227842	0.0653572	1.865665	1.925838
40194	-3890.379	-4152.409	262.0301	0.6864267	0.444366	0.18715	0.330426	0.0380589	1.838623	1.601487
40200	-3897.301	-4158.798	261.497	0.8478332	0.500541	0.196433	0.263079	0.0399468	1.935876	1.790252
40206	-3893.946	-4155.795	261.8496	0.5730049	0.340371	0.427237	0.178895	0.0534969	1.765368	1.864028
40212	-3876.291	-4138.133	261.8414	0.6276919	0.309622	0.388641	0.253073	0.048664	1.780777	1.819748
40218	-3881.523	-4143.341	261.8182	0.6519696	0.385326	0.307358	0.246753	0.0605626	1.778234	1.819748
40224	-3883.307	-4144.492	261.1843	0.7803428	0.534885	0.226809	0.182087	0.0562188	1.709846	2.197326
40230	-3876.899	-4138.175	261.2756	0.702512	0.529654	0.224591	0.190087	0.0556689	1.700688	2.197326
40236	-3886.318	-4147.037	260.7184	0.7360864	0.538307	0.211923	0.193192	0.0565784	1.593949	2.594674
40242	-3902.007	-4162.51	260.5034	0.7029175	0.504398	0.200122	0.242053	0.0534278	1.569167	2.763624
40248	-3895.733	-4156.795	261.0627	0.7532408	0.561132	0.222631	0.1568	0.0594373	1.572353	2.381372
40254	-3877.966	-4139.333	261.3667	0.6414936	0.527663	0.294527	0.147448	0.0303629	1.633849	2.22345
40260	-3886.789	-4147.893	261.1032	0.5367983	0.430495	0.389643	0.141917	0.0379449	1.708013	2.413877
40266	-3892.206	-4153.686	261.4804	0.5604517	0.406744	0.414213	0.134087	0.044956	1.796599	2.098906
40272	-3885.533	-4147.387	261.8542	0.5748565	0.42564	0.433457	0.123982	0.0169215	1.899844	1.766777
40278	-3894.046	-4155.618	261.5721	0.7410876	0.469375	0.212073	0.298489	0.0200631	1.788999	1.916019
40284	-3886.76	-4147.848	261.0875	0.6993228	0.555234	0.177758	0.250191	0.0168167	1.720836	2.307469
40290	-3895.536	-4157.37	261.8336	0.6145192	0.440076	0.28437	0.259546	0.0160073	1.755383	1.852058
40296	-3898.738	-4160.348	261.6092	0.5167444	0.360268	0.406952	0.219662	0.0131179	1.742578	2.079119
40302	-3888.917	-4150.72	261.8037	0.4042436	0.483672	0.277847	0.218375	0.0201054	1.721903	2.034526
40308	-3877.58	-4138.878	261.2978	0.6824345	0.336162	0.331252	0.261668	0.070918	1.781468	2.144287
40314	-3887.944	-4149.762	261.8185	0.6792297	0.559629	0.181733	0.228385	0.0302536	1.943207	1.683933
40320	-3888.117	-4150.234	262.1173	0.4741854	0.405496	0.32501	0.219038	0.0504559	1.822326	1.707946
40326	-3897.227	-4159.49	262.2637	0.4789274	0.360246	0.419857	0.168681	0.0512153	2.036203	1.440321
40332	-3888.013	-4150.182	262.1697	0.6985037	0.420164	0.312044	0.216442	0.0513499	1.996146	1.367628
40338	-3887.935	-4150.026	262.0907	0.6201654	0.34091	0.48167	0.137248	0.0401723	2.009817	1.481826
40344	-3882.121	-4144.181	262.0604	0.5971583	0.380026	0.346115	0.239796	0.0340637	2.005013	1.526228
40350	-3912.835	-4175.173	262.3376	0.6071662	0.395789	0.319868	0.238434	0.0459086	2.150708	1.181524
40356	-3910.916	-4173.027	262.1114	0.7176068	0.406723	0.33012	0.200308	0.0628489	1.977027	1.412264
40362	-3896.152	-4157.779	261.6264	0.867254	0.461403	0.210819	0.192497	0.135281	2.023337	1.622586
40368	-3881.388	-4143.162	261.7745	0.6439684	0.429875	0.320957	0.158695	0.0904735	1.91708	1.759609
40374	-3896.19	-4158.002	261.8117	0.6141157	0.397675	0.322776	0.189225	0.0903237	1.96559	1.721609
40380	-3897.741	-4159.753	262.012	0.7299163	0.448954	0.260183	0.188892	0.101971	2.032832	1.435777
40386	-3917.568	-4179.667	262.0988	0.6653694	0.396626	0.28489	0.20683	0.111654	2.014404	1.435777
40392	-3919.906	-4181.672	261.7652	0.7006691	0.448714	0.225485	0.276213	0.0495886	1.893236	1.740817
40398	-3926.773	-4188.793	262.0209	0.6288765	0.468406	0.23538	0.189041	0.107172	1.963079	1.561751
40404	-3926.367	-4188.643	262.2751	0.7042622	0.434207	0.279846	0.238471	0.0474763	2.016297	1.261292
40410	-3916.591	-4178.816	262.225	0.7605235	0.444152	0.286255	0.204382	0.065211	2.112655	1.171566
40416	-3903.892	-4166.283	262.3904	0.6406052	0.418476	0.355788	0.187455	0.0382809	2.074143	1.171566
40422	-3910.765	-4173.035	262.2697	0.6662223	0.487614	0.226444	0.241337	0.0446053	1.891844	1.397721
40428	-3896.838	-4159.098	262.2592	0.6662223	0.459111	0.30578	0.211713	0.023397	1.911278	1.390819
40434	-3897.352	-4159.541	262.1888	0.7252391	0.454594	0.27183	0.20963	0.0639461	1.912067	1.396317
40440	-3912.236	-4174.291	262.0552	0.7252391	0.470906	0.281584	0.181269	0.0662406	1.912067	1.498391
40446	-3909.937	-4172.051	262.1138	0.7753411	0.500372	0.218784	0.192612	0.0882315	1.886027	1.433583
40452	-3908.12	-4170.039	261.9192	0.8239205	0.557254	0.227974	0.147298	0.0674743	1.934021	1.50612
40458	-3903.564	-4165.538	261.9741	0.7561447	0.556402	0.227625	0.147073	0.0688995	1.950201	1.50612
40464	-3910.429	-4172.261	261.8315	0.7925684	0.473309	0.270263	0.174622	0.0818055	2.026316	1.527124
40470	-3897.703	-4159.835	262.1316	0.645366	0.445118	0.254166	0.223784	0.0769329	2.031395	1.413751
40476	-3894.226	-4156.591	262.3647	0.6676329	0.445991	0.309628	0.167298	0.0770838	2.019503	1.216023
40482	-3900.884	-4163.052	262.1685	0.726681	0.34858	0.364569	0.226603	0.0602477	2.134924	1.231422
40488	-3903.949	-4166.361	262.4121	0.6219027	0.408468	0.255399	0.265535	0.0705985	2.005195	1.22893
40494	-3903.613	-4165.717	262.1034	0.8053687	0.55224	0.287274	0.123841	0.0366449	2.005195	1.323474
40500	-3906.586	-4168.723	262.1376	0.4941282	0.352566	0.357479	0.256787	0.0331684	1.998106	1.552425
40506	-3914.898	-4176.372	261.4739	0.6496183	0.357839	0.314429	0.305448	0.0222842	1.836798	2.014757
40512	-3908.358	-4170.298	261.9401	0.9109624	0.584026	0.196769	0.155131	0.0640726	2.022432	1.352728
40518	-3907.278	-4169.072	261.7937	0.9673086	0.551574	0.194462	0.195595	0.0583678	1.972448	1.460698
40524	-3900.622	-4162.796	262.1733	0.6641346	0.492363	0.207697	0.2376	0.06234	1.9086	1.460698
40530	-3913.924	-4176.429	262.5055	0.6314821	0.567749	0.3274	0.0638297	0.0410208	2.256102	0.8909325
40536	-3892.428	-4154.883	262.4552	0.507975	0.414589	0.312098	0.180538	0.0927748	2.220756	1.105709
40542	-3906.667	-4169.089	262.4228	0.6147652	0.406856	0.280585	0.229225	0.0833345	2.199603	1.052808
40548	-3898.803	-4161.228	262.425	0.5872643	0.42745	0.224347	0.287913	0.0602904	2.226302	1.052808
40554	-3902.308	-4164.706	262.3981	0.648292	0.413164	0.250269	0.278291	0.0582754	2.27655	0.965871
40560	-3889.932	-4152.302	262.3691	0.7397201	0.489635	0.291943	0.150443	0.0679792	2.270389	0.899408
40566	-3893.002	-4155.399	262.3974	0.6572299	0.387714	0.347519	0.152	0.112767	2.224872	1.009435
40572	-3926.501	-4188.318	261.8165	0.7921285	0.467533	0.28932	0.177364	0.0657831	1.887451	1.63996
40578	-3912.714	-4174.612	261.8977	0.7921285	0.561445	0.176015	0.146483	0.116058	1.907429	1.566426
40584	-3913.055	-4174.774	261.7189	0.8335763	0.542698	0.197459	0.144977	0.114865	1.912419	1.660935
40590	-3900.121	-4161.953	261.8319	0.7371546	0.513078	0.282512	0.160823	0.0435866	1.877275	1.677614
40596	-3899.339	-4160.911	261.5725	0.7516523	0.273485	0.457385	0.139607	0.129523	1.775978	1.917005
40602	-3899.409	-4161.285	261.8756	0.7523704	0.475053	0.234943	0.171842	0.118163	1.93005	1.596635
40608	-3891.847	-4153.655	261.8077	0.7702935	0.422961	0.351284	0.11314	0.112615	1.979052	1.596635
40614	-3894.335	-4156.319	261.9849	0.6341505	0.44642	0.276931	0.195514	0.0811351	1.979052	1.572344
40620	-3892.131	-4154.344	262.2127	0.6962241	0.441576	0.307432	0.160921	0.0900711	1.984008	1.345093
40626	-3899.402	-4161.234	261.8324	0.869867	0.431299	0.324639	0.131435	0.112626	1.996188	1.488734
40632	-3900.28	-4162.199	261.9188	0.869867	0.438872	0.300355	0.14617	0.114603	1.948965	1.459117
40638	-3910.948	-4172.904	261.9564	0.8165983	0.521364	0.275114	0.0673768	0.136145	1.96673	1.459117
40644	-3908.321	-4170.321	262.0001	0.8283803	0.478112	0.326773	0.0645938	0.130521	2.035109	1.362802
40650	-3908.016	-4168.814	260.798	0.8537506	0.507028	0.251156	0.207117	0.0346992	1.651535	2.432056
40656	-3920.632	-4181.219	260.587	0.9119791	0.428007	0.236292	0.215192	0.120509	1.669658	2.515277
40662	-3906.577	-4168.017	261.4399	0.7056502	0.545114	0.205849	0.232229	0.0168084	1.73167	2.067615
40668	-3909.43	-4171.036	261.6062	0.578223	0.541141	0.204349	0.244006	0.0105046	1.855465	1.964169
40674	-3908.093	-4170.352	262.2588	0.578223	0.521673	0.196997	0.263074	0.0182566	1.95243	1.431048
40680	-3915.159	-4177.261	262.1015	0.578223	0.432067	0.230832	0.308258	0.0288426	1.945835	1.554264
40686	-3907.671	-4169.641	261.9701	0.616575	0.450016	0.217025	0.306608	0.0263508	1.887695	1.66262
40692	-3891.66	-4153.661	262.0012	0.553606	0.444255	0.356235	0.136163	0.0633474	2.000782	1.606158
40698	-3893.812	-4155.531	261.7187	0.7167243	0.501788	0.251804	0.191041	0.0553657	1.980268	1.700277
40704	-3902.273	-4164.282	262.0087	0.6893837	0.509809	0.255829	0.194095	0.0402669	1.919515	1.555688
40710	-3894.037	-4155.58	261.5422	0.616775	0.461775	0.325861	0.175891	0.036473	1.792516	2.021876
40716	-3893.746	-4155.422	261.6765	0.566532	0.435448	0.298301	0.221323	0.0449281	1.808062	1.956954
40722	-3898.203	-4159.865	261.6621	0.5859069	0.389201	0.231124	0.296209	0.0834666	1.802295	1.956954
40728	-3887.138	-4148.564	261.4264	0.8234343	0.444068	0.263706	0.176236	0.115989	1.787478	1.956954
40734	-3893.262	-4155.004	261.7426	0.7608258	0.419676	0.23749	0.206757	0.136076	1.919889	1.693062
40740	-3892.726	-4154.691	261.9648	0.7319783	0.419676	0.23749	0.206757	0.136076	1.965895	1.520391
40746	-3906.216	-4168.302	262.086	0.6473648	0.300105	0.427157	0.175431	0.0973066	2.053017	1.430611
40752	-3904.628	-4166.686	262.0578	0.6470073	0.321749	0.392839	0.161337	0.124074	2.053017	1.452498
40758	-3892.052	-4154.109	262.0569	0.6002984	0.369669	0.419694	0.178553	0.0320843	2.004867	1.526464
40764	-3887.548	-4149.432	261.8833	0.6578046	0.363429	0.379838	0.198719	0.0580151	1.992329	1.618456
40770	-3888.666	-4150.827	262.161	0.6578046	0.445793	0.250338	0.222784	0.081084	1.923364	1.463948
40776	-3880.757	-4142.673	261.9158	0.7131856	0.43012	0.270865	0.241052	0.0579625	1.909241	1.612628
40782	-3897.026	-4158.96	261.9338	0.7613411	0.446686	0.23311	0.260009	0.0601949	1.880761	1.583243
40788	-3896.484	-4158.252	261.7673	0.7784113	0.421717	0.259419	0.16123	0.157634	1.84141	1.717984
40794	-3896.26	-4158.084	261.8238	0.7633451	0.480703	0.283607	0.183782	0.0519075	2.037243	1.547554
40800	-3895.013	-4156.946	261.933	0.7245695	0.387478	0.317058	0.205459	0.0900044	1.968944	1.547554
40806	-3907.971	-4170.057	262.0859	0.5604863	0.387478	0.317058	0.205459	0.0900044	1.953337	1.57377
40812	-3915.69	-4177.669	261.9791	0.5584961	0.400576	0.327776	0.212404	0.0592442	1.927254	1.67132
40818	-3922.246	-4184.431	262.1858	0.4973145	0.426518	0.349003	0.101266	0.123213	1.9886	1.521395
40824	-3902.9	-4165.064	262.1635	0.5964541	0.421048	0.328208	0.149426	0.101319	1.988204	1.461911
40830	-3902.43	-4164.462	262.0321	0.6750255	0.417817	0.227088	0.211611	0.143484	1.990281	1.496978
40836	-3900.189	-4162.371	262.1823	0.6313096	0.512596	0.199113	0.185542	0.102749	1.985208	1.421762
40842	-3887.434	-4149.814	262.3801	0.5475337	0.485511	0.239717	0.186386	0.0883854	2.104374	1.237737
40848	-3898.258	-4160.463	262.2056	0.660057	0.489529	0.241701	0.193321	0.0754492	2.103117	1.28562
40854	-3907.201	-4169.574	262.3726	0.6004645	0.416228	0.303835	0.138069	0.141868	2.166429	1.143239
40860	-3899.324	-4161.677	262.3531	0.4570834	0.413538	0.335858	0.190911	0.059693	2.045981	1.379716
40866	-3891.908	-4154.199	262.2908	0.493778	0.313925	0.328467	0.272125	0.0854823	2.026021	1.416064
40872	-3893.177	-4155.592	262.4148	0.493778	0.384228	0.331737	0.236534	0.0475003	2.033106	1.312554
40878	-3895.711	-4158.01	262.2989	0.6677315	0.363116	0.4028	0.197744	0.0363406	2.071724	1.227426
40884	-3920.925	-4183.001	262.0762	0.7663464	0.535489	0.242654	0.137584	0.084273	2.070859	1.325473
40890	-3895.852	-4158.193	262.341	0.601838	0.321736	0.468113	0.161038	0.049112	2.099189	1.227426
40896	-3893.374	-4155.732	262.3582	0.6210616	0.293032	0.446483	0.140425	0.120061	2.099189	1.195581
40902	-3892.243	-4154.651	262.4078	0.6322665	0.436156	0.418797	0.108424	0.0366224	2.034032	1.198836
40908	-3902.345	-4164.501	262.1559	0.842466	0.444222	0.238315	0.226645	0.0908172	2.228929	1.05049
40914	-3895.012	-4157.253	262.2414	0.6916222	0.519282	0.278583	0.0959724	0.106162	2.104034	1.227384
40920	-3876.436	-4138.585	262.1496	0.7613366	0.457876	0.254916	0.148771	0.138438	2.122076	1.227384
40926	-3882.315	-4144.564	262.2483	0.6582191	0.427319	0.304639	0.138842	0.129199	2.019216	1.320605
40932	-3883.243	-4145.572	262.3295	0.5906597	0.382194	0.310401	0.256801	0.0506034	1.943018	1.373326
40938	-3880.445	-4142.989	262.5442	0.5487418	0.533531	0.253101	0.156277	0.0570903	2.038351	1.152362
40944	-3877.651	-4139.82	262.1686	0.5487418	0.337491	0.370938	0.229036	0.0625352	1.978038	1.503179
40950	-3880.733	-4143.09	262.3575	0.559931	0.405896	0.33824	0.208846	0.0470177	1.991932	1.337701
40956	-3876.777	-4138.985	262.2084	0.5702718	0.35875	0.417945	0.168094	0.0552108	2.002537	1.437643
40962	-3894.804	-4156.889	262.0854	0.5592706	0.364257	0.392324	0.170675	0.0727448	2.021087	1.525037
40968	-3899.547	-4161.74	262.1931	0.5337495	0.364257	0.392324	0.170675	0.0727448	2.005354	1.475753
40974	-3914.54	-4176.43	261.8895	0.6732082	0.52787	0.272263	0.162865	0.0370027	1.861204	1.696272
40980	-3906.014	-4168.126	262.1129	0.6263665	0.545003	0.261339	0.168151	0.0255072	2.020592	1.45183
40986	-3900.469	-4162.611	262.1424	0.6263665	0.431581	0.326262	0.209924	0.032234	2.03161	1.420799
40992	-3903.785	-4164.877	261.0919	0.8796988	0.431349	0.29088	0.139187	0.138584	1.720765	2.183034
40998	-3911.021	-4172.078	261.0567	0.8796988	0.529709	0.252682	0.115604	0.102005	1.756005	2.183034
41004	-3900.92	-4163.01	262.0901	0.6511841	0.459788	0.292696	0.195254	0.0522628	1.967818	1.489234
41010	-3895.745	-4157.958	262.2123	0.5923839	0.499316	0.204796	0.239325	0.0565626	1.961133	1.44866
41016	-3874.878	-4136.703	261.825	0.7346849	0.361304	0.383679	0.161032	0.0939849	1.848083	1.705147
41022	-3887.543	-4149.208	261.665	0.6601905	0.54295	0.270935	0.112221	0.0738936	1.933944	1.812025
41028	-3888.28	-4150.048	261.7676	0.6601905	0.438351	0.295203	0.122273	0.144173	1.831388	1.812025
41034	-3902.901	-4164.526	261.6245	0.7444199	0.550948	0.242767	0.122829	0.0834556	1.807187	1.865672
41040	-3897.797	-4158.882	261.0848	0.710322	0.471153	0.176252	0.275037	0.0775582	1.682474	2.326227
41046	-3899.211	-4160	260.789	0.7775183	0.425723	0.292038	0.248517	0.0337214	1.743227	2.430142
41052	-3895.378	-4156.353	260.9754	0.7599622	0.483744	0.242466	0.267696	0.00609463	1.657381	2.378283
41058	-3906.881	-4167.775	260.8937	0.938897	0.46666	0.271149	0.258242	0.00394983	1.742407	2.257851
41064	-3907.168	-4168.341	261.1721	0.8930276	0.481428	0.213747	0.299081	0.00574439	1.693527	2.139657
41070	-3903.564	-4164.02	260.456	0.9055657	0.511689	0.144335	0.31788	0.0260961	1.622302	2.630086
41076	-3892.486	-4153.705	261.2192	0.8128273	0.503416	0.142001	0.32902	0.0255619	1.786629	2.102379
41082	-3879.961	-4141.156	261.1952	0.7325179	0.444089	0.305845	0.168573	0.0814931	1.708297	2.223873
41088	-3886.989	-4147.148	260.1593	0.8204777	0.501239	0.216514	0.190267	0.0919804	1.570219	2.896796
41094	-3898.159	-4157.951	259.7921	0.6871973	0.529907	0.171702	0.20115	0.0972413	1.460956	3.265108
41100	-3899.211	-4159.122	259.9108	0.6118841	0.564845	0.152747	0.214411	0.0679969	1.439755	3.254551
41106	-3895.74	-4155.759	260.019	0.6482185	0.493785	0.17729	0.258777	0.0701482	1.484227	3.141322
41112	-3879.547	-4139.437	259.8905	0.7807106	0.450745	0.220639	0.236221	0.0923947	1.522629	3.111565
41118	-3885.678	-4145.562	259.8839	0.7807106	0.480361	0.246562	0.251423	0.0216535	1.529265	3.111565
41124	-3897.567	-4157.781	260.214	0.8373972	0.514799	0.23133	0.24759	0.00628057	1.505634	2.8921
41130	-3910.969	-4171.774	260.8044	0.8879489	0.569304	0.0545586	0.31459	0.0615471	1.603303	2.43612
41136	-3911.677	-4171.622	259.9449	0.8818537	0.622876	0.0700099	0.270621	0.0364934	1.547198	3.00138
41142	-3894.964	-4155.606	260.6425	0.8818537	0.543107	0.139655	0.311454	0.0057834	1.628123	2.525864
41148	-3896.469	-4157.394	260.925	0.6936518	0.517884	0.118157	0.358444	0.00551481	1.628123	2.472632
41154	-3911.063	-4171.918	260.8556	0.7308318	0.65634	0.13537	0.191123	0.0171669	1.722689	2.432137
41160	-3911.363	-4172.197	260.834	0.8061846	0.681468	0.0997747	0.19844	0.0203176	1.622293	2.458925
41166	-3908.179	-4169.043	260.8641	0.7515922	0.544507	0.198605	0.233029	0.0238592	1.569206	2.50925
41172	-3908.979	-4169.004	260.0245	0.7275155	0.539405	0.212012	0.199021	0.0495622	1.49898	3.079238
41178	-3912.083	-4171.626	259.543	0.7333272	0.497896	0.217721	0.216177	0.0682069	1.417345	3.408534
41184	-3906.793	-4166.68	259.8875	0.9385795	0.55745	0.120071	0.242034	0.0804448	1.480973	3.040675
41190	-3885.682	-4146.275	260.593	0.8864696	0.486331	0.232332	0.211155	0.0701817	1.581278	2.582854
41196	-3899.335	-4160.113	260.7772	0.8900642	0.50731	0.242354	0.177127	0.0732091	1.616992	2.44325
41202	-3898.832	-4159.987	261.1557	0.7220164	0.448669	0.311177	0.169923	0.0702316	1.676975	2.276548
41208	-3912.084	-4172.966	260.8813	0.6950151	0.429264	0.31959	0.162574	0.0885718	1.534223	2.557591
41214	-3895.222	-4157.29	262.068	0.6919447	0.487333	0.282036	0.155989	0.0746415	1.917266	1.511298
41220	-3906.08	-4166.311	260.2309	0.77379	0.404744	0.208244	0.272228	0.114784	1.575938	2.879646
41226	-3905.224	-4164.989	259.7644	0.584054	0.459049	0.254565	0.193486	0.0929001	1.543388	3.29701
41232	-3896.891	-4156.982	260.0908	0.7581575	0.464128	0.257381	0.183988	0.0945035	1.460749	3.043104
41238	-3904.553	-4164.658	260.1052	0.7207613	0.44089	0.306728	0.174592	0.07779	1.417901	3.083703
41244	-3899.539	-4162.1	262.5618	0.495728	0.349602	0.40443	0.203839	0.0421286	2.422831	0.7883943
41250	-3910.344	-4169.153	258.8094	0.6505934	0.495385	0.248267	0.196172	0.0601766	1.282769	3.961589
41256	-3907.487	-4165.937	258.4495	0.909021	0.438184	0.2196	0.238935	0.103281	1.231793	4.041624
41262	-3916.79	-4179.19	262.4005	0.6034058	0.372345	0.364586	0.198326	0.0647431	2.330849	0.9561617
41268	-3914.66	-4177.129	262.4686	0.5823821	0.383913	0.344845	0.204488	0.0667545	2.261864	0.9799039
41274	-3897.218	-4157.299	260.0815	0.7159393	0.442906	0.366518	0.100405	0.0901704	1.438536	3.088569
41280	-3890.667	-4150.364	259.6973	0.7690073	0.498121	0.24589	0.134869	0.121121	1.459819	3.270675
41286	-3897.784	-4158.124	260.3399	0.7120594	0.424773	0.227076	0.236298	0.111853	1.579215	2.851134
41292	-3895.464	-4156.034	260.5702	0.632433	0.370745	0.299345	0.243751	0.0861592	1.729088	2.670431
41298	-3887.476	-4148.549	261.0728	0.5622294	0.469945	0.316059	0.185056	0.0289397	1.743895	2.393876
41304	-3900.919	-4162.695	261.7759	0.5000631	0.48934	0.287833	0.192693	0.030134	1.815166	1.930888
41310	-3914.056	-4175.863	261.8078	0.6169655	0.338383	0.372919	0.249655	0.0390419	1.867114	1.79106
41316	-3916.774	-4178.735	261.9607	0.6508131	0.330034	0.359799	0.234332	0.0758351	1.905541	1.630609
41322	-3910.976	-4171.442	260.4666	0.7730093	0.411388	0.3042	0.257256	0.0271564	1.602545	2.720469
41328	-3904.934	-4164.935	260.001	0.603619	0.465249	0.273991	0.229563	0.0311972	1.508992	3.1653
41334	-3905.786	-4165.851	260.0652	0.575644	0.473669	0.27895	0.225952	0.0214287	1.508992	3.144539
41340	-3905.075	-4165.847	260.7721	0.6833571	0.253177	0.482966	0.186184	0.0776721	1.496462	2.656172
41346	-3911.242	-4171.903	260.6612	0.8402192	0.402629	0.38697	0.0868785	0.123522	1.594591	2.561924
41352	-3898.989	-4161.282	262.2937	0.600976	0.422069	0.337855	0.190789	0.0492867	2.002716	1.345803
41358	-3886.598	-4148.791	262.1924	0.6737119	0.463237	0.333524	0.147971	0.0552692	2.048443	1.32887
41364	-3886.062	-4148.096	262.0342	0.7622852	0.495171	0.212644	0.25191	0.0402756	1.989696	1.425608
41370	-3888.658	-4150.841	262.1833	0.6819566	0.594566	0.166287	0.169197	0.0699496	1.979769	1.383526
41376	-3878.18	-4140.164	261.9844	0.7802182	0.553775	0.206462	0.152914	0.0868494	2.002853	1.439263
41382	-3890.469	-4152.39	261.9212	0.8072733	0.514355	0.237614	0.142029	0.106002	2.036155	1.440435
41388	-3889.1	-4150.825	261.7252	0.7817511	0.419735	0.274471	0.174427	0.131366	1.939114	1.676083
41394	-3899.257	-4161.024	261.7676	0.6755713	0.43246	0.247498	0.213996	0.106046	1.98729	1.691522
41400	-3878.636	-4140.382	261.7457	0.7063324	0.447088	0.316348	0.200385	0.036179	1.955635	1.706376
41406	-3865.365	-4127.256	261.8911	0.6277276	0.441804	0.314427	0.19279	0.0509787	1.893412	1.706376
41412	-3885.114	-4146.59	261.4767	0.5747177	0.502924	0.278015	0.170464	0.0485965	1.809895	2.082865
41418	-3872.713	-4134.135	261.4225	0.6643156	0.521952	0.288534	0.139079	0.0504351	1.769749	2.082865
41424	-3880.286	-4141.516	261.2298	0.6757017	0.481083	0.278296	0.198595	0.0420259	1.769749	2.200646
41430	-3891.987	-4153.697	261.7094	0.6737686	0.448537	0.305871	0.218273	0.0273192	1.784009	1.874556
41436	-3891.714	-4152.96	261.2453	0.6390114	0.484107	0.234381	0.244561	0.0369513	1.646557	2.294926
41442	-3895.918	-4157.584	261.6663	0.7059552	0.395082	0.458957	0.115805	0.0301561	1.863921	1.825973
41448	-3905.522	-4167.535	262.0129	0.5449023	0.414475	0.437919	0.11711	0.0304959	1.777931	1.76269
41454	-3904.993	-4167.051	262.0573	0.5449023	0.402058	0.283294	0.290595	0.0240531	1.885314	1.655441
41460	-3906.838	-4168.598	261.7596	0.4986099	0.376555	0.315953	0.282365	0.0251276	1.836879	1.928164
41466	-3886.306	-4147.873	261.5674	0.6666798	0.385621	0.3872	0.19652	0.0306583	1.803608	1.962458
41472	-3897.38	-4158.791	261.4112	0.671622	0.406783	0.350693	0.224078	0.0184464	1.784798	2.075267
41478	-3902.788	-4164.612	261.8242	0.653126	0.485097	0.304745	0.194719	0.0154388	1.818391	1.78703
41484	-3901.972	-4163.761	261.7889	0.6762618	0.441377	0.23454	0.246334	0.0777497	1.808117	1.801597
41490	-3900.559	-4162.732	262.173	0.4849565	0.455564	0.242078	0.254251	0.0481067	1.80919	1.670272
41496	-3890.688	-4152.664	261.9764	0.5696601	0.315134	0.309002	0.316062	0.0598019	1.774569	1.772655
41502	-3895.781	-4157.474	261.693	0.555102	0.491172	0.236143	0.241538	0.0311475	1.774569	1.976272
41508	-3885.779	-4147.27	261.491	0.7644343	0.513479	0.211642	0.221381	0.0534984	1.777107	1.962117
41514	-3907.731	-4169.119	261.3877	0.645614	0.46948	0.245436	0.220832	0.064252	1.688462	2.171692
41520	-3900.233	-4161.385	261.1521	0.7104926	0.441079	0.363472	0.155698	0.039751	1.727177	2.254461
41526	-3905.704	-4166.832	261.128	0.6266628	0.453534	0.187223	0.324008	0.0352353	1.574068	2.423595
41532	-3915.093	-4176.558	261.4656	0.8649317	0.4939	0.172993	0.280473	0.0526335	1.851826	1.85759
41538	-3900.49	-4162.207	261.7167	0.7808454	0.502055	0.175849	0.285104	0.036991	1.832389	1.758083
41544	-3904.849	-4166.705	261.8553	0.576881	0.525975	0.165946	0.256956	0.0511234	1.733763	1.878946
41550	-3905.089	-4166.835	261.7461	0.7117425	0.462287	0.16075	0.352358	0.0246049	1.794004	1.814931
41556	-3887.05	-4148.696	261.6464	0.7117425	0.468124	0.27641	0.234878	0.020588	1.816741	1.867767
41562	-3919.577	-4181.462	261.8859	0.5177269	0.393977	0.366449	0.167984	0.0715908	1.828317	1.834967
41568	-3921.143	-4182.616	261.4725	0.4659135	0.364608	0.328315	0.213888	0.0931896	1.710765	2.221608
41574	-3891.989	-4153.72	261.7309	0.5238699	0.426697	0.310496	0.209893	0.0529136	1.798079	1.956567
41580	-3917.635	-4179.184	261.549	0.6047794	0.424424	0.253681	0.286807	0.0350877	1.78499	2.030734
41586	-3899.347	-4160.846	261.4985	0.5950732	0.41479	0.234117	0.280296	0.0707974	1.816101	2.050334
41592	-3900.245	-4161.377	261.1319	0.6638234	0.433934	0.244923	0.272765	0.0483779	1.74314	2.28888
41598	-3904.064	-4165.139	261.0746	0.8657841	0.429842	0.305055	0.175118	0.089985	1.699941	2.217027
41604	-3905.1	-4166.389	261.2884	0.6476787	0.443344	0.324866	0.180619	0.0511703	1.715495	2.217027
41610	-3893.585	-4154.662	261.0771	0.7531042	0.44909	0.329077	0.18296	0.0388732	1.746346	2.261384
41616	-3920.829	-4181.69	260.8611	0.6486911	0.472217	0.244037	0.191406	0.0923408	1.618347	2.548368
41622	-3900.724	-4160.934	260.21	0.6807056	0.415857	0.267257	0.209618	0.107269	1.576932	2.951004
41628	-3901.414	-4162.102	260.6875	0.6040218	0.455681	0.292851	0.188499	0.0629689	1.719008	2.622819
41634	-3912.276	-4172.817	260.5404	0.5580527	0.450695	0.289647	0.186437	0.0732216	1.520875	2.863264
41640	-3904.222	-4166.288	262.0662	0.6747628	0.44854	0.269062	0.208005	0.0743929	1.96685	1.489151
41646	-3900.537	-4162.517	261.9802	0.4790401	0.474976	0.28492	0.220264	0.0198406	1.806313	1.811601
41652	-3897.152	-4158.241	261.0891	0.607107	0.440892	0.288805	0.186928	0.0833747	1.700335	2.381453
41658	-3881.411	-4142.341	260.9294	0.605455	0.486714	0.318821	0.156775	0.0376904	1.670649	2.501635
41664	-3891.272	-4151.944	260.6716	0.490338	0.486714	0.318821	0.156775	0.0376904	1.60481	2.774232
41670	-3889.661	-4150.484	260.8224	0.5654358	0.375749	0.444946	0.147035	0.0322688	1.626329	2.621607
41676	-3905.763	-4166.901	261.1384	0.4528933	0.372539	0.43324	0.145779	0.0484425	1.668488	2.468677
41682	-3884.135	-4144.367	260.2326	0.8361885	0.538736	0.172862	0.210814	0.0775879	1.638117	2.801221
41688	-3880.272	-4140.773	260.5009	0.5736242	0.493831	0.30334	0.121684	0.0811453	1.593217	2.833538
41694	-3894.493	-4155.251	260.7578	0.6269808	0.412059	0.244205	0.276027	0.0677088	1.62684	2.621355
41700	-3893.62	-4155.373	261.7524	0.4794286	0.460251	0.272765	0.227204	0.0397802	1.741811	2.009422
41706	-3905.711	-4167.457	261.7457	0.595441	0.511867	0.237773	0.198056	0.0523041	1.791651	1.900933
41712	-3901.086	-4162.936	261.8493	0.5965562	0.429079	0.309636	0.208868	0.0524181	1.829747	1.803049
41718	-3901.639	-4163.654	262.0149	0.56372	0.509539	0.205602	0.195295	0.089564	1.89566	1.664474
41724	-3897.788	-4159.861	262.0728	0.5957729	0.399632	0.297506	0.232617	0.0702451	1.873629	1.614575
41730	-3901.894	-4164.256	262.3613	0.4656815	0.399632	0.297506	0.232617	0.0702451	1.948179	1.442801
41736	-3898.667	-4160.764	262.0978	0.51989	0.426598	0.306065	0.192352	0.074985	1.894333	1.638195
41742	-3884.349	-4146.228	261.8786	0.7081079	0.473621	0.284001	0.193416	0.0489632	1.916418	1.638195
41748	-3892.707	-4154.348	261.6411	0.6849398	0.507955	0.186444	0.243866	0.0617347	1.861967	1.859918
41754	-3880.362	-4142.425	262.0622	0.4829103	0.431779	0.303896	0.207294	0.0570308	1.800531	1.75603
41760	-3911.465	-4171.963	260.4984	0.811688	0.458222	0.273309	0.263593	0.00487639	1.520542	2.726349
41766	-3902.501	-4163.281	260.78	0.4918502	0.31915	0.416175	0.25348	0.0111954	1.57475	2.725428
41772	-3897.953	-4159.532	261.5786	0.6130207	0.360595	0.432873	0.0773601	0.129172	1.853715	1.959385
41778	-3908.201	-4169.888	261.6879	0.5648831	0.313007	0.451946	0.169373	0.0656741	1.794717	1.959385
41784	-3899.289	-4160.634	261.3449	0.5747324	0.234489	0.517787	0.194048	0.0536767	1.768102	2.196078
41790	-3895.868	-4157.537	261.669	0.470638	0.239817	0.506829	0.198457	0.0548964	1.759166	2.058847
41796	-3896.531	-4158.359	261.8275	0.486282	0.229895	0.48586	0.257537	0.0267082	1.718219	1.970514
41802	-3898.827	-4159.768	260.9416	0.6042293	0.392658	0.371553	0.196947	0.0388417	1.687848	2.484032
41808	-3894.232	-4155.115	260.8835	0.7794405	0.416426	0.265614	0.244929	0.0730307	1.678796	2.409893
41814	-3894.462	-4154.195	259.7328	0.5821692	0.494603	0.293165	0.17447	0.0377617	1.518214	3.331614
41820	-3879.231	-4139.742	260.5104	0.8135691	0.498448	0.190524	0.293166	0.0178619	1.607155	2.664601
41826	-3897.997	-4157.541	259.5433	0.6048114	0.438014	0.187341	0.337869	0.0367762	1.427846	3.481687
41832	-3894.566	-4154.082	259.5157	0.6438227	0.494128	0.237562	0.239959	0.0283502	1.404248	3.487573
41838	-3887.772	-4147.007	259.234	0.7617305	0.548863	0.210197	0.20945	0.0314906	1.447117	3.554032
41844	-3894.802	-4155.014	260.212	0.7550564	0.526242	0.179058	0.261544	0.0331562	1.545962	2.921075
41850	-3882.057	-4143.267	261.2094	0.5852213	0.553641	0.188381	0.215356	0.0426217	1.588726	2.390451
41856	-3888.171	-4149.217	261.0457	0.61834	0.510458	0.193907	0.270223	0.0254134	1.698899	2.4023
41862	-3894.323	-4155.22	260.8962	0.5464073	0.419854	0.276771	0.282472	0.0209026	1.682528	2.553278
41868	-3900.585	-4162.439	261.8547	0.5518088	0.458416	0.210345	0.308416	0.0228225	1.81561	1.84121
41874	-3899.842	-4161.359	261.5172	0.5266446	0.378562	0.397238	0.201318	0.0228811	1.65564	2.189423
41880	-3885.977	-4147.41	261.4333	0.5949735	0.379823	0.395231	0.201989	0.0229573	1.784994	2.113773
41886	-3877.574	-4139.065	261.4912	0.5424171	0.365838	0.344591	0.271375	0.0181969	1.81387	2.092651
41892	-3889.881	-4151.507	261.6255	0.6143601	0.374669	0.325664	0.277926	0.0217417	1.772042	1.981699
41898	-3910.607	-4172.143	261.5363	0.6152882	0.442693	0.384791	0.115248	0.0572683	1.744794	2.058405
41904	-3901.987	-4163.028	261.0413	0.6749128	0.502025	0.245694	0.175897	0.0763843	1.622512	2.41553
41910	-3901.803	-4162.564	260.7611	0.7501711	0.424497	0.362182	0.148733	0.0645882	1.591899	2.560208
41916	-3889.485	-4150.17	260.6848	0.8103087	0.425665	0.385643	0.111709	0.0769823	1.638361	2.539432
41922	-3895.017	-4156.034	261.0168	0.7659248	0.394685	0.357576	0.180028	0.0677115	1.660999	2.345744
41928	-3900.297	-4161.479	261.1823	0.6052881	0.387872	0.368666	0.17692	0.0665426	1.755633	2.28818
41934	-3903.673	-4164.803	261.1304	0.6631396	0.419232	0.344054	0.172016	0.0646981	1.726304	2.301058
41940	-3902.676	-4163.98	261.3038	0.7519883	0.384556	0.196661	0.334898	0.0838855	1.794177	2.0838
41946	-3898.909	-4159.709	260.8	0.7570698	0.469784	0.30644	0.164282	0.0594937	1.76593	2.422439
41952	-3899.292	-4161.022	261.73	0.6404083	0.422168	0.286047	0.224702	0.067083	1.772488	1.89247
41958	-3887.042	-4148.436	261.3937	0.8282862	0.571098	0.211772	0.167465	0.0496643	1.765997	1.989854
41964	-3892.844	-4154.168	261.3237	0.8343663	0.630463	0.239231	0.0742023	0.0561038	1.761308	2.03534
41970	-3886.55	-4148.026	261.4762	0.8343663	0.469762	0.256827	0.11955	0.153861	1.793692	1.91152
41976	-3900.777	-4161.907	261.1303	0.8313228	0.440195	0.240662	0.174965	0.144177	1.746095	2.174202
41982	-3921.671	-4182.897	261.2265	0.7781946	0.454269	0.27055	0.212948	0.0622325	1.800048	2.112588
41988	-3896.923	-4158.632	261.7086	0.5245211	0.48682	0.289936	0.158033	0.0652112	1.818748	1.957209
41994	-3890.805	-4152.309	261.5045	0.6741984	0.411948	0.299885	0.26661	0.0215574	1.866369	1.957209
42000	-3896.665	-4157.851	261.1856	0.6699205	0.382122	0.327818	0.267635	0.022425	1.837839	2.189191
42006	-3912.115	-4173.357	261.2419	0.6503547	0.388668	0.316303	0.27222	0.0228092	1.842171	2.163244
42012	-3903.159	-4164.425	261.2669	0.7997765	0.501609	0.221665	0.239187	0.0375391	1.725134	2.120325
42018	-3902.343	-4163.577	261.2337	0.7957954	0.432305	0.252333	0.307128	0.00823414	1.742116	2.133653
42024	-3897.313	-4158.444	261.1308	0.7270656	0.533691	0.265353	0.195744	0.00521107	1.666274	2.295924
42030	-3899.701	-4161.128	261.4277	0.7198494	0.523389	0.284322	0.173509	0.0187802	1.792323	2.025634
42036	-3900.174	-4161.836	261.6615	0.7457111	0.477691	0.293308	0.192734	0.0362674	1.83607	1.819511
42042	-3893.124	-4154.643	261.5192	0.8355199	0.46671	0.289806	0.190022	0.0534627	1.884104	1.819511
42048	-3890.943	-4152.279	261.3358	0.7587281	0.446919	0.277516	0.224369	0.0511956	1.714826	2.110247
42054	-3898.355	-4159.293	260.9381	0.76699	0.42977	0.329033	0.21576	0.0254379	1.698876	2.37095
42060	-3898.72	-4159.899	261.1788	0.7977805	0.363489	0.291486	0.310305	0.0347205	1.751392	2.162034
42066	-3905.822	-4167.199	261.3769	0.757335	0.431357	0.318997	0.147634	0.102012	1.701857	2.092716
42072	-3892.891	-4154.104	261.213	0.6246292	0.309998	0.48742	0.12927	0.0733119	1.701857	2.289936
42078	-3898.892	-4160.022	261.1307	0.6246292	0.404212	0.331638	0.168558	0.0955928	1.678284	2.357362
42084	-3898.955	-4160.217	261.2618	0.8415561	0.414226	0.320691	0.162994	0.102089	1.777574	2.060541
42090	-3882.604	-4143.346	260.7419	0.760488	0.409536	0.313006	0.178048	0.0994089	1.706751	2.493808
42096	-3876.995	-4137.86	260.8653	0.6748033	0.463402	0.292273	0.151501	0.0928241	1.673989	2.493808
42102	-3888.786	-4149.364	260.5771	0.6842169	0.515546	0.248507	0.146306	0.0896409	1.686282	2.65878
42108	-3888.3	-4148.983	260.6832	0.6541375	0.407007	0.334912	0.187313	0.0707685	1.605639	2.662768
42114	-3897.462	-4157.729	260.2664	0.6436002	0.426231	0.350731	0.202745	0.0202931	1.576061	2.941232
42120	-3893.231	-4152.8	259.5688	0.6070715	0.318445	0.395881	0.228844	0.0568295	1.458418	3.447562
42126	-3901.389	-4162.055	260.6662	0.5441544	0.287439	0.460982	0.143481	0.108099	1.565176	2.768593
42132	-3904.081	-4164.618	260.5368	0.7151981	0.462877	0.339975	0.11677	0.0803777	1.514628	2.768593
42138	-3906.812	-4166.615	259.8027	0.9481176	0.468869	0.222441	0.195388	0.113301	1.525763	3.05883
42144	-3908.89	-4169.361	260.471	0.7018258	0.512619	0.128268	0.294798	0.0643151	1.502155	2.824902
42150	-3898.2	-4159.817	261.6161	0.6003696	0.457744	0.283928	0.203211	0.0551171	1.699318	2.046117
42156	-3894.464	-4155.413	260.9486	0.6204346	0.462639	0.271292	0.205384	0.0606847	1.617982	2.512658
42162	-3891.303	-4152.593	261.2903	0.5973502	0.375364	0.427461	0.165629	0.0315453	1.717087	2.248964
42168	-3896.541	-4157.992	261.4512	0.5558541	0.376464	0.377599	0.156597	0.08934	1.809646	2.112593
42174	-3897.51	-4159.179	261.6698	0.6126855	0.359952	0.367923	0.163944	0.108181	1.839143	1.907942
42180	-3903.798	-4165.29	261.4923	0.5510658	0.413501	0.254697	0.300821	0.0309819	1.808217	2.089823
42186	-3896.613	-4158.036	261.4222	0.6896894	0.443097	0.299351	0.218499	0.0390533	1.8944	1.982525
42192	-3896.214	-4157.893	261.6784	0.585887	0.43735	0.336328	0.182445	0.0438773	1.843802	1.91796
42198	-3896.39	-4157.985	261.5947	0.5903112	0.440877	0.339041	0.175851	0.0442312	1.922942	1.91796
42204	-3907.456	-4169.513	262.0575	0.5304728	0.469556	0.242487	0.250882	0.0370748	1.908747	1.649054
42210	-3910.261	-4172.045	261.7837	0.7314781	0.484745	0.234114	0.231679	0.0494617	1.911159	1.692058
42216	-3896.853	-4158.222	261.3688	0.7815272	0.507397	0.198325	0.242505	0.051773	1.770613	2.035914
42222	-3901.011	-4162.996	261.9855	0.4726997	0.494483	0.266129	0.169308	0.0700796	1.782746	1.828435
42228	-3900.828	-4162.684	261.8557	0.4920986	0.407171	0.327321	0.207802	0.0577056	1.718382	1.947624
42234	-3886.107	-4147.672	261.5649	0.6737234	0.496539	0.231829	0.218372	0.0532607	1.765012	1.98494
42240	-3901.493	-4163.238	261.7451	0.6686524	0.432656	0.287666	0.188224	0.0914536	1.844472	1.812315
42246	-3912.612	-4174.504	261.8916	0.6715486	0.439682	0.276099	0.19128	0.0929387	1.694882	1.812315
42252	-3917.965	-4179.813	261.848	0.6390205	0.398738	0.303411	0.222956	0.0748955	1.772904	1.812315
42258	-3908.707	-4170.297	261.5901	0.8421226	0.614268	0.173762	0.136114	0.0758567	1.928573	1.734464
42264	-3911.459	-4173.375	261.9162	0.6242263	0.311962	0.420447	0.23308	0.0345105	1.908158	1.680752
42270	-3912.679	-4173.694	261.0148	0.5923174	0.374739	0.326389	0.252568	0.0463039	1.504965	2.56023
42276	-3906.417	-4167.443	261.0267	0.7413291	0.385444	0.348867	0.163138	0.102551	1.629708	2.375789
42282	-3887.982	-4149.011	261.0289	0.693574	0.43889	0.341815	0.165988	0.0533076	1.629708	2.406344
42288	-3905.837	-4167.02	261.1835	0.7799183	0.536695	0.180988	0.246092	0.0362244	1.738233	2.179747
42294	-3892.134	-4153.657	261.5228	0.7833966	0.513694	0.213549	0.235545	0.0372118	1.712236	1.970863
42300	-3892.844	-4154.17	261.3266	0.7853729	0.425918	0.223736	0.195297	0.155049	1.857262	2.003692
42306	-3887.199	-4148.643	261.4445	0.7704815	0.382456	0.268677	0.234372	0.114495	1.893285	1.910814
42312	-3893.783	-4155.644	261.8615	0.6821041	0.343798	0.327001	0.172637	0.156565	1.893285	1.686692
42318	-3907.177	-4168.717	261.5403	1.218496	0.554788	0.151366	0.170229	0.123617	1.989867	1.454113
42324	-3911.909	-4173.968	262.0586	0.739537	0.42006	0.271563	0.158231	0.150146	2.08695	1.349278
42330	-3903.997	-4165.904	261.9066	0.9909879	0.480643	0.234577	0.160861	0.123919	2.057394	1.286311
42336	-3900.932	-4162.888	261.9565	0.7804304	0.519229	0.269541	0.159041	0.0521891	2.039245	1.432618
42342	-3900.149	-4162.11	261.9615	0.78311	0.472495	0.235007	0.190986	0.101512	2.059724	1.410775
42348	-3905.556	-4167.638	262.082	0.6794866	0.491484	0.235882	0.198662	0.0739726	1.983569	1.460786
42354	-3908.531	-4170.544	262.0132	0.6943763	0.491484	0.235882	0.198662	0.0739726	2.017005	1.475615
42360	-3887.8	-4149.919	262.1185	0.7236811	0.491484	0.235882	0.198662	0.0739726	2.035894	1.355556
42366	-3887.986	-4150.03	262.0449	0.7933786	0.450515	0.239419	0.201641	0.108425	2.036081	1.355556
42372	-3898.901	-4161.027	262.126	0.7063322	0.458136	0.281342	0.169421	0.0911003	2.036081	1.363994
42378	-3899.047	-4161.072	262.025	0.8501464	0.398271	0.322332	0.204389	0.0750087	1.989193	1.36149
42384	-3920.56	-4182.383	261.8233	0.8033168	0.479862	0.215229	0.192646	0.112263	2.03114	1.521252
42390	-3907.859	-4169.583	261.7249	0.545101	0.490854	0.318463	0.157251	0.0334321	1.77168	1.963735
42396	-3889.781	-4151.624	261.8423	0.6885308	0.445944	0.301872	0.21243	0.0397537	1.868707	1.712814
42402	-3883.169	-4144.971	261.8028	0.6885308	0.382863	0.394901	0.182381	0.0398551	1.908292	1.712814
42408	-3891.311	-4153.27	261.9587	0.6840223	0.567142	0.205227	0.189448	0.0381821	1.898854	1.611474
42414	-3911.407	-4172.888	261.4807	0.7812915	0.424231	0.326878	0.165375	0.0835167	1.904681	1.870751
42420	-3898.788	-4160.313	261.5257	0.8051164	0.492173	0.278861	0.15762	0.0713459	1.995336	1.759914
42426	-3915.174	-4176.577	261.4035	0.6215689	0.351231	0.285201	0.268421	0.0951466	1.859217	2.066208
42432	-3918.646	-4180.63	261.9844	0.4591038	0.405386	0.335345	0.179516	0.0797522	1.856305	1.787369
42438	-3908.816	-4170.736	261.9201	0.5934493	0.405985	0.334362	0.179782	0.0798701	1.884894	1.717361
42444	-3893.605	-4155.166	261.5611	0.7127474	0.508359	0.297169	0.134651	0.0598204	1.770758	1.955923
42450	-3917.191	-4178.205	261.0143	0.6532313	0.453632	0.276754	0.120156	0.149459	1.748129	2.367705
42456	-3913.459	-4174.158	260.6985	0.7564568	0.486899	0.297495	0.128967	0.0866383	1.609671	2.583939
42462	-3899.863	-4161.645	261.782	0.6858228	0.451854	0.227298	0.259791	0.0610571	1.970037	1.685787
42468	-3889.879	-4151.652	261.7726	0.63668	0.440751	0.25348	0.253407	0.0523625	1.825934	1.829495
42474	-3912.97	-4174.174	261.2047	0.643858	0.454581	0.233011	0.232945	0.0794632	1.86435	2.177466
42480	-3895.752	-4157.31	261.5585	0.6906204	0.475455	0.249912	0.189406	0.0852269	1.922957	1.870536
42486	-3898.566	-4160.191	261.6249	0.7991672	0.516904	0.226695	0.17103	0.0853713	1.923945	1.74477
42492	-3910.832	-4172.352	261.5203	0.7991672	0.484381	0.268911	0.145438	0.10127	1.965118	1.789007
42498	-3911.02	-4172.629	261.6088	0.6350337	0.431949	0.239803	0.239018	0.0892313	2.040772	1.795396
42504	-3890.216	-4150.835	260.6185	0.7998521	0.441937	0.222223	0.244545	0.0912947	1.722035	2.535463
42510	-3891.584	-4153.068	261.4846	0.6978294	0.483667	0.194323	0.267636	0.0543736	1.842766	1.969574
42516	-3882.063	-4143.712	261.6492	0.7033145	0.403061	0.226639	0.306884	0.0634158	1.923017	1.798928
42522	-3886.048	-4147.977	261.9297	0.5998374	0.396544	0.256928	0.281832	0.0646955	1.852863	1.728474
42528	-3893.033	-4154.918	261.8849	0.7599103	0.508143	0.263637	0.161835	0.0663847	1.899073	1.606596
42534	-3893.547	-4155.427	261.8803	0.7599103	0.451564	0.27754	0.173211	0.0976849	1.934364	1.584278
42540	-3880.189	-4141.823	261.6339	0.7239429	0.47557	0.292294	0.129258	0.102878	1.816486	1.867707
42546	-3890.344	-4152.044	261.7002	0.8348338	0.415035	0.26988	0.203932	0.111153	1.895726	1.685244
42552	-3881.237	-4143.404	262.1669	0.7557357	0.439622	0.252313	0.229536	0.0785287	2.002376	1.316617
42558	-3883.039	-4145.106	262.0667	0.7557357	0.469663	0.238787	0.217231	0.0743189	2.059682	1.350909
42564	-3901.018	-4163.091	262.0726	0.7564647	0.468053	0.237968	0.219915	0.074064	1.85348	1.504562
42570	-3885.403	-4147.256	261.8535	0.7452723	0.466934	0.252074	0.229	0.0519924	1.804526	1.707863
42576	-3903.825	-4165.207	261.3818	0.6824063	0.436685	0.300527	0.214164	0.0486242	1.802282	2.075601
42582	-3890.721	-4152.3	261.5789	0.7722876	0.430192	0.296058	0.21098	0.0627699	1.897297	1.814921
42588	-3891.746	-4153.302	261.5558	0.6831822	0.410856	0.369738	0.139544	0.0798625	1.74032	2.000802
42594	-3896.766	-4157.843	261.0775	0.6672151	0.439872	0.381209	0.114342	0.0645771	1.705421	2.345339
42600	-3897.61	-4158.681	261.0719	0.6672151	0.445542	0.289616	0.223719	0.0411225	1.677647	2.36651
42606	-3915.531	-4176.808	261.277	0.6085148	0.461121	0.295811	0.231541	0.0115264	1.77587	2.212087
42612	-3903.916	-4164.932	261.0165	0.7327758	0.410075	0.373765	0.20591	0.0102504	1.650874	2.374563
42618	-3899.546	-4160.612	261.066	0.4097588	0.403217	0.378734	0.202467	0.0155823	1.67827	2.53224
42624	-3874.921	-4136.355	261.4337	0.6457492	0.375473	0.420658	0.188535	0.0153342	1.845059	2.038719
42630	-3888.396	-4149.71	261.3137	0.6852895	0.343643	0.384998	0.257325	0.0140343	1.778476	2.133875
42636	-3889.578	-4150.609	261.0308	0.7758231	0.451266	0.249799	0.257695	0.0412406	1.640548	2.34324
42642	-3891.346	-4152.344	260.9986	0.7880407	0.445273	0.246481	0.254273	0.0539739	1.773189	2.270943
42648	-3888.794	-4149.974	261.1801	0.803101	0.512098	0.288106	0.110303	0.0894928	1.707932	2.185838
42654	-3889.003	-4150.29	261.2866	0.7193284	0.509973	0.286395	0.146841	0.0567906	1.745509	2.149546
42660	-3889.258	-4150.355	261.0965	0.6251392	0.517661	0.296391	0.151966	0.0339827	1.711184	2.35787
42666	-3888.462	-4149.326	260.864	0.6251856	0.513404	0.184754	0.182494	0.119348	1.709336	2.505328
42672	-3888.521	-4149.076	260.5548	0.7754469	0.332022	0.430391	0.114548	0.123038	1.720471	2.591928
42678	-3883.924	-4145.175	261.2517	0.6888373	0.380049	0.287622	0.208766	0.123563	1.733789	2.200763
42684	-3895.739	-4156.153	260.4139	0.7354381	0.392552	0.340647	0.167601	0.0991992	1.733789	2.696587
42690	-3897.972	-4158.302	260.3295	0.8850928	0.456531	0.35649	0.158352	0.0286272	1.59662	2.73651
42696	-3886.862	-4146.708	259.846	0.7644608	0.474383	0.336856	0.165819	0.0229424	1.5877	3.109491
42702	-3893.773	-4154.131	260.3582	0.7644608	0.348553	0.321632	0.280102	0.0497126	1.5877	2.801201
42708	-3902.178	-4162.862	260.6843	0.7812324	0.379053	0.290308	0.280803	0.0498368	1.689755	2.526757
42714	-3890.028	-4150.989	260.9616	0.6439628	0.519184	0.263341	0.196943	0.0205313	1.689755	2.443994
42720	-3884.161	-4145.269	261.1077	0.8665123	0.42279	0.269669	0.248266	0.0592749	1.795126	2.133224
42726	-3885.73	-4146.596	260.8659	0.7764165	0.387424	0.309641	0.249315	0.05362	1.759779	2.371795
42732	-3887.834	-4148.908	261.0734	0.8342582	0.4007	0.264497	0.279346	0.0554574	1.852594	2.13996
42738	-3889.365	-4150.564	261.1996	0.7579622	0.405553	0.357882	0.190519	0.0460462	1.805784	2.140371
42744	-3901.395	-4163.016	261.6206	0.6496982	0.405599	0.330422	0.210485	0.0534939	1.805784	1.937262
42750	-3915.914	-4177.363	261.4487	0.9097248	0.465241	0.205781	0.241436	0.0875422	1.841077	1.844922
42756	-3918.817	-4180.166	261.349	0.6384787	0.471727	0.284018	0.213559	0.0306954	1.775222	2.145279
42762	-3906.686	-4167.121	260.4348	0.90102	0.514015	0.225575	0.164146	0.0962639	1.465127	2.742547
42768	-3894.616	-4154.401	259.7846	0.7056316	0.454241	0.25332	0.184335	0.108104	1.462308	3.257186
42774	-3904.088	-4163.698	259.6099	0.5900171	0.456653	0.241647	0.198577	0.103122	1.319433	3.515155
42780	-3901.805	-4162.131	260.3264	0.7190487	0.38967	0.298527	0.213598	0.0982042	1.525411	2.887409
42786	-3900.295	-4161.099	260.8047	0.5702527	0.460107	0.253759	0.252208	0.0339259	1.654474	2.6121
42792	-3893.583	-4154.316	260.7331	0.6903297	0.455153	0.220087	0.235514	0.0892451	1.520105	2.661087
42798	-3891.862	-4152.267	260.4048	0.5963656	0.497483	0.22901	0.245063	0.0284441	1.461845	2.956676
42804	-3893.91	-4153.5	259.5901	0.5756484	0.366601	0.305364	0.293892	0.0341425	1.399	3.48906
42810	-3893.741	-4152.62	258.879	0.5927452	0.420062	0.349895	0.202098	0.0279446	1.356812	3.914253
42816	-3892.91	-4152.343	259.4329	0.643229	0.494905	0.211583	0.256497	0.0370151	1.399683	3.538891
42822	-3896.687	-4156.192	259.5048	0.632419	0.550673	0.198933	0.217208	0.0331863	1.412907	3.495948
42828	-3898.448	-4157.99	259.542	0.5415901	0.360761	0.420106	0.173212	0.0459213	1.470552	3.495948
42834	-3898.969	-4158.221	259.252	0.6062508	0.322033	0.377221	0.243721	0.0570245	1.446928	3.639209
42840	-3879.455	-4139.047	259.592	0.5433758	0.334219	0.391494	0.252944	0.0213433	1.458631	3.472613
42846	-3877.671	-4137.562	259.8911	0.6725075	0.446423	0.278713	0.253476	0.0213882	1.502057	3.19142
42852	-3879.947	-4141.005	261.058	0.6188904	0.537359	0.131788	0.305108	0.025745	1.549897	2.487883
42858	-3885.958	-4145.896	259.9379	0.8452765	0.520896	0.134575	0.31156	0.032969	1.537027	3.034371
42864	-3885.078	-4145.145	260.0664	0.7746305	0.539685	0.191599	0.234558	0.0341582	1.564256	2.985277
42870	-3897.102	-4157.962	260.8596	0.6502646	0.50873	0.159092	0.303247	0.0289314	1.589431	2.566244
42876	-3894.919	-4156.402	261.4835	0.7558178	0.453515	0.279376	0.244431	0.0226789	1.669255	2.045009
42882	-3900.082	-4160.338	260.2553	0.7424776	0.442693	0.146755	0.388413	0.0221377	1.642837	2.844304
42888	-3904.17	-4164.082	259.9119	0.8181473	0.439214	0.417765	0.13033	0.0126911	1.548741	3.059837
42894	-3899.04	-4159.088	260.0472	0.512826	0.397101	0.351232	0.240687	0.0109805	1.612492	3.132005
42900	-3898.168	-4158.128	259.96	0.5419697	0.375694	0.414871	0.208605	0.000830119	1.49923	3.233374
42906	-3894.934	-4155.599	260.6652	0.495608	0.301777	0.54134	0.156723	0.000159154	1.601858	2.776713
42912	-3892.259	-4154.172	261.9128	0.4306527	0.496888	0.245808	0.254749	0.00255489	1.72924	1.941228
42918	-3887.653	-4149.74	262.0867	0.5924679	0.511647	0.253109	0.233938	0.0013053	2.009856	1.506661
42924	-3898.935	-4161.011	262.0754	0.6017866	0.415353	0.329022	0.250268	0.00535696	2.011375	1.506661
42930	-3910.416	-4172.35	261.934	0.6130204	0.556755	0.14465	0.291414	0.00718067	1.872607	1.701747
42936	-3903.6	-4165.445	261.845	0.6285962	0.524348	0.194437	0.274452	0.00676271	1.735157	1.847927
42942	-3904.762	-4166.336	261.5742	0.5283131	0.534866	0.209689	0.249729	0.00571631	1.713377	2.113591
42948	-3916.18	-4177.571	261.3919	0.5950058	0.370386	0.283839	0.338037	0.0077377	1.633862	2.238769
42954	-3906.097	-4167.521	261.4238	0.5950058	0.324457	0.370316	0.261998	0.0432298	1.601935	2.238769
42960	-3900.339	-4161.738	261.3993	0.4392735	0.349992	0.432943	0.0987413	0.118323	1.697841	2.29301
42966	-3899.731	-4161.366	261.6347	0.4748954	0.303175	0.375029	0.247359	0.0744367	1.754182	2.081986
42972	-3905.842	-4167.266	261.4244	0.5240396	0.451033	0.295453	0.194873	0.0586422	1.79002	2.164181
42978	-3909.829	-4171.58	261.7514	0.4282058	0.450055	0.324985	0.19445	0.0305104	1.736755	2.045366
42984	-3901.208	-4162.379	261.1715	0.574159	0.407385	0.323693	0.21993	0.0489917	1.693486	2.355432
42990	-3897.73	-4159.116	261.3863	0.5002684	0.407385	0.323693	0.21993	0.0489917	1.728218	2.244212
42996	-3896.974	-4158.322	261.3481	0.5204485	0.39831	0.332117	0.219306	0.0502667	1.702441	2.27233
43002	-3900.144	-4161.501	261.3565	0.557508	0.401345	0.341731	0.195207	0.0617169	1.802253	2.17807
43008	-3907.403	-4168.445	261.0418	0.6423933	0.425749	0.354132	0.149137	0.0709817	1.722836	2.373597
43014	-3895.835	-4156.907	261.0715	0.624478	0.397781	0.330868	0.13934	0.132011	1.670429	2.399899
43020	-3904.889	-4165.819	260.9298	0.5477733	0.523095	0.264108	0.107421	0.105375	1.657072	2.547294
43026	-3893.49	-4154.517	261.0272	0.6832244	0.451722	0.255772	0.151451	0.141055	1.827541	2.288695
43032	-3890.849	-4152.313	261.464	0.5170602	0.347831	0.426937	0.116619	0.108614	1.687954	2.209255
43038	-3903.289	-4164.902	261.6132	0.5609467	0.458933	0.365713	0.145362	0.0299921	1.852612	1.97343
43044	-3894.246	-4156.101	261.8552	0.5095227	0.46054	0.366994	0.145871	0.026594	1.737874	1.923127
43050	-3898.287	-4160.235	261.9486	0.4894799	0.434801	0.282322	0.248606	0.0342703	1.801972	1.829376
43056	-3902.874	-4164.439	261.5658	0.4775813	0.514117	0.246461	0.185941	0.0534804	1.79556	2.098389
43062	-3888.469	-4150.017	261.548	0.7401977	0.50556	0.207125	0.222418	0.0648971	1.80795	1.920173
43068	-3904.016	-4165.761	261.7448	0.7104337	0.516486	0.205032	0.222636	0.0558462	1.806765	1.807976
43074	-3893.617	-4155.546	261.9291	0.5724593	0.36995	0.305256	0.267059	0.0577354	1.827971	1.766376
43080	-3893.82	-4155.648	261.827	0.6065243	0.496472	0.279619	0.155902	0.0680073	1.858678	1.791225
43086	-3889.659	-4151.54	261.881	0.6519724	0.438041	0.24671	0.24152	0.0737299	1.858678	1.719938
43092	-3900.915	-4162.766	261.8505	0.4990376	0.526638	0.261356	0.151907	0.0600983	1.882852	1.834685
43098	-3890.549	-4152.117	261.5679	0.5517717	0.434463	0.312249	0.181487	0.0718009	1.946836	1.946933
43104	-3889.938	-4151.431	261.4925	0.6703501	0.439675	0.263733	0.200549	0.096044	1.806251	2.008119
43110	-3896.237	-4157.776	261.5389	0.670547	0.483996	0.250822	0.220765	0.0444168	1.835167	1.957622
43116	-3877.591	-4139.256	261.6651	0.5900822	0.436395	0.262806	0.236088	0.0647109	1.798846	1.954313
43122	-3889.44	-4150.617	261.1772	0.5981467	0.449555	0.310383	0.16223	0.0778312	1.692724	2.336369
43128	-3894.814	-4155.531	260.7171	0.6091397	0.444205	0.244608	0.210296	0.100891	1.620662	2.661851
43134	-3894.45	-4155.025	260.5753	0.7600454	0.42436	0.308855	0.196874	0.0699121	1.733297	2.581297
43140	-3881.299	-4143.172	261.873	0.6958692	0.50956	0.2548	0.177964	0.0576763	1.75626	1.764775
43146	-3874.759	-4136.166	261.4072	0.6664731	0.439385	0.291258	0.203428	0.065929	1.805866	2.067595
43152	-3897.204	-4157.953	260.7489	0.6865309	0.42099	0.305838	0.195553	0.0776188	1.701743	2.541341
43158	-3904.895	-4165.342	260.4471	0.6015447	0.522958	0.231764	0.194393	0.0508857	1.515308	2.895666
43164	-3912.663	-4173.881	261.2176	0.6015447	0.547818	0.243648	0.15753	0.0510049	1.585053	2.376786
43170	-3906.703	-4167.703	260.9999	0.5870215	0.464601	0.341497	0.150645	0.043257	1.485534	2.585006
43176	-3898.409	-4158.913	260.5033	0.8331863	0.561574	0.144046	0.274909	0.0194711	1.578006	2.674302
43182	-3902.727	-4164.027	261.2997	0.8075405	0.473668	0.218517	0.227881	0.0799342	1.753819	2.074649
43188	-3904.65	-4165.872	261.2219	0.7105568	0.473493	0.256737	0.224742	0.0450275	1.74027	2.20098
43194	-3913.46	-4174.981	261.5208	0.6474345	0.424761	0.321848	0.19963	0.0537603	1.742087	2.048013
43200	-3892.781	-4153.953	261.1717	0.6474345	0.435279	0.329817	0.179812	0.0550915	1.736699	2.278598
43206	-3901.566	-4162.441	260.8754	0.7736979	0.494309	0.271018	0.193165	0.0415085	1.568092	2.488309
43212	-3898.693	-4159.938	261.244	0.7139001	0.53739	0.215329	0.158501	0.0887797	1.609693	2.268536
43218	-3893.42	-4153.975	260.5549	0.5729083	0.379879	0.29274	0.215484	0.111896	1.485335	2.866659
43224	-3896.078	-4156.322	260.2443	0.6232351	0.442929	0.341327	0.0852755	0.130468	1.530116	2.995102
43230	-3902.654	-4162.284	259.6299	0.615563	0.41231	0.260592	0.207238	0.11986	1.446513	3.413557
43236	-3893.681	-4154.524	260.8437	0.6152078	0.412641	0.282186	0.188668	0.116504	1.633352	2.571863
43242	-3900.381	-4162.498	262.1172	0.5633042	0.462271	0.255996	0.171158	0.110575	1.863135	1.614535
43248	-3896.422	-4158.657	262.2346	0.6489287	0.372362	0.2925	0.203602	0.131536	2.183254	1.204245
43254	-3891.615	-4154.031	262.4162	0.5446259	0.418653	0.289897	0.264225	0.0272254	2.123874	1.193045
43260	-3896.177	-4158.374	262.1969	0.5616891	0.33604	0.353191	0.210708	0.100061	2.050513	1.416405
43266	-3908.868	-4170.997	262.1291	0.5813777	0.474411	0.313832	0.187227	0.0245302	2.050283	1.452887
43272	-3894.426	-4155.876	261.45	0.4371678	0.371109	0.378284	0.213169	0.0374378	1.728169	2.242294
43278	-3906.239	-4167.914	261.6759	0.5640477	0.447672	0.318535	0.219226	0.014566	1.832267	1.94277
43284	-3893.591	-4155.191	261.5997	0.725824	0.43724	0.311113	0.229694	0.0219536	1.832267	1.878885
43290	-3899.843	-4161.764	261.9212	0.6664902	0.455733	0.182785	0.317727	0.0437549	1.818344	1.709154
43296	-3895.061	-4156.405	261.3439	0.7557715	0.421573	0.233804	0.302903	0.0417205	1.761415	2.076366
43302	-3891.536	-4152.488	260.952	0.5798311	0.518937	0.201325	0.245873	0.0338654	1.57864	2.561614
43308	-3903.778	-4165.035	261.2564	0.5798311	0.396311	0.339969	0.187773	0.0759476	1.811134	2.222031
43314	-3897.947	-4159.29	261.3434	0.5757346	0.400999	0.33216	0.189994	0.0768461	1.728406	2.222031
43320	-3897.259	-4157.446	260.1869	0.7674189	0.540367	0.206504	0.242839	0.0102891	1.528357	2.938956
43326	-3897.659	-4158.071	260.4127	0.6267064	0.468742	0.248914	0.257814	0.0245306	1.451386	2.938956
43332	-3890.195	-4150.294	260.0993	0.7387496	0.454651	0.2494	0.247729	0.0482202	1.531182	3.008106
43338	-3882.336	-4142.553	260.2169	0.674721	0.532287	0.163263	0.290031	0.01442	1.635634	2.915296
43344	-3887.002	-4146.143	259.1412	0.6329144	0.54147	0.124917	0.301171	0.0324422	1.4234	3.700645
43350	-3896.243	-4155.169	258.9258	0.7376317	0.562258	0.171475	0.247658	0.0186084	1.550007	3.687919
43356	-3907.253	-4167.79	260.5368	0.5518275	0.450678	0.344879	0.198511	0.0059317	1.51301	2.87409
43362	-3898.491	-4158.922	260.4306	0.6640251	0.556694	0.0939563	0.32828	0.0210691	1.564583	2.835839
43368	-3895.058	-4155.791	260.733	0.6640251	0.425793	0.152699	0.300219	0.121289	1.626067	2.612955
43374	-3903.001	-4164.862	261.8608	0.6363449	0.48908	0.24546	0.245282	0.0201779	1.901655	1.715544
43380	-3891.338	-4152.438	261.0998	0.7523901	0.416328	0.300992	0.265504	0.0171764	1.751155	2.244204
43386	-3905.213	-4167.066	261.8525	0.743372	0.439077	0.26885	0.26483	0.0272426	1.845799	1.680721
43392	-3890.899	-4152.634	261.7345	0.6584204	0.427915	0.28747	0.258065	0.0265501	1.847104	1.825264
43398	-3892.372	-4154.161	261.789	0.8124466	0.455493	0.283958	0.237269	0.0232798	1.885385	1.645918
43404	-3892.393	-4154.07	261.6771	0.6938524	0.361571	0.317714	0.293783	0.0269318	1.860846	1.829514
43410	-3906.158	-4167.773	261.6153	0.6098976	0.369245	0.324457	0.300018	0.0062801	1.709368	2.033349
43416	-3906.75	-4167.657	260.9064	0.6742474	0.464821	0.288017	0.16265	0.0845122	1.584335	2.524512
43422	-3916.172	-4177.148	260.9767	0.6877775	0.466572	0.292012	0.163263	0.0781532	1.731473	2.37893
43428	-3913.677	-4175.553	261.8761	0.6188963	0.398996	0.359763	0.139617	0.101624	1.764318	1.813527
43434	-3891.535	-4152.765	261.2296	0.8006777	0.483583	0.242866	0.158317	0.115235	1.788011	2.103
43440	-3911.694	-4173.22	261.5264	0.8394743	0.616934	0.0921143	0.203693	0.087259	1.935764	1.775951
43446	-3922.025	-4183.569	261.544	1.017446	0.553158	0.177685	0.182636	0.086521	1.842622	1.701716
43452	-3916.46	-4178.637	262.1771	0.7870791	0.428117	0.363102	0.13347	0.0753112	2.023432	1.264143
43458	-3906.091	-4168.244	262.1527	0.7891639	0.382544	0.32445	0.16274	0.130266	2.096088	1.221978
43464	-3921.411	-4183.759	262.3482	0.6852668	0.238365	0.525735	0.135311	0.100588	2.108925	1.136331
43470	-3912.644	-4173.492	260.8481	0.6271552	0.412135	0.171331	0.352543	0.0639906	1.667823	2.539853
43476	-3901.563	-4162.104	260.5409	0.6271552	0.459356	0.312518	0.156803	0.0713224	1.679538	2.722273
43482	-3908.186	-4168.542	260.3553	0.757754	0.389927	0.331713	0.211656	0.0667035	1.504659	2.857715
43488	-3902.573	-4163.531	260.9579	0.602907	0.358041	0.304587	0.276123	0.0612488	1.53171	2.57205
43494	-3904.152	-4164.676	260.5241	0.7075795	0.39857	0.260179	0.30885	0.032401	1.510382	2.783861
43500	-3907.587	-4168.068	260.4809	0.6952048	0.506103	0.199865	0.252889	0.0411428	1.566662	2.783861
43506	-3911.242	-4172.316	261.0733	0.6440221	0.445608	0.276302	0.241865	0.036225	1.566662	2.451122
43512	-3916.869	-4178.84	261.9711	0.5248474	0.459846	0.261385	0.21634	0.0624293	1.754249	1.822324
