Iteration	Posterior	Likelihood	Prior	beta_scale	matrix_probs[1]	matrix_probs[2]	matrix_probs[3]	matrix_probs[4]	rate_log_sd	tree_length
0	-3885.228	-4146.444	261.2168	0.7339227	0.43957	0.348821	0.203311	0.00829814	1.704718	2.211267
6	-3878.302	-4139.732	261.4308	0.5152516	0.453064	0.334084	0.204505	0.00834685	1.669027	2.244002
12	-3878.279	-4139.465	261.186	0.4517034	0.316667	0.418007	0.255877	0.00944925	1.675416	2.435151
18	-3883.367	-4144.138	260.7706	0.584998	0.32664	0.431172	0.162193	0.0799947	1.549487	2.688335
24	-3885.072	-4146.595	261.5229	0.6714877	0.401097	0.302939	0.220931	0.0750327	1.795361	1.994349
30	-3881.223	-4142.708	261.4849	0.727636	0.457884	0.300063	0.142798	0.0992549	1.773843	1.994349
36	-3883.55	-4144.617	261.0666	0.6617418	0.409131	0.293366	0.246486	0.0510164	1.686559	2.367889
42	-3877.933	-4139.167	261.2341	0.6124309	0.486863	0.213665	0.208082	0.0913893	1.65783	2.312769
48	-3896.402	-4157.254	260.852	0.7183611	0.381274	0.273651	0.21858	0.126495	1.753291	2.423413
54	-3893.811	-4155.114	261.3022	0.8047455	0.38001	0.277317	0.217855	0.124818	1.741683	2.082907
60	-3885.774	-4147.308	261.5345	0.8751963	0.437728	0.2515	0.197574	0.113198	1.7921	1.844
66	-3896.74	-4158.287	261.5475	0.6444611	0.496507	0.261323	0.188358	0.0538118	1.784766	2.004061
72	-3878.336	-4140.133	261.7971	0.519364	0.481694	0.253526	0.182739	0.0820417	1.748586	1.948408
78	-3882.101	-4143.824	261.7226	0.5701247	0.418441	0.220235	0.290055	0.0712686	1.767844	1.950495
84	-3876.767	-4138.136	261.3685	0.7232051	0.467474	0.207633	0.204315	0.120578	1.767522	2.078767
90	-3872.097	-4133.305	261.207	0.7122891	0.44038	0.261105	0.286927	0.0115873	1.816467	2.159981
96	-3883.222	-4144.996	261.7743	0.7663226	0.40282	0.317685	0.262455	0.0170395	1.881556	1.693658
102	-3895.19	-4157.207	262.0162	0.6218852	0.335945	0.389856	0.267584	0.00661517	1.867121	1.640314
108	-3896.754	-4159.123	262.3685	0.426663	0.44488	0.36721	0.181679	0.00623091	1.877115	1.518362
114	-3894.093	-4155.585	261.4923	0.6402527	0.433411	0.354771	0.188435	0.0233827	1.829683	2.013895
120	-3883.999	-4145.617	261.6178	0.6957277	0.397495	0.275823	0.308504	0.0181793	1.880542	1.855326
126	-3882.796	-4144.414	261.6179	0.7805566	0.495971	0.153866	0.330676	0.0194858	1.878769	1.794737
132	-3890.39	-4152.102	261.7125	0.7086085	0.45826	0.165107	0.354833	0.0218005	1.860173	1.794737
138	-3901.514	-4163.626	262.1125	0.5326072	0.32016	0.388594	0.247902	0.0433443	1.87176	1.634536
144	-3906.168	-4168.524	262.3556	0.5874473	0.435863	0.362048	0.112711	0.0893785	2.047724	1.270792
150	-3911.568	-4173.972	262.4035	0.4330018	0.339356	0.363665	0.236589	0.0603909	2.067873	1.340274
156	-3895.933	-4158.342	262.4092	0.4282622	0.375209	0.344521	0.243219	0.0370517	1.972362	1.414126
162	-3900.596	-4162.638	262.0414	0.7801049	0.419447	0.306197	0.216164	0.0581917	1.978661	1.414126
168	-3890.629	-4152.823	262.1932	0.6116705	0.374073	0.404268	0.196463	0.0251957	1.97656	1.435982
174	-3886.373	-4148.691	262.3184	0.4970291	0.397296	0.397643	0.178302	0.0267598	1.962003	1.441621
180	-3884.658	-4146.821	262.1629	0.6207149	0.447255	0.290497	0.234856	0.0273919	1.989939	1.441621
186	-3882.715	-4144.774	262.0582	0.5958511	0.445731	0.289508	0.234056	0.0307046	1.957732	1.563817
192	-3884.805	-4146.567	261.7619	0.6909893	0.385528	0.385472	0.202443	0.0265574	1.848891	1.781197
198	-3895.841	-4157.915	262.0735	0.537606	0.408194	0.290494	0.273193	0.0281188	1.9424	1.607971
204	-3887.652	-4149.13	261.4779	0.5768383	0.419288	0.261709	0.290119	0.0288831	1.821986	2.072631
210	-3899.032	-4160.358	261.3257	0.7210101	0.40959	0.24995	0.277083	0.0633773	1.757452	2.115049
216	-3910.079	-4171.361	261.2827	0.9871921	0.41532	0.253447	0.283538	0.0476951	1.757452	1.960953
222	-3896.986	-4158.447	261.4612	0.6495769	0.380161	0.282076	0.283688	0.0540742	1.861379	2.006909
228	-3891.83	-4153.53	261.7007	0.6770626	0.445372	0.330462	0.170592	0.0535734	1.847388	1.834769
234	-3889.873	-4151.239	261.3661	0.8376058	0.441847	0.203871	0.269004	0.0852786	1.792842	1.983887
240	-3904.461	-4166.219	261.758	0.5393604	0.486893	0.138188	0.296429	0.0784899	1.751939	1.958695
246	-3902.962	-4163.734	260.7717	0.5667781	0.354359	0.321369	0.21574	0.108532	1.624008	2.653482
252	-3900.47	-4160.989	260.5185	0.7187937	0.385689	0.349782	0.146401	0.118128	1.57249	2.742085
258	-3886.609	-4147.477	260.8677	0.621305	0.48348	0.341356	0.101925	0.0732395	1.542642	2.609197
264	-3898.548	-4159.742	261.194	0.9527005	0.590537	0.216807	0.0787754	0.113881	1.85533	1.978085
270	-3881.776	-4143.034	261.2576	0.772332	0.493666	0.174884	0.212494	0.118956	1.824151	2.08037
276	-3905.827	-4167.163	261.3359	0.8203099	0.447859	0.211572	0.232651	0.107918	1.87615	1.960355
282	-3901.197	-4162.683	261.4857	0.7769022	0.419494	0.267581	0.216934	0.0959907	1.997959	1.806392
288	-3891.834	-4153.442	261.6082	0.7713684	0.451238	0.212158	0.23335	0.103254	1.884896	1.803927
294	-3889.494	-4151.28	261.7856	0.549011	0.402575	0.32981	0.194125	0.0734904	1.797773	1.902487
300	-3905.008	-4166.956	261.9481	0.549011	0.427063	0.349872	0.205933	0.017132	1.724973	1.841318
306	-3898.682	-4160.475	261.7932	0.5680573	0.385444	0.39408	0.172351	0.0481254	1.73532	1.926294
312	-3906.292	-4167.746	261.4537	0.8064021	0.385444	0.39408	0.172351	0.0481254	1.823537	1.926294
318	-3910.126	-4172.104	261.9776	0.5247071	0.424246	0.305423	0.189701	0.0806301	1.823537	1.769913
324	-3912.385	-4174.414	262.0298	0.66507	0.48795	0.243574	0.218186	0.0502892	1.774027	1.664553
330	-3915.132	-4176.676	261.5444	0.5963908	0.405707	0.344892	0.208108	0.0412932	1.761145	2.055438
336	-3904.691	-4166.367	261.6762	0.6966068	0.507177	0.206744	0.238714	0.047366	1.733051	1.915298
342	-3905.822	-4167.532	261.7106	0.6822428	0.405613	0.423031	0.111412	0.059944	1.80452	1.853632
348	-3905.031	-4166.819	261.788	0.7587643	0.498868	0.322806	0.115944	0.062382	1.880276	1.690499
354	-3907.652	-4168.505	260.8536	0.7557448	0.392907	0.276956	0.200414	0.129723	1.6489	2.4632
360	-3901.054	-4162.111	261.0578	0.8442709	0.399296	0.395911	0.142527	0.0622666	1.602009	2.304977
366	-3886.967	-4148.208	261.2409	0.796884	0.522044	0.216558	0.186342	0.0750565	1.714972	2.145954
372	-3895.356	-4156.693	261.3369	0.8031291	0.526994	0.199869	0.129707	0.14343	1.712995	2.080077
378	-3896.029	-4157.166	261.1371	0.7161947	0.56035	0.215344	0.191682	0.0326246	1.779719	2.22641
384	-3905.908	-4167.19	261.2821	0.7959509	0.413137	0.426512	0.0894897	0.0708606	1.956469	1.959673
390	-3896.809	-4158.422	261.6129	0.7249643	0.483562	0.278932	0.195903	0.0416025	1.858916	1.852267
396	-3878.449	-4139.879	261.4298	0.8554627	0.475791	0.27445	0.192754	0.0570054	1.826681	1.905756
402	-3903.629	-4165.292	261.6628	0.7162417	0.476455	0.219251	0.17331	0.130984	1.777595	1.880026
408	-3883.317	-4144.836	261.5196	0.6461772	0.430006	0.232974	0.216017	0.121004	1.795996	2.013971
414	-3881.611	-4143.512	261.9008	0.6590612	0.440954	0.310018	0.141019	0.10801	1.88808	1.679772
420	-3898.011	-4160.131	262.1202	0.5755828	0.506823	0.294587	0.108558	0.0900314	1.966048	1.527512
426	-3900.946	-4162.933	261.9868	0.7799281	0.521486	0.336383	0.123961	0.0181698	1.935245	1.489015
432	-3904.024	-4166.055	262.0305	0.7401426	0.491104	0.267826	0.148271	0.0927993	1.933548	1.489015
438	-3893.436	-4155.504	262.0681	0.7103445	0.375164	0.353628	0.200317	0.0708912	1.98214	1.447552
444	-3903.921	-4166.074	262.1535	0.7103445	0.389437	0.268851	0.27945	0.0622626	1.958746	1.39974
450	-3895.662	-4157.748	262.0856	0.7675834	0.449489	0.178706	0.30406	0.0677458	2.141819	1.258894
456	-3896.229	-4158.48	262.2507	0.7393173	0.459924	0.310225	0.178402	0.0514496	2.14498	1.140155
462	-3887.462	-4149.685	262.2229	0.7393173	0.428751	0.321586	0.184936	0.0647265	2.070225	1.228922
468	-3899.718	-4162.018	262.3009	0.6475774	0.502448	0.251465	0.182287	0.0637995	2.08628	1.23148
474	-3926.072	-4187.114	261.0422	0.7783219	0.500536	0.21032	0.241801	0.0473429	1.776732	2.247229
480	-3914.241	-4175.583	261.3418	0.8542537	0.464308	0.231558	0.266219	0.0379152	1.716165	2.039525
486	-3891.047	-4152.543	261.4958	0.7835106	0.43245	0.224311	0.298201	0.0450378	1.778381	1.944504
492	-3905.668	-4166.694	261.0256	0.9133788	0.409824	0.212575	0.231374	0.146227	1.780632	2.164741
498	-3894.053	-4155.987	261.9337	0.697365	0.414761	0.306431	0.223538	0.0552698	1.858053	1.648729
504	-3897.527	-4159.429	261.902	0.6888972	0.369807	0.360887	0.235595	0.0337115	1.841007	1.689916
510	-3894.377	-4155.904	261.5271	0.674764	0.367349	0.320477	0.29512	0.0170532	1.774638	2.00306
516	-3906.718	-4168.296	261.5782	0.6660742	0.371638	0.302399	0.298566	0.0273975	1.774638	1.975019
522	-3893.681	-4155.589	261.9077	0.5542111	0.486112	0.254058	0.221476	0.0383536	1.848986	1.779855
528	-3879.096	-4140.686	261.5896	0.6134714	0.379356	0.402662	0.188051	0.0299308	1.891304	1.92634
534	-3895.592	-4156.889	261.2971	0.8467167	0.484331	0.174927	0.264774	0.0759673	1.939976	1.925034
540	-3899.968	-4162.25	262.2813	0.6752287	0.541842	0.248729	0.152191	0.0572369	2.006096	1.28991
546	-3884.325	-4146.492	262.1679	0.6445614	0.460052	0.362132	0.129218	0.0485971	2.005272	1.406526
552	-3881.307	-4141.895	260.5875	0.9096466	0.48199	0.235268	0.222657	0.0600849	1.607802	2.554992
558	-3887.039	-4147.8	260.7615	0.7860509	0.495359	0.344495	0.084375	0.0757714	1.562127	2.554992
564	-3893.784	-4154.205	260.4204	1.051387	0.456908	0.297756	0.171551	0.0737854	1.675755	2.528048
570	-3898.137	-4158.841	260.7039	0.9147595	0.482123	0.287961	0.1448	0.0851164	1.685376	2.430382
576	-3876.978	-4138.128	261.15	0.764273	0.434329	0.338312	0.130445	0.0969137	1.700616	2.236365
582	-3874.101	-4135.113	261.0129	0.7243669	0.45718	0.304153	0.185504	0.0531625	1.648905	2.383711
588	-3882.177	-4143.054	260.8767	0.6978499	0.461207	0.229956	0.267674	0.041163	1.70034	2.454865
594	-3892.241	-4153.377	261.1365	0.8568817	0.461325	0.328443	0.15144	0.0587925	1.720216	2.169737
600	-3886.135	-4147.45	261.3149	0.6291617	0.465818	0.331642	0.15456	0.0479805	1.712342	2.214594
606	-3898.848	-4160.021	261.1727	0.6949827	0.478974	0.276231	0.204648	0.0401469	1.736059	2.246065
612	-3884.925	-4146.046	261.1208	0.773748	0.589687	0.202589	0.168674	0.0390502	1.721257	2.235403
618	-3894.353	-4155.462	261.1087	0.7989458	0.439464	0.213254	0.225866	0.121416	1.706961	2.235403
624	-3889.901	-4151.368	261.4668	0.7805185	0.517871	0.238393	0.235602	0.00813399	1.793471	1.955987
630	-3892.833	-4154.384	261.5511	0.6879173	0.525085	0.234135	0.231394	0.00938605	1.807037	1.955987
636	-3899.157	-4160.177	261.0201	0.7036791	0.470886	0.270314	0.250382	0.00841724	1.710921	2.353748
642	-3904.411	-4166.944	262.5329	0.5375661	0.439993	0.281727	0.244473	0.0338078	2.299598	0.9211236
648	-3908.194	-4170.575	262.3808	0.6190089	0.473292	0.317501	0.158084	0.0511226	2.2318	1.057892
654	-3903.448	-4164.811	261.3624	0.6545399	0.424691	0.233257	0.246394	0.0956582	1.782891	2.120421
660	-3905.904	-4168.358	262.4546	0.6041363	0.409419	0.358984	0.158491	0.073107	2.451874	0.7402823
666	-3902.949	-4165.525	262.5766	0.5575071	0.376424	0.398015	0.158345	0.0672154	2.429379	0.6492052
672	-3890.818	-4153.405	262.5864	0.5164683	0.458705	0.254837	0.19207	0.0943885	2.469752	0.6304294
678	-3895.998	-4158.431	262.4328	0.5505148	0.428565	0.323535	0.179449	0.0684508	2.600277	0.5992067
684	-3901.836	-4163.196	261.3603	1.0325	0.591459	0.190593	0.147647	0.0703005	1.861765	1.806374
690	-3898.271	-4159.91	261.6397	0.7247009	0.418614	0.246278	0.282325	0.052784	1.794127	1.87845
696	-3886.635	-4148.268	261.6331	0.7247009	0.584063	0.166437	0.175854	0.0736459	1.808893	1.872866
702	-3889.125	-4149.598	260.4723	0.7525847	0.483912	0.243432	0.211762	0.0608935	1.611909	2.724397
708	-3893.007	-4153.295	260.2878	0.7167334	0.406471	0.204476	0.337905	0.0511487	1.627726	2.850253
714	-3891.53	-4152.453	260.9228	0.6656716	0.447981	0.133714	0.361932	0.0563722	1.626361	2.493672
720	-3899.805	-4160.849	261.044	0.615732	0.557357	0.136952	0.286486	0.0192046	1.716326	2.394142
726	-3900.432	-4161.317	260.8853	0.8380032	0.569138	0.139966	0.184839	0.106056	1.756385	2.320683
732	-3888.305	-4149.669	261.3639	0.8380032	0.554346	0.134952	0.187339	0.123363	1.762275	2.005456
738	-3904.83	-4166.006	261.1758	0.8143448	0.518638	0.199197	0.144305	0.13786	1.650619	2.218045
744	-3908.002	-4169.503	261.5008	0.7601613	0.431816	0.333255	0.120148	0.114782	1.714934	2.000154
750	-3893.257	-4154.074	260.8177	0.9336488	0.544399	0.171678	0.125242	0.158681	1.675815	2.352321
756	-3894.756	-4155.557	260.8014	0.9132921	0.597442	0.188405	0.137445	0.0767075	1.606888	2.419397
762	-3898.636	-4159.484	260.8474	1.041082	0.495289	0.18107	0.274361	0.0492807	1.533859	2.355169
768	-3882.647	-4142.806	260.1588	0.8955016	0.484385	0.177084	0.268321	0.0702099	1.533858	2.872061
774	-3890.732	-4150.582	259.8495	0.9536244	0.501865	0.198237	0.227155	0.0727434	1.534307	3.02234
780	-3913.973	-4173.412	259.4382	0.6733683	0.493933	0.265084	0.187462	0.0535201	1.515947	3.449337
786	-3905.818	-4165.749	259.9302	0.6944231	0.474933	0.254887	0.200572	0.069608	1.443938	3.188895
792	-3892.838	-4152.174	259.3365	0.7838276	0.513145	0.275228	0.147413	0.0642134	1.374561	3.523068
798	-3892.411	-4151.831	259.4204	0.9329208	0.542644	0.211919	0.161712	0.0837246	1.414042	3.360574
804	-3897.216	-4156.486	259.27	0.8729233	0.543169	0.212124	0.137872	0.106836	1.386726	3.500646
810	-3895.356	-4154.607	259.251	0.9158787	0.497607	0.228242	0.194327	0.0798241	1.361535	3.500646
816	-3888.684	-4147.578	258.8938	0.9253227	0.597674	0.126454	0.200141	0.0757317	1.361877	3.702228
822	-3887.693	-4146.615	258.9212	0.9212511	0.513577	0.175905	0.17198	0.138539	1.404822	3.663935
828	-3888.338	-4148.091	259.7529	0.7826936	0.461764	0.192215	0.221459	0.124562	1.493732	3.20924
834	-3882.179	-4140.68	258.501	0.8038398	0.482773	0.211665	0.168396	0.137166	1.367244	3.997118
840	-3894.008	-4153.011	259.0027	0.8038398	0.452413	0.261241	0.157806	0.12854	1.345051	3.721675
846	-3887.794	-4146.422	258.6284	0.9506502	0.504975	0.17541	0.176141	0.143474	1.313193	3.868377
852	-3878.208	-4137.564	259.3569	0.9506502	0.527472	0.193034	0.183987	0.0955068	1.502003	3.335617
858	-3884.832	-4144.833	260.0011	0.824699	0.469306	0.218241	0.208013	0.10444	1.583318	2.981541
864	-3880.89	-4141.033	260.1436	0.7528527	0.507535	0.167796	0.262947	0.0617214	1.516236	2.981541
870	-3900.187	-4159.627	259.4402	0.8633751	0.569285	0.188212	0.229722	0.0127815	1.545007	3.313902
876	-3900.296	-4159.666	259.3706	0.7317537	0.48848	0.253703	0.235947	0.0218703	1.407589	3.515942
882	-3910.571	-4168.464	257.8938	1.031509	0.459677	0.217288	0.252207	0.0708284	1.237666	4.283943
888	-3908.466	-4167.105	258.6398	0.6712302	0.527013	0.221342	0.184493	0.0671523	1.221844	4.080734
894	-3919.695	-4178.181	258.4855	0.717115	0.413578	0.281868	0.278528	0.0260258	1.327534	4.080734
900	-3884.574	-4143.884	259.3098	0.6965214	0.441333	0.223062	0.297219	0.0383857	1.343554	3.61025
906	-3902.505	-4160.627	258.1222	0.7229253	0.42909	0.221461	0.30948	0.0399692	1.252613	4.325964
912	-3882.813	-4140.96	258.1471	0.8414552	0.513811	0.0985853	0.316494	0.0711091	1.280002	4.225859
918	-3885.172	-4141.987	256.815	0.9022958	0.577693	0.123494	0.217642	0.0811704	1.183112	4.992281
924	-3877.696	-4135.642	257.9454	0.8289568	0.524956	0.11222	0.327549	0.0352746	1.389412	4.28556
930	-3885.101	-4143.848	258.7472	0.6811106	0.444389	0.245624	0.277279	0.0327076	1.450415	3.882628
936	-3890.337	-4149.977	259.6399	0.6998334	0.382065	0.328423	0.245779	0.0437333	1.56478	3.285745
942	-3906.488	-4166.679	260.1904	0.9750747	0.42712	0.275773	0.229817	0.0672896	1.602649	2.761819
948	-3902.908	-4163.29	260.3821	0.9740597	0.599734	0.100263	0.258856	0.0411466	1.792928	2.526929
954	-3897.28	-4157.826	260.5454	0.7101135	0.482904	0.296267	0.181045	0.0397841	1.666562	2.673539
960	-3894.692	-4155.937	261.2444	0.6945083	0.383475	0.353234	0.215857	0.0474339	1.775089	2.174846
966	-3897.981	-4158.959	260.9782	0.7577629	0.43213	0.271174	0.243245	0.0534522	1.727055	2.333801
972	-3892.478	-4153.906	261.4282	0.7339445	0.452326	0.286097	0.214452	0.0471251	1.817267	1.998762
978	-3885.676	-4147.233	261.5577	0.7339445	0.481525	0.304566	0.163741	0.0501673	1.740326	1.963645
984	-3894.815	-4155.301	260.4856	0.9045431	0.435826	0.274435	0.265496	0.024243	1.647528	2.596827
990	-3882.341	-4143.022	260.6809	0.9112012	0.476222	0.299872	0.138913	0.0849922	1.610846	2.493863
996	-3877.993	-4138.695	260.7022	0.8168456	0.469778	0.295814	0.121583	0.112824	1.642177	2.522002
1002	-3884.05	-4145.037	260.9878	0.8539885	0.50453	0.317697	0.130577	0.0471966	1.564864	2.366744
1008	-3891.218	-4152.106	260.8881	0.8189114	0.444132	0.335699	0.164537	0.0556315	1.653789	2.396672
1014	-3899.95	-4160.816	260.8666	0.8189114	0.434871	0.349551	0.161106	0.0544715	1.67529	2.396672
1020	-3892.757	-4153.657	260.8999	0.6441365	0.462374	0.374348	0.117984	0.0452937	1.684656	2.485826
1026	-3900.425	-4160.979	260.5531	0.740309	0.513514	0.30515	0.131033	0.0503032	1.64126	2.664765
1032	-3906.661	-4168.301	261.6395	0.6365391	0.362568	0.297361	0.213562	0.126509	1.749519	1.97175
1038	-3894.324	-4155.986	261.6613	0.6432028	0.400649	0.271244	0.235993	0.0921138	1.701977	1.984285
1044	-3886.583	-4148.628	262.045	0.6540179	0.434754	0.269936	0.238093	0.0572176	1.788632	1.651617
1050	-3885.815	-4147.6	261.785	0.7612387	0.431264	0.267769	0.244208	0.0567584	1.892936	1.681797
1056	-3906.287	-4168.362	262.0747	0.6910309	0.484714	0.237579	0.206271	0.0714352	1.856021	1.55251
1062	-3904.427	-4164.496	260.0688	0.7917197	0.411992	0.309916	0.238089	0.0400033	1.559619	2.97588
1068	-3906.389	-4167.004	260.6154	0.7026934	0.40682	0.306025	0.2351	0.0520547	1.563749	2.698571
1074	-3904.677	-4164.136	259.4598	0.569268	0.400593	0.301341	0.231501	0.0665644	1.509214	3.504646
1080	-3896.485	-4158.059	261.5736	0.534823	0.37855	0.312423	0.240015	0.0690122	1.685167	2.128131
1086	-3890.18	-4150.999	260.8191	0.6120414	0.501972	0.235197	0.204406	0.058425	1.717115	2.537156
1092	-3896.956	-4157.968	261.0128	0.7871826	0.50155	0.246658	0.204234	0.0475582	1.717115	2.298303
1098	-3903.975	-4164.848	260.8736	0.4668767	0.421779	0.209452	0.299116	0.0696525	1.628652	2.649779
1104	-3892.62	-4153.025	260.4053	0.6064331	0.341306	0.431378	0.193073	0.034243	1.537571	2.904326
1110	-3894.861	-4155.597	260.7367	0.5910533	0.400819	0.332849	0.211925	0.0544081	1.539621	2.711272
1116	-3905.364	-4166.131	260.767	0.5136654	0.386593	0.395614	0.153125	0.0646678	1.589084	2.711272
1122	-3901.483	-4160.915	259.4312	0.6729941	0.516812	0.242056	0.154682	0.0864504	1.442433	3.496559
1128	-3891.412	-4151.802	260.3894	0.7200886	0.460291	0.215583	0.245228	0.078898	1.508285	2.858968
1134	-3886.544	-4146.781	260.2363	0.7522041	0.514086	0.214956	0.244515	0.0264439	1.557855	2.901032
1140	-3892.215	-4154.503	262.288	0.5820123	0.473551	0.251571	0.2275	0.0473779	2.026129	1.347511
1146	-3896.399	-4158.609	262.2099	0.6079697	0.455112	0.273175	0.247037	0.0246768	2.077016	1.347511
1152	-3887.708	-4149.816	262.1072	0.694135	0.43121	0.171909	0.28885	0.108031	2.067936	1.363913
1158	-3905.338	-4167.592	262.2536	0.5663544	0.446335	0.279363	0.21308	0.0612213	2.074896	1.349124
1164	-3906.627	-4166.212	259.5842	0.8450983	0.479699	0.295612	0.189541	0.0351482	1.386206	3.333762
1170	-3915.958	-4178.251	262.2928	0.6004521	0.501416	0.251382	0.197506	0.0496961	2.000062	1.349124
1176	-3893.014	-4155.291	262.2776	0.6004521	0.501425	0.244715	0.195701	0.0581597	2.015218	1.349124
1182	-3904.807	-4167.111	262.3045	0.6834948	0.444172	0.279721	0.223695	0.052412	2.048523	1.228204
1188	-3907.491	-4169.715	262.224	0.6219763	0.397366	0.328275	0.262525	0.0118342	2.194143	1.228204
1194	-3905.954	-4168.202	262.2476	0.6114573	0.384893	0.317971	0.254285	0.042851	2.18203	1.227835
1200	-3892.074	-4154.439	262.365	0.553039	0.377631	0.372228	0.187282	0.0628584	2.18439	1.177546
1206	-3884.031	-4146.044	262.0135	0.6244218	0.418288	0.353995	0.137727	0.08999	2.000339	1.54321
1212	-3897.388	-4156.981	259.5926	0.7423303	0.522871	0.179106	0.223371	0.0746514	1.414103	3.375789
1218	-3910.212	-4170.083	259.8711	0.7096359	0.366896	0.21039	0.34516	0.0775542	1.430287	3.222457
1224	-3913.752	-4174.721	260.9688	0.8915016	0.511593	0.259609	0.134102	0.0946962	1.795378	2.206543
1230	-3897.046	-4158.053	261.0071	0.8279119	0.392354	0.293931	0.207273	0.106443	1.716251	2.275225
1236	-3909.101	-4169.473	260.372	0.8645434	0.392514	0.294051	0.206948	0.106487	1.610291	2.715102
1242	-3904.015	-4163.936	259.9211	0.8645434	0.443042	0.3175	0.206038	0.0334203	1.473439	3.070474
1248	-3903.533	-4162.512	258.9782	0.8645434	0.506349	0.167258	0.299484	0.0269079	1.426032	3.652407
1254	-3891.301	-4151.232	259.9313	0.8668802	0.441523	0.265257	0.244448	0.0487721	1.485547	3.055722
1260	-3896.12	-4156.872	260.7525	0.680079	0.422258	0.290346	0.267568	0.0198277	1.586789	2.614701
1266	-3890.696	-4150.326	259.6299	0.8061286	0.485217	0.218283	0.251332	0.0451674	1.435408	3.301847
1272	-3878.305	-4138.708	260.403	0.7748259	0.466356	0.209798	0.241562	0.0822842	1.566906	2.779905
1278	-3889.01	-4149.256	260.2455	0.8696795	0.579605	0.151752	0.201337	0.0673056	1.56998	2.813699
1284	-3888.939	-4149.176	260.2368	0.6386882	0.488255	0.287187	0.0971842	0.127374	1.482818	3.018155
1290	-3884.08	-4144.434	260.3538	0.5726689	0.532544	0.313237	0.106	0.0482196	1.524295	2.96465
1296	-3901.358	-4160.553	259.1948	0.6357188	0.381772	0.370544	0.145289	0.102395	1.49524	3.626315
1302	-3898.282	-4159.64	261.3588	0.6527978	0.400503	0.388723	0.103355	0.107418	1.682784	2.189187
1308	-3883.336	-4143.877	260.5408	0.8386328	0.50779	0.198068	0.241216	0.052926	1.697324	2.573934
1314	-3881.239	-4141.844	260.6047	0.6256329	0.42848	0.167133	0.366837	0.0375504	1.653779	2.699942
1320	-3901.713	-4162.479	260.7658	0.705103	0.364413	0.233503	0.311986	0.0900971	1.653779	2.548462
1326	-3881.166	-4142.018	260.852	0.6041438	0.457331	0.287591	0.177793	0.077286	1.597934	2.595868
1332	-3887.32	-4148.163	260.8426	0.6805765	0.416002	0.349138	0.164559	0.0703016	1.719457	2.475754
1338	-3883.03	-4143.966	260.9366	0.5030689	0.416002	0.349138	0.164559	0.0703016	1.630544	2.587748
1344	-3896.362	-4157.172	260.8107	0.7648029	0.394687	0.382486	0.156127	0.0666996	1.607733	2.509837
1350	-3896.385	-4157.088	260.7036	0.5640531	0.360064	0.404364	0.165058	0.0705148	1.603278	2.70984
1356	-3899.255	-4160.665	261.4099	0.6142555	0.434278	0.289096	0.192532	0.0840936	1.689487	2.178083
1362	-3902.509	-4164.244	261.7348	0.7219445	0.419363	0.260068	0.24492	0.0756497	1.787604	1.819708
1368	-3892.871	-4154.196	261.3247	0.7831219	0.488265	0.171659	0.28516	0.0549162	1.870551	1.997671
1374	-3902.562	-4164.156	261.5946	0.7765692	0.507551	0.211287	0.235759	0.0454024	1.844813	1.837163
1380	-3891.352	-4153.223	261.8708	0.7527404	0.492214	0.262693	0.184292	0.0608011	1.890291	1.628629
1386	-3889.39	-4151.274	261.8841	0.7527404	0.479454	0.255669	0.179365	0.0855117	1.912638	1.602809
1392	-3894.41	-4156.386	261.9751	0.7773319	0.469547	0.250386	0.232447	0.0476189	1.942082	1.494721
1398	-3905.024	-4166.687	261.6627	0.7773319	0.435468	0.244714	0.256996	0.0628218	1.931904	1.728735
1404	-3907.22	-4169.105	261.885	0.824759	0.499648	0.255852	0.170925	0.073575	1.895049	1.559721
1410	-3889.44	-4151.415	261.9758	0.6822388	0.527448	0.270087	0.158691	0.0437737	1.850994	1.635048
1416	-3893.753	-4154.711	260.9581	0.8863261	0.51459	0.21116	0.154823	0.119427	1.731354	2.258124
1422	-3895.195	-4156.391	261.1958	0.6311724	0.421785	0.333662	0.141575	0.102978	1.690649	2.303639
1428	-3895.1	-4156.313	261.2134	0.7510915	0.436196	0.351601	0.115203	0.097	1.664444	2.227743
1434	-3896.719	-4157.486	260.7678	0.7348134	0.500537	0.251157	0.136998	0.111308	1.644993	2.533116
1440	-3886.964	-4147.9	260.9354	0.7348134	0.480736	0.283113	0.136557	0.0995943	1.695907	2.396009
1446	-3903.014	-4163.437	260.4236	0.7658583	0.42603	0.244569	0.24114	0.0882608	1.621623	2.739694
1452	-3895.311	-4155.533	260.2222	0.8976076	0.483595	0.298235	0.120143	0.0980273	1.612183	2.7847
1458	-3897.071	-4157.827	260.7559	0.6984913	0.446825	0.275559	0.187042	0.0905739	1.689884	2.536495
1464	-3888.542	-4149.957	261.4151	0.7537547	0.475942	0.228351	0.199231	0.0964761	1.718366	2.059181
1470	-3882.507	-4143.907	261.399	0.7935214	0.479867	0.284142	0.200874	0.0351168	1.876737	1.93639
1476	-3899.869	-4161.414	261.5459	0.923094	0.601372	0.122938	0.254473	0.021217	1.936666	1.701092
1482	-3899.96	-4161.614	261.6532	0.791785	0.571162	0.158089	0.24169	0.0290594	1.97002	1.697826
1488	-3876.027	-4137.939	261.9118	0.6876508	0.508503	0.241157	0.215175	0.0351658	1.871397	1.662227
1494	-3886.575	-4148.235	261.6593	0.8356066	0.510504	0.241616	0.215584	0.0322962	1.830581	1.759389
1500	-3893.752	-4155.15	261.3984	0.7407374	0.457567	0.304255	0.152392	0.0857857	1.872009	1.977315
1506	-3878.538	-4139.785	261.2466	0.7002079	0.477844	0.217726	0.214843	0.0895873	1.745513	2.188656
1512	-3873.749	-4135.106	261.357	0.7002079	0.452379	0.329892	0.197897	0.0198321	1.763033	2.105314
1518	-3874.216	-4135.607	261.3908	0.6688162	0.444477	0.24969	0.208409	0.097424	1.762482	2.105314
1524	-3875.239	-4136.929	261.6903	0.6760235	0.528381	0.243609	0.165471	0.0625389	1.866104	1.829832
1530	-3881.204	-4142.833	261.6292	0.678952	0.509809	0.168457	0.268611	0.0531235	1.73953	1.955212
1536	-3887.947	-4149.761	261.8141	0.6369242	0.492303	0.27778	0.194416	0.0355012	1.74606	1.855619
1542	-3898.474	-4160.02	261.5463	0.8192158	0.538292	0.172805	0.23667	0.0522323	1.874912	1.818935
1548	-3895.289	-4156.152	260.8631	0.8192158	0.578491	0.18571	0.179666	0.0561329	1.755217	2.348057
1554	-3894.92	-4156.451	261.5308	0.717832	0.478361	0.209198	0.279294	0.0331472	1.825353	1.935963
1560	-3894.55	-4156.148	261.5984	0.7446338	0.504352	0.269859	0.154793	0.0709959	1.77038	1.908326
1566	-3908.301	-4170.107	261.8057	0.6405197	0.591435	0.200717	0.142493	0.0653547	1.857907	1.781686
1572	-3893.888	-4155.625	261.7372	0.6405197	0.509214	0.183936	0.257748	0.0491019	1.785138	1.878832
1578	-3893.995	-4155.556	261.5607	0.757471	0.514822	0.177172	0.243803	0.0642026	1.891546	1.842185
1584	-3881.086	-4142.63	261.5444	0.6681495	0.490222	0.273987	0.204675	0.0311166	1.876684	1.927686
1590	-3882.968	-4144.122	261.1546	0.7145284	0.59327	0.150841	0.220855	0.0350345	1.74403	2.239237
1596	-3882.471	-4143.776	261.3043	0.6620913	0.5899	0.160573	0.219601	0.029926	1.649915	2.239237
1602	-3878.255	-4139.355	261.1009	0.7967008	0.458971	0.173125	0.310199	0.0577046	1.75753	2.209307
1608	-3895.496	-4155.26	259.7638	0.7856629	0.4921	0.189069	0.255812	0.0630187	1.577776	3.151033
1614	-3884.954	-4145.285	260.3312	0.7059088	0.419653	0.285381	0.222483	0.0724837	1.450029	2.938355
1620	-3884.613	-4143.57	258.9568	0.6429721	0.428572	0.288609	0.251578	0.0312412	1.354223	3.840705
1626	-3882.62	-4142.527	259.9067	0.6092318	0.420966	0.292451	0.254926	0.031657	1.30997	3.335106
1632	-3891.902	-4152.126	260.2236	0.5898895	0.432209	0.273553	0.261735	0.0325025	1.507469	3.042113
1638	-3879.586	-4140.207	260.6207	0.6822059	0.385476	0.322908	0.243831	0.0477856	1.517592	2.736896
1644	-3890.635	-4152.25	261.6145	0.6801324	0.362425	0.421295	0.0969032	0.119377	1.821459	1.909013
1650	-3909.946	-4169.093	259.1476	0.8115166	0.526686	0.156832	0.245556	0.070926	1.367403	3.620176
1656	-3911.354	-4170.938	259.5832	0.7408645	0.495543	0.254472	0.160439	0.0895461	1.500232	3.331588
1662	-3903.068	-4163.526	260.458	0.7542891	0.446662	0.270105	0.170295	0.112937	1.439617	2.837045
1668	-3900.268	-4160.665	260.3975	0.6108396	0.454193	0.28343	0.176349	0.0860271	1.5548	2.895852
1674	-3895.311	-4155.909	260.5979	0.7465635	0.516575	0.279881	0.156753	0.0467911	1.629929	2.640043
1680	-3893.691	-4154.51	260.8187	0.7472445	0.444006	0.325064	0.177053	0.0538773	1.656253	2.486087
1686	-3889.646	-4150.665	261.0188	0.6679072	0.433589	0.305998	0.188849	0.0715635	1.645887	2.419683
1692	-3888.888	-4149.585	260.6963	0.6126814	0.400081	0.347257	0.174255	0.0784067	1.735323	2.601657
1698	-3874.489	-4135.287	260.7977	0.6330098	0.414495	0.359768	0.123958	0.10178	1.672329	2.564523
1704	-3877.546	-4138.729	261.1836	0.7600724	0.524453	0.271346	0.125051	0.0791497	1.799358	2.153532
1710	-3875.703	-4137.044	261.3412	0.6641287	0.455744	0.220902	0.258919	0.0644354	1.743221	2.153532
1716	-3876.359	-4137.265	260.9052	0.7195408	0.455744	0.220902	0.258919	0.0644354	1.664431	2.445041
1722	-3883.576	-4144.075	260.499	0.7606907	0.469229	0.208147	0.26658	0.056043	1.693358	2.652708
1728	-3888.602	-4148.686	260.0847	0.8202833	0.574245	0.172556	0.200445	0.0527545	1.583795	2.933743
1734	-3904.369	-4164.73	260.361	0.6808776	0.424146	0.322223	0.214666	0.0389653	1.602309	2.844352
1740	-3883.843	-4144.285	260.4425	0.6308348	0.393693	0.387767	0.158623	0.0599174	1.557886	2.853967
1746	-3885.161	-4145.691	260.5301	0.6118056	0.361141	0.395394	0.18006	0.0634052	1.602672	2.785736
1752	-3872.604	-4133.453	260.8488	0.7441773	0.498323	0.197879	0.25131	0.0524886	1.654403	2.470418
1758	-3878.949	-4139.904	260.9547	0.8201214	0.410862	0.18332	0.277969	0.127849	1.646779	2.358149
1764	-3875.527	-4136.394	260.8667	0.7666974	0.494421	0.142966	0.284141	0.0784711	1.693424	2.419728
1770	-3886.556	-4147.233	260.6771	0.7895955	0.485607	0.201318	0.279076	0.0339984	1.675316	2.534737
1776	-3886.044	-4146.769	260.725	0.8072852	0.538454	0.160619	0.222657	0.0782695	1.6062	2.536407
1782	-3907.524	-4169.443	261.9193	0.5939306	0.455853	0.292413	0.210804	0.0409297	1.906488	1.702348
1788	-3897.557	-4159.387	261.8303	0.6437294	0.425695	0.317235	0.196857	0.0602124	1.76143	1.829017
1794	-3903.44	-4164.461	261.0208	0.782788	0.430201	0.304371	0.21932	0.0461075	1.82249	2.22848
1800	-3896.941	-4158.627	261.6862	0.7027939	0.453394	0.266395	0.231144	0.0490668	1.901018	1.788885
1806	-3902.79	-4164.498	261.7084	0.7112016	0.434772	0.255454	0.221651	0.0881237	1.869968	1.788885
1812	-3896.329	-4158.365	262.0353	0.5674005	0.308623	0.536045	0.111915	0.043417	1.956933	1.602884
1818	-3909.382	-4171.157	261.7745	0.6604002	0.427337	0.273461	0.252452	0.04675	1.755907	1.858964
1824	-3889.393	-4151.867	262.4736	0.6298539	0.455967	0.317731	0.169002	0.0572999	1.985752	1.185916
1830	-3892.339	-4154.329	261.9902	0.9159057	0.505822	0.28885	0.142622	0.062705	2.187652	1.169987
1836	-3900.156	-4162.224	262.0674	0.8883583	0.489494	0.235672	0.227189	0.0476456	2.199264	1.116198
1842	-3881.368	-4142.568	261.2007	0.7924481	0.515854	0.218229	0.194224	0.0716928	1.701967	2.183543
1848	-3889.121	-4150.31	261.1892	0.728464	0.496775	0.219926	0.203744	0.0795548	1.739331	2.210483
1854	-3904.308	-4165.77	261.4616	0.7784034	0.590109	0.151803	0.242023	0.0160646	1.889626	1.896058
1860	-3902.446	-4164.17	261.724	0.7019473	0.496411	0.183156	0.307727	0.012706	1.849517	1.798998
1866	-3901.73	-4163.877	262.1473	0.6606655	0.533221	0.255658	0.197474	0.0136482	1.947099	1.453995
1872	-3903.765	-4165.891	262.1269	0.7372082	0.450348	0.303914	0.224634	0.0211043	2.011946	1.356596
1878	-3897.372	-4159.543	262.1715	0.5935309	0.47784	0.329748	0.152328	0.0400848	2.004967	1.445403
1884	-3903.146	-4165.566	262.4202	0.6226939	0.395025	0.344188	0.159991	0.100796	2.371467	0.8668411
1890	-3895.521	-4157.989	262.4679	0.5826234	0.425906	0.274771	0.183633	0.11569	2.332927	0.9046334
1896	-3893.216	-4155.802	262.5858	0.5534538	0.37831	0.355817	0.163112	0.102761	2.348128	0.7774854
1902	-3885.739	-4148.135	262.3967	0.6113091	0.459098	0.309579	0.141915	0.0894076	2.500134	0.7435499
1908	-3894.536	-4156.888	262.3523	0.6242662	0.483702	0.277478	0.131789	0.107031	2.504692	0.7815902
1914	-3894.373	-4156.751	262.3782	0.6242662	0.489131	0.284737	0.116301	0.109831	2.59219	0.539586
1920	-3908.506	-4170.974	262.4684	0.5196577	0.31287	0.382978	0.156427	0.147725	2.610766	0.5387346
1926	-3909.152	-4171.506	262.3534	0.6306539	0.327875	0.401344	0.163929	0.106851	2.610766	0.536541
1932	-3920.86	-4183.239	262.379	0.6306539	0.412523	0.288767	0.120913	0.177797	2.560698	0.6253358
1938	-3924.221	-4186.656	262.435	0.6601704	0.333035	0.415498	0.134439	0.117028	2.374949	0.7939899
1944	-3913.76	-4175.187	261.4272	0.9208313	0.544955	0.199704	0.146246	0.109095	1.763909	1.904425
1950	-3901.574	-4162.74	261.1654	0.7862385	0.473756	0.263711	0.185973	0.0765598	1.763909	2.1705
1956	-3908.134	-4169.214	261.0803	0.7683169	0.499919	0.22305	0.196243	0.0807878	1.681732	2.290444
1962	-3898.16	-4159.719	261.5588	0.7683169	0.39539	0.283609	0.208395	0.112606	1.752025	1.930584
1968	-3903.358	-4165.039	261.6814	0.7683169	0.507804	0.235329	0.199222	0.0576462	1.800325	1.813974
1974	-3898.712	-4160.029	261.3169	0.898173	0.505491	0.212754	0.213871	0.0678839	1.745967	2.006194
1980	-3897.993	-4159.14	261.1465	0.8541411	0.451099	0.146074	0.231705	0.171122	1.753484	2.143458
1986	-3892.303	-4153.636	261.3331	0.8789067	0.544868	0.212039	0.16558	0.0775128	1.837861	1.947135
1992	-3896.327	-4157.963	261.636	0.7025228	0.434738	0.259729	0.246031	0.0595021	1.860867	1.851377
1998	-3894.08	-4155.907	261.8277	0.7720975	0.441261	0.263627	0.249723	0.0453894	1.837637	1.682598
2004	-3897.747	-4159.858	262.1111	0.7303277	0.467666	0.244955	0.232036	0.0553443	1.932743	1.436221
2010	-3898.269	-4160.542	262.2729	0.7303277	0.373038	0.380247	0.162949	0.0837671	1.929399	1.311608
2016	-3907.04	-4168.881	261.8405	0.8991288	0.504974	0.23244	0.17343	0.0891556	2.056922	1.41322
2022	-3899.281	-4161.231	261.9498	0.7366405	0.50537	0.163539	0.274459	0.0566318	1.896476	1.579124
2028	-3913.8	-4175.338	261.538	0.922765	0.443798	0.206802	0.28419	0.0652105	1.892226	1.738264
2034	-3908.399	-4170.238	261.8395	0.9346518	0.467211	0.267992	0.189629	0.0751681	1.917682	1.49252
2040	-3897.817	-4159.542	261.7246	0.8564848	0.512796	0.238079	0.19902	0.0501051	1.917682	1.636017
2046	-3907.447	-4169.195	261.7484	0.6833822	0.429615	0.190804	0.295343	0.0842388	1.885884	1.770495
2052	-3905.805	-4167.513	261.7081	0.8815674	0.5916	0.148601	0.230018	0.0297807	1.718303	1.770495
2058	-3890.249	-4151.817	261.5681	0.906969	0.574683	0.144352	0.252035	0.0289291	1.91127	1.715024
2064	-3897.626	-4159.556	261.93	0.7008015	0.405106	0.375648	0.177665	0.0415811	1.897631	1.62026
2070	-3897.371	-4158.934	261.5629	0.7935886	0.551647	0.283114	0.133901	0.0313384	1.850659	1.842645
2076	-3891.526	-4153.573	262.0468	0.6875447	0.459974	0.353575	0.15109	0.0353615	1.914341	1.532747
2082	-3894.288	-4156.47	262.1818	0.709056	0.377897	0.400776	0.163842	0.0574845	2.071805	1.288202
2088	-3901.174	-4163.361	262.1871	0.7104187	0.509348	0.254168	0.164134	0.0723501	2.025419	1.320369
2094	-3890.734	-4153.093	262.3595	0.6424967	0.412042	0.243514	0.285662	0.0587819	2.032056	1.232339
2100	-3880.789	-4142.557	261.7684	0.7738838	0.496443	0.240269	0.205289	0.0579987	1.991778	1.613169
2106	-3889.746	-4151.466	261.7199	0.7738838	0.419107	0.343977	0.173309	0.0636062	1.955104	1.674378
2112	-3890.429	-4152.301	261.8715	0.7189484	0.453953	0.345429	0.174041	0.0265771	1.86148	1.674378
2118	-3921.441	-4183.417	261.9757	0.7189484	0.428562	0.326108	0.164306	0.0810249	1.88922	1.579154
2124	-3892.535	-4154.635	262.0996	0.6592048	0.372556	0.333458	0.269932	0.0240538	2.04335	1.417965
2130	-3886.834	-4148.921	262.0878	0.6462478	0.305351	0.453361	0.22646	0.0148287	2.068828	1.417965
2136	-3905.675	-4167.709	262.0334	0.6288162	0.51331	0.320211	0.15995	0.00652811	1.953616	1.559573
2142	-3900.264	-4162.308	262.0439	0.5806697	0.391751	0.40019	0.199901	0.00815863	1.993661	1.559573
2148	-3891.903	-4154.121	262.2181	0.4464012	0.390861	0.372787	0.212063	0.0242889	1.993661	1.530154
2154	-3911.115	-4172.978	261.8631	0.5607864	0.300392	0.432431	0.245992	0.0211859	1.924058	1.753842
2160	-3905.516	-4167.172	261.6568	0.6758414	0.505697	0.146022	0.320664	0.0276169	1.999477	1.760725
2166	-3905.946	-4168.027	262.0808	0.6617273	0.503155	0.150391	0.319052	0.0274031	2.027797	1.442325
2172	-3911.197	-4173.331	262.1338	0.7048547	0.505949	0.260217	0.191501	0.0423318	2.033295	1.361331
2178	-3894.07	-4156.229	262.1591	0.7048547	0.517218	0.266013	0.195767	0.0210021	2.080156	1.303537
2184	-3899.662	-4160.926	261.2642	0.9081753	0.510108	0.22464	0.215836	0.0494156	1.754772	2.028588
2190	-3898.848	-4159.413	260.565	0.76442	0.48533	0.133159	0.278018	0.103493	1.754772	2.571484
2196	-3894.015	-4154.497	260.4823	0.9769423	0.517495	0.116189	0.296443	0.0698735	1.628165	2.565253
2202	-3896.284	-4157.237	260.9533	0.7903998	0.471555	0.198716	0.266835	0.0628946	1.655313	2.373301
2208	-3904.384	-4165.379	260.995	0.7830512	0.54105	0.242293	0.17533	0.0413264	1.621403	2.373301
2214	-3901.908	-4162.028	260.1204	1.054343	0.536389	0.05902	0.373513	0.031078	1.694827	2.699921
2220	-3896.838	-4158.479	261.6415	0.7117228	0.477893	0.272269	0.229745	0.0200934	1.850667	1.84794
2226	-3895.589	-4157.029	261.4404	0.8263036	0.454795	0.237593	0.283845	0.0237667	1.775757	1.953398
2232	-3895.448	-4156.918	261.4706	0.6650616	0.454795	0.237593	0.283845	0.0237667	1.723858	2.080851
2238	-3896.075	-4157.425	261.35	0.8065632	0.442475	0.231157	0.276157	0.0502107	1.663682	2.101516
2244	-3891.932	-4153.829	261.8974	0.746094	0.495717	0.226325	0.250877	0.0270812	1.927622	1.58736
2250	-3903.761	-4165.714	261.9531	0.7833345	0.479871	0.220634	0.266518	0.0329778	2.118611	1.371148
2256	-3910.144	-4172.127	261.983	0.8417752	0.466348	0.311177	0.164739	0.0577354	2.050921	1.352787
2262	-3911.561	-4173.671	262.1095	0.7589719	0.449777	0.292627	0.227961	0.0296357	2.132651	1.25417
2268	-3899.743	-4162.099	262.3568	0.561074	0.515006	0.247805	0.223928	0.0132613	2.135214	1.219599
2274	-3903.048	-4164.407	261.3589	0.7407782	0.491058	0.248649	0.208626	0.0516664	1.774906	2.068042
2280	-3904.66	-4167.107	262.4463	0.5822521	0.543548	0.228215	0.193194	0.035043	2.145859	1.112593
2286	-3907.177	-4169.477	262.2996	0.5822521	0.545476	0.217214	0.204789	0.0325205	2.185528	1.206728
2292	-3897.837	-4160.287	262.4499	0.5914903	0.527863	0.223844	0.226932	0.0213608	2.305872	0.9435892
2298	-3906.666	-4169.055	262.3887	0.6490663	0.466083	0.263981	0.193499	0.0764359	2.258618	0.9930139
2304	-3899.964	-4162.153	262.1893	0.6944629	0.428785	0.145799	0.308973	0.116443	2.115462	1.25885
2310	-3911.395	-4173.732	262.3374	0.6944629	0.376495	0.257477	0.271294	0.0947342	2.245531	1.00925
2316	-3909.233	-4171.743	262.5105	0.5881224	0.397705	0.365007	0.134691	0.102597	2.10386	1.086642
2322	-3888.036	-4150.386	262.3497	0.6182794	0.428279	0.334823	0.123886	0.113011	2.113946	1.192727
2328	-3883.978	-4146.257	262.2788	0.6484114	0.387956	0.346191	0.163482	0.102371	2.153023	1.192727
2334	-3879.831	-4141.92	262.0884	0.7685215	0.464354	0.264042	0.195676	0.0759286	2.088001	1.299923
2340	-3886.011	-4148.367	262.3567	0.6920418	0.474308	0.219761	0.232798	0.0731331	2.202748	1.034745
2346	-3908.293	-4170.782	262.4888	0.6375137	0.591033	0.178667	0.189267	0.0410322	2.202748	0.9602537
2352	-3896.695	-4159.114	262.4191	0.6625867	0.435431	0.26777	0.241878	0.0549203	2.303776	0.8975562
2358	-3889.553	-4152.046	262.4929	0.5908455	0.326393	0.425296	0.161082	0.0872292	2.276974	0.9291827
2364	-3898.315	-4160.825	262.5096	0.5908455	0.291961	0.409026	0.191092	0.10792	2.265824	0.9231116
2370	-3898.498	-4159.023	260.5246	0.5719519	0.433549	0.326211	0.196137	0.0441029	1.43161	2.918082
2376	-3911.978	-4172.437	260.4597	0.7741889	0.48912	0.185366	0.270289	0.0552242	1.43161	2.828182
2382	-3907.355	-4168.363	261.0074	0.8020894	0.488439	0.186501	0.269913	0.0551473	1.522836	2.415118
2388	-3912.39	-4172.847	260.4569	0.9293995	0.580044	0.0517226	0.302744	0.0654899	1.529664	2.671589
2394	-3906.303	-4168.735	262.4316	0.6239662	0.440123	0.286332	0.223783	0.0497615	2.300972	0.9318765
2400	-3913.123	-4173.878	260.7547	0.9503363	0.472691	0.0895615	0.369933	0.0678142	1.632077	2.409131
2406	-3911.948	-4172.916	260.9678	0.9503363	0.54703	0.111521	0.26297	0.0784791	1.674096	2.246697
2412	-3903.951	-4164.619	260.6676	0.9322338	0.571768	0.136546	0.254273	0.0374125	1.539187	2.533528
2418	-3925.212	-4185.183	259.9708	0.8897544	0.577265	0.104095	0.2642	0.0544402	1.531239	2.990543
2424	-3908.702	-4171.213	262.5108	0.5488748	0.343109	0.421237	0.182281	0.0533724	2.303114	0.9287277
2430	-3899.859	-4162.443	262.5845	0.52741	0.374174	0.383897	0.193288	0.0486411	2.25139	0.9287277
2436	-3904.395	-4166.838	262.4432	0.5722889	0.370859	0.380495	0.191575	0.0570714	2.14077	1.129345
2442	-3903.595	-4166.136	262.5416	0.5061687	0.37061	0.38024	0.226673	0.0224762	2.14077	1.101552
2448	-3902.005	-4164.463	262.4584	0.5090181	0.398265	0.333994	0.243587	0.0241534	2.151501	1.163825
2454	-3912.195	-4174.665	262.4698	0.4228794	0.385259	0.355743	0.235633	0.0233646	2.143627	1.231408
2460	-3904.96	-4167.307	262.3475	0.5877788	0.381552	0.35232	0.233365	0.0327632	2.079991	1.25049
2466	-3897.188	-4159.262	262.0749	0.7900255	0.415061	0.366741	0.165834	0.0523636	2.047173	1.325595
2472	-3930.776	-4192.152	261.3752	0.7754137	0.437095	0.305541	0.127793	0.129571	1.777706	2.031243
2478	-3905.036	-4166.244	261.2077	0.7982967	0.422368	0.23504	0.255946	0.0866458	1.777706	2.125671
2484	-3912.053	-4174.225	262.1719	0.6825614	0.393382	0.272646	0.315428	0.0185445	2.020644	1.359864
2490	-3916.048	-4177.54	261.492	0.715551	0.348264	0.366126	0.169594	0.116016	1.885776	1.923013
2496	-3905.431	-4166.971	261.5396	0.6377924	0.371664	0.390726	0.180989	0.056622	1.719996	2.056937
2502	-3905.44	-4167.821	262.3801	0.558229	0.337798	0.3686	0.222455	0.0711473	2.028298	1.291527
2508	-3893.596	-4155.918	262.3224	0.6793266	0.435509	0.397528	0.135495	0.031469	2.06344	1.204126
2514	-3899.205	-4160.598	261.3932	0.8609524	0.48912	0.184521	0.210374	0.115984	1.918095	1.864561
2520	-3893.152	-4155.235	262.083	0.7678614	0.535252	0.174456	0.207152	0.0831403	2.065423	1.323149
2526	-3894.7	-4156.47	261.7703	0.7872313	0.500133	0.257033	0.193202	0.0496322	2.02424	1.577966
2532	-3898.076	-4160.118	262.0419	0.6328309	0.417753	0.369629	0.171161	0.0414571	1.94497	1.556572
2538	-3904.383	-4166.314	261.9313	0.7108333	0.389789	0.309995	0.262894	0.0373218	2.141345	1.429974
2544	-3904.081	-4166.384	262.3034	0.7108333	0.460732	0.228777	0.226457	0.0840335	1.975683	1.265726
2550	-3916.306	-4178.52	262.2145	0.7316369	0.351547	0.422045	0.172791	0.0536166	2.015875	1.287706
2556	-3913.428	-4175.689	262.261	0.6173218	0.462836	0.239083	0.227491	0.0705899	2.091391	1.286875
2562	-3908.995	-4169.582	260.5871	0.7710285	0.502858	0.213156	0.207377	0.0766085	1.470513	2.728795
2568	-3909.18	-4170.077	260.8972	0.8192374	0.528084	0.207989	0.136358	0.127569	1.586804	2.432945
2574	-3921.59	-4182.728	261.138	0.8192374	0.503006	0.234503	0.132529	0.129961	1.574671	2.287863
2580	-3911.996	-4171.973	259.9776	0.9746138	0.525135	0.135236	0.294955	0.0446736	1.539036	2.929768
2586	-3897.239	-4156.893	259.6541	0.875573	0.555232	0.062883	0.324144	0.0577416	1.451477	3.235408
2592	-3891.161	-4150.838	259.6764	0.8570999	0.470099	0.3442	0.151182	0.0345191	1.561847	3.168169
2598	-3899.042	-4159.026	259.9836	0.6520771	0.358758	0.311173	0.29968	0.0303895	1.59809	3.092165
2604	-3897.368	-4158.312	260.9439	0.6764176	0.514234	0.30015	0.138778	0.0468377	1.707127	2.422574
2610	-3886.562	-4147.979	261.4174	0.7714464	0.447587	0.26125	0.250396	0.0407674	1.806124	1.987009
2616	-3885.707	-4147.01	261.3031	0.7185482	0.354727	0.356818	0.257717	0.0307374	1.806124	2.099656
2622	-3896.226	-4157.62	261.3942	0.5885619	0.441638	0.338822	0.184561	0.034979	1.756133	2.162544
2628	-3893.901	-4155.002	261.1011	0.5920407	0.441638	0.338822	0.184561	0.034979	1.806894	2.316189
2634	-3890.833	-4151.276	260.4422	0.6681322	0.520153	0.221278	0.217372	0.0411976	1.517564	2.854676
2640	-3885.285	-4146.573	261.2882	0.7922743	0.472893	0.22622	0.216383	0.0845039	1.757894	2.090048
2646	-3900.82	-4162.237	261.4171	0.7922743	0.467083	0.235727	0.213724	0.0834657	1.754834	2.00681
2652	-3932.079	-4194.483	262.4038	0.5886253	0.441632	0.371614	0.115027	0.0717268	2.593607	0.5865755
2658	-3897.504	-4159.949	262.4445	0.5439151	0.413005	0.371488	0.147772	0.0677353	2.593607	0.6042779
2664	-3912.174	-4174.607	262.4328	0.5439151	0.341481	0.360834	0.224723	0.0729627	2.621185	0.5418769
2670	-3910.83	-4173.272	262.4417	0.5734462	0.371392	0.39244	0.156815	0.0793536	2.569256	0.5939875
2676	-3892.505	-4155.033	262.5283	0.4676914	0.431162	0.377069	0.150673	0.0410951	2.602153	0.539086
2682	-3893.722	-4156.279	262.5566	0.4325702	0.386	0.337573	0.239637	0.0367906	2.598988	0.5766859
2688	-3895.454	-4157.788	262.3347	0.6426951	0.382005	0.321856	0.253112	0.0430268	2.598988	0.6074333
2694	-3903.009	-4164.305	261.2958	0.6869159	0.388117	0.241736	0.315552	0.0545949	1.63629	2.236547
2700	-3890.028	-4151.353	261.3252	0.7309512	0.550848	0.118437	0.309541	0.0211729	1.721189	2.132192
2706	-3887.391	-4148.561	261.1707	0.8518532	0.541885	0.11651	0.304504	0.037101	1.665001	2.186793
2712	-3903.974	-4164.389	260.4151	0.6709237	0.457161	0.10514	0.396127	0.0415715	1.60436	2.816637
2718	-3887.836	-4148.177	260.3407	0.7582104	0.459089	0.17856	0.319308	0.0430423	1.50938	2.863413
2724	-3902.68	-4164.532	261.852	0.6052564	0.457045	0.211458	0.311982	0.0195149	1.755033	1.8464
2730	-3900.43	-4162.064	261.6344	0.8136734	0.578501	0.164156	0.242193	0.0151495	1.75315	1.846077
2736	-3891.52	-4153.234	261.7135	0.5315462	0.349767	0.444512	0.186959	0.0187619	1.678	2.043011
2742	-3899.203	-4160.594	261.3908	0.6188317	0.372719	0.338482	0.214821	0.0739775	1.655013	2.20968
2748	-3889.995	-4150.864	260.869	0.7952951	0.49063	0.208355	0.203635	0.0973804	1.610586	2.4515
2754	-3896.246	-4157.391	261.1449	0.8217723	0.543944	0.200649	0.175379	0.0800274	1.768506	2.156675
2760	-3902.83	-4164.074	261.2437	0.8502607	0.382772	0.35021	0.237415	0.0296034	1.751145	2.083931
2766	-3893.415	-4154.018	260.6038	0.8846421	0.419022	0.340607	0.218542	0.0218294	1.648305	2.535653
2772	-3895.522	-4156.582	261.0603	0.7564424	0.407462	0.391614	0.141941	0.0589831	1.612639	2.355198
2778	-3890.089	-4151.504	261.4145	0.5659127	0.455389	0.270525	0.214417	0.0596689	1.568547	2.285659
2784	-3902.985	-4164.035	261.0496	0.5395937	0.451529	0.233472	0.246423	0.0685757	1.584945	2.522838
2790	-3897.953	-4159.17	261.2177	0.639555	0.460751	0.210563	0.314105	0.0145815	1.591205	2.347419
2796	-3916.687	-4177.869	261.1815	0.7231308	0.429565	0.29109	0.199873	0.0794719	1.558136	2.335154
2802	-3890.459	-4151.799	261.3399	0.7225173	0.454357	0.253653	0.211409	0.0805819	1.770882	2.095892
2808	-3895.386	-4156.356	260.97	0.6939696	0.482314	0.227321	0.224417	0.0659487	1.475456	2.53971
2814	-3901.632	-4161.642	260.0095	0.8563464	0.395654	0.377391	0.194829	0.0321259	1.524358	2.992154
2820	-3911.976	-4172.2	260.224	0.8901647	0.487869	0.189004	0.279905	0.0432216	1.561575	2.819061
2826	-3896.147	-4156.894	260.7468	0.8901647	0.576614	0.233287	0.173424	0.0166754	1.684186	2.420022
2832	-3880.274	-4139.71	259.4357	0.7481637	0.406168	0.364675	0.192726	0.0364304	1.413553	3.464369
2838	-3883.247	-4143.785	260.5379	0.7481637	0.4952	0.282001	0.193328	0.0294705	1.490511	2.761408
2844	-3888.796	-4148.247	259.4511	0.8423906	0.621235	0.100109	0.232139	0.0465175	1.422389	3.392374
2850	-3892.832	-4152.604	259.7719	0.8430781	0.475898	0.246249	0.239588	0.0382644	1.401409	3.215275
2856	-3891.21	-4151.733	260.5238	0.9469474	0.440688	0.267873	0.221862	0.0695773	1.575403	2.591036
2862	-3879.471	-4140.162	260.6906	0.7700681	0.50043	0.19673	0.252663	0.0501765	1.659818	2.548789
2868	-3894.045	-4154.996	260.9508	0.613295	0.357815	0.385622	0.181451	0.0751123	1.662887	2.487939
2874	-3895.561	-4156.991	261.4298	0.5779605	0.457733	0.276809	0.159217	0.106241	1.642326	2.22038
2880	-3895.794	-4157.773	261.9786	0.4844794	0.494187	0.298853	0.171897	0.0350627	1.804564	1.81026
2886	-3890.261	-4151.841	261.5798	0.7290888	0.471843	0.285341	0.164125	0.0786913	1.770507	1.931902
2892	-3912.178	-4173.754	261.5757	0.6903828	0.478387	0.281805	0.162091	0.0777163	1.800763	1.941859
2898	-3904.454	-4166.484	262.0307	0.5884305	0.397509	0.297166	0.273096	0.0322282	1.805032	1.699383
2904	-3910.527	-4172.59	262.0634	0.5382043	0.401774	0.216908	0.250016	0.131302	1.834061	1.692503
2910	-3907.622	-4169.767	262.1451	0.695503	0.492168	0.274275	0.196586	0.0369707	1.886516	1.47362
2916	-3886.92	-4148.7	261.7802	0.7360483	0.492168	0.274275	0.196586	0.0369707	1.760752	1.796593
2922	-3899.02	-4160.758	261.7384	0.7681854	0.537322	0.221789	0.190021	0.0508686	1.880665	1.718303
2928	-3895.978	-4157.582	261.6042	0.8346499	0.534688	0.220701	0.144548	0.100063	1.935175	1.725371
2934	-3885.314	-4147.171	261.8571	0.7786715	0.474122	0.365659	0.127695	0.0325243	1.957474	1.569865
2940	-3886.432	-4148.758	262.3258	0.6602203	0.56937	0.217162	0.151764	0.0617036	1.942734	1.318059
2946	-3886.598	-4148.647	262.0489	0.6994128	0.448863	0.283661	0.177702	0.0897737	1.916347	1.52032
2952	-3886.692	-4148.609	261.9165	0.7275387	0.445382	0.325906	0.170049	0.0586635	2.019047	1.52032
2958	-3896.113	-4158.575	262.4618	0.5014201	0.381778	0.279364	0.288572	0.0502859	1.972373	1.317558
2964	-3900.395	-4162.737	262.3417	0.5014201	0.325588	0.391271	0.2461	0.037041	1.971833	1.412734
2970	-3915.055	-4176.694	261.6385	0.6907578	0.356922	0.198033	0.393176	0.0518688	1.850405	1.865384
2976	-3915.428	-4176.859	261.4316	0.747147	0.441774	0.347268	0.16454	0.0464176	1.7594	2.025749
2982	-3903.433	-4164.623	261.1908	1.014468	0.54232	0.219847	0.201989	0.0358439	1.848339	1.943307
2988	-3901.019	-4162.556	261.5366	1.026021	0.547967	0.1878	0.204092	0.0601411	1.916604	1.648163
2994	-3904.217	-4165.916	261.6994	0.7671119	0.492549	0.255827	0.197565	0.0540588	1.859423	1.761374
3000	-3898.048	-4159.802	261.7538	0.7142796	0.513401	0.269209	0.170686	0.0467041	1.860863	1.761374
3006	-3896.331	-4158.041	261.7098	0.7586656	0.492025	0.258	0.163579	0.0863967	1.970481	1.682044
3012	-3899.535	-4161.484	261.9492	0.6649886	0.439966	0.234536	0.246959	0.0785394	1.970481	1.580895
3018	-3890.265	-4152.333	262.0686	0.6649886	0.547503	0.208738	0.184074	0.059685	1.869828	1.5672
3024	-3894.217	-4156.325	262.1088	0.5507696	0.424248	0.340586	0.206659	0.0285072	2.032692	1.505522
3030	-3901.013	-4163.151	262.1382	0.517584	0.422445	0.329791	0.20011	0.0476541	1.993399	1.538098
3036	-3897.202	-4159.157	261.9558	0.643798	0.422445	0.329791	0.20011	0.0476541	2.019239	1.556768
3042	-3897.204	-4158.951	261.7472	0.6618158	0.485926	0.229079	0.230181	0.0548151	2.009688	1.700407
3048	-3895.856	-4157.683	261.8266	0.714898	0.524708	0.25735	0.156499	0.0614435	2.029773	1.588496
3054	-3883.349	-4145.527	262.1783	0.6026993	0.450146	0.28675	0.206384	0.0567192	1.984398	1.448565
3060	-3892.813	-4155.053	262.2401	0.5129336	0.38125	0.305087	0.219582	0.094081	2.015321	1.448565
3066	-3887.336	-4149.653	262.3168	0.4938473	0.419163	0.261887	0.243788	0.0751608	2.090784	1.34489
3072	-3878.704	-4140.399	261.6949	0.5927727	0.426646	0.311986	0.189731	0.0716365	2.120388	1.710591
3078	-3881.962	-4143.941	261.9793	0.6000275	0.421776	0.346308	0.187565	0.0443514	2.147604	1.477901
3084	-3880.387	-4142.406	262.0194	0.6197557	0.409328	0.283153	0.219667	0.0878526	2.163655	1.419183
3090	-3892.265	-4154.501	262.2362	0.6447185	0.398612	0.237886	0.305868	0.0576343	2.219366	1.175588
3096	-3890.759	-4153.075	262.3157	0.5976322	0.364625	0.336336	0.279789	0.0192506	2.181217	1.182798
3102	-3889.528	-4151.755	262.2266	0.5979875	0.400376	0.334773	0.25458	0.0102712	2.230514	1.216524
3108	-3891.084	-4153.114	262.0304	0.480851	0.377618	0.314548	0.295896	0.0119381	1.962785	1.665268
3114	-3897.589	-4159.608	262.0197	0.6243457	0.360035	0.299901	0.282117	0.0579474	1.975472	1.557024
3120	-3898.156	-4160.326	262.1705	0.6243457	0.408534	0.325098	0.213275	0.0530935	1.975472	1.443939
3126	-3905.285	-4167.402	262.117	0.6336252	0.45157	0.301443	0.197756	0.0492303	1.986373	1.468912
3132	-3902.557	-4164.971	262.4134	0.5513204	0.459562	0.257798	0.240346	0.0422942	1.986373	1.304405
3138	-3906.036	-4168.425	262.3886	0.6131806	0.435047	0.32205	0.214259	0.028643	2.077424	1.195276
3144	-3893.033	-4155.085	262.0518	0.6592788	0.432866	0.272313	0.210316	0.0845056	1.973563	1.507184
3150	-3901.987	-4163.067	261.0796	0.7349917	0.42784	0.269151	0.207874	0.0951353	1.799951	2.237578
3156	-3902.531	-4163.922	261.3915	0.6047545	0.47282	0.297447	0.158244	0.0714889	1.80337	2.122418
3162	-3918.795	-4179.469	260.6735	0.6644617	0.471781	0.311944	0.173863	0.042412	1.467784	2.746551
3168	-3912.361	-4172.572	260.211	0.8241351	0.392802	0.2226	0.354333	0.0302647	1.505691	2.902254
3174	-3902.347	-4161.429	259.082	0.851182	0.423988	0.205148	0.338196	0.0326676	1.459123	3.581024
3180	-3898.942	-4158.43	259.4875	0.7529426	0.426634	0.206428	0.340306	0.0266321	1.469812	3.398142
3186	-3911.81	-4171.105	259.2948	0.8156031	0.538717	0.162451	0.27828	0.0205527	1.461052	3.477528
3192	-3930.136	-4191.269	261.1333	0.6893758	0.287087	0.26404	0.37178	0.0770932	1.759665	2.260033
3198	-3931.443	-4192.791	261.3483	0.6904135	0.377395	0.392581	0.146002	0.084022	1.6337	2.201944
3204	-3908.728	-4169.794	261.066	0.6622876	0.441361	0.269848	0.231036	0.0577542	1.620244	2.40982
3210	-3912.047	-4173.488	261.4407	0.5550923	0.34883	0.356343	0.251152	0.0436752	1.582875	2.266851
3216	-3918.22	-4178.848	260.628	0.6626718	0.405309	0.227428	0.328284	0.0389795	1.575471	2.709628
3222	-3910.008	-4170.903	260.8952	0.701933	0.559204	0.133589	0.193101	0.114106	1.552773	2.532846
3228	-3906.118	-4166.408	260.2894	1.002484	0.478071	0.259295	0.165085	0.0975502	1.637917	2.662684
3234	-3897.229	-4157.74	260.5109	0.995793	0.625378	0.173024	0.150826	0.0507726	1.629174	2.535081
3240	-3911.814	-4172.498	260.6842	1.000824	0.621481	0.171946	0.173374	0.0331995	1.644606	2.413652
3246	-3900.224	-4161.375	261.1503	0.8003022	0.392986	0.283081	0.288514	0.0354192	1.72827	2.193864
3252	-3897.665	-4159.092	261.4266	0.7755148	0.475892	0.131837	0.34938	0.0428913	1.822439	1.967069
3258	-3905.946	-4167.382	261.4362	0.7532951	0.477045	0.154613	0.318096	0.0502455	1.830038	1.971198
3264	-3902.016	-4163.576	261.5595	0.6907802	0.520808	0.21717	0.197659	0.0643624	1.827577	1.934451
3270	-3905.24	-4166.569	261.3295	0.7840705	0.526185	0.219412	0.196683	0.05772	1.733664	2.084462
3276	-3903.252	-4164.765	261.5125	0.8128667	0.41132	0.272603	0.244364	0.0717128	1.856965	1.859033
3282	-3888.78	-4150.542	261.7618	0.6882041	0.47857	0.241462	0.216448	0.0635205	1.952523	1.710715
3288	-3888.374	-4150.083	261.7093	0.6625182	0.522359	0.263555	0.144753	0.0693326	1.822443	1.85651
3294	-3888.488	-4150.178	261.6902	0.6494957	0.528295	0.279008	0.167692	0.0250052	1.789196	1.901578
3300	-3887.563	-4149.188	261.6245	0.729234	0.51489	0.298129	0.162718	0.0242635	1.72074	1.935193
3306	-3902.16	-4163.414	261.2539	0.7612638	0.458742	0.240123	0.204726	0.096409	1.759692	2.132703
3312	-3910.855	-4172.434	261.5789	0.94222	0.475535	0.248913	0.175614	0.0999383	1.880384	1.70383
3318	-3909.743	-4171.506	261.7627	0.8537423	0.404791	0.229574	0.303096	0.0625392	1.971389	1.571384
3324	-3900.622	-4162.55	261.9289	0.7773011	0.414527	0.25677	0.310386	0.0183173	1.97419	1.50532
3330	-3891.969	-4154.064	262.0948	0.7102067	0.500065	0.325865	0.162656	0.0114148	1.97419	1.433287
3336	-3888.811	-4151.211	262.4001	0.6783521	0.432919	0.326598	0.18085	0.0596331	2.184396	1.024528
3342	-3897.172	-4159.588	262.4152	0.6524343	0.432919	0.326598	0.18085	0.0596331	2.130709	1.087241
3348	-3902.126	-4164.425	262.299	0.7269827	0.547853	0.238447	0.154877	0.0588228	2.020147	1.217865
3354	-3899.557	-4161.124	261.5668	0.7875573	0.359868	0.393548	0.217013	0.0295702	1.881886	1.822818
3360	-3911.309	-4173.459	262.1499	0.633859	0.403778	0.36581	0.18763	0.0427826	2.233976	1.246443
3366	-3893.591	-4155.69	262.0993	0.7458465	0.401816	0.364032	0.191577	0.0425747	2.233976	1.188794
3372	-3904.713	-4166.461	261.7477	0.7503285	0.342465	0.408014	0.217754	0.0317672	2.013834	1.630175
3378	-3900.898	-4162.745	261.8467	0.670962	0.386007	0.458928	0.115073	0.0399927	1.912264	1.692064
3384	-3912.595	-4174.542	261.9473	0.5735217	0.506115	0.245564	0.215698	0.0326228	1.926758	1.683206
3390	-3899.189	-4161.064	261.8744	0.8152029	0.436313	0.256991	0.272678	0.0340181	1.952547	1.532452
3396	-3891.48	-4153.199	261.7192	0.7577942	0.514606	0.303106	0.140667	0.0416204	2.014067	1.644844
3402	-3895.142	-4157.285	262.1427	0.5222486	0.4376	0.357966	0.164426	0.0400092	2.014067	1.515856
3408	-3898.295	-4159.965	261.6702	0.7599405	0.540585	0.245526	0.203122	0.010767	2.001931	1.686876
3414	-3891.5	-4153.233	261.7334	0.7231909	0.445315	0.367127	0.167325	0.0202332	1.870767	1.76206
3420	-3899.142	-4160.954	261.8123	0.6666846	0.485214	0.290108	0.164596	0.0600823	1.851762	1.76206
3426	-3885.38	-4147.474	262.0939	0.7273224	0.491496	0.292927	0.166727	0.0488496	2.09627	1.323932
3432	-3890.954	-4153.018	262.0647	0.5663303	0.367177	0.349295	0.19881	0.0847187	2.080179	1.490851
3438	-3896.164	-4158.36	262.1958	0.5843056	0.379473	0.384521	0.205468	0.0305388	1.994948	1.441884
3444	-3910.049	-4172.412	262.3636	0.6281122	0.308139	0.437216	0.219131	0.0355139	1.963205	1.298441
3450	-3902.672	-4165.137	262.4652	0.6343239	0.413227	0.390118	0.181959	0.0146961	2.036363	1.144828
3456	-3900.048	-4162.444	262.3965	0.6782589	0.461352	0.204884	0.312554	0.0212093	2.078708	1.126842
3462	-3877.918	-4140.346	262.4279	0.5450885	0.396006	0.384923	0.159431	0.0596402	2.088401	1.212984
3468	-3887.005	-4149.262	262.2571	0.7204343	0.501462	0.244497	0.227052	0.0269894	2.086804	1.202718
3474	-3888.01	-4150.164	262.1544	0.7426151	0.478324	0.214541	0.283452	0.0236827	2.212205	1.162735
3480	-3901.531	-4163.688	262.1574	0.7426151	0.462056	0.207245	0.273812	0.0568875	1.992808	1.342979
3486	-3893.827	-4155.803	261.9763	0.765574	0.572599	0.165841	0.214135	0.0474256	2.010617	1.451348
3492	-3908.76	-4169.828	261.0677	0.744605	0.521626	0.139762	0.323293	0.0153196	1.611055	2.359434
3498	-3914.623	-4175.551	260.9276	0.840485	0.476143	0.154295	0.345015	0.0245477	1.668912	2.347795
3504	-3923.683	-4184.43	260.7475	0.8815143	0.600151	0.122939	0.213674	0.0632354	1.632916	2.457449
3510	-3919.138	-4181.512	262.3744	0.5390482	0.336441	0.387185	0.243917	0.0324572	2.042678	1.3006
3516	-3894.27	-4156.46	262.1908	0.4040741	0.37035	0.4047	0.216558	0.00839261	2.044137	1.541021
3522	-3900.539	-4162.889	262.3493	0.6147034	0.48089	0.304324	0.211146	0.00363937	2.180579	1.13801
3528	-3918.271	-4180.743	262.4726	0.5124501	0.483289	0.296599	0.216454	0.00365753	2.299791	1.009998
3534	-3901.56	-4164.005	262.4445	0.5124501	0.422839	0.2595	0.310619	0.00704207	2.308925	1.028621
3540	-3898.117	-4160.418	262.3012	0.7185059	0.52051	0.190794	0.283419	0.005277	2.272345	0.9932337
3546	-3900.212	-4162.363	262.1504	0.8060511	0.553142	0.188472	0.24176	0.0166262	2.32739	0.9967608
3552	-3911.471	-4173.996	262.5249	0.6025596	0.51503	0.175486	0.225102	0.0843814	2.130581	1.033405
3558	-3905.19	-4167.218	262.0285	0.8253972	0.506206	0.284799	0.170496	0.0384994	2.135835	1.260913
3564	-3895.737	-4157.227	261.4899	0.6954438	0.464601	0.273355	0.237089	0.0249544	1.945434	1.898495
3570	-3901.831	-4164.175	262.3447	0.791779	0.477178	0.224017	0.246922	0.0518825	2.135835	1.008947
3576	-3913.817	-4175.883	262.0661	0.9012943	0.59163	0.101175	0.230078	0.0771176	2.087207	1.204095
3582	-3881.118	-4143.189	262.0717	0.7404146	0.484731	0.230518	0.21409	0.0706603	2.0242	1.38765
3588	-3894.564	-4156.352	261.7878	0.8194014	0.455271	0.280522	0.178219	0.0859881	2.051204	1.520217
3594	-3902.268	-4164.28	262.0118	0.609807	0.443522	0.286573	0.182062	0.0878426	2.064409	1.508267
3600	-3909.657	-4171.956	262.2997	0.627211	0.465104	0.258678	0.229542	0.0466762	2.057636	1.274214
3606	-3930.322	-4192.673	262.3516	0.5459564	0.395272	0.305944	0.248295	0.0504895	2.070061	1.291048
3612	-3912.153	-4174.476	262.3238	0.5565891	0.408456	0.371617	0.159169	0.0607573	1.950208	1.39984
3618	-3901.972	-4164.273	262.3009	0.5314042	0.448143	0.352439	0.141796	0.0576217	1.982692	1.412535
3624	-3902.441	-4164.598	262.1569	0.6093807	0.526215	0.307936	0.107674	0.0581754	2.072491	1.391672
3630	-3902.271	-4164.688	262.4164	0.6941494	0.554503	0.189375	0.180899	0.0752229	1.964928	1.194514
3636	-3903.852	-4166.077	262.2247	0.6941494	0.468847	0.319242	0.176614	0.0352966	1.99554	1.328038
3642	-3916.522	-4178.444	261.9223	0.665647	0.42394	0.282783	0.205482	0.0877949	1.981631	1.591882
3648	-3887.58	-4149.473	261.8936	0.665647	0.299503	0.407447	0.231025	0.0620249	1.98264	1.61202
3654	-3917.123	-4179.122	261.9983	0.7694102	0.415096	0.265567	0.256465	0.062871	1.88649	1.525206
3660	-3905.165	-4167.083	261.9181	0.6826906	0.480276	0.312703	0.134663	0.0723577	2.043869	1.535991
3666	-3891.278	-4153.283	262.0045	0.6675489	0.476454	0.310214	0.14155	0.0717818	1.973455	1.535991
3672	-3894.843	-4156.88	262.0372	0.6459785	0.389827	0.342493	0.165133	0.102546	1.892541	1.588231
3678	-3902.438	-4164.148	261.7099	0.6752023	0.430858	0.350294	0.168894	0.049954	1.765047	1.886103
3684	-3907.09	-4169.041	261.9511	0.7079674	0.52405	0.257195	0.191286	0.0274682	1.839119	1.641752
3690	-3907.878	-4169.843	261.9648	0.6063275	0.412396	0.298173	0.188973	0.100458	1.825521	1.718181
3696	-3905.309	-4166.786	261.4763	0.6618157	0.491434	0.215654	0.193298	0.0996135	1.762292	2.054032
3702	-3895.328	-4156.546	261.2186	0.7226317	0.412712	0.362497	0.141135	0.0836566	1.762292	2.180532
3708	-3891.743	-4153.507	261.7641	0.6313576	0.413769	0.289431	0.186345	0.110455	1.764018	1.881486
3714	-3905.992	-4168.039	262.0468	0.6530055	0.458488	0.341437	0.166865	0.0332102	1.855997	1.602451
3720	-3904.942	-4167.441	262.4987	0.6157861	0.414993	0.387827	0.157866	0.0393139	2.234659	0.940229
3726	-3906.699	-4169.145	262.4462	0.6157861	0.380077	0.369124	0.214129	0.0366698	2.280756	0.9470419
3732	-3896.683	-4159.244	262.5615	0.5377589	0.463885	0.319221	0.185181	0.0317124	2.280756	0.9102093
3738	-3888.142	-4150.609	262.4678	0.5926185	0.409742	0.327003	0.23113	0.0321252	2.317586	0.9102093
3744	-3893.066	-4155.71	262.6448	0.500894	0.468147	0.33688	0.166938	0.0280352	2.1844	0.9641401
3750	-3890.968	-4153.434	262.4658	0.5640834	0.379576	0.37663	0.20807	0.0357236	2.191186	1.070295
3756	-3887.601	-4150.03	262.4292	0.5409226	0.459159	0.311648	0.166717	0.062476	2.177774	1.137854
3762	-3891.285	-4153.782	262.4966	0.5409226	0.473891	0.258846	0.202782	0.0644805	2.111947	1.136417
3768	-3891.096	-4153.58	262.4842	0.583817	0.457615	0.272685	0.201772	0.067928	2.170812	1.052677
3774	-3894.836	-4157.234	262.3976	0.6125852	0.456105	0.271785	0.196283	0.0758262	2.270159	1.011066
3780	-3889.862	-4152.342	262.4801	0.5768808	0.348987	0.366146	0.232777	0.0520909	2.224318	1.011808
3786	-3900.171	-4162.56	262.3892	0.5809918	0.427096	0.237706	0.271449	0.0637497	2.303609	1.019023
3792	-3870.844	-4133.245	262.4009	0.5697391	0.465865	0.263869	0.244234	0.0260325	2.303609	1.019023
3798	-3882.719	-4145.055	262.3358	0.6402242	0.449026	0.254331	0.235406	0.0612363	2.278256	1.035075
3804	-3889.625	-4152.072	262.4472	0.5359068	0.425358	0.294822	0.246202	0.0336185	2.324405	0.9869114
3810	-3885.023	-4147.464	262.4409	0.545108	0.336489	0.402951	0.239373	0.0211874	2.212106	1.092183
3816	-3893.371	-4155.888	262.5165	0.4928634	0.435794	0.350042	0.19316	0.0210036	2.158068	1.120712
3822	-3917.597	-4180.054	262.4566	0.6235456	0.453779	0.315673	0.192465	0.0380825	2.145887	1.062926
3828	-3911.271	-4173.896	262.6258	0.4735211	0.391218	0.420812	0.158331	0.029639	2.114253	1.077965
3834	-3887.054	-4149.232	262.178	0.7366497	0.384756	0.405135	0.141236	0.068873	2.252174	1.111583
3840	-3903.032	-4165.458	262.4266	0.6413883	0.436538	0.29413	0.160244	0.109088	2.365706	0.8422744
3846	-3908.694	-4170.934	262.2404	0.6652653	0.368317	0.384604	0.147004	0.100075	2.250669	1.124899
3852	-3902.157	-4164.486	262.3294	0.6580227	0.318971	0.446715	0.140842	0.0934721	2.165561	1.128273
3858	-3897.001	-4159.285	262.2834	0.692931	0.389047	0.344208	0.160316	0.106429	2.131689	1.166368
3864	-3893.85	-4155.887	262.0367	0.675122	0.382652	0.354986	0.157681	0.10468	2.034966	1.459674
3870	-3882.577	-4144.707	262.1303	0.7248002	0.432398	0.306987	0.170089	0.0905258	2.034966	1.345969
3876	-3890.077	-4152.007	261.9303	0.7652085	0.399769	0.420589	0.0959467	0.0836947	2.094133	1.422868
3882	-3877.668	-4139.173	261.5048	0.7427143	0.372741	0.392153	0.19516	0.039946	1.919754	1.871786
3888	-3879.364	-4141.181	261.8163	0.6889739	0.416004	0.291437	0.249636	0.0429223	2.012359	1.628577
3894	-3892.772	-4154.357	261.5851	0.7658262	0.465209	0.249281	0.211489	0.0740199	1.952312	1.777243
3900	-3909.943	-4168.759	258.816	0.7190308	0.498199	0.183867	0.257564	0.0603694	1.342896	3.88184
3906	-3912.35	-4171.397	259.0465	0.7818961	0.489111	0.180513	0.252866	0.0775095	1.354841	3.704009
3912	-3893.611	-4154.974	261.3628	0.6954455	0.503781	0.274064	0.175088	0.0470675	1.801303	2.079641
3918	-3893.995	-4155.251	261.2553	0.7973469	0.482878	0.304185	0.167823	0.0451145	1.801303	2.079641
3924	-3892.809	-4154.31	261.5004	0.6970594	0.449205	0.249628	0.262778	0.0383881	1.801303	1.987265
3930	-3884.037	-4145.121	261.0843	0.6282173	0.498751	0.311843	0.157621	0.0317848	1.727086	2.353443
3936	-3886.205	-4147.447	261.2418	0.7605525	0.40856	0.366653	0.186218	0.0385698	1.693954	2.183841
3942	-3893.217	-4154.449	261.2318	0.6249971	0.405485	0.363894	0.184816	0.0458052	1.76364	2.237921
3948	-3895.602	-4157.105	261.5026	0.5551102	0.375588	0.337063	0.236137	0.0512117	1.737618	2.126606
3954	-3891.071	-4152.31	261.2394	0.7370115	0.357603	0.351799	0.26045	0.0301487	1.721943	2.183357
3960	-3890.88	-4152.026	261.1465	0.6260247	0.400579	0.317068	0.209252	0.0731017	1.72279	2.318077
3966	-3887.302	-4148.119	260.8172	0.8452181	0.431811	0.312784	0.19199	0.0634141	1.711115	2.387931
3972	-3881.854	-4143.303	261.449	0.5881986	0.444962	0.336972	0.149748	0.0683178	1.885451	2.041977
3978	-3894.505	-4155.99	261.4846	0.7890401	0.429925	0.30406	0.191495	0.0745206	1.800495	1.933227
3984	-3887.558	-4149.188	261.6299	0.6073911	0.428059	0.329845	0.167898	0.0741972	1.847172	1.933227
3990	-3900.903	-4162.514	261.6111	0.6485875	0.512571	0.302493	0.157715	0.0272214	1.762886	1.973295
3996	-3894.343	-4155.435	261.0917	0.7508234	0.495689	0.281559	0.146801	0.0759519	1.771277	2.237535
4002	-3892.086	-4152.893	260.8066	0.6076803	0.526172	0.246855	0.149894	0.0770795	1.688588	2.565515
4008	-3898.569	-4159.12	260.5512	0.7823435	0.524657	0.194459	0.21325	0.0676335	1.651338	2.632428
4014	-3899.817	-4160.997	261.18	0.6704281	0.405718	0.310368	0.222672	0.0612426	1.860488	2.177794
4020	-3895.26	-4157.042	261.7818	0.6724503	0.335417	0.424027	0.156885	0.0836703	1.902916	1.743319
4026	-3892.245	-4153.907	261.6616	0.7611484	0.469006	0.202114	0.268715	0.0601649	1.868386	1.785794
4032	-3898.529	-4159.361	260.8314	0.7611484	0.469006	0.202114	0.268715	0.0601649	1.673369	2.458172
4038	-3904.587	-4165.446	260.8585	0.7778988	0.481793	0.190028	0.266374	0.0618052	1.700933	2.412711
4044	-3896.856	-4157.823	260.9669	0.6763169	0.428889	0.330944	0.206199	0.0339684	1.823269	2.334549
4050	-3890.054	-4151.217	261.1628	0.8108989	0.458877	0.262557	0.2106	0.0679659	1.832339	2.110692
4056	-3884.434	-4145.05	260.6154	0.8775735	0.453176	0.324289	0.180482	0.0420521	1.6898	2.507053
4062	-3886.285	-4146.369	260.0839	0.7734093	0.499117	0.269366	0.122369	0.109148	1.620417	2.941792
4068	-3900.42	-4160.411	259.9903	0.9554664	0.490001	0.298597	0.0904097	0.120993	1.525746	2.941792
4074	-3918.385	-4178.465	260.0804	0.6558793	0.498298	0.2328	0.14586	0.123042	1.492972	3.094756
4080	-3920.545	-4181.603	261.0583	0.7541457	0.406753	0.310262	0.234519	0.0484654	1.779081	2.251707
4086	-3928.636	-4189.743	261.1067	0.6798121	0.477062	0.257899	0.207701	0.0573381	1.823901	2.242331
4092	-3917.658	-4177.015	259.3574	0.654639	0.388713	0.338254	0.201104	0.0719299	1.497542	3.518834
4098	-3911.781	-4172.503	260.7226	0.7318212	0.403492	0.351114	0.11825	0.127144	1.484655	2.662337
4104	-3890.24	-4150.278	260.0384	0.8303563	0.39053	0.339835	0.146575	0.12306	1.530594	2.987248
4110	-3903.659	-4163.38	259.7213	0.7375223	0.484315	0.299275	0.108037	0.108373	1.472963	3.26836
4116	-3900.093	-4160.199	260.106	0.7353236	0.488649	0.301953	0.109004	0.100393	1.545364	2.99775
4122	-3902.842	-4162.87	260.0283	0.7353236	0.457892	0.331919	0.116287	0.093901	1.623042	2.99775
4128	-3890.443	-4150.453	260.0099	0.7633224	0.440101	0.267115	0.254499	0.0382848	1.501029	3.06415
4134	-3891.977	-4150.885	258.9072	0.7254275	0.44802	0.248948	0.263407	0.0396248	1.390897	3.797901
4140	-3907.609	-4169.691	262.0819	0.5267395	0.345173	0.420821	0.233488	0.000516985	1.968246	1.591111
4146	-3911.137	-4172.619	261.4826	0.6389793	0.372134	0.453691	0.172814	0.00136085	1.871876	1.993098
4152	-3896.207	-4156.968	260.7602	0.8181652	0.508106	0.237393	0.216633	0.0378684	1.590835	2.516951
4158	-3910.482	-4170.734	260.2525	0.6306376	0.449534	0.349501	0.163307	0.0376583	1.597496	2.944939
4164	-3907.509	-4167.672	260.1629	0.7678791	0.437414	0.340077	0.13649	0.0860191	1.54199	2.944939
4170	-3901.61	-4161.91	260.2998	0.8007928	0.39851	0.309831	0.180969	0.11069	1.606815	2.801872
4176	-3894.13	-4153.998	259.8673	0.8176947	0.577747	0.162035	0.19712	0.0630971	1.551688	3.084951
4182	-3907.774	-4169.045	261.2706	0.5979623	0.495644	0.293232	0.208545	0.00257915	1.80115	2.207092
4188	-3890.34	-4151.938	261.5989	0.6752878	0.531554	0.21257	0.252853	0.0030231	1.80115	1.93675
4194	-3892.283	-4154.134	261.8508	0.6036913	0.469871	0.277356	0.250102	0.00267229	1.904294	1.7449
4200	-3892.826	-4154.745	261.919	0.4349535	0.459724	0.271366	0.244701	0.0242097	1.888079	1.826205
4206	-3885.119	-4146.912	261.7928	0.4349535	0.361224	0.310305	0.300787	0.0276836	1.913527	1.895094
4212	-3893.165	-4153.601	260.4363	0.6893404	0.509375	0.188078	0.215993	0.0865546	1.579919	2.80672
4218	-3890.543	-4150.602	260.059	0.7111744	0.542016	0.172109	0.229834	0.0560405	1.434733	3.107294
4224	-3907.393	-4165.422	258.0297	0.7111744	0.398548	0.2483	0.261405	0.0917473	1.393374	4.305737
4230	-3899.588	-4158.085	258.4967	0.5643096	0.431259	0.247033	0.256738	0.06497	1.278683	4.193801
4236	-3889.491	-4147.474	257.9826	0.577636	0.520693	0.208187	0.216366	0.0547535	1.278683	4.476512
4242	-3894.117	-4152.272	258.1554	0.4702188	0.391812	0.386588	0.199734	0.0218655	1.34344	4.403867
4248	-3891.939	-4150.681	258.7421	0.6045437	0.436051	0.353549	0.182664	0.027736	1.406594	3.957083
4254	-3884.568	-4144.04	259.4717	0.5824638	0.46543	0.372505	0.124388	0.0376776	1.456646	3.520336
4260	-3895.69	-4154.785	259.0941	0.8168444	0.45928	0.367583	0.122744	0.0503937	1.383008	3.638957
4266	-3882.824	-4141.802	258.979	0.6264258	0.359208	0.367068	0.211119	0.0626049	1.400633	3.811328
4272	-3881.764	-4140.608	258.8442	0.7445782	0.363997	0.360923	0.213933	0.0611468	1.50927	3.754334
4278	-3894.407	-4153.464	259.0572	0.7534153	0.566488	0.226687	0.172895	0.0339304	1.389414	3.695182
4284	-3888.676	-4147.942	259.2653	0.6555847	0.480898	0.241772	0.1844	0.0929289	1.434384	3.608521
4290	-3882.16	-4141.655	259.4955	0.6430303	0.364635	0.324455	0.277024	0.0338862	1.517154	3.433898
4296	-3888.855	-4148.157	259.302	0.7495467	0.380859	0.338891	0.244856	0.035394	1.499275	3.49152
4302	-3888.084	-4147.016	258.9313	0.7495467	0.429738	0.330621	0.201239	0.0384013	1.400349	3.763913
4308	-3898.189	-4157.978	259.7891	0.7675151	0.484817	0.196295	0.280607	0.0382808	1.460986	3.216652
4314	-3885.865	-4145.672	259.8066	0.7032611	0.501583	0.17657	0.266835	0.0550116	1.511345	3.216652
4320	-3890.223	-4150.173	259.9494	0.7593523	0.53552	0.243109	0.179671	0.0417008	1.59364	3.04747
4326	-3894.106	-4154.57	260.4642	0.648531	0.388501	0.336649	0.173448	0.101403	1.756743	2.708135
4332	-3899.253	-4160.048	260.7955	0.745933	0.377963	0.29724	0.219881	0.104916	1.724574	2.458651
4338	-3907.45	-4168.618	261.1685	0.593514	0.437488	0.344052	0.0970201	0.121439	1.636582	2.380611
4344	-3903.81	-4165.412	261.6015	0.7173687	0.470234	0.345596	0.0974554	0.0867141	1.66872	1.993943
4350	-3895.102	-4156.059	260.9563	0.8300405	0.52822	0.257238	0.149999	0.064544	1.728815	2.298249
4356	-3892.417	-4153.394	260.9763	0.755156	0.425595	0.286559	0.224333	0.0635119	1.848405	2.259155
4362	-3888.146	-4149.702	261.5566	0.6608227	0.390741	0.261413	0.276657	0.0711886	1.879803	1.922609
4368	-3888.001	-4149.305	261.3038	0.6664866	0.403934	0.270239	0.295616	0.0302105	1.709835	2.197897
4374	-3898.537	-4159.65	261.1134	0.836913	0.479492	0.330031	0.159353	0.0311236	1.720647	2.197897
4380	-3906.989	-4167.58	260.5913	0.872847	0.491634	0.2441	0.233096	0.0311691	1.659255	2.54417
4386	-3899.366	-4160.136	260.7707	0.870575	0.575313	0.168025	0.209178	0.0474841	1.687993	2.41527
4392	-3885.348	-4146.284	260.9354	0.8240655	0.436307	0.26762	0.24703	0.0490438	1.696072	2.33648
4398	-3894.462	-4155.276	260.8137	0.8240655	0.439571	0.205315	0.263552	0.0915631	1.595367	2.476807
4404	-3887.718	-4148.6	260.8819	0.6755492	0.447648	0.289279	0.169827	0.0932457	1.525499	2.575485
4410	-3899.935	-4160.349	260.4141	0.8040121	0.5084	0.0890376	0.296662	0.1059	1.507152	2.790897
4416	-3902.943	-4162.621	259.6779	0.8898663	0.537166	0.0776912	0.349069	0.036074	1.507152	3.179636
4422	-3909.175	-4168.815	259.6405	0.8817948	0.528181	0.0813593	0.33579	0.0546699	1.552849	3.179636
4428	-3904.591	-4164.593	260.0021	0.9629388	0.436506	0.221321	0.272898	0.0692746	1.576858	2.899266
4434	-3916.794	-4177.34	260.5452	0.5504416	0.501991	0.2639	0.216344	0.0177652	1.606471	2.813145
4440	-3905.621	-4166.492	260.8714	0.6689254	0.534788	0.207902	0.211681	0.0456287	1.732169	2.457454
4446	-3889.267	-4149.778	260.5108	0.7749502	0.490922	0.272874	0.194318	0.041886	1.530318	2.736365
4452	-3904.932	-4165.35	260.418	0.9226924	0.59551	0.217674	0.136007	0.0508095	1.523489	2.703493
4458	-3889.917	-4150.137	260.22	0.682889	0.444034	0.336774	0.210423	0.00876782	1.556969	2.95566
4464	-3899.826	-4160.532	260.7056	0.682889	0.483029	0.250242	0.242992	0.0237368	1.582147	2.644661
4470	-3907.822	-4168.726	260.9041	0.8038805	0.500878	0.248117	0.150778	0.100227	1.655764	2.39525
4476	-3908.585	-4169.704	261.1188	0.7184083	0.347117	0.365896	0.139184	0.147804	1.725033	2.271795
4482	-3902.501	-4163.702	261.2014	0.7439608	0.495809	0.293563	0.141729	0.0688987	1.734203	2.195313
4488	-3896.492	-4158.36	261.8686	0.6970098	0.464019	0.278716	0.204617	0.0526476	1.935144	1.640365
4494	-3904.613	-4166.514	261.9008	0.6485808	0.363983	0.350724	0.239033	0.0462604	1.954268	1.640365
4500	-3895.434	-4156.943	261.5088	0.7958199	0.372564	0.335418	0.244668	0.047351	2.001996	1.773829
4506	-3892.197	-4152.907	260.7104	0.8317672	0.442516	0.272686	0.223257	0.0615417	1.57763	2.547379
4512	-3890.694	-4151.805	261.1117	0.6576148	0.501227	0.238635	0.19043	0.0697069	1.795184	2.272717
4518	-3885.835	-4146.524	260.6895	0.8875134	0.52849	0.17591	0.222102	0.0734983	1.709095	2.442148
4524	-3888.736	-4149.177	260.4411	0.7394424	0.50208	0.186544	0.231095	0.0802811	1.696726	2.700073
4530	-3895.181	-4156.099	260.9186	0.6432618	0.50208	0.186544	0.231095	0.0802811	1.759617	2.427596
4536	-3898.232	-4158.909	260.6768	0.6954094	0.545272	0.170362	0.211049	0.073317	1.637324	2.620198
4542	-3912.528	-4172.838	260.3106	0.777536	0.483605	0.217331	0.234039	0.0650253	1.487669	2.882399
4548	-3907.762	-4167.551	259.7886	0.7397209	0.519807	0.212508	0.228845	0.0388404	1.422694	3.256917
4554	-3894.661	-4155.113	260.4517	0.8916898	0.450443	0.339533	0.144513	0.0655108	1.487855	2.724157
4560	-3899.941	-4159.007	259.066	0.7155943	0.45986	0.346632	0.154698	0.0388108	1.410304	3.701116
4566	-3901.552	-4160.102	258.5507	0.7375686	0.526363	0.204811	0.214576	0.0542496	1.383018	3.999537
4572	-3892.355	-4152.069	259.7139	0.6879794	0.494226	0.164049	0.307602	0.0341235	1.379238	3.358758
4578	-3899.715	-4159.049	259.334	0.9499504	0.557685	0.0964948	0.255721	0.0900992	1.453216	3.378181
4584	-3895.726	-4155.582	259.8566	0.739869	0.475177	0.244814	0.183584	0.096425	1.385911	3.238368
4590	-3900.194	-4159.737	259.5423	0.8211259	0.475177	0.244814	0.183584	0.096425	1.475323	3.320674
4596	-3898.031	-4157.979	259.9479	0.8211259	0.493882	0.254451	0.151447	0.100221	1.56302	3.02786
4602	-3900.464	-4160.681	260.2171	0.8768562	0.512729	0.232203	0.16361	0.0914577	1.673673	2.763319
4608	-3905.777	-4166.379	260.6019	0.7820253	0.470306	0.253945	0.170473	0.105276	1.699094	2.571687
4614	-3911.849	-4173.52	261.6714	0.6921241	0.50405	0.305793	0.127736	0.0624219	1.794669	1.879947
4620	-3901.119	-4162.964	261.8444	0.7248443	0.511016	0.310019	0.129501	0.049463	1.986498	1.59942
4626	-3906.824	-4168.483	261.6588	0.8404153	0.531347	0.214509	0.216445	0.037699	1.984087	1.647588
4632	-3889.053	-4150.708	261.6548	0.7745839	0.564924	0.119167	0.26769	0.0482191	1.857022	1.788574
4638	-3879.921	-4140.956	261.0358	0.7745839	0.525357	0.176868	0.248942	0.0488335	1.862855	2.198328
4644	-3904.481	-4164.148	259.6668	0.7861949	0.4763	0.273289	0.238063	0.0123477	1.628332	3.178297
4650	-3894.126	-4155.846	261.7199	0.8607947	0.515707	0.268897	0.145842	0.0695536	1.960281	1.605339
4656	-3891.843	-4153.64	261.7979	0.8283147	0.44253	0.230742	0.267044	0.0596842	1.91603	1.605339
4662	-3890.888	-4152.827	261.9389	0.6681693	0.487605	0.229514	0.231207	0.0516746	1.89641	1.639661
4668	-3901.062	-4163.232	262.17	0.6485045	0.493831	0.232444	0.23416	0.0395657	1.969176	1.429562
4674	-3888.572	-4150.356	261.7842	0.7271448	0.461764	0.248433	0.218954	0.0708485	1.939256	1.675019
4680	-3891.51	-4153.436	261.9262	0.7818691	0.428687	0.230638	0.274901	0.0657735	2.08822	1.417045
4686	-3883.31	-4145.398	262.088	0.7818691	0.472424	0.246021	0.241359	0.0401958	1.945137	1.402505
4692	-3898.992	-4160.916	261.9246	0.734467	0.491078	0.353532	0.102637	0.0527525	1.981805	1.536501
4698	-3897.393	-4159.328	261.9351	0.7445748	0.388574	0.307134	0.235847	0.068444	1.960655	1.536501
4704	-3903.297	-4164.975	261.6776	0.685907	0.425873	0.329913	0.196704	0.0475104	1.886268	1.81747
4710	-3902.694	-4164.562	261.8684	0.715047	0.4229	0.32761	0.195331	0.0541593	2.076021	1.523524
4716	-3908.584	-4170.146	261.5616	0.836297	0.509777	0.214291	0.210647	0.0652852	1.855306	1.809596
4722	-3894.958	-4156.204	261.2461	0.7456635	0.524293	0.220393	0.216646	0.0386688	1.798628	2.123136
4728	-3899.162	-4160.431	261.2694	0.8352109	0.552471	0.232238	0.14967	0.0656212	1.878777	1.992734
4734	-3892.891	-4154.063	261.1718	0.667748	0.340083	0.247217	0.342847	0.0698537	1.772697	2.241623
4740	-3892.811	-4153.242	260.4307	0.7692402	0.529306	0.181164	0.240525	0.0490059	1.673899	2.701121
4746	-3895.58	-4154.193	258.6128	0.7638824	0.341129	0.424237	0.19492	0.0397141	1.397729	3.93975
4752	-3902.464	-4162.09	259.6255	0.5096213	0.46996	0.243766	0.244422	0.0418522	1.453806	3.47594
4758	-3916.682	-4177.444	260.7624	0.6735843	0.366318	0.330573	0.190519	0.11259	1.651015	2.573043
4764	-3919.086	-4180.796	261.7102	0.7423665	0.419641	0.321787	0.228254	0.0303174	1.725449	1.864447
4770	-3901.24	-4163.333	262.0933	0.5876994	0.428864	0.32886	0.237856	0.0044207	1.841372	1.629173
4776	-3909.279	-4171.379	262.1004	0.6419954	0.469861	0.247156	0.271851	0.0111324	1.992273	1.470278
4782	-3888.835	-4150.866	262.0313	0.7072614	0.42834	0.262781	0.247828	0.061051	1.992273	1.470278
4788	-3886.825	-4148.811	261.9855	0.741105	0.401415	0.298461	0.23225	0.0678744	2.002293	1.470278
4794	-3900.028	-4161.811	261.7832	0.7331787	0.407998	0.303357	0.219657	0.0689876	1.963519	1.653789
4800	-3890.386	-4152.4	262.0137	0.8228128	0.420109	0.312361	0.226178	0.0413524	2.051238	1.343849
4806	-3890.269	-4152.129	261.8604	0.8228128	0.452322	0.320725	0.18243	0.0445232	2.051238	1.462888
4812	-3882.656	-4144.624	261.9684	0.7584674	0.393678	0.229682	0.313516	0.0631241	2.036963	1.442911
4818	-3892.759	-4154.73	261.9709	0.7248685	0.370488	0.261658	0.252519	0.115334	2.072054	1.441309
4824	-3889.78	-4150.787	261.0065	0.762809	0.460727	0.168122	0.304081	0.0670695	1.626272	2.376393
4830	-3885.549	-4146.901	261.3519	0.8463823	0.551091	0.20412	0.197985	0.046804	1.872247	1.933966
4836	-3884.094	-4145.459	261.3653	0.8463823	0.479433	0.242024	0.23475	0.0437928	1.887545	1.914582
4842	-3892.063	-4153.716	261.6526	0.7701225	0.50236	0.227817	0.227472	0.0423511	1.851403	1.797252
4848	-3882.116	-4143.828	261.7116	0.7454651	0.465658	0.263325	0.197376	0.0736411	1.959178	1.69869
4854	-3908.834	-4171.15	262.3162	0.7059762	0.42681	0.348415	0.188532	0.0362424	2.352847	0.9063457
4860	-3892.657	-4155.114	262.4577	0.6392416	0.513692	0.215779	0.22691	0.0436199	2.282061	0.9063457
4866	-3919.043	-4181.494	262.4506	0.6392416	0.293354	0.345373	0.286242	0.075031	2.274679	0.9223168
4872	-3906.082	-4167.506	261.4239	0.7318538	0.525791	0.272691	0.118413	0.0831047	1.758622	2.042078
4878	-3899.422	-4161.207	261.7852	0.7318538	0.466571	0.281365	0.209612	0.0424515	1.867764	1.721415
4884	-3899.504	-4160.944	261.44	0.8954736	0.391466	0.375312	0.193944	0.0392782	1.826034	1.871136
4890	-3900.51	-4162.333	261.8232	0.6273072	0.395895	0.379559	0.196138	0.028409	1.965282	1.703906
4896	-3912.421	-4174.05	261.629	0.6744706	0.489251	0.238482	0.242389	0.0298778	2.013386	1.771401
4902	-3877.218	-4139.251	262.0332	0.7041526	0.39264	0.310276	0.189672	0.107411	2.087061	1.398571
4908	-3892.978	-4155.219	262.2411	0.6338135	0.39264	0.310276	0.189672	0.107411	2.067647	1.308165
4914	-3890.37	-4152.47	262.0998	0.6326019	0.370548	0.292818	0.235267	0.101367	2.199873	1.316586
4920	-3887.403	-4149.548	262.145	0.7246603	0.443736	0.24913	0.219607	0.0875273	2.118272	1.266705
4926	-3892.145	-4154.302	262.1567	0.6169981	0.455297	0.255621	0.225328	0.0637549	2.123756	1.345086
4932	-3899.767	-4161.609	261.8419	0.8805899	0.497993	0.164566	0.277118	0.0603228	2.099391	1.394006
4938	-3906.04	-4168.058	262.0177	0.7050208	0.432408	0.23731	0.298748	0.0315348	2.018717	1.462378
4944	-3904.995	-4167.071	262.0753	0.7050208	0.473568	0.259899	0.231997	0.0345366	1.961076	1.462378
4950	-3899.28	-4160.95	261.6703	0.8232871	0.526933	0.195239	0.141233	0.136594	1.883066	1.723854
4956	-3896.255	-4157.851	261.5963	0.837225	0.513791	0.161072	0.191949	0.133187	1.902006	1.752347
4962	-3894.146	-4155.858	261.7119	0.7275654	0.482276	0.302426	0.134958	0.0803396	1.838663	1.796115
4968	-3895.991	-4157.163	261.1718	0.7082487	0.49491	0.196821	0.151657	0.156612	1.657117	2.288274
4974	-3893.329	-4153.439	260.1096	0.9107254	0.557684	0.233917	0.0951511	0.113248	1.657117	2.817647
4980	-3905.99	-4167.283	261.2935	0.6634072	0.461734	0.24643	0.174745	0.117091	1.744021	2.184546
4986	-3902.398	-4163.909	261.5105	0.8598418	0.488807	0.240115	0.148324	0.122755	1.755832	1.89596
4992	-3886.448	-4147.869	261.4217	0.7047578	0.495671	0.236891	0.146332	0.121106	1.743202	2.072629
4998	-3912.107	-4173.471	261.3644	0.7963111	0.461218	0.220425	0.198881	0.119476	1.732736	2.053628
5004	-3906.89	-4169.108	262.2188	0.5108602	0.395204	0.364271	0.134982	0.105542	2.847042	0.3961927
5010	-3918.059	-4180.138	262.0788	0.8658731	0.468257	0.227104	0.200701	0.103938	1.987191	1.307024
5016	-3900.251	-4162.429	262.178	0.710567	0.453178	0.241663	0.213568	0.0915908	2.070661	1.290954
5022	-3895.439	-4157.603	262.163	0.726019	0.37466	0.286434	0.237186	0.10172	2.161361	1.214308
5028	-3905.096	-4167.377	262.281	0.6423764	0.378172	0.289119	0.239409	0.0933	2.094362	1.245985
5034	-3911.79	-4174.113	262.323	0.6107071	0.376563	0.321094	0.210034	0.0923087	2.656665	0.5659089
5040	-3904.394	-4166.958	262.5633	0.4956844	0.330478	0.412937	0.205566	0.0510197	2.49264	0.6753169
5046	-3900.54	-4163.102	262.5618	0.5053073	0.48063	0.30798	0.13719	0.0742004	2.482864	0.6785702
5052	-3895.179	-4157.029	261.8504	0.8472435	0.391908	0.319205	0.213217	0.0756698	2.028636	1.468385
5058	-3880.92	-4143.155	262.2344	0.5688868	0.354775	0.35512	0.206955	0.0831508	2.006815	1.415422
5064	-3906.953	-4168.993	262.0398	0.6554964	0.374682	0.210698	0.382736	0.0318849	2.035349	1.47279
5070	-3907.157	-4169.093	261.9365	0.4752768	0.405866	0.301668	0.217034	0.0754317	1.807358	1.843491
5076	-3914.309	-4175.862	261.5531	0.6207201	0.443772	0.332228	0.140926	0.0830732	1.728023	2.054606
5082	-3910.272	-4172.985	262.713	0.4231137	0.384977	0.339678	0.254276	0.021069	2.425321	0.6474303
5088	-3892.068	-4154.474	262.406	0.6400862	0.373443	0.333025	0.265112	0.0284197	2.416751	0.8052768
5094	-3892.878	-4155.502	262.6243	0.554773	0.363189	0.334224	0.266066	0.0365213	2.361156	0.6948266
5100	-3887.344	-4149.802	262.4579	0.6418657	0.45249	0.312109	0.150236	0.0851644	2.403475	0.748297
5106	-3881.726	-4144.291	262.5649	0.5322386	0.447113	0.322633	0.146101	0.0841524	2.454029	0.6757457
5112	-3887.474	-4150.039	262.5658	0.4919933	0.296973	0.429183	0.19435	0.0794939	2.518525	0.6212292
5118	-3896.581	-4159.01	262.4292	0.6245485	0.52527	0.247293	0.193249	0.034188	2.518525	0.6212292
5124	-3877.326	-4139.719	262.3933	0.5982019	0.463963	0.344196	0.162538	0.0293031	2.572028	0.6454112
5130	-3900.41	-4162.84	262.4302	0.5992075	0.525666	0.252748	0.213885	0.00770111	2.340389	0.9188299
5136	-3890.889	-4153.391	262.5029	0.5588947	0.523119	0.251524	0.212849	0.0125077	2.306516	0.9223577
5142	-3884.659	-4147.147	262.488	0.6043169	0.465963	0.238297	0.26639	0.0293491	2.252553	0.9455089
5148	-3891.841	-4154.263	262.4228	0.6246232	0.44198	0.346267	0.157285	0.0544683	2.289817	0.9524287
5154	-3897.558	-4160.019	262.4608	0.580594	0.45675	0.27376	0.213202	0.0562884	2.338027	0.909161
5160	-3900.233	-4162.731	262.4973	0.5314988	0.472313	0.281819	0.226398	0.0194702	2.352272	0.909161
5166	-3899.709	-4162.249	262.5396	0.5641312	0.426865	0.287084	0.251974	0.0340772	2.348829	0.8233866
5172	-3898.059	-4159.885	261.8261	0.6562872	0.456647	0.230384	0.27231	0.0406585	1.797518	1.797815
5178	-3893.226	-4154.444	261.2186	0.6268272	0.432962	0.270302	0.258187	0.0385497	1.703178	2.283989
5184	-3897.419	-4159.883	262.4635	0.5864411	0.42873	0.326388	0.223246	0.0216358	2.474719	0.7193201
5190	-3913.977	-4176.415	262.4379	0.5981044	0.547557	0.223509	0.197454	0.0314807	2.489095	0.7177498
5196	-3891.887	-4154.274	262.3877	0.6581413	0.424629	0.238481	0.300638	0.0362531	2.489095	0.6950953
5202	-3885.583	-4148.126	262.5428	0.544255	0.435558	0.330849	0.189549	0.0440439	2.457784	0.6872076
5208	-3908.989	-4171.475	262.4858	0.548978	0.392046	0.369272	0.229204	0.00947779	2.480132	0.7372041
5214	-3898.503	-4160.986	262.4827	0.5549419	0.349874	0.353154	0.287908	0.00906408	2.517732	0.6663724
5220	-3901.175	-4163.72	262.5445	0.557058	0.489832	0.251084	0.2159	0.0431845	2.447183	0.6790355
5226	-3910.681	-4173.243	262.5621	0.4832059	0.328232	0.396305	0.207302	0.0681614	2.479765	0.7218573
5232	-3887.58	-4150.148	262.5676	0.5111408	0.301861	0.489173	0.190646	0.0183196	2.474476	0.6722555
5238	-3890.437	-4152.989	262.5518	0.5167438	0.38391	0.392384	0.18807	0.0356362	2.460016	0.7163016
5244	-3890.763	-4153.283	262.5197	0.5546185	0.335719	0.311486	0.315479	0.0373161	2.44997	0.7219871
5250	-3898.842	-4161.394	262.5518	0.5546185	0.374418	0.30086	0.286694	0.0380287	2.473339	0.6098729
5256	-3872.963	-4135.466	262.5026	0.5421353	0.483588	0.272522	0.202317	0.0415726	2.519091	0.6495602
5262	-3875.235	-4137.692	262.4568	0.5421353	0.37762	0.322814	0.278063	0.0215026	2.576472	0.6225317
5268	-3882.484	-4144.924	262.4397	0.5421353	0.298026	0.443161	0.219454	0.0393594	2.605986	0.5862975
5274	-3876.224	-4138.464	262.2406	0.6347568	0.316217	0.431676	0.213767	0.0383394	2.680192	0.6582206
5280	-3881.18	-4143.546	262.3663	0.5608244	0.36522	0.345956	0.263793	0.0250311	2.608373	0.702901
5286	-3896.929	-4159.321	262.3915	0.5608244	0.430278	0.321552	0.193975	0.0541949	2.608373	0.6550032
5292	-3882.582	-4145.139	262.5561	0.4206491	0.418648	0.312861	0.215761	0.0527301	2.581078	0.654519
5298	-3884.874	-4147.262	262.3885	0.6288453	0.320408	0.396945	0.185838	0.0968088	2.535859	0.6638419
5304	-3888.596	-4151.04	262.4435	0.5894299	0.42485	0.356809	0.13132	0.0870203	2.535859	0.6342249
5310	-3903.736	-4165.233	261.4968	0.5659072	0.426367	0.326855	0.150358	0.0964199	1.67025	2.166994
5316	-3906.972	-4168.478	261.5056	0.55742	0.421949	0.331004	0.152267	0.0947801	1.67025	2.166994
5322	-3900.324	-4161.829	261.5042	0.5838236	0.374948	0.362119	0.202892	0.0600408	1.655954	2.159357
5328	-3888.515	-4150.005	261.4898	0.5241399	0.42594	0.332577	0.18634	0.0551426	1.731943	2.159357
5334	-3888.55	-4148.703	260.1522	0.6586772	0.492055	0.147954	0.280048	0.0799431	1.566777	3.005869
5340	-3894.548	-4155.187	260.6391	0.6462874	0.393263	0.326667	0.223822	0.0562483	1.613411	2.690201
5346	-3895.565	-4156.849	261.2842	0.5356152	0.430043	0.373534	0.141167	0.0552554	1.60282	2.366696
5352	-3879.855	-4140.434	260.579	0.6368282	0.4455	0.32777	0.123872	0.102857	1.569904	2.75977
5358	-3883.183	-4143.996	260.8139	0.6368282	0.44591	0.327152	0.123986	0.102951	1.640683	2.571649
5364	-3900.587	-4161.403	260.8157	0.6946042	0.458947	0.336717	0.164446	0.0398903	1.664939	2.517344
5370	-3898.325	-4159.321	260.9964	0.5668258	0.412839	0.403354	0.147925	0.0358827	1.734017	2.445267
5376	-3891.847	-4153.571	261.7243	0.6639009	0.407463	0.284768	0.254195	0.053575	1.900311	1.791557
5382	-3882.907	-4144.622	261.7144	0.5579147	0.363955	0.408021	0.18297	0.0450532	1.870588	1.895138
5388	-3877.066	-4139.005	261.9392	0.379475	0.420589	0.283685	0.271211	0.0245149	1.93721	1.811102
5394	-3892.541	-4154.469	261.9282	0.4201442	0.406127	0.32205	0.261886	0.0099366	1.974569	1.769165
5400	-3880.239	-4141.959	261.7198	0.6146965	0.419783	0.331671	0.186666	0.06188	1.925045	1.813562
5406	-3897.945	-4160.035	262.09	0.4607735	0.324285	0.337901	0.323636	0.0141781	1.878672	1.69651
5412	-3915.381	-4177.836	262.4549	0.5579891	0.394487	0.385938	0.175898	0.0436765	2.56019	0.6270911
5418	-3893.513	-4156.159	262.6461	0.4451048	0.317758	0.392327	0.241242	0.0486728	2.414987	0.7486474
5424	-3909.952	-4172.451	262.4996	0.6084655	0.313175	0.386669	0.237763	0.0623935	2.428611	0.6970659
5430	-3909.215	-4170.882	261.6674	0.6491445	0.472694	0.270177	0.193314	0.0638154	1.798444	1.911014
5436	-3916.86	-4178.589	261.7285	0.6546982	0.502023	0.20725	0.214716	0.0760113	1.763704	1.889162
5442	-3924.045	-4186.063	262.0179	0.6860025	0.450014	0.28445	0.157347	0.108188	1.75352	1.671862
5448	-3917.03	-4178.98	261.9505	0.615614	0.471486	0.314993	0.121461	0.0920607	1.772765	1.75842
5454	-3901.975	-4164.647	262.672	0.4646082	0.341673	0.435408	0.197449	0.0254701	2.378582	0.7366624
5460	-3900.878	-4163.515	262.637	0.5044976	0.360025	0.343353	0.282314	0.0143083	2.378582	0.7301615
5466	-3909.074	-4171.562	262.4874	0.5994631	0.337697	0.404154	0.226446	0.0317026	2.430479	0.7301615
5472	-3917.13	-4177.903	260.7726	0.8074857	0.408618	0.38012	0.169372	0.0418901	1.619978	2.498003
5478	-3911.961	-4172.839	260.8773	0.7615288	0.419914	0.359457	0.174054	0.0465746	1.701622	2.411273
5484	-3909.931	-4170.65	260.7192	0.7572905	0.468084	0.262886	0.217113	0.0519173	1.683421	2.524669
5490	-3911.56	-4172.581	261.0213	0.7293101	0.464912	0.199517	0.278081	0.0574901	1.766379	2.300385
5496	-3906.433	-4167.937	261.5041	0.6734505	0.484347	0.237274	0.19167	0.086709	1.816716	1.991263
5502	-3908.096	-4170.742	262.646	0.4997962	0.259051	0.440306	0.26504	0.0356031	2.274514	0.8645208
5508	-3900.558	-4163.013	262.4549	0.6147376	0.50575	0.238679	0.215506	0.0400651	2.37174	0.834505
5514	-3891.906	-4154.44	262.5335	0.5650402	0.410721	0.343897	0.187601	0.0577803	2.37174	0.8002373
5520	-3901.033	-4163.618	262.5855	0.5481646	0.387951	0.324832	0.197694	0.0895229	2.37174	0.7517607
5526	-3891.891	-4154.324	262.4328	0.5671076	0.414412	0.346987	0.151864	0.086737	2.562485	0.6507402
5532	-3891.56	-4154.171	262.6115	0.4736764	0.416672	0.35406	0.148871	0.0803969	2.452669	0.6998265
5538	-3899.382	-4161.968	262.5857	0.4999732	0.374478	0.379671	0.159639	0.0862123	2.452669	0.6998265
5544	-3899.578	-4162.147	262.569	0.5166248	0.355384	0.360312	0.228163	0.0561401	2.452669	0.6998265
5550	-3885.397	-4147.895	262.498	0.5485426	0.384326	0.353376	0.235918	0.0263805	2.488244	0.7048456
5556	-3885.816	-4148.335	262.5191	0.5792574	0.38944	0.290411	0.210313	0.109836	2.426504	0.7195701
5562	-3891.93	-4154.584	262.6541	0.4445448	0.410173	0.305871	0.221509	0.0624474	2.49325	0.5654389
5568	-3899.038	-4161.63	262.5915	0.4576409	0.310387	0.410988	0.251457	0.0271677	2.519643	0.6370044
5574	-3900.984	-4163.618	262.6333	0.5015476	0.365145	0.448533	0.152201	0.0341214	2.401613	0.7030252
5580	-3893.256	-4155.047	261.7913	0.6257075	0.461666	0.321251	0.162458	0.0546258	1.828101	1.82311
5586	-3893.199	-4155.137	261.9382	0.5252449	0.461666	0.321251	0.162458	0.0546258	1.737116	1.856442
5592	-3896.992	-4159.383	262.3911	0.6738147	0.526773	0.253352	0.150666	0.0692087	2.442508	0.7391546
5598	-3897.088	-4159.719	262.6317	0.4870674	0.469987	0.2868	0.170557	0.0726549	2.42839	0.683638
5604	-3899.604	-4162.035	262.4303	0.6293059	0.389825	0.408446	0.141467	0.0602627	2.509922	0.6274547
5610	-3910.617	-4173.208	262.5915	0.5297606	0.320574	0.382756	0.26946	0.0272103	2.468904	0.579002
5616	-3899.652	-4162.192	262.5405	0.5454222	0.34983	0.391234	0.229242	0.0296935	2.459554	0.6858732
5622	-3886.17	-4148.717	262.5475	0.5454222	0.365161	0.305884	0.299554	0.0294014	2.376026	0.8029244
5628	-3893.52	-4156.029	262.5093	0.5472247	0.337247	0.309016	0.276656	0.0770804	2.418338	0.7949475
5634	-3904.712	-4166.111	261.3991	0.7558269	0.579073	0.136693	0.240855	0.0433787	1.817542	2.002583
5640	-3896.946	-4158.748	261.8016	0.5138646	0.329945	0.397958	0.23057	0.0415263	1.902624	1.844464
5646	-3894.494	-4156.331	261.8371	0.6585434	0.320821	0.472334	0.166466	0.040378	1.82992	1.766013
5652	-3893.263	-4154.894	261.6317	0.7465999	0.404212	0.250391	0.316685	0.0287118	1.802449	1.862437
5658	-3901.138	-4162.609	261.4712	0.7465999	0.496244	0.185867	0.2914	0.0264899	1.801676	1.971487
5664	-3883.647	-4145.412	261.7651	0.7704447	0.559272	0.1587	0.249769	0.0322591	1.854594	1.716147
5670	-3888.848	-4150.568	261.7206	0.8633607	0.575899	0.198312	0.197074	0.028715	1.874328	1.664876
5676	-3890.373	-4152.267	261.8938	0.7268762	0.498305	0.243453	0.170521	0.087721	1.9794	1.566904
5682	-3877.598	-4139.543	261.9454	0.7268762	0.453056	0.216559	0.207777	0.122608	1.92534	1.568714
5688	-3894.637	-4156.891	262.254	0.7561056	0.46864	0.224007	0.214924	0.0924292	1.984597	1.259612
5694	-3883.146	-4144.975	261.8293	0.7429676	0.473449	0.23295	0.223504	0.0700969	1.947461	1.624756
5700	-3902.744	-4165.144	262.4001	0.6608702	0.480438	0.324413	0.148327	0.0468216	2.440821	0.7488521
5706	-3899.914	-4162.301	262.3866	0.6608702	0.30864	0.432157	0.221131	0.0380719	2.412387	0.8076071
5712	-3879.938	-4142.513	262.5752	0.5332598	0.459832	0.276969	0.22454	0.0386589	2.358449	0.8060525
5718	-3894.915	-4157.417	262.5016	0.6574682	0.392557	0.344089	0.2434	0.0199535	2.271686	0.8447262
5724	-3891.476	-4153.568	262.0927	0.8021229	0.50252	0.249036	0.135258	0.113186	1.980061	1.354816
5730	-3903.365	-4165.96	262.595	0.4804998	0.291376	0.478788	0.167196	0.0626401	2.227997	0.9911315
5736	-3902.96	-4165.586	262.6262	0.4494526	0.441697	0.377222	0.131728	0.0493522	2.266143	0.9502305
5742	-3907.899	-4170.297	262.3987	0.4253375	0.374765	0.385799	0.168011	0.0714244	1.946065	1.444468
5748	-3914.35	-4176.717	262.3674	0.5327963	0.344897	0.355052	0.242224	0.0578272	2.018721	1.330689
5754	-3904.648	-4166.91	262.2627	0.5266937	0.348352	0.393538	0.194014	0.0640954	1.949329	1.47093
5760	-3907.386	-4169.472	262.0853	0.6259474	0.441226	0.245303	0.273518	0.0399525	1.949329	1.526564
5766	-3919.918	-4181.955	262.0372	0.6259474	0.404226	0.264464	0.250582	0.0807275	2.008054	1.518707
5772	-3914.5	-4176.494	261.9936	0.8037664	0.46746	0.344371	0.123773	0.0643955	1.976513	1.433476
5778	-3903.989	-4166.043	262.0541	0.853488	0.46872	0.344398	0.123783	0.0630985	2.097012	1.247634
5784	-3911.483	-4173.654	262.1712	0.7540098	0.517356	0.277328	0.135993	0.0693227	2.126194	1.212101
5790	-3915.983	-4178.077	262.0941	0.8751707	0.501439	0.268796	0.155062	0.0747029	2.126194	1.16949
5796	-3907.412	-4169.325	261.9127	0.8519874	0.547301	0.164747	0.180937	0.107014	2.057914	1.394182
5802	-3897.488	-4159.225	261.7366	0.836622	0.391871	0.398935	0.146504	0.0626896	1.843104	1.695448
5808	-3896.21	-4158.241	262.0306	0.6390797	0.350838	0.426181	0.143772	0.0792094	1.831917	1.642232
5814	-3911.886	-4173.893	262.0066	0.797004	0.370528	0.408486	0.131733	0.0892528	1.920175	1.471927
5820	-3890.311	-4152.386	262.0751	0.8521306	0.427134	0.390136	0.0982484	0.084481	1.938262	1.360532
5826	-3891.579	-4153.698	262.1187	0.762485	0.567257	0.194004	0.161552	0.0771868	2.017402	1.337555
5832	-3909.715	-4171.921	262.2062	0.6296002	0.370418	0.321701	0.204462	0.103418	1.955232	1.427836
5838	-3894.505	-4156.7	262.1949	0.6187379	0.46191	0.248669	0.264015	0.0254048	1.846518	1.527179
5844	-3892.362	-4154.292	261.9302	0.6187379	0.4748	0.187919	0.271383	0.0658973	1.779413	1.765612
5850	-3887.556	-4149.12	261.5639	0.6960115	0.535983	0.212135	0.197473	0.0544095	1.758568	1.974139
5856	-3892.582	-4153.853	261.2718	0.5755163	0.426961	0.217962	0.314171	0.0409058	1.637684	2.326264
5862	-3905.455	-4166.987	261.5319	0.6320354	0.50501	0.177216	0.255438	0.0623362	1.68824	2.086931
5868	-3894.916	-4156.053	261.1373	0.6320354	0.472997	0.229182	0.227822	0.0699996	1.644743	2.369508
5874	-3888.953	-4150.344	261.3916	0.7450738	0.499883	0.242209	0.18393	0.0739785	1.69275	2.097565
5880	-3894.893	-4156.267	261.3739	0.7838163	0.43122	0.307795	0.171047	0.0899388	1.690763	2.083713
5886	-3877.174	-4137.519	260.3453	0.8716195	0.479801	0.244413	0.183591	0.0921943	1.645838	2.705183
5892	-3900.424	-4160.754	260.3299	0.837906	0.492037	0.250715	0.162044	0.0952029	1.52197	2.811597
5898	-3883.555	-4144.025	260.4709	0.7295948	0.515827	0.263947	0.187026	0.0331997	1.629878	2.72914
5904	-3900.529	-4160.978	260.4484	0.6608539	0.543018	0.240179	0.170184	0.0466188	1.597694	2.806937
5910	-3910.586	-4173.133	262.5465	0.5227768	0.518122	0.244042	0.166237	0.0715996	2.231383	0.994065
5916	-3899.376	-4161.968	262.592	0.498587	0.328253	0.407939	0.20914	0.0546673	2.179082	1.024933
5922	-3906.966	-4169.636	262.6692	0.4067174	0.335899	0.41744	0.17854	0.0681206	2.196405	1.016522
5928	-3905.312	-4167.992	262.6798	0.4772338	0.331278	0.425455	0.176084	0.0671834	2.122446	1.014981
5934	-3886.837	-4148.857	262.0201	0.6866309	0.486919	0.277073	0.164147	0.0718604	1.983136	1.502065
5940	-3900.842	-4163.035	262.1926	0.6477963	0.305575	0.277581	0.289922	0.126922	1.983136	1.401913
5946	-3904.944	-4167.371	262.4266	0.5034403	0.401146	0.258605	0.173631	0.166617	2.179635	1.171916
5952	-3898.716	-4161.462	262.7459	0.4326635	0.359711	0.429872	0.136793	0.0736235	2.167835	0.9439971
5958	-3917.405	-4180.004	262.5997	0.4248847	0.345168	0.446496	0.147335	0.0610013	2.077416	1.175456
5964	-3914.112	-4176.199	262.0862	0.7656067	0.524801	0.200767	0.223079	0.0513538	2.120433	1.277727
5970	-3902.761	-4165.196	262.4343	0.4478935	0.448283	0.343814	0.145237	0.0626659	1.915506	1.42471
5976	-3910.016	-4172.279	262.2633	0.7139388	0.364408	0.324259	0.297273	0.0140606	1.932513	1.330762
5982	-3890.663	-4152.78	262.1165	0.7839749	0.447483	0.271544	0.2313	0.0496723	2.053103	1.292238
5988	-3891.563	-4153.348	261.7853	0.7536897	0.502651	0.174998	0.223354	0.0989962	1.976338	1.627498
5994	-3892.389	-4154.698	262.3087	0.6323359	0.430673	0.240623	0.273195	0.055509	1.93803	1.359078
6000	-3892.137	-4154.104	261.9676	0.7760802	0.551623	0.143128	0.262052	0.0431974	2.038073	1.4285
6006	-3888.281	-4150.306	262.0251	0.7199977	0.563329	0.116554	0.298709	0.0214082	2.019126	1.444349
6012	-3894.396	-4155.37	260.9733	0.8246728	0.457131	0.214651	0.293263	0.0349543	1.766741	2.266678
6018	-3879.388	-4140.888	261.5003	0.7637213	0.476455	0.223725	0.241326	0.058494	1.84529	1.910353
6024	-3883.284	-4145.134	261.8497	0.7631047	0.476455	0.223725	0.241326	0.058494	2.046689	1.521514
6030	-3879.928	-4141.989	262.0613	0.7598754	0.385934	0.371208	0.195477	0.0473809	1.96601	1.424951
6036	-3879.409	-4141.326	261.9163	0.6886154	0.391267	0.328697	0.198178	0.0818581	2.05721	1.5227
6042	-3901.949	-4163.653	261.7037	0.7690324	0.391892	0.329222	0.198495	0.0803904	1.95561	1.689176
6048	-3913.982	-4175.553	261.5702	0.7690324	0.452475	0.196846	0.238044	0.112635	1.784012	1.90076
6054	-3903.386	-4165.662	262.2765	0.6507996	0.398789	0.270646	0.175167	0.155398	2.11608	1.224033
6060	-3913.65	-4175.417	261.7678	0.6701087	0.418933	0.249005	0.268495	0.0635665	1.741091	1.866679
6066	-3921.299	-4183.169	261.8696	0.5367472	0.442964	0.263288	0.283897	0.0098521	1.610706	1.98035
6072	-3900.671	-4162.977	262.3064	0.7082241	0.436864	0.301134	0.147365	0.114637	2.243652	1.027257
6078	-3913.225	-4175.247	262.0225	0.7082241	0.342538	0.374048	0.231707	0.0517071	2.047324	1.434213
6084	-3906.391	-4168.485	262.0939	0.7082241	0.476077	0.292832	0.136318	0.0947733	1.975889	1.434285
6090	-3913.27	-4175.43	262.1607	0.624505	0.371705	0.322788	0.150263	0.155244	1.953525	1.467988
6096	-3910.604	-4172.605	262.001	0.6323628	0.407006	0.353443	0.151634	0.087916	1.982994	1.559007
6102	-3900.382	-4162.56	262.1782	0.538955	0.436083	0.278503	0.216139	0.0692752	1.921699	1.545484
6108	-3901.94	-4163.961	262.0214	0.6399289	0.436083	0.278503	0.216139	0.0692752	1.921699	1.583163
6114	-3897.126	-4159.324	262.1985	0.6847435	0.440541	0.28135	0.181261	0.0968479	2.005588	1.348906
6120	-3914.645	-4176.05	261.4049	0.7389524	0.421401	0.30733	0.212577	0.0586928	1.682636	2.099729
6126	-3928.034	-4189.571	261.5374	0.8107512	0.339144	0.247339	0.366281	0.047236	1.803381	1.880079
6132	-3911.482	-4173.57	262.0883	0.7054344	0.468427	0.292092	0.19806	0.0414208	1.973567	1.442646
6138	-3889.81	-4151.453	261.6432	0.8261275	0.48202	0.273802	0.203336	0.0408418	1.952121	1.692162
6144	-3910.427	-4172.536	262.1093	0.6848578	0.370498	0.39753	0.169903	0.0620692	1.894721	1.502932
6150	-3893.66	-4155.957	262.2963	0.6848578	0.496259	0.281763	0.149087	0.0728916	2.035674	1.24469
6156	-3889.152	-4151.243	262.0908	0.8004566	0.430009	0.284037	0.212473	0.0734801	2.089276	1.269498
6162	-3893.431	-4155.789	262.3579	0.7518092	0.4838	0.212413	0.218286	0.0855013	2.160944	1.01267
6168	-3877.452	-4139.794	262.342	0.6864197	0.499396	0.240586	0.175302	0.0847159	2.127825	1.123899
6174	-3888.52	-4150.793	262.2732	0.7079488	0.434462	0.277747	0.240222	0.0475699	2.280435	1.024091
6180	-3899.296	-4161.363	262.0666	0.7203341	0.489651	0.313029	0.14079	0.0565299	1.826659	1.557281
6186	-3894.463	-4156.275	261.8122	0.8447956	0.432469	0.375837	0.109983	0.0817103	1.919648	1.579794
6192	-3906.831	-4168.731	261.9005	0.7530024	0.432469	0.375837	0.109983	0.0817103	1.927531	1.579794
6198	-3908.413	-4170.151	261.7386	0.8533459	0.569369	0.192989	0.130066	0.107576	1.922928	1.624494
6204	-3898.192	-4159.899	261.707	0.8533459	0.622138	0.128262	0.213386	0.0362149	1.883478	1.675426
6210	-3911.937	-4173.454	261.5169	0.8533459	0.478263	0.2423	0.248008	0.0314294	1.869055	1.818726
6216	-3913.223	-4174.831	261.608	0.8031758	0.463595	0.234869	0.235525	0.0660121	1.830285	1.818726
6222	-3893.224	-4155.017	261.7925	0.6457374	0.463595	0.234869	0.235525	0.0660121	1.801001	1.82631
6228	-3895.544	-4157.386	261.8425	0.6366421	0.504681	0.255684	0.167773	0.0718624	1.714812	1.857792
6234	-3906.096	-4167.91	261.8134	0.751241	0.493703	0.283773	0.170751	0.0517736	1.87061	1.684959
6240	-3892.335	-4154.262	261.9267	0.7695673	0.446093	0.326577	0.174438	0.0528916	1.941386	1.537464
6246	-3890.602	-4152.226	261.624	0.8417424	0.552707	0.173854	0.216128	0.0573116	1.872731	1.750186
6252	-3902.028	-4163.991	261.9632	0.5924728	0.385317	0.413986	0.162852	0.0378438	1.901069	1.676113
6258	-3911.852	-4174.024	262.1715	0.5130948	0.438266	0.302879	0.215327	0.0435288	1.865513	1.6107
6264	-3898.329	-4160.804	262.4745	0.6284514	0.380674	0.369075	0.160197	0.0900541	2.148551	1.038335
6270	-3889.3	-4151.7	262.4	0.6444665	0.304418	0.49546	0.128107	0.0720147	2.165907	1.076511
6276	-3883.227	-4145.485	262.2578	0.6722734	0.335202	0.462757	0.119651	0.0823903	2.165907	1.17794
6282	-3895.332	-4157.604	262.2723	0.6929264	0.473292	0.344511	0.158739	0.0234581	2.120361	1.18582
6288	-3892.511	-4154.998	262.4872	0.5307216	0.438089	0.368685	0.171512	0.0217133	2.075559	1.18582
6294	-3892.87	-4155.309	262.4393	0.5307216	0.318955	0.412533	0.247769	0.0207432	2.146725	1.165548
6300	-3902.962	-4165.641	262.6783	0.574658	0.5247	0.202171	0.254035	0.0190937	2.080112	0.959301
6306	-3901.307	-4163.786	262.4789	0.574658	0.344941	0.299766	0.330456	0.0248365	2.291502	0.9467359
6312	-3905.523	-4168.074	262.5508	0.5765264	0.372685	0.306331	0.289625	0.0313599	2.291502	0.8641554
6318	-3892.915	-4155.502	262.5871	0.5568918	0.443871	0.330279	0.177337	0.0485117	2.283464	0.8547702
6324	-3909.019	-4170.413	261.3941	0.5558994	0.348508	0.314235	0.206202	0.131055	1.673728	2.237896
6330	-3889.583	-4151.875	262.2921	0.5791961	0.416948	0.256083	0.241974	0.0849948	2.03761	1.337471
6336	-3894.743	-4156.895	262.1522	0.6609078	0.447442	0.208032	0.253498	0.0910278	2.133153	1.303887
6342	-3897.074	-4159.199	262.1241	0.7042786	0.428234	0.199101	0.242551	0.130114	1.969304	1.419337
6348	-3895.855	-4157.612	261.7567	0.741286	0.544938	0.190567	0.0989229	0.165573	1.897996	1.713181
6354	-3887.569	-4149.624	262.0548	0.7343388	0.508893	0.177962	0.213978	0.0991666	1.967442	1.449534
6360	-3895.46	-4157.543	262.0826	0.7851511	0.529531	0.219855	0.140428	0.110186	2.004529	1.357487
6366	-3902.846	-4165.001	262.1547	0.6891052	0.394633	0.427295	0.0906566	0.0874152	1.968601	1.408603
6372	-3913.397	-4174.208	260.8109	0.496749	0.384285	0.409196	0.183814	0.0227057	1.535868	2.727348
6378	-3910.505	-4171.251	260.746	0.6137324	0.381261	0.405975	0.182367	0.0303975	1.583196	2.66417
6384	-3904.357	-4165.347	260.9903	0.5393352	0.363934	0.387526	0.20306	0.0454805	1.629291	2.532331
6390	-3891.299	-4152.024	260.7247	0.604931	0.438274	0.28698	0.23604	0.0387048	1.6411	2.647343
6396	-3892.165	-4152.445	260.2803	0.604931	0.465565	0.233813	0.259507	0.0411149	1.551758	2.972062
6402	-3897.13	-4157.446	260.3164	0.7437751	0.602752	0.147767	0.21536	0.0341206	1.5416	2.867787
6408	-3884.756	-4145.808	261.0518	0.6224621	0.40133	0.30547	0.206946	0.0862542	1.600922	2.457394
6414	-3878.218	-4139.137	260.9193	0.8472118	0.468812	0.308399	0.185685	0.0371037	1.65629	2.35665
6420	-3873.495	-4134.753	261.2583	0.605737	0.470389	0.309436	0.18631	0.0338648	1.675277	2.290677
6426	-3883.368	-4144.488	261.1208	0.8272992	0.429414	0.306112	0.188194	0.0762793	1.693302	2.217304
6432	-3881.887	-4142.618	260.7311	0.8320747	0.505803	0.182677	0.221672	0.0898486	1.661342	2.48204
6438	-3896.589	-4157.022	260.4332	0.7350114	0.46116	0.254815	0.202107	0.0819184	1.505502	2.824471
6444	-3895.227	-4155.394	260.1664	0.740052	0.515922	0.164375	0.26204	0.0576633	1.505502	2.982424
6450	-3900.015	-4159.896	259.8815	0.9100397	0.475324	0.257266	0.17716	0.09025	1.429505	3.092417
6456	-3910.633	-4170.755	260.1226	0.9100397	0.617317	0.112409	0.153064	0.11721	1.50579	2.901902
6462	-3913.218	-4173.748	260.5296	0.7444292	0.459709	0.242618	0.22685	0.0708228	1.485615	2.771834
6468	-3911.515	-4172.133	260.6178	0.6188364	0.443584	0.269185	0.218893	0.0683385	1.530308	2.771834
6474	-3919.567	-4180.449	260.8816	0.7632407	0.428909	0.260279	0.244734	0.0660777	1.584955	2.480781
6480	-3918.628	-4179.431	260.803	0.8168001	0.498747	0.237145	0.158221	0.105886	1.607297	2.480781
6486	-3918.287	-4178.288	260.0015	0.8888201	0.432955	0.268543	0.204359	0.0941435	1.593627	2.93512
6492	-3903.838	-4164.336	260.4983	0.7270065	0.466748	0.211451	0.220309	0.101492	1.583431	2.742478
6498	-3891.898	-4152.299	260.4015	0.9346019	0.468832	0.212396	0.216828	0.101945	1.57466	2.674711
6504	-3898.192	-4158.708	260.5162	0.8168757	0.436417	0.232758	0.297845	0.0329804	1.581442	2.674711
6510	-3894.386	-4154.981	260.5946	0.6465015	0.436292	0.232976	0.29776	0.032971	1.511587	2.779572
6516	-3890.212	-4151.053	260.8407	0.7407516	0.426855	0.249568	0.291319	0.0322578	1.673435	2.465821
6522	-3892.479	-4153.726	261.2465	0.7407516	0.468798	0.302249	0.172199	0.056754	1.647324	2.22449
6528	-3901.55	-4162.964	261.414	0.6818409	0.589049	0.198161	0.126482	0.0863093	1.621533	2.173122
6534	-3912.116	-4173.249	261.1336	0.7389991	0.50587	0.218519	0.180434	0.0951764	1.637791	2.304272
6540	-3901.343	-4162.554	261.2103	0.6717393	0.527936	0.1737	0.189991	0.108374	1.647322	2.294656
6546	-3894.279	-4155.864	261.5852	0.5217574	0.413204	0.370716	0.159203	0.0568763	1.695771	2.122259
6552	-3891.144	-4152.647	261.5035	0.610287	0.438976	0.360361	0.145376	0.0552875	1.685791	2.122259
6558	-3893.708	-4154.804	261.0962	0.6488957	0.383332	0.383835	0.155365	0.0774677	1.75686	2.313019
6564	-3890.516	-4152.247	261.7316	0.4929548	0.483238	0.298347	0.128529	0.0898861	1.75686	2.004402
6570	-3890.466	-4151.753	261.2865	0.642983	0.429699	0.36142	0.128954	0.0799274	1.698996	2.23213
6576	-3892.668	-4153.685	261.0176	0.6128577	0.558093	0.235602	0.166813	0.0394916	1.756144	2.387524
6582	-3893.594	-4154.674	261.0806	0.6407685	0.434835	0.278645	0.197289	0.089231	1.740232	2.339022
6588	-3889.606	-4150.542	260.9362	0.7411772	0.476873	0.185293	0.233485	0.104349	1.615333	2.442065
6594	-3885.682	-4145.726	260.0433	0.799583	0.474971	0.186131	0.232554	0.106344	1.524306	3.007403
6600	-3888.702	-4148.773	260.0709	0.8739515	0.596741	0.160481	0.200506	0.0422713	1.584408	2.908095
6606	-3878.135	-4138.453	260.3181	0.6783017	0.544161	0.146341	0.270952	0.0385467	1.63071	2.854779
6612	-3892.857	-4152.993	260.1359	0.8108318	0.530609	0.142696	0.270513	0.0561812	1.566981	2.918946
6618	-3882.628	-4143.389	260.7608	0.7415681	0.438016	0.283313	0.223308	0.0553632	1.637489	2.537681
6624	-3879.17	-4140.027	260.8561	0.7697805	0.493025	0.279674	0.172649	0.0546521	1.664994	2.442223
6630	-3880.094	-4140.674	260.5795	0.7890465	0.471912	0.358741	0.061836	0.107511	1.62213	2.62861
6636	-3884.38	-4145.17	260.79	0.7134781	0.438584	0.346044	0.104441	0.110931	1.695808	2.501651
6642	-3889.432	-4150.654	261.222	0.8226968	0.462048	0.331581	0.100076	0.106295	1.636504	2.191688
6648	-3899.02	-4160.33	261.3099	0.7424608	0.507342	0.281911	0.0850848	0.125662	1.788911	2.089889
6654	-3894.687	-4156.347	261.6606	0.6052531	0.476844	0.264965	0.221692	0.0365003	1.966975	1.832287
6660	-3886.237	-4147.512	261.2753	0.7893399	0.434588	0.311863	0.202046	0.0515025	1.719082	2.125973
6666	-3885.205	-4146.45	261.2442	0.709086	0.466858	0.292626	0.190211	0.0503042	1.723792	2.198181
6672	-3893.249	-4154.675	261.4261	0.7590686	0.456857	0.286357	0.207559	0.0492266	1.874415	1.944119
6678	-3900.558	-4161.757	261.1989	0.9647195	0.548418	0.187097	0.213783	0.0507026	1.830476	1.983309
6684	-3897.685	-4160.15	262.4653	0.6049299	0.427327	0.406525	0.0923005	0.0738478	2.250796	0.9704044
6690	-3887.85	-4150.232	262.3813	0.6488332	0.384988	0.363413	0.112882	0.138717	2.179884	1.076628
6696	-3885.654	-4148.092	262.4383	0.6370215	0.380931	0.359584	0.171905	0.0875804	2.128993	1.082529
6702	-3888.209	-4150.733	262.5239	0.6378776	0.429224	0.276727	0.194803	0.0992464	2.159116	0.9686677
6708	-3888.762	-4151.102	262.3399	0.6480562	0.402604	0.3658	0.133435	0.0981612	2.39706	0.8990068
6714	-3893.85	-4156.217	262.3669	0.6480562	0.376879	0.308145	0.269967	0.04501	2.403948	0.8597532
6720	-3892.189	-4154.548	262.3582	0.6739654	0.483028	0.297667	0.185947	0.033358	2.261607	0.9941523
6726	-3885.74	-4147.956	262.2159	0.6742126	0.414807	0.346871	0.216683	0.0216391	2.290435	1.10247
6732	-3894.313	-4156.754	262.4406	0.5631431	0.359583	0.42541	0.187836	0.0271706	2.414102	0.8660198
6738	-3901.926	-4164.461	262.535	0.5631431	0.445648	0.302875	0.237134	0.014343	2.451705	0.6766062
6744	-3896.375	-4158.851	262.4768	0.5475666	0.486572	0.291771	0.187023	0.0346336	2.555694	0.6096507
6750	-3888.343	-4150.82	262.4768	0.5475666	0.372544	0.352399	0.234322	0.0407343	2.555694	0.6096507
6756	-3892.66	-4155.064	262.4041	0.6437405	0.436808	0.348544	0.174359	0.0402886	2.512899	0.6461585
6762	-3894.772	-4157.328	262.556	0.5256929	0.420798	0.344201	0.167969	0.0670325	2.440157	0.7270972
6768	-3910.892	-4173.427	262.5347	0.5322601	0.31043	0.409789	0.199975	0.0798057	2.229683	0.9980157
6774	-3888.127	-4150.613	262.4861	0.6416991	0.398352	0.320153	0.169361	0.112134	2.274541	0.8796655
6780	-3909.326	-4170.153	260.827	0.8356424	0.51627	0.0861548	0.320323	0.0772524	1.713433	2.386565
6786	-3898.78	-4159.917	261.1375	0.6905978	0.562298	0.0995752	0.253358	0.0847693	1.647679	2.328104
6792	-3905.475	-4166.255	260.7806	0.7031656	0.558942	0.0989809	0.308748	0.0333289	1.617464	2.563094
6798	-3895.319	-4156.528	261.2091	0.7771079	0.462361	0.20317	0.280819	0.0536492	1.626356	2.237401
6804	-3903.842	-4166.341	262.499	0.5686643	0.44431	0.358441	0.145842	0.0514073	2.22393	1.001946
6810	-3902.44	-4164.924	262.4838	0.6208298	0.370835	0.413158	0.159711	0.056296	2.179861	1.006452
6816	-3895.53	-4158.021	262.4906	0.5739477	0.465525	0.358192	0.127476	0.0488065	2.202226	1.026142
6822	-3892.066	-4154.435	262.3696	0.6837167	0.410325	0.315719	0.258075	0.0158807	2.296739	0.9350914
6828	-3893.16	-4155.654	262.4939	0.5822745	0.32854	0.42659	0.223659	0.0212118	2.279498	0.9350914
6834	-3895.65	-4158.102	262.4516	0.5822745	0.413306	0.326483	0.238887	0.0213243	2.284294	0.9744136
6840	-3895.246	-4157.64	262.3937	0.6254404	0.460908	0.342481	0.142557	0.054054	2.194081	1.074904
6846	-3912.1	-4174.471	262.3713	0.5935228	0.286896	0.448608	0.186732	0.0777638	2.080647	1.224945
6852	-3888.88	-4150.527	261.6462	0.7184522	0.510764	0.224086	0.219358	0.0457917	1.807335	1.869493
6858	-3898.956	-4160.564	261.6086	0.6382774	0.411467	0.280968	0.25015	0.0574154	1.797855	1.958815
6864	-3890.871	-4152.827	261.956	0.6485602	0.403847	0.347539	0.186886	0.0617276	1.921767	1.62404
6870	-3898.571	-4160.354	261.7829	0.5963541	0.394017	0.283203	0.242638	0.0801423	1.874494	1.818208
6876	-3903.436	-4164.947	261.5109	0.6740759	0.420654	0.302348	0.23058	0.0464178	1.757485	2.02571
6882	-3899.052	-4160.338	261.2856	0.726073	0.413637	0.297305	0.243415	0.0456436	1.805366	2.106374
6888	-3890.992	-4152.283	261.291	0.726073	0.435447	0.260254	0.256249	0.0480502	1.886879	2.049191
6894	-3899.797	-4161.402	261.6044	0.6935796	0.528228	0.135387	0.310849	0.0255359	1.864353	1.877087
6900	-3890.911	-4153.019	262.1083	0.7113647	0.381102	0.332762	0.218218	0.0679176	2.116788	1.309416
6906	-3883.747	-4145.797	262.05	0.7222685	0.424827	0.21461	0.243255	0.117308	2.212868	1.269172
6912	-3880.567	-4142.504	261.9367	0.7222685	0.536655	0.269363	0.13301	0.0609723	1.993678	1.528268
6918	-3867.67	-4129.629	261.9585	0.7183524	0.487422	0.318901	0.120807	0.0728699	1.993678	1.515181
6924	-3889.583	-4151.856	262.2737	0.5314884	0.409391	0.378307	0.143312	0.0689908	1.968303	1.444448
6930	-3896.269	-4158.445	262.1763	0.536691	0.274583	0.499847	0.131359	0.0942114	1.984259	1.502059
6936	-3897.494	-4159.603	262.1091	0.4248797	0.326174	0.479449	0.10401	0.0903669	1.850319	1.726502
6942	-3905.054	-4166.943	261.8896	0.5690678	0.44722	0.37852	0.059718	0.114542	1.927912	1.726502
6948	-3903.983	-4166.205	262.2224	0.3982902	0.42204	0.324509	0.251812	0.00163967	1.898634	1.627755
6954	-3901.823	-4163.767	261.9446	0.502004	0.445664	0.282603	0.265908	0.00582448	1.925026	1.738012
6960	-3885.728	-4147.341	261.6129	0.6549266	0.419999	0.333961	0.240696	0.00534453	1.974958	1.823505
6966	-3884.494	-4146.877	262.3828	0.4183249	0.39815	0.320518	0.24313	0.0382016	2.113802	1.330572
6972	-3888.176	-4150.15	261.9739	0.6166565	0.444771	0.313044	0.2093	0.032886	2.098724	1.505587
6978	-3878.944	-4140.811	261.8668	0.5555894	0.346728	0.371564	0.256071	0.0256368	1.938242	1.745051
6984	-3888.137	-4150.252	262.1148	0.5867688	0.392334	0.323375	0.239242	0.0450489	1.95062	1.534284
6990	-3887.815	-4149.637	261.8216	0.7081838	0.467183	0.297515	0.22011	0.0151921	1.976888	1.635601
6996	-3901.645	-4164.164	262.5193	0.4973344	0.368143	0.392262	0.173448	0.0661469	2.135832	1.134162
7002	-3907.686	-4169.888	262.2018	0.7117541	0.420774	0.330103	0.173519	0.0756034	2.13455	1.216948
7008	-3893.23	-4155.363	262.1325	0.6044907	0.370979	0.402265	0.163638	0.0631182	1.994586	1.47421
7014	-3909.03	-4171.112	262.0819	0.6819154	0.369455	0.431534	0.162966	0.0360453	1.968934	1.469987
7020	-3912.951	-4175.068	262.1175	0.6681405	0.58435	0.231001	0.127995	0.0566547	2.025553	1.410564
7026	-3897.54	-4159.612	262.0722	0.7170407	0.477965	0.302613	0.173081	0.0463404	2.08231	1.361056
7032	-3900.757	-4162.884	262.1262	0.6627582	0.512297	0.308964	0.125298	0.0534407	2.083038	1.363266
7038	-3903.346	-4165.464	262.1183	0.6787265	0.353343	0.400773	0.162531	0.0833523	2.144116	1.307215
7044	-3894.759	-4157.17	262.4107	0.5013835	0.404293	0.362721	0.154006	0.0789802	2.049034	1.296898
7050	-3895.712	-4157.953	262.2404	0.6169164	0.418519	0.340297	0.159425	0.0817593	2.052413	1.335364
7056	-3904.936	-4167.106	262.1706	0.6642332	0.419571	0.341152	0.159826	0.0794511	2.090898	1.320301
7062	-3889.405	-4151.19	261.7851	0.6293261	0.441313	0.34646	0.128658	0.0835683	1.901028	1.774218
7068	-3903.075	-4164.834	261.759	0.7570262	0.508692	0.179813	0.234542	0.0769527	1.927217	1.679052
7074	-3898.502	-4160.53	262.0285	0.7570262	0.592599	0.110558	0.213569	0.0832733	1.927217	1.481854
7080	-3893.479	-4155.464	261.9855	0.7873983	0.440583	0.205185	0.294742	0.0594898	1.846297	1.550469
7086	-3890.467	-4152.316	261.8482	0.7888887	0.494788	0.230429	0.234684	0.0400986	1.898558	1.611505
7092	-3901.154	-4163.19	262.0362	0.6187643	0.466455	0.217234	0.221245	0.0950661	1.942249	1.573638
7098	-3908.238	-4170.025	261.7868	0.822802	0.501206	0.233468	0.163177	0.102149	1.918971	1.615471
7104	-3896.167	-4158.181	262.0134	0.7389694	0.491213	0.289399	0.159923	0.0594647	1.938484	1.49905
7110	-3905.146	-4167.391	262.245	0.5380483	0.489325	0.251321	0.200118	0.0592362	1.918187	1.49905
7116	-3908.034	-4170.205	262.1712	0.5380483	0.454973	0.282978	0.198353	0.0636952	1.927742	1.54685
7122	-3898.742	-4161.005	262.2627	0.5775613	0.430882	0.274708	0.194033	0.100377	1.963637	1.419909
7128	-3905.459	-4167.516	262.0565	0.5775613	0.37385	0.363315	0.19207	0.0707654	1.986648	1.557871
7134	-3904.436	-4166.323	261.8873	0.6181377	0.37385	0.363315	0.19207	0.0707654	1.801516	1.780566
7140	-3895.647	-4156.932	261.2849	0.7452277	0.517668	0.137393	0.260542	0.0843972	1.771601	2.115728
7146	-3900.434	-4162.35	261.916	0.7407312	0.503057	0.216182	0.212067	0.0686947	1.846986	1.636411
7152	-3891.075	-4152.647	261.5725	0.7407312	0.552691	0.191117	0.187479	0.0687141	1.961024	1.798306
7158	-3899.728	-4161.456	261.728	0.7407312	0.436386	0.276216	0.19239	0.095008	1.954855	1.693655
7164	-3887.047	-4149.041	261.9941	0.7396931	0.473068	0.248666	0.208562	0.0697047	2.034885	1.440059
7170	-3888.612	-4150.669	262.0567	0.7669633	0.473903	0.249104	0.20893	0.0680625	1.970463	1.41931
7176	-3886.988	-4149.179	262.1909	0.6863489	0.523911	0.275391	0.125453	0.0752447	2.06766	1.303748
7182	-3907.998	-4170.053	262.0547	0.7641015	0.390862	0.316498	0.189089	0.10355	1.888083	1.485983
7188	-3903.135	-4165.272	262.1373	0.5719599	0.42614	0.345064	0.13878	0.0900161	1.866585	1.590921
7194	-3894.202	-4156.165	261.9632	0.7018851	0.348386	0.486805	0.0912174	0.0735917	1.903697	1.590921
7200	-3907.848	-4169.983	262.1351	0.7880241	0.503645	0.277527	0.168307	0.0505207	2.112506	1.223984
7206	-3892.683	-4154.913	262.2297	0.6824326	0.406759	0.343186	0.143471	0.106584	2.047082	1.292323
7212	-3891.961	-4153.999	262.0385	0.7662847	0.474868	0.245313	0.160548	0.119271	2.098032	1.333987
7218	-3882.764	-4144.999	262.2354	0.7662847	0.486839	0.238712	0.157467	0.116982	2.041837	1.218231
7224	-3884.793	-4147.084	262.2905	0.7002589	0.480759	0.204911	0.241223	0.0731067	2.056572	1.218231
7230	-3899.461	-4161.662	262.2006	0.7002589	0.464767	0.296836	0.167723	0.0706749	2.146406	1.218231
7236	-3896.069	-4158.036	261.9671	0.7256051	0.474759	0.284482	0.160742	0.0800158	2.063751	1.449993
7242	-3882.544	-4144.573	262.0289	0.7131235	0.409223	0.245212	0.276595	0.0689703	2.037046	1.433269
7248	-3878.427	-4140.468	262.0415	0.6181305	0.496058	0.185034	0.260472	0.0584361	2.078654	1.468592
7254	-3893.188	-4154.744	261.5569	0.836453	0.572026	0.212724	0.151087	0.0641631	2.059932	1.669169
7260	-3890.893	-4152.856	261.9628	0.5445537	0.474829	0.336205	0.132638	0.0563279	1.901296	1.711494
7266	-3893.886	-4155.411	261.5253	0.7249117	0.429983	0.339193	0.133816	0.0970087	1.815214	1.941473
7272	-3896.863	-4158.394	261.5317	0.7628819	0.427991	0.340378	0.134284	0.0973476	1.768757	1.941473
7278	-3894.227	-4155.58	261.3529	0.7559687	0.402292	0.348322	0.165033	0.0843536	1.774491	2.061689
7284	-3902.487	-4163.835	261.3476	0.7703496	0.402896	0.397093	0.132358	0.0676526	1.873439	1.989406
7290	-3902.402	-4163.901	261.4989	0.7610362	0.418204	0.25922	0.199116	0.123459	1.86008	1.90322
7296	-3906.835	-4168.48	261.6449	0.7762766	0.454583	0.264446	0.20313	0.0778403	1.698159	1.903132
7302	-3914.943	-4176.539	261.5963	0.7762766	0.473348	0.299054	0.190016	0.0375818	1.746762	1.903132
7308	-3905.408	-4166.757	261.3492	0.7079094	0.548421	0.267011	0.097341	0.0872265	1.777297	2.095696
7314	-3903.192	-4164.403	261.2111	0.8320507	0.57163	0.163088	0.143936	0.121347	1.682216	2.162708
7320	-3896.335	-4157.627	261.2916	0.7698057	0.476553	0.285229	0.137054	0.101163	1.838019	2.050552
7326	-3901.401	-4163.165	261.7643	0.7698057	0.431124	0.33252	0.123989	0.112366	1.74522	1.793692
7332	-3889.277	-4150.244	260.9664	0.8645315	0.442816	0.347211	0.129467	0.080506	1.832051	2.202412
7338	-3883.584	-4145.417	261.8331	0.6897842	0.45408	0.356043	0.132761	0.0571168	1.926003	1.677766
7344	-3894.805	-4156.407	261.6024	0.6314971	0.487204	0.205381	0.21927	0.0881454	1.897878	1.900353
7350	-3914.394	-4176.926	262.5312	0.619747	0.405527	0.321312	0.220208	0.0529526	2.115292	1.024527
7356	-3894.688	-4156.88	262.1918	0.6197463	0.370712	0.344208	0.246421	0.0386601	2.089824	1.341921
7362	-3890.56	-4152.727	262.1676	0.6335793	0.472023	0.278896	0.189821	0.05926	2.093831	1.346359
7368	-3908.889	-4170.948	262.0588	0.695085	0.413111	0.358536	0.143957	0.0843969	2.119537	1.36056
7374	-3899.361	-4161.154	261.793	0.7100035	0.452605	0.262556	0.180586	0.104253	1.906795	1.704728
7380	-3898.227	-4159.961	261.7346	0.6351076	0.435215	0.30536	0.159177	0.100248	1.906795	1.801018
7386	-3888.756	-4150.666	261.9102	0.7125351	0.438121	0.270609	0.188845	0.102425	1.898117	1.625214
7392	-3882.725	-4144.647	261.9221	0.7263179	0.520784	0.253928	0.158074	0.0672143	1.987527	1.540485
7398	-3885.223	-4147.066	261.8432	0.7416299	0.46053	0.197354	0.284919	0.0571964	1.876447	1.666786
7404	-3891.669	-4152.976	261.3078	0.9589571	0.491912	0.184056	0.304334	0.0196979	1.884308	1.877452
7410	-3898.024	-4159.12	261.0964	0.822452	0.445316	0.224242	0.316246	0.0141953	1.787943	2.175089
7416	-3897.153	-4158.184	261.0313	0.7233977	0.43661	0.253448	0.292778	0.0171648	1.673116	2.357375
7422	-3896.362	-4157.703	261.3415	0.7372864	0.398236	0.270711	0.312719	0.0183339	1.733983	2.10875
7428	-3883.103	-4144.558	261.455	0.7803617	0.50911	0.210794	0.256658	0.0234383	1.744293	1.996943
7434	-3895.503	-4156.609	261.1061	0.8252309	0.501315	0.26164	0.18172	0.0553248	1.745231	2.194568
7440	-3895.137	-4156.286	261.1486	0.7846763	0.428731	0.298504	0.207323	0.0654413	1.745231	2.194568
7446	-3896.376	-4157.136	260.7596	0.7178708	0.451367	0.290743	0.186095	0.0717954	1.703587	2.512824
7452	-3903.828	-4164.766	260.9379	0.6861428	0.472437	0.220017	0.221927	0.0856193	1.530085	2.530795
7458	-3909.549	-4170.015	260.4658	0.7419433	0.453186	0.165415	0.333381	0.0480183	1.498428	2.804475
7464	-3922.371	-4183.294	260.9232	0.617451	0.398044	0.297444	0.267079	0.0374326	1.483031	2.61427
7470	-3900.581	-4161.435	260.8544	0.8774097	0.467293	0.154278	0.350283	0.0281454	1.547507	2.446596
7476	-3894.315	-4153.922	259.6065	0.8581427	0.51668	0.0927816	0.387304	0.0032347	1.432545	3.285374
7482	-3899.808	-4160.371	260.5633	0.8648335	0.546539	0.0395926	0.409686	0.00418179	1.578027	2.617065
7488	-3895.112	-4155.246	260.1334	0.8648335	0.542468	0.105106	0.349037	0.00338914	1.59715	2.86828
7494	-3887.376	-4147.442	260.066	0.9541021	0.496679	0.178289	0.319575	0.00545679	1.484781	2.921682
7500	-3884.934	-4145.584	260.6497	0.571407	0.398123	0.289394	0.304342	0.00814099	1.50764	2.796525
7506	-3896.97	-4157.408	260.4386	0.762098	0.450704	0.263798	0.27704	0.00845839	1.559584	2.770831
7512	-3878.459	-4139.053	260.5943	0.6417503	0.463585	0.245901	0.284958	0.00555645	1.531248	2.770831
7518	-3898.304	-4158.289	259.9843	0.8285023	0.55221	0.220639	0.220533	0.00661869	1.516806	3.029125
7524	-3897.677	-4158.318	260.6405	0.7236831	0.441648	0.270531	0.238915	0.0489054	1.582532	2.657892
7530	-3888.394	-4149.27	260.8766	0.5518541	0.408369	0.284194	0.221443	0.0859947	1.662769	2.574231
7536	-3892.396	-4152.722	260.3255	0.8092197	0.441678	0.267723	0.239505	0.0510946	1.641506	2.7597
7542	-3888.459	-4149.327	260.8676	0.8264595	0.449513	0.272472	0.243753	0.0342612	1.665642	2.397132
7548	-3892.811	-4153.482	260.6715	0.8686107	0.517963	0.159495	0.280872	0.0416698	1.726834	2.454545
7554	-3896.218	-4157.168	260.9504	0.6939662	0.460857	0.252163	0.249905	0.0370756	1.629362	2.455729
7560	-3891.813	-4153.026	261.213	0.68441	0.424494	0.281087	0.211382	0.0830375	1.67278	2.268035
7566	-3892.969	-4154.305	261.3361	0.6645136	0.441292	0.29221	0.219746	0.0467515	1.725562	2.1681
7572	-3894.08	-4154.868	260.7879	0.8081747	0.496832	0.203129	0.247403	0.0526355	1.71719	2.426938
7578	-3908.447	-4170.02	261.5734	0.7349181	0.485224	0.236297	0.258114	0.0203655	1.796933	1.914201
7584	-3904.926	-4165.902	260.976	0.8385624	0.546202	0.265993	0.16488	0.0229249	1.806518	2.230051
7590	-3900.271	-4161.206	260.9343	0.8905426	0.565671	0.149383	0.225246	0.0596998	1.703201	2.288633
7596	-3894.917	-4156.357	261.4403	0.7282407	0.463904	0.302413	0.184723	0.0489595	1.706099	2.068456
7602	-3894.87	-4156.742	261.8724	0.6269241	0.422389	0.275349	0.248805	0.0534568	1.812518	1.776838
7608	-3897.708	-4159.192	261.483	0.6884273	0.456398	0.329553	0.15007	0.0639799	1.777152	2.021037
7614	-3905.043	-4166.181	261.137	0.5696371	0.474957	0.33753	0.146341	0.0411717	1.795145	2.315674
7620	-3881.163	-4143.012	261.8485	0.4038802	0.498133	0.322336	0.139753	0.0397773	1.795145	1.955911
7626	-3892.878	-4154.349	261.4707	0.6183135	0.440217	0.36276	0.161115	0.0359085	1.782768	2.074523
7632	-3898.43	-4159.951	261.5207	0.5957096	0.437275	0.360335	0.160039	0.0423508	1.756603	2.074523
7638	-3897.71	-4158.922	261.2116	0.6073464	0.376646	0.362979	0.223896	0.0364788	1.845911	2.209938
7644	-3889.211	-4150.736	261.5245	0.6758846	0.511769	0.275764	0.132996	0.0794713	1.873678	1.937636
7650	-3895.389	-4157.281	261.892	0.7781141	0.493165	0.269323	0.16093	0.0765823	1.851627	1.621935
7656	-3907.517	-4169.263	261.7459	0.8003325	0.542849	0.26826	0.160295	0.0285959	1.974429	1.621935
7662	-3914.582	-4176.655	262.0733	0.6430614	0.545757	0.269697	0.161153	0.0233925	2.003853	1.481229
7668	-3910.02	-4172.203	262.1833	0.8866915	0.458428	0.301202	0.190536	0.049834	2.127017	1.07764
7674	-3889.316	-4151.723	262.4067	0.6866175	0.417339	0.380354	0.160364	0.0419427	2.208503	0.9852837
7680	-3902.858	-4165.319	262.4609	0.7031083	0.483015	0.238449	0.22079	0.0577468	2.179971	0.940413
7686	-3910.682	-4173.207	262.5257	0.5021306	0.432111	0.342838	0.18123	0.0438205	2.107914	1.149042
7692	-3892.709	-4155.09	262.3806	0.581618	0.520094	0.269618	0.199865	0.0104233	2.107914	1.20444
7698	-3918.3	-4180.696	262.3959	0.7137097	0.459334	0.383331	0.148129	0.00920559	2.155403	1.020407
7704	-3912.888	-4174.947	262.0588	0.7396248	0.5042	0.344865	0.141115	0.00982022	1.831172	1.544674
7710	-3901.088	-4163.553	262.4651	0.5831488	0.446857	0.334824	0.14018	0.078139	2.365806	0.8694683
7716	-3887.161	-4149.672	262.5107	0.5831488	0.40283	0.301835	0.234302	0.0610328	2.320548	0.8691048
7722	-3873.22	-4135.607	262.3873	0.5831488	0.451742	0.285904	0.193911	0.0684434	2.28209	1.039567
7728	-3879.047	-4141.375	262.3278	0.5936944	0.358814	0.334364	0.226778	0.0800443	2.298942	1.069643
7734	-3880.249	-4142.511	262.2622	0.6881639	0.38791	0.42355	0.117131	0.0714089	2.298942	1.037084
7740	-3875.125	-4137.324	262.1988	0.6881639	0.371784	0.38558	0.211157	0.0314787	2.335283	1.062959
7746	-3882.7	-4145.123	262.4226	0.6356466	0.403112	0.366352	0.200627	0.0299089	2.409367	0.7991863
7752	-3898.237	-4160.869	262.6314	0.5138125	0.382999	0.364713	0.213511	0.0387765	2.239246	0.9056958
7758	-3888.625	-4150.837	262.2125	0.598027	0.430138	0.347113	0.180016	0.0427333	1.983813	1.426524
7764	-3904.81	-4166.862	262.0513	0.7034833	0.425599	0.374031	0.158088	0.0422823	1.991711	1.458597
7770	-3891.611	-4153.698	262.0872	0.6967925	0.456778	0.270464	0.204724	0.0680338	2.1258	1.331603
7776	-3901.432	-4163.803	262.3713	0.6768833	0.490633	0.290509	0.145781	0.0730762	2.061148	1.165991
7782	-3891.499	-4153.823	262.3246	0.6490598	0.425927	0.320054	0.16441	0.089609	2.180491	1.127743
7788	-3897.503	-4159.606	262.1032	0.7760513	0.3411	0.364712	0.206683	0.0875044	2.180491	1.20405
7794	-3889.186	-4150.884	261.6976	0.5439723	0.42754	0.363503	0.127565	0.0813922	1.825223	1.946888
7800	-3882.236	-4144.053	261.8171	0.5880719	0.419053	0.396525	0.0919135	0.0925088	1.867745	1.80519
7806	-3881.582	-4143.676	262.094	0.5941619	0.419542	0.396988	0.131415	0.0520547	1.910249	1.573718
7812	-3881.933	-4144.408	262.4755	0.5941619	0.426362	0.300144	0.22753	0.0459646	2.015696	1.190858
7818	-3884.502	-4146.622	262.1202	0.7816246	0.399199	0.281022	0.276742	0.0430363	2.039689	1.302147
7824	-3881.385	-4143.876	262.4911	0.5673046	0.432308	0.230827	0.278549	0.0583169	2.113559	1.115436
7830	-3885.893	-4148.287	262.3938	0.6179821	0.437039	0.29806	0.189598	0.075303	2.134827	1.136098
7836	-3885.924	-4148.168	262.2441	0.6884747	0.453698	0.274832	0.203842	0.0676286	2.098002	1.232926
7842	-3890.288	-4152.439	262.1504	0.6687665	0.374925	0.331562	0.220393	0.0731197	1.98291	1.417568
7848	-3913.495	-4175.77	262.2751	0.4578879	0.525023	0.232297	0.154742	0.0879372	1.964817	1.501103
7854	-3890.541	-4152.58	262.0395	0.5416858	0.400572	0.376601	0.155158	0.0676688	1.899913	1.660087
7860	-3908.181	-4165.221	257.0401	0.8591503	0.430622	0.283424	0.202999	0.0829546	1.124596	4.924403
7866	-3919.007	-4176.835	257.8283	0.8591503	0.518938	0.136462	0.244632	0.0999676	1.264561	4.404538
7872	-3905.173	-4163.356	258.1824	1.072153	0.486575	0.228061	0.200004	0.0853594	1.337991	4.040145
7878	-3895.34	-4155.043	259.7028	0.944566	0.501542	0.235076	0.206156	0.057226	1.384744	3.204274
7884	-3902.601	-4165.064	262.4626	0.6297237	0.434866	0.325877	0.155741	0.0835165	2.091106	1.102188
7890	-3894.905	-4157.267	262.3623	0.5537431	0.387103	0.358661	0.179893	0.0743434	2.091106	1.258328
7896	-3884.624	-4147.073	262.4486	0.600839	0.401315	0.358882	0.165413	0.0743894	2.18105	1.059805
7902	-3884.436	-4146.855	262.4191	0.6596244	0.380268	0.3596	0.196964	0.0631672	2.223863	0.986066
7908	-3877.89	-4140.371	262.4804	0.6301822	0.442165	0.26699	0.22022	0.0706253	2.223863	0.954965
7914	-3879.857	-4142.346	262.49	0.6608506	0.420406	0.369157	0.151813	0.0586241	2.329925	0.7793347
7920	-3887.736	-4150.114	262.3783	0.6608506	0.419701	0.370278	0.151559	0.0584613	2.263297	0.986198
7926	-3885.207	-4147.7	262.4928	0.5970255	0.43149	0.380679	0.155816	0.0320152	2.216091	0.986198
7932	-3880.667	-4143.18	262.5129	0.5621286	0.470482	0.296851	0.170409	0.062258	2.274469	0.9425452
7938	-3885.323	-4147.898	262.5745	0.5591319	0.472657	0.298223	0.171197	0.0579228	2.247136	0.9086644
7944	-3882.826	-4145.224	262.3977	0.6982159	0.503255	0.219303	0.232558	0.0448841	2.279457	0.9064149
7950	-3896.996	-4159.497	262.5016	0.624527	0.426483	0.440956	0.0989107	0.0336504	2.31675	0.8320469
7956	-3894.825	-4157.307	262.4821	0.5998218	0.404774	0.424017	0.11806	0.0531492	2.362196	0.8320469
7962	-3886.094	-4148.552	262.4574	0.5659548	0.381198	0.319225	0.200879	0.0986981	2.285536	0.984638
7968	-3900.807	-4163.222	262.4151	0.6087556	0.296524	0.376661	0.238539	0.0882754	2.285536	0.9820477
7974	-3895.326	-4157.969	262.6427	0.5159898	0.482355	0.284453	0.180144	0.0530488	2.265698	0.8595343
7980	-3895.835	-4158.405	262.5705	0.5159898	0.379892	0.322375	0.237612	0.0601211	2.252046	0.9553416
7986	-3885.165	-4147.633	262.4678	0.5909111	0.358226	0.361021	0.224061	0.0566923	2.277487	0.9553416
7992	-3880.755	-4143.152	262.3969	0.657542	0.312415	0.405197	0.186764	0.0956245	2.201587	1.032347
7998	-3878.276	-4140.676	262.4006	0.6073127	0.381476	0.417385	0.159918	0.0412223	2.186038	1.09361
8004	-3894.07	-4156.65	262.5799	0.5366835	0.356217	0.475835	0.12936	0.038588	2.220273	0.9566686
8010	-3888.945	-4151.519	262.5743	0.5712819	0.351633	0.482353	0.116217	0.0497967	2.274902	0.8624983
8016	-3881.999	-4144.553	262.5536	0.5090847	0.357988	0.366808	0.207472	0.067732	2.417957	0.7879779
8022	-3879.227	-4141.841	262.6139	0.5090847	0.357172	0.365971	0.206999	0.0698588	2.311002	0.8480197
8028	-3893.442	-4156.096	262.6535	0.5185875	0.370727	0.37986	0.199661	0.0497519	2.328377	0.7598911
8034	-3888.324	-4150.808	262.4836	0.5930197	0.392706	0.382823	0.191773	0.0326985	2.432471	0.7433653
8040	-3888.563	-4151.035	262.4717	0.6211201	0.37852	0.368994	0.184845	0.0676398	2.432471	0.7153495
8046	-3893.032	-4155.492	262.4597	0.5854126	0.503742	0.294646	0.147601	0.0540111	2.469464	0.73552
8052	-3883.515	-4146.101	262.5869	0.5631177	0.489391	0.286252	0.171884	0.0524725	2.348016	0.7618816
8058	-3905.248	-4167.656	262.4076	0.6604223	0.545855	0.273378	0.130655	0.0501124	2.348016	0.862273
8064	-3888.304	-4150.912	262.608	0.539818	0.397659	0.329554	0.22097	0.0518168	2.341394	0.7754226
8070	-3897.093	-4159.648	262.5552	0.539818	0.406333	0.324808	0.217788	0.0510706	2.412772	0.7483925
8076	-3894.013	-4156.765	262.7525	0.4173074	0.390903	0.337971	0.228425	0.0427011	2.333949	0.7483925
8082	-3895.324	-4157.983	262.6587	0.4888689	0.328685	0.440179	0.216495	0.0146401	2.360637	0.7483925
8088	-3895.365	-4157.933	262.5682	0.5364389	0.376601	0.420215	0.192813	0.010371	2.380489	0.7813626
8094	-3902.834	-4165.373	262.5393	0.5364389	0.390051	0.342636	0.217244	0.0500689	2.328535	0.8827643
8100	-3902.03	-4164.452	262.4222	0.6070235	0.408878	0.281103	0.251911	0.0581077	2.328535	0.9315381
8106	-3900.514	-4162.9	262.3858	0.6070235	0.381707	0.3158	0.23517	0.067323	2.358482	0.9384909
8112	-3882.357	-4144.871	262.5145	0.5216249	0.422075	0.316806	0.235919	0.0252006	2.28199	0.9763628
8118	-3894.85	-4157.347	262.497	0.5178132	0.388883	0.345649	0.214174	0.0512941	2.17467	1.100569
8124	-3902.049	-4164.604	262.5545	0.5222902	0.3129	0.368303	0.257198	0.0615984	2.193191	1.024503
8130	-3895.918	-4158.186	262.2687	0.7004341	0.439363	0.229903	0.277376	0.0533576	2.161211	1.146281
8136	-3899.95	-4162.396	262.4458	0.5492365	0.507814	0.195602	0.269004	0.0275801	2.174999	1.117733
8142	-3896.541	-4159.088	262.5469	0.5492365	0.438941	0.286939	0.22558	0.0485396	2.202287	0.9957633
8148	-3898.061	-4160.693	262.6326	0.5492365	0.382213	0.315952	0.248388	0.0534474	2.202287	0.9053007
8154	-3888.839	-4151.057	262.2181	0.7771405	0.508945	0.224872	0.15856	0.107623	2.070554	1.19881
8160	-3910.326	-4172.456	262.1304	0.7771405	0.422253	0.317254	0.135172	0.12532	2.115258	1.235249
8166	-3911.469	-4173.956	262.4875	0.6097682	0.524568	0.257801	0.167926	0.0497055	2.031465	1.152299
8172	-3901.979	-4163.887	261.908	0.7643144	0.381754	0.352452	0.221414	0.0443803	1.908581	1.579448
8178	-3910.882	-4172.574	261.6922	0.7135473	0.405637	0.361468	0.194008	0.038887	1.889708	1.784664
8184	-3889.555	-4151.956	262.4006	0.4682429	0.42616	0.346036	0.18569	0.0421136	1.92984	1.424784
8190	-3889.295	-4151.286	261.9908	0.7100118	0.412166	0.329468	0.179592	0.0787736	2.009645	1.485548
8196	-3894.714	-4157.104	262.3901	0.5207613	0.446792	0.357146	0.173298	0.0227645	2.009645	1.329565
8202	-3891.409	-4154.067	262.6581	0.5071953	0.38732	0.346476	0.171995	0.0942088	2.370471	0.7043368
8208	-3909.492	-4172.028	262.5357	0.6099512	0.376557	0.352563	0.175016	0.0958638	2.420762	0.6374117
8214	-3900.993	-4162.956	261.963	0.709471	0.491357	0.280769	0.175956	0.0519178	1.904035	1.584967
8220	-3903.02	-4164.887	261.8673	0.8167072	0.416481	0.286772	0.255475	0.0412715	1.886804	1.584967
8226	-3903.04	-4165.185	262.1458	0.5501285	0.3856	0.359027	0.236533	0.0188398	1.883598	1.588792
8232	-3902.931	-4165.345	262.4146	0.6613778	0.481505	0.290754	0.186724	0.0410179	2.089442	1.116941
8238	-3911.875	-4174.325	262.4495	0.5139236	0.352581	0.369631	0.197503	0.0802851	2.090371	1.219955
8244	-3902.606	-4164.806	262.1996	0.6312822	0.487696	0.239084	0.182492	0.0907276	2.009059	1.389806
8250	-3912.862	-4175.276	262.4143	0.6019321	0.389741	0.349076	0.143748	0.117436	2.02512	1.227989
8256	-3908.455	-4170.785	262.3297	0.5843028	0.453378	0.371288	0.123025	0.0523083	2.05228	1.290975
8262	-3903.886	-4166.248	262.3614	0.504889	0.40112	0.406784	0.134787	0.0573092	2.040595	1.340536
8268	-3914.01	-4176.41	262.3998	0.5382618	0.318707	0.447583	0.161097	0.0726133	2.040595	1.28221
8274	-3903.321	-4165.668	262.3469	0.6584445	0.426061	0.379653	0.116375	0.0779104	1.959336	1.289065
8280	-3906.821	-4169.035	262.2143	0.6388202	0.519	0.24292	0.198623	0.0394566	2.073186	1.321046
8286	-3900.366	-4162.804	262.4379	0.5165275	0.385503	0.405717	0.192905	0.0158754	2.073186	1.241978
8292	-3924.195	-4186.491	262.2962	0.6802926	0.426755	0.401273	0.148029	0.0239435	2.076708	1.214205
8298	-3902.312	-4164.426	262.1143	0.8019815	0.512778	0.320864	0.149431	0.0169263	2.128836	1.215385
8304	-3895.677	-4157.956	262.2795	0.7038925	0.312145	0.412453	0.259943	0.0154584	2.20188	1.096494
8310	-3890.811	-4152.946	262.1349	0.71125	0.361832	0.299861	0.301321	0.0369869	2.183985	1.232211
8316	-3892.991	-4155.118	262.1264	0.7040873	0.366622	0.271796	0.325082	0.0364992	2.187641	1.242664
8322	-3892.96	-4155.067	262.1064	0.6903864	0.476951	0.325373	0.151199	0.0464762	2.164295	1.290413
8328	-3912.528	-4174.579	262.0505	0.7148295	0.450708	0.309333	0.192328	0.0476312	2.164295	1.314771
8334	-3880.266	-4142.763	262.4972	0.5181985	0.398609	0.381889	0.215477	0.00402511	2.201141	1.075619
8340	-3882.697	-4145.087	262.3899	0.5981111	0.317879	0.421701	0.25537	0.00505031	2.331133	0.9726325
8346	-3878.845	-4141.286	262.4407	0.5981111	0.413923	0.311188	0.225517	0.0493717	2.339105	0.9100045
8352	-3878.273	-4140.816	262.5428	0.557828	0.409544	0.307895	0.214923	0.0676382	2.18716	1.006127
8358	-3885.701	-4148.051	262.3506	0.557828	0.390472	0.441095	0.128115	0.0403188	2.219559	1.154979
8364	-3889.11	-4151.324	262.2141	0.6658129	0.443965	0.203496	0.288282	0.0642575	2.241906	1.155638
8370	-3885.823	-4147.929	262.106	0.6979302	0.380737	0.378839	0.146599	0.0938246	2.057083	1.370256
8376	-3895.339	-4157.356	262.017	0.7553097	0.487687	0.232603	0.151523	0.128187	2.017056	1.423454
8382	-3897.153	-4159.241	262.0874	0.7066628	0.40281	0.19699	0.373199	0.027	1.975731	1.440634
8388	-3906.055	-4168.036	261.9818	0.818464	0.526018	0.239678	0.197896	0.0364081	1.931461	1.465154
8394	-3905.848	-4168.054	262.2064	0.5680348	0.420734	0.337898	0.205187	0.0361812	1.962451	1.471415
8400	-3900.313	-4162.194	261.8805	0.6062511	0.483644	0.266436	0.212457	0.0374632	1.825933	1.776999
8406	-3887.079	-4148.876	261.7965	0.7166558	0.470423	0.259153	0.206649	0.0637742	1.793221	1.776999
8412	-3894.27	-4155.98	261.7103	0.7210237	0.517106	0.212435	0.22694	0.0435187	1.83965	1.801359
8418	-3900.397	-4162.202	261.8042	0.6745851	0.417416	0.24237	0.290564	0.0496509	1.78295	1.809642
8424	-3886.37	-4148.091	261.721	0.7883818	0.513876	0.292492	0.132507	0.0611247	1.778684	1.786972
8430	-3891.933	-4153.571	261.6377	0.7216687	0.607629	0.163412	0.156683	0.0722765	1.783167	1.88943
8436	-3895.002	-4156.143	261.1414	0.8506108	0.467217	0.235599	0.225897	0.0712869	1.70434	2.181109
8442	-3894.777	-4156.041	261.2644	0.7639553	0.536699	0.204874	0.196437	0.0619901	1.697023	2.164842
8448	-3900.756	-4162.318	261.5623	0.6561218	0.594207	0.155149	0.188983	0.0616607	1.681684	2.05445
8454	-3892.877	-4154.063	261.1859	0.7855211	0.411445	0.335752	0.162709	0.0900947	1.742998	2.171264
8460	-3887.293	-4148.561	261.2682	0.5405511	0.503021	0.275583	0.20554	0.0158554	1.647787	2.345098
8466	-3900.22	-4161.755	261.5354	0.6649681	0.474729	0.107932	0.345098	0.072241	1.692574	2.058834
8472	-3904.91	-4165.809	260.8987	1.064257	0.601086	0.13666	0.170785	0.0914691	1.691198	2.206885
8478	-3893.327	-4154.003	260.6766	0.6765435	0.585123	0.13286	0.18463	0.0973869	1.599805	2.655765
8484	-3887.222	-4147.651	260.4294	0.6029976	0.509608	0.301452	0.160802	0.0281377	1.526525	2.898618
8490	-3903.892	-4166.285	262.393	0.5477131	0.427871	0.372247	0.133839	0.0660424	2.011308	1.303684
8496	-3899.344	-4161.669	262.3254	0.6050537	0.373271	0.321526	0.179394	0.125809	2.04344	1.283974
8502	-3903.32	-4164.007	260.6875	0.5756371	0.47307	0.30058	0.219931	0.00641974	1.594085	2.717944
8508	-3900.182	-4161.423	261.2409	0.5843583	0.452567	0.331044	0.210399	0.00598987	1.656368	2.328119
8514	-3898.283	-4159.524	261.2414	0.5854561	0.436133	0.319023	0.233423	0.0114214	1.728924	2.280784
8520	-3889.197	-4150.528	261.3313	0.5087253	0.404632	0.332483	0.228768	0.0341168	1.738112	2.267757
8526	-3881.753	-4143.149	261.3959	0.5780878	0.36366	0.431773	0.195394	0.00917311	1.729697	2.185672
8532	-3890.795	-4153.491	262.6961	0.4469706	0.372375	0.401817	0.19784	0.0279686	2.289282	0.847884
8538	-3895.835	-4158.393	262.5583	0.5419951	0.447268	0.258898	0.249357	0.0444765	2.283391	0.905996
8544	-3902.209	-4163.49	261.2808	0.759999	0.454215	0.239199	0.301174	0.00541241	1.734108	2.132726
8550	-3898.58	-4161.055	262.4756	0.5882434	0.394527	0.294841	0.219953	0.0906788	2.31814	0.905996
8556	-3902.58	-4165.101	262.5206	0.57816	0.365976	0.462743	0.0871644	0.0841164	2.31814	0.8663524
8562	-3896.903	-4159.348	262.4441	0.6249065	0.355418	0.464653	0.0915658	0.0883639	2.197627	1.023893
8568	-3895.821	-4158.055	262.2342	0.7780723	0.487411	0.248205	0.143204	0.12118	2.265075	1.00467
8574	-3892.532	-4155.174	262.6413	0.4774129	0.506189	0.257768	0.163365	0.0726789	2.15921	1.016496
8580	-3890.379	-4152.972	262.5927	0.5149246	0.403779	0.290142	0.25496	0.0511187	2.170615	1.016496
8586	-3889.551	-4152.109	262.5578	0.539166	0.443455	0.225475	0.280012	0.0510575	2.180818	1.016496
8592	-3890.652	-4152.209	261.5569	0.8293346	0.478777	0.232747	0.247964	0.0405118	1.723028	1.908254
8598	-3903.167	-4165.077	261.9094	0.7466384	0.453879	0.354053	0.164674	0.0273946	1.908214	1.592323
8604	-3891.826	-4153.545	261.7188	0.6941626	0.4344	0.36983	0.165912	0.0298585	1.816142	1.83135
8610	-3902.942	-4164.789	261.8469	0.6807182	0.504938	0.215435	0.195612	0.084015	1.896489	1.695769
8616	-3905.684	-4167.496	261.8126	0.6571754	0.47746	0.290712	0.158674	0.0731543	1.955785	1.695769
8622	-3906.721	-4168.28	261.5596	0.8038362	0.442479	0.313881	0.13251	0.11113	1.91663	1.792014
8628	-3910.668	-4172.242	261.5738	0.6709898	0.401469	0.296614	0.201086	0.10083	1.86123	1.916263
8634	-3894.801	-4157.346	262.5441	0.5402844	0.403186	0.289156	0.210162	0.0974951	2.383852	0.8040325
8640	-3894.328	-4156.946	262.6185	0.5381494	0.398411	0.285732	0.207674	0.108183	2.373603	0.7128884
8646	-3897.837	-4160.304	262.4668	0.6155593	0.517791	0.235386	0.13756	0.109263	2.428205	0.7393684
8652	-3893.282	-4155.235	261.9523	0.8694737	0.570829	0.204298	0.144877	0.0799968	2.008145	1.387977
8658	-3887.604	-4149.781	262.1765	0.7748037	0.60266	0.212901	0.150977	0.0334625	2.144757	1.172751
8664	-3870.87	-4133.352	262.482	0.5150309	0.348666	0.476899	0.142207	0.0322277	2.07163	1.20726
8670	-3871.014	-4133.451	262.4366	0.5781655	0.431802	0.308222	0.200716	0.0592606	2.137101	1.1331
8676	-3881.499	-4143.917	262.4174	0.5674663	0.386204	0.416131	0.144662	0.0530027	2.063811	1.223122
8682	-3878.117	-4140.548	262.4314	0.5674663	0.475553	0.330073	0.17813	0.0162443	2.03617	1.234647
8688	-3885.934	-4148.31	262.3758	0.610137	0.412337	0.334004	0.225573	0.0280854	2.107021	1.183564
8694	-3892.226	-4154.63	262.4044	0.6167645	0.394015	0.233307	0.328788	0.0438902	2.330293	0.9377928
8700	-3894.523	-4157.023	262.4997	0.565905	0.457868	0.337846	0.187477	0.0168084	2.069379	1.148544
8706	-3900.069	-4162.613	262.5441	0.5677269	0.378599	0.405891	0.196848	0.0186622	2.227998	0.952555
8712	-3890.94	-4153.448	262.5073	0.619059	0.452205	0.334328	0.193484	0.0199833	2.309886	0.8406282
8718	-3891.786	-4154.222	262.4359	0.5706263	0.452205	0.334328	0.193484	0.0199833	2.309886	0.976765
8724	-3908.423	-4170.765	262.3421	0.7696823	0.459365	0.26247	0.254422	0.0237431	2.257366	0.9088153
8730	-3898.434	-4161.06	262.6259	0.4542761	0.442467	0.376793	0.167799	0.0129411	2.300122	0.9088153
8736	-3890.72	-4153.29	262.5695	0.5634925	0.430043	0.366213	0.163087	0.0406563	2.329924	0.8100674
8742	-3913.507	-4176.054	262.5471	0.4921498	0.395477	0.360479	0.152266	0.0917779	2.040178	1.198073
8748	-3915.892	-4178.304	262.4126	0.6412131	0.360149	0.261741	0.352908	0.025202	2.041187	1.180314
8754	-3896.505	-4159.016	262.5103	0.6168727	0.383829	0.351571	0.191337	0.0732638	2.083861	1.077379
8760	-3900.441	-4162.847	262.4059	0.5645703	0.400567	0.378704	0.156498	0.0642309	2.0669	1.232812
8766	-3883.696	-4145.97	262.2741	0.6479543	0.429574	0.350798	0.138784	0.0808441	2.019157	1.3086
8772	-3892.666	-4154.779	262.1123	0.6724579	0.432053	0.354777	0.126073	0.0870971	1.983853	1.443085
8778	-3896.138	-4158.413	262.2756	0.6409342	0.439509	0.289634	0.21849	0.0523671	1.983853	1.341736
8784	-3894.765	-4156.876	262.1111	0.7886006	0.443788	0.292454	0.204245	0.0595132	2.025328	1.315233
8790	-3899.547	-4161.776	262.2287	0.7422789	0.407815	0.349807	0.187689	0.0546891	2.007009	1.274089
8796	-3890.888	-4153.25	262.3615	0.7037788	0.448871	0.385023	0.138262	0.0278437	2.012319	1.192174
8802	-3893.781	-4155.972	262.1904	0.6673251	0.547221	0.164349	0.210037	0.0783926	1.969587	1.398033
8808	-3906.443	-4168.669	262.2256	0.6673251	0.547221	0.164349	0.210037	0.0783926	1.992453	1.352455
8814	-3904.737	-4167.257	262.5205	0.5415306	0.379101	0.300754	0.233132	0.0870124	2.044796	1.17402
8820	-3902.145	-4162.468	260.3233	0.660078	0.494983	0.241734	0.227472	0.0358114	1.615032	2.872811
8826	-3884.027	-4144.345	260.3182	0.9155872	0.451205	0.220355	0.285362	0.0430783	1.516923	2.772997
8832	-3898.118	-4160.407	262.289	0.7583628	0.489194	0.268579	0.157305	0.0849221	2.191797	1.043013
8838	-3898.76	-4161.187	262.4264	0.6424213	0.513254	0.283887	0.176649	0.0262101	2.111583	1.10429
8844	-3888.777	-4147.976	259.1993	0.7830293	0.414852	0.207358	0.292179	0.0856118	1.4187	3.577718
8850	-3900.702	-4159.709	259.007	1.00912	0.565837	0.179138	0.100535	0.15449	1.386923	3.573109
8856	-3903.188	-4160.883	257.6951	1.008393	0.524694	0.169757	0.144165	0.161384	1.235044	4.410658
8862	-3906.953	-4169.368	262.4153	0.6270914	0.425086	0.318686	0.208916	0.047312	2.119477	1.121879
8868	-3908.583	-4171.139	262.5562	0.5454044	0.529379	0.30353	0.155653	0.0114377	2.047048	1.137038
8874	-3896.463	-4158.663	262.1995	0.7590618	0.492239	0.282235	0.144732	0.0807943	2.076999	1.225332
8880	-3905.089	-4167.386	262.2973	0.6624809	0.422063	0.274375	0.215443	0.0881189	2.105646	1.204721
8886	-3905.317	-4167.628	262.3109	0.6985794	0.447904	0.2555	0.228634	0.0679627	2.077364	1.184443
8892	-3902.462	-4164.927	262.4653	0.515103	0.359841	0.377663	0.168249	0.0942477	2.143481	1.159433
8898	-3912.195	-4174.669	262.4744	0.5836088	0.332823	0.349307	0.220127	0.0977436	2.143481	1.087762
8904	-3900.236	-4162.643	262.4067	0.5919164	0.345046	0.362136	0.228211	0.0646067	2.202484	1.087762
8910	-3909.319	-4170.404	261.0844	0.7438864	0.483272	0.246969	0.249236	0.0205228	1.715948	2.282439
8916	-3900.23	-4160.542	260.3125	0.7702074	0.436635	0.239615	0.270403	0.0533473	1.582436	2.8285
8922	-3889.907	-4149.776	259.869	0.6064115	0.465541	0.24672	0.229401	0.0583378	1.587778	3.195078
8928	-3897.599	-4157.48	259.8802	0.6064115	0.386134	0.266504	0.276936	0.0704262	1.5766	3.195078
8934	-3890.715	-4150.697	259.9823	0.7078562	0.50685	0.21522	0.242489	0.0354418	1.508886	3.110881
8940	-3897.097	-4157.194	260.0973	0.7183145	0.532645	0.204636	0.230564	0.0321552	1.463226	3.062945
8946	-3891.481	-4150.29	258.8092	0.7657744	0.518137	0.199062	0.233066	0.049735	1.331874	3.863732
8952	-3904.473	-4164.176	259.7034	0.7208096	0.549612	0.119249	0.283432	0.0477073	1.494679	3.276539
8958	-3898.26	-4158.439	260.1789	0.6332638	0.577536	0.136873	0.255734	0.0298568	1.516919	3.035866
8964	-3887.22	-4147.877	260.6569	0.7706984	0.502673	0.212642	0.249404	0.0352806	1.593977	2.610091
8970	-3888.552	-4149.552	260.9991	0.6789188	0.498415	0.335879	0.133573	0.0321331	1.601292	2.452764
8976	-3893.819	-4154.882	261.0633	0.6789188	0.436727	0.253046	0.216423	0.0938039	1.582332	2.424306
8982	-3890.49	-4150.855	260.3649	0.7094821	0.487969	0.186822	0.240974	0.0842356	1.561017	2.848615
8988	-3884.107	-4144.705	260.5983	0.6859811	0.479676	0.208105	0.218387	0.0938318	1.542753	2.732722
8994	-3879.918	-4139.494	259.5756	0.7474045	0.491184	0.189107	0.223626	0.0960829	1.482758	3.342267
9000	-3891.491	-4154.066	262.5753	0.4778561	0.421009	0.370953	0.195737	0.0123015	2.199912	1.040657
9006	-3902.541	-4165.101	262.5603	0.5613209	0.412753	0.363679	0.191898	0.03167	2.199912	0.9718652
9012	-3888.597	-4149.251	260.6541	0.7363076	0.463712	0.259348	0.162542	0.114398	1.586487	2.638856
9018	-3889.899	-4151.266	261.367	0.6127312	0.480069	0.290002	0.13968	0.0902498	1.736909	2.176187
9024	-3904.563	-4165.66	261.0967	0.7670872	0.490652	0.296395	0.120714	0.0922394	1.747438	2.238581
9030	-3896.721	-4157.936	261.2151	0.6413006	0.430349	0.340017	0.13848	0.0911539	1.695461	2.281406
9036	-3896.579	-4157.513	260.9342	0.7870971	0.446765	0.271275	0.143762	0.138197	1.733415	2.338053
9042	-3889.553	-4150.472	260.9183	0.683659	0.446628	0.289294	0.153926	0.110152	1.570382	2.519558
9048	-3898.087	-4158.847	260.7607	0.791617	0.483985	0.313491	0.0831592	0.119365	1.57851	2.541648
9054	-3890.673	-4151.648	260.9748	0.6640225	0.436501	0.325296	0.130549	0.107654	1.698309	2.416945
9060	-3903.38	-4164.869	261.4894	0.6883042	0.502311	0.223572	0.150232	0.123885	1.693263	2.072404
9066	-3903.332	-4164.739	261.4078	0.6085726	0.514162	0.228847	0.153471	0.10352	1.764433	2.134552
9072	-3899.491	-4161.252	261.7608	0.6732878	0.430016	0.300568	0.219092	0.0503239	1.795328	1.831985
9078	-3902.309	-4164.09	261.7811	0.563809	0.38762	0.309839	0.197491	0.10505	1.825422	1.876342
9084	-3902.842	-4164.564	261.7217	0.6694755	0.474592	0.301328	0.178343	0.0457366	1.857048	1.819171
9090	-3885.929	-4147.931	262.002	0.5737633	0.372935	0.397642	0.143306	0.0861172	1.874948	1.681012
9096	-3899.816	-4161.895	262.0797	0.6254774	0.448707	0.331378	0.116189	0.103726	1.926536	1.548014
9102	-3900.425	-4162.293	261.8682	0.6475337	0.472036	0.348607	0.12223	0.0571265	1.824639	1.756134
9108	-3905.282	-4166.762	261.4805	0.7379819	0.508918	0.227949	0.186512	0.0766207	1.824639	1.955988
9114	-3884.924	-4146.376	261.4525	0.8474043	0.544282	0.167542	0.215473	0.072703	1.826289	1.896283
9120	-3885.987	-4147.625	261.6381	0.8474043	0.589671	0.215301	0.122275	0.0727526	1.846845	1.75427
9126	-3877.138	-4138.38	261.2411	0.6446385	0.383573	0.35102	0.218083	0.0473246	1.765338	2.217469
9132	-3883.381	-4144.763	261.3825	0.6621108	0.461473	0.286886	0.232218	0.0194225	1.747727	2.125021
9138	-3882.214	-4143.667	261.4531	0.7178445	0.48981	0.270459	0.222791	0.01694	1.7476	2.039829
9144	-3883.522	-4145.039	261.5167	0.6001165	0.334253	0.328166	0.313726	0.0238543	1.749096	2.079035
9150	-3883.563	-4144.703	261.1398	0.6519459	0.332225	0.326175	0.314916	0.0266844	1.677482	2.333739
9156	-3908.094	-4169.052	260.9573	0.7582411	0.400318	0.393029	0.171116	0.035538	1.676323	2.378905
9162	-3899.57	-4161.104	261.5343	0.763114	0.462431	0.266573	0.196498	0.0744983	1.684714	1.995847
9168	-3895.072	-4156.11	261.0379	0.850782	0.508807	0.237732	0.175239	0.0782229	1.768753	2.206333
9174	-3893.318	-4154.378	261.0605	0.8091044	0.519923	0.221078	0.179067	0.079932	1.736083	2.240822
9180	-3887.481	-4148.193	260.7114	0.8045302	0.520264	0.221223	0.179185	0.0793292	1.611058	2.543657
9186	-3905.777	-4166.722	260.9448	0.7878322	0.452191	0.293651	0.176165	0.0779924	1.656577	2.379594
9192	-3902.367	-4163.054	260.6871	0.8453732	0.452191	0.293651	0.176165	0.0779924	1.763533	2.436795
9198	-3888.427	-4148.722	260.2944	0.7545974	0.333235	0.453017	0.150222	0.063526	1.585229	2.847806
9204	-3893.331	-4153.573	260.242	1.047846	0.548319	0.24774	0.14333	0.0606115	1.607845	2.682635
9210	-3894.343	-4155.296	260.9531	0.8106696	0.577171	0.172422	0.186606	0.0638009	1.725333	2.315456
9216	-3901.231	-4162.021	260.7906	0.8681294	0.57255	0.202968	0.19655	0.0279316	1.749275	2.365532
9222	-3889.907	-4151.591	261.6843	0.6386083	0.436599	0.278076	0.263899	0.0214264	1.766503	1.928753
9228	-3906.816	-4167.793	260.9772	0.6304026	0.476196	0.230963	0.287833	0.00500872	1.653226	2.46618
9234	-3890.911	-4152.233	261.3223	0.5583357	0.380926	0.272387	0.339456	0.00723103	1.749446	2.233731
9240	-3903.479	-4164.562	261.083	0.4876826	0.347427	0.268083	0.334093	0.0503969	1.576689	2.539716
9246	-3901.385	-4162.428	261.0438	0.4429515	0.424005	0.352403	0.21555	0.0080417	1.617034	2.565611
9252	-3900.649	-4160.823	260.1745	0.5118133	0.377835	0.403292	0.209196	0.00967622	1.495042	3.12674
9258	-3891.774	-4151.125	259.3519	0.5317353	0.3553	0.37924	0.229419	0.0360414	1.427245	3.637533
9264	-3897.741	-4157.154	259.4132	0.5805668	0.569757	0.21455	0.16786	0.0478325	1.50135	3.529545
9270	-3909.13	-4168.929	259.7987	0.8720245	0.510198	0.236038	0.184671	0.0690934	1.447465	3.154297
9276	-3903.913	-4164.535	260.6226	0.7599123	0.52907	0.277279	0.124379	0.0692717	1.542124	2.670245
9282	-3908.039	-4169.154	261.1144	0.5842168	0.404472	0.297114	0.250614	0.0478	1.748724	2.349956
9288	-3896.692	-4157.878	261.1858	0.6725864	0.451306	0.331517	0.169716	0.0474604	1.615929	2.329743
9294	-3892.832	-4154.308	261.4761	0.6725864	0.484349	0.355789	0.109957	0.049905	1.637416	2.128699
9300	-3890.127	-4151.096	260.9685	0.6072067	0.433287	0.207526	0.330032	0.029155	1.592702	2.524757
9306	-3894.231	-4154.736	260.5049	0.8084038	0.391303	0.21096	0.335492	0.0622448	1.580532	2.687678
9312	-3901.204	-4161.918	260.7144	0.7679011	0.476734	0.0962221	0.408738	0.0183062	1.631276	2.553148
9318	-3899.653	-4160.391	260.7373	0.7545669	0.505183	0.138429	0.255805	0.100582	1.758173	2.468371
9324	-3890.135	-4151.564	261.4285	0.712105	0.545014	0.148728	0.274837	0.0314206	1.843506	1.996499
9330	-3897.771	-4159.498	261.7273	0.7469256	0.414969	0.35185	0.209258	0.0239233	1.855589	1.759452
9336	-3910.291	-4172.101	261.81	0.7736623	0.491064	0.279969	0.147158	0.0818089	1.855589	1.681269
9342	-3902.319	-4162.263	259.9447	0.693915	0.524075	0.167676	0.232214	0.0760349	1.558296	3.112677
9348	-3896.577	-4157.658	261.0818	0.795887	0.497383	0.187506	0.220387	0.0947237	1.64	2.297672
9354	-3911.875	-4173.389	261.5144	0.698578	0.471939	0.172255	0.211579	0.144228	1.692548	2.049214
9360	-3899.676	-4161.469	261.7934	0.579268	0.340916	0.371048	0.202422	0.0856132	1.807709	1.869031
9366	-3892.994	-4154.787	261.7937	0.7236635	0.413001	0.365773	0.131695	0.089531	1.906141	1.694445
9372	-3895.849	-4156.368	260.5191	0.6607677	0.380841	0.40958	0.159642	0.0499372	1.55953	2.787193
9378	-3908.921	-4169.67	260.7491	0.887946	0.423696	0.307603	0.199248	0.0694525	1.695259	2.413037
9384	-3888.333	-4150.047	261.7141	0.6782266	0.368472	0.396774	0.173101	0.0616526	1.775905	1.873672
9390	-3885.135	-4146.992	261.8562	0.5645679	0.4607	0.228977	0.228824	0.0814992	1.906519	1.768152
9396	-3876.425	-4137.963	261.5379	0.6696933	0.478146	0.22703	0.226879	0.0679446	1.850029	1.948939
9402	-3902.702	-4164.399	261.6975	0.5283151	0.449215	0.270959	0.198735	0.0810912	1.77525	1.991203
9408	-3889.935	-4151.288	261.353	0.6733355	0.447532	0.269943	0.241203	0.0413209	1.781539	2.114424
9414	-3889.09	-4150.393	261.3034	0.6733355	0.415675	0.250728	0.268497	0.0651005	1.807413	2.129946
9420	-3886.49	-4148.001	261.5105	0.5975052	0.383821	0.313054	0.267369	0.0357562	1.680418	2.129946
9426	-3903.345	-4163.985	260.6398	0.6935005	0.411837	0.276545	0.236189	0.0754298	1.60654	2.663236
9432	-3890.678	-4152.219	261.5415	0.3629807	0.409357	0.334415	0.234766	0.021462	1.733848	2.219568
9438	-3887.762	-4149.28	261.5186	0.7120399	0.514027	0.142393	0.314802	0.0287788	1.728852	2.012895
9444	-3885.445	-4147.116	261.6716	0.5860587	0.423191	0.28781	0.259172	0.0298268	1.790769	1.958196
9450	-3889.54	-4151.342	261.8024	0.7978562	0.504788	0.227354	0.204731	0.0631278	1.960729	1.592777
9456	-3897.838	-4159.966	262.1281	0.6716361	0.504788	0.227354	0.204731	0.0631278	1.999193	1.419874
9462	-3899.196	-4161.126	261.9306	0.6307925	0.52627	0.237029	0.16768	0.0690205	1.950049	1.635442
9468	-3884.358	-4146.271	261.9136	0.7546935	0.488548	0.294653	0.170593	0.0462053	1.980454	1.529824
9474	-3891.127	-4153.019	261.8921	0.6799606	0.534304	0.207237	0.14897	0.109489	1.983764	1.601312
9480	-3893.161	-4155.017	261.856	0.7237595	0.471778	0.279831	0.230002	0.0183893	1.973433	1.601312
9486	-3903.768	-4165.863	262.095	0.5217893	0.393607	0.273503	0.306352	0.0265387	1.997301	1.563927
9492	-3905.738	-4167.403	261.6653	0.8533064	0.413511	0.246475	0.213794	0.12622	1.9878	1.630601
9498	-3887.235	-4149.231	261.9959	0.6491592	0.471127	0.252157	0.131509	0.145208	1.872128	1.630601
9504	-3895.764	-4157.878	262.1136	0.6909681	0.503357	0.210878	0.160863	0.124902	1.873659	1.510627
9510	-3886.466	-4148.678	262.2117	0.6304217	0.484967	0.251935	0.182939	0.0801588	1.944445	1.431223
9516	-3896.596	-4158.845	262.2496	0.6176889	0.466275	0.254267	0.202389	0.0770693	2.065877	1.316494
9522	-3900.329	-4162.486	262.1573	0.6089	0.461914	0.251889	0.209849	0.0763484	2.167457	1.316494
9528	-3899.288	-4161.723	262.4345	0.5899209	0.360244	0.399147	0.171773	0.0688367	2.053726	1.19722
9534	-3899.502	-4161.929	262.427	0.3950864	0.448596	0.315992	0.15676	0.0786529	2.039576	1.370234
9540	-3911.457	-4173.82	262.3628	0.5961632	0.455099	0.302014	0.220837	0.0220508	2.161067	1.160582
9546	-3907.294	-4169.711	262.4173	0.6356523	0.423083	0.310375	0.263138	0.00340346	2.218391	1.018629
9552	-3899.801	-4162.265	262.4639	0.5528656	0.413683	0.31193	0.271059	0.00332784	2.286768	0.9905298
9558	-3893.924	-4156.422	262.4979	0.5764294	0.396667	0.335359	0.254008	0.0139663	2.254311	0.9638465
9564	-3892.765	-4155.181	262.4162	0.5764294	0.490047	0.306823	0.168162	0.0349678	2.227923	1.070261
9570	-3894.84	-4157.34	262.5001	0.5500218	0.477579	0.299017	0.163884	0.0595203	2.243381	1.000672
9576	-3898.007	-4160.633	262.6267	0.4961446	0.395664	0.345903	0.18958	0.068853	2.253855	0.9142318
9582	-3908.164	-4170.736	262.5726	0.5678028	0.446979	0.309359	0.17627	0.0673921	2.317821	0.8159447
9588	-3907.912	-4170.542	262.63	0.5433098	0.32707	0.45894	0.177994	0.0359962	2.236777	0.8758039
9594	-3909.17	-4171.826	262.6555	0.5517718	0.462827	0.327792	0.162624	0.0467567	2.123171	0.9629672
9600	-3899.944	-4162.472	262.5275	0.5893227	0.42252	0.324464	0.162918	0.090099	2.101035	1.072273
9606	-3907.748	-4170.224	262.476	0.6151641	0.491184	0.287162	0.15591	0.0657431	2.101035	1.094903
9612	-3899.069	-4161.47	262.4014	0.6151641	0.429631	0.383167	0.111879	0.0753227	2.127633	1.138312
9618	-3887.26	-4149.794	262.5342	0.5356157	0.331362	0.476769	0.13921	0.0526593	2.143194	1.078618
9624	-3900.812	-4163.184	262.3729	0.6126266	0.40549	0.359594	0.195198	0.0397174	2.143194	1.15216
9630	-3898.012	-4160.447	262.4357	0.6126266	0.457081	0.278115	0.220034	0.0447706	2.140246	1.098299
9636	-3903.886	-4166.296	262.4094	0.6666884	0.462089	0.281162	0.189026	0.0677237	2.093232	1.11311
9642	-3923.484	-4185.727	262.2426	0.7085852	0.38446	0.360471	0.194386	0.0606832	2.093232	1.220296
9648	-3906.406	-4168.794	262.3884	0.632741	0.357146	0.472728	0.0905447	0.0795811	2.089392	1.167251
9654	-3911.445	-4173.448	262.0025	0.7908056	0.596143	0.217856	0.151136	0.0348651	2.043488	1.385193
9660	-3906.255	-4168.342	262.0868	0.7129431	0.358895	0.312225	0.278912	0.0499677	1.983475	1.430099
9666	-3918.146	-4180.297	262.1511	0.7057692	0.410102	0.214018	0.318707	0.0571734	2.009406	1.365737
9672	-3892.855	-4154.577	261.722	0.6350912	0.392824	0.330203	0.234037	0.0429368	1.827338	1.864333
9678	-3896.186	-4158.022	261.8353	0.5573495	0.421617	0.354405	0.177894	0.0460839	1.826982	1.842775
9684	-3901.191	-4163.279	262.0877	0.4509388	0.373792	0.435819	0.151216	0.0391729	1.762794	1.78595
9690	-3890.77	-4152.645	261.8746	0.6265133	0.474365	0.270582	0.191903	0.0631503	1.965631	1.667683
9696	-3889.229	-4151.008	261.7788	0.7448361	0.437983	0.232761	0.278459	0.0507972	1.980153	1.636215
9702	-3893.241	-4155.254	262.0137	0.6391721	0.356751	0.314799	0.229345	0.0991051	1.857021	1.636215
9708	-3893.277	-4155.371	262.0937	0.57723	0.305878	0.333797	0.336665	0.0236602	1.93024	1.572215
9714	-3892.176	-4154.031	261.855	0.5783349	0.347104	0.293445	0.3373	0.0221507	1.899824	1.763651
9720	-3903.194	-4165.251	262.057	0.5662705	0.331096	0.333114	0.292401	0.043389	1.91744	1.616636
9726	-3889.001	-4150.901	261.9007	0.6144195	0.370403	0.317924	0.260549	0.0511239	1.914284	1.69474
9732	-3884.43	-4146.022	261.5914	0.7045243	0.45182	0.258505	0.237277	0.0523979	1.85141	1.886846
9738	-3895.195	-4156.264	261.0684	1.01841	0.416294	0.238179	0.299125	0.0464016	1.799701	2.054721
9744	-3899.988	-4161.508	261.5201	0.5971848	0.419964	0.240279	0.301762	0.0379948	1.785642	2.054721
9750	-3892.432	-4153.75	261.3177	0.7505588	0.386041	0.341874	0.222394	0.0496906	1.82596	2.054721
9756	-3903.503	-4164.788	261.285	0.7816564	0.39432	0.325443	0.210167	0.0700692	1.713878	2.128292
9762	-3906.972	-4168.391	261.4197	0.7816564	0.416115	0.274055	0.163835	0.145996	1.646904	2.083929
9768	-3894.932	-4156.578	261.6462	0.5748773	0.379718	0.442157	0.0805008	0.0976247	1.638601	2.083929
9774	-3901.395	-4163.15	261.7545	0.7084407	0.404563	0.471087	0.085768	0.0385814	1.811312	1.799592
9780	-3901.839	-4163.634	261.7957	0.7765173	0.406844	0.472625	0.075687	0.0448438	1.880828	1.671308
9786	-3897.292	-4159.008	261.7165	0.6870809	0.300155	0.39079	0.25079	0.0582655	1.795877	1.851983
9792	-3889.299	-4150.944	261.6446	0.7550304	0.515716	0.161364	0.237326	0.0855936	1.795877	1.851983
9798	-3899.68	-4161.242	261.562	0.788279	0.515716	0.161364	0.237326	0.0855936	1.749963	1.915672
9804	-3901.819	-4163.449	261.6305	0.6721304	0.532225	0.16653	0.244923	0.0563224	1.787515	1.926897
9810	-3905.742	-4166.374	260.6322	0.6826891	0.455107	0.337299	0.154049	0.0535457	1.46047	2.764468
9816	-3904.068	-4165.101	261.0329	0.630989	0.479202	0.324771	0.162204	0.0338223	1.52615	2.510451
9822	-3906.627	-4166.163	259.5358	0.7652621	0.541946	0.140862	0.232341	0.0848509	1.502698	3.342892
9828	-3900.061	-4161.264	261.2033	0.7652621	0.40725	0.386076	0.174595	0.0320793	1.613935	2.25716
9834	-3903.12	-4164.243	261.123	0.5271316	0.410027	0.377084	0.119818	0.0930721	1.581649	2.487029
9840	-3920.704	-4181.551	260.8472	0.727699	0.410027	0.377084	0.119818	0.0930721	1.597062	2.518177
9846	-3910.976	-4172.709	261.7334	0.7157492	0.367412	0.411093	0.136927	0.0845677	1.815931	1.805638
9852	-3911.725	-4173.876	262.151	0.5914133	0.293552	0.443675	0.195206	0.0675672	1.827867	1.594383
9858	-3895.829	-4157.867	262.0377	0.5212349	0.485599	0.265941	0.227807	0.0206542	1.848649	1.712612
9864	-3894.266	-4156.394	262.1278	0.5339498	0.450342	0.28406	0.243328	0.0222698	1.936507	1.575421
9870	-3887.373	-4149.247	261.8742	0.497912	0.385991	0.381011	0.208558	0.0244401	1.877059	1.823167
9876	-3893.267	-4155.259	261.9911	0.5827289	0.401245	0.352512	0.210361	0.0358824	1.716265	1.793501
9882	-3891.713	-4153.281	261.5682	0.6517717	0.450091	0.256457	0.241743	0.0517087	1.696977	2.043505
9888	-3893.462	-4155.121	261.6593	0.7084861	0.475225	0.270779	0.20061	0.0533862	1.704474	1.937503
9894	-3903.169	-4163.682	260.5136	0.9367047	0.366387	0.318277	0.217444	0.0978921	1.683878	2.536462
9900	-3897.908	-4158.398	260.4901	0.9649017	0.588388	0.159033	0.179252	0.0733273	1.678788	2.536462
9906	-3901.738	-4162.988	261.2502	0.8429638	0.505779	0.181458	0.229096	0.083667	1.660467	2.144044
9912	-3891.579	-4153.249	261.6701	0.7960553	0.571741	0.149169	0.147513	0.131577	1.804466	1.798765
9918	-3891.223	-4152.499	261.276	0.8004873	0.424496	0.188466	0.283422	0.103617	1.778305	2.078994
9924	-3883.459	-4144.879	261.4199	0.8004873	0.449266	0.199463	0.29996	0.0513118	1.754072	1.999705
9930	-3889.091	-4150.2	261.109	0.8004873	0.461499	0.144571	0.355987	0.0379431	1.721735	2.224644
9936	-3881.919	-4143.448	261.5291	0.8029126	0.526871	0.244906	0.184905	0.0433177	1.795867	1.896411
9942	-3876.15	-4137.947	261.7974	0.7151389	0.470271	0.281946	0.165042	0.0827412	1.913197	1.69322
9948	-3895.149	-4156.801	261.6516	0.6823476	0.389661	0.314376	0.257552	0.0384101	1.848298	1.863935
9954	-3884.679	-4146.468	261.7886	0.6823476	0.522195	0.176127	0.242927	0.0587506	1.99692	1.664605
9960	-3925.381	-4187.78	262.3992	0.6048609	0.385449	0.296302	0.199562	0.118687	2.396763	0.8837067
9966	-3921.631	-4183.864	262.2331	0.7084682	0.42683	0.281145	0.178264	0.113762	2.376437	0.9673071
9972	-3884.016	-4146.385	262.3686	0.5923478	0.509241	0.232017	0.201449	0.0572931	2.078026	1.230414
9978	-3890.686	-4152.974	262.2878	0.5846895	0.493667	0.28753	0.163263	0.0555409	2.105488	1.28138
9984	-3894.849	-4157.297	262.448	0.5846895	0.341386	0.37194	0.2141	0.0725739	2.152006	1.103161
9990	-3889.835	-4152.247	262.4114	0.5846895	0.477139	0.244708	0.20956	0.0685927	2.192934	1.099152
9996	-3900.466	-4162.788	262.3226	0.7395944	0.450238	0.382695	0.125868	0.041199	2.191876	1.029563
10002	-3886.03	-4148.412	262.3815	0.6441147	0.384511	0.350272	0.210806	0.0544105	2.176909	1.083877
10008	-3891.318	-4153.782	262.4645	0.5965652	0.396506	0.361199	0.217382	0.0249122	2.314888	0.9122475
10014	-3882.616	-4145.224	262.6081	0.5005087	0.432631	0.308697	0.237188	0.0214847	2.30044	0.8777072
10020	-3894.481	-4157.011	262.5303	0.5486508	0.333159	0.465687	0.182652	0.0185016	2.30044	0.9106042
10026	-3883.666	-4146.201	262.535	0.5486508	0.37253	0.358635	0.248242	0.0205925	2.347653	0.8504068
10032	-3902.349	-4164.898	262.5493	0.5486508	0.499859	0.329732	0.112705	0.0577042	2.419753	0.7328
10038	-3891.344	-4153.964	262.6198	0.4713917	0.458356	0.385384	0.103347	0.052913	2.442971	0.7061006
10044	-3891.496	-4154.097	262.6019	0.5294675	0.438887	0.318218	0.199204	0.0436912	2.410562	0.6931184
10050	-3902.698	-4165.352	262.654	0.4647965	0.407574	0.32148	0.201246	0.0696999	2.358532	0.791456
10056	-3893.222	-4155.939	262.7175	0.46789	0.383955	0.324434	0.22127	0.0703403	2.332683	0.7323168
10062	-3890.335	-4152.779	262.4432	0.6902054	0.383955	0.324434	0.22127	0.0703403	2.377361	0.7323168
10068	-3881.966	-4144.336	262.3703	0.683701	0.369385	0.338643	0.224301	0.0676711	2.463611	0.7219966
10074	-3885.4	-4147.861	262.4608	0.5989048	0.363998	0.341535	0.226217	0.0682491	2.463611	0.7205473
10080	-3903.598	-4166.079	262.481	0.6626448	0.377043	0.353775	0.198487	0.070695	2.294595	0.8350417
10086	-3899.754	-4162.297	262.5427	0.5887892	0.467166	0.311873	0.145773	0.0751882	2.231128	0.9272544
10092	-3893.369	-4155.846	262.4769	0.6512337	0.452083	0.301804	0.141066	0.105048	2.231128	0.9272544
10098	-3883.439	-4145.882	262.4432	0.6855005	0.432702	0.305881	0.160872	0.100544	2.228471	0.9272544
10104	-3897.494	-4159.925	262.431	0.6266794	0.473909	0.315512	0.16718	0.0433987	2.175971	1.055513
10110	-3886.088	-4148.335	262.2477	0.6330641	0.450767	0.21862	0.223109	0.107503	2.0265	1.336607
10116	-3888.499	-4150.853	262.3536	0.5159859	0.381181	0.354878	0.191123	0.0728185	1.952065	1.407526
10122	-3880.021	-4142.342	262.3208	0.5164593	0.394503	0.36728	0.162854	0.0753634	2.081331	1.33118
10128	-3899.715	-4161.693	261.978	0.7895696	0.446245	0.255801	0.184214	0.11374	2.026082	1.418793
10134	-3914.541	-4175.844	261.3036	0.9089922	0.509764	0.160512	0.202494	0.12723	1.745819	2.007757
10140	-3896.774	-4158.843	262.0698	0.5944382	0.406772	0.355277	0.181302	0.0566484	1.993427	1.529997
10146	-3891.423	-4153.747	262.324	0.6521004	0.370365	0.433949	0.0712967	0.12439	2.07456	1.217781
10152	-3895.413	-4157.605	262.1921	0.6287588	0.378886	0.42434	0.104112	0.0926624	2.136238	1.296614
10158	-3891.091	-4153.474	262.3834	0.4996119	0.439402	0.371701	0.0999445	0.0889532	1.999652	1.359755
10164	-3879.953	-4141.935	261.982	0.7365367	0.408912	0.345909	0.162399	0.0827808	1.932962	1.528514
10170	-3896.599	-4158.624	262.0256	0.5624813	0.398559	0.337151	0.183605	0.080685	1.898956	1.65533
10176	-3898.619	-4160.902	262.2832	0.4331139	0.386318	0.326795	0.20868	0.0782067	1.991131	1.492508
10182	-3907.212	-4168.166	260.9545	0.7722921	0.539789	0.203066	0.235579	0.0215659	1.600404	2.419319
10188	-3898.122	-4159.511	261.3886	0.5155088	0.478971	0.318271	0.185741	0.0170179	1.664811	2.273651
10194	-3898.214	-4159.308	261.0942	0.7709159	0.588764	0.189383	0.1574	0.0644523	1.691332	2.273651
10200	-3883.882	-4145.268	261.3862	0.687722	0.567494	0.182542	0.151714	0.0982499	1.758495	2.097829
10206	-3879.035	-4140.5	261.4658	0.8037251	0.43208	0.3764	0.116714	0.0748058	1.796366	1.938305
10212	-3891.487	-4153.037	261.5496	0.647322	0.43208	0.3764	0.116714	0.0748058	1.740895	2.029797
10218	-3886.18	-4147.993	261.8134	0.6314126	0.431938	0.33923	0.164724	0.0641072	1.686704	1.900532
10224	-3890.426	-4152.065	261.6386	0.5915754	0.459374	0.238388	0.232211	0.0700269	1.704949	2.033592
10230	-3884.423	-4145.794	261.3712	0.7748545	0.47163	0.271566	0.182286	0.0745181	1.78244	2.031126
10236	-3902.364	-4164.128	261.7647	0.7644563	0.46403	0.26719	0.178588	0.0901914	1.817261	1.747127
10242	-3894.804	-4156.693	261.8898	0.7355579	0.46403	0.26719	0.178588	0.0901914	1.818323	1.679593
10248	-3899.689	-4161.484	261.7943	0.7640709	0.490713	0.25567	0.17588	0.0777368	1.883733	1.679593
10254	-3887.678	-4149.534	261.8559	0.7640709	0.423554	0.320703	0.220618	0.0351257	1.9317	1.600767
10260	-3892.363	-4154.466	262.1022	0.6248045	0.469184	0.243463	0.236046	0.0513068	2.00226	1.475166
10266	-3894.113	-4156.089	261.976	0.5993581	0.539926	0.249772	0.157665	0.0526364	1.927135	1.643148
10272	-3908.431	-4170.739	262.3076	0.4623945	0.379929	0.28544	0.274478	0.0601529	1.999493	1.446969
10278	-3899.839	-4161.997	262.1572	0.5629128	0.363506	0.358163	0.262614	0.0157172	2.043165	1.451568
10284	-3900.406	-4162.609	262.2034	0.6570083	0.356784	0.359617	0.263679	0.0199201	2.053947	1.329796
10290	-3906.023	-4168.382	262.3585	0.4961079	0.37228	0.331158	0.275132	0.0214307	2.065723	1.329796
10296	-3896.493	-4158.564	262.0708	0.7379869	0.417623	0.289088	0.185101	0.108188	2.133393	1.303574
10302	-3894.901	-4157	262.0991	0.7517577	0.456755	0.32703	0.150881	0.0653351	2.151465	1.253538
10308	-3901.84	-4164.053	262.2132	0.6687429	0.480467	0.320896	0.158713	0.0399236	2.086798	1.285254
10314	-3893.061	-4155.333	262.2725	0.7034827	0.402513	0.36725	0.115208	0.115028	2.032082	1.251037
10320	-3887.932	-4150.017	262.084	0.7034827	0.42886	0.39129	0.12275	0.0571002	2.005508	1.422944
10326	-3884.508	-4146.728	262.2203	0.6370623	0.429864	0.392206	0.123037	0.0548928	2.037646	1.346162
10332	-3890.935	-4153.155	262.2199	0.6245563	0.381333	0.329275	0.243307	0.0460852	2.030691	1.362514
10338	-3896.269	-4158.703	262.4343	0.6165472	0.506384	0.314179	0.122353	0.0570848	2.097924	1.134193
10344	-3878.92	-4141.186	262.2653	0.6902048	0.44747	0.283536	0.204749	0.064245	2.189036	1.134193
10350	-3891.001	-4153.51	262.5093	0.5076136	0.32952	0.467471	0.130966	0.0720427	2.165179	1.107459
10356	-3905.595	-4168.032	262.4369	0.5956795	0.311767	0.47235	0.147723	0.0681612	2.22	1.039011
10362	-3915.648	-4178.133	262.4843	0.6209305	0.435946	0.273303	0.206562	0.084189	2.22	0.9651867
10368	-3902.748	-4165.271	262.5225	0.5525865	0.343309	0.410158	0.188084	0.0584488	2.22	0.9989738
10374	-3905.565	-4167.15	261.5851	0.7038844	0.494771	0.328947	0.108203	0.0680785	1.881854	1.870855
10380	-3893.337	-4155.206	261.8682	0.7038844	0.398716	0.429388	0.0925077	0.0793884	1.881854	1.673624
10386	-3894.05	-4156.055	262.005	0.7038844	0.37248	0.401133	0.152223	0.0741645	1.849045	1.598697
10392	-3904.63	-4166.648	262.0182	0.7106135	0.30189	0.430296	0.174616	0.0931983	1.929221	1.524774
10398	-3911.391	-4173.167	261.7764	0.7694865	0.346039	0.378537	0.230268	0.0451564	1.969881	1.626561
10404	-3890.332	-4150.417	260.0854	0.8434873	0.485849	0.253258	0.185661	0.0752316	1.443497	3.003136
10410	-3907.247	-4168.984	261.7374	0.5007729	0.391461	0.395626	0.177054	0.0358579	1.740569	2.006187
10416	-3905.083	-4166.206	261.1226	0.6220171	0.465058	0.260247	0.222428	0.0522666	1.709375	2.344487
10422	-3901.74	-4162.403	260.6631	0.7945673	0.443775	0.316878	0.212248	0.0270983	1.703827	2.52248
10428	-3896.381	-4157.196	260.815	0.6795538	0.401802	0.286907	0.289604	0.0216873	1.673368	2.52248
10434	-3902.553	-4163.632	261.0788	0.8548239	0.582627	0.248054	0.145646	0.023673	1.672648	2.2392
10440	-3901.559	-4161.914	260.3546	0.8995079	0.409612	0.292207	0.184231	0.113949	1.55058	2.74024
10446	-3895.72	-4155.389	259.6683	0.8506103	0.519445	0.264179	0.16656	0.0498171	1.491918	3.218381
10452	-3889.961	-4150.158	260.1963	0.6211	0.563452	0.227105	0.169235	0.0402083	1.545709	3.015864
10458	-3904.117	-4164.115	259.9974	0.6958048	0.449394	0.353898	0.0812421	0.115465	1.566527	3.075127
10464	-3893.737	-4154.444	260.707	0.6926472	0.445432	0.378051	0.0715159	0.105001	1.579182	2.639275
10470	-3897.302	-4157.51	260.2074	0.6291458	0.567309	0.249129	0.106729	0.0768327	1.533289	3.011571
10476	-3889.699	-4150.127	260.4276	0.6536434	0.480574	0.296077	0.179508	0.0438412	1.457528	2.909112
10482	-3886.897	-4147.392	260.495	0.7510237	0.481883	0.296883	0.168665	0.0525695	1.633076	2.698505
10488	-3897.782	-4158.959	261.1769	0.7027714	0.481987	0.283125	0.0808511	0.154037	1.718754	2.24919
10494	-3906.577	-4168.014	261.4365	0.7842029	0.451475	0.238967	0.200172	0.109386	1.682575	2.047502
10500	-3911.443	-4172.026	260.5828	0.6124196	0.37575	0.410526	0.142437	0.0712865	1.570085	2.773064
10506	-3905.593	-4166.102	260.5091	0.6379749	0.384167	0.274749	0.286794	0.0542896	1.570085	2.801556
10512	-3886.833	-4146.881	260.0479	0.8002755	0.413786	0.295931	0.231808	0.0584752	1.510034	3.012768
10518	-3887.271	-4147.749	260.478	0.693662	0.493164	0.172339	0.276277	0.0582202	1.578288	2.779553
10524	-3894.167	-4154.564	260.3968	0.7853577	0.489289	0.266301	0.191832	0.052578	1.562687	2.779553
10530	-3886.58	-4147.586	261.0066	0.7395095	0.471624	0.268943	0.172	0.0874337	1.579341	2.421533
10536	-3898.087	-4158.672	260.5852	0.7988485	0.454084	0.258941	0.165603	0.121372	1.532765	2.673821
10542	-3875.488	-4136.034	260.5465	0.7920328	0.395059	0.292264	0.207081	0.105596	1.629592	2.642444
10548	-3892.939	-4154.211	261.2723	0.6772932	0.504513	0.194236	0.197557	0.103694	1.611331	2.274254
10554	-3882.244	-4143.64	261.3964	0.7974181	0.504513	0.194236	0.197557	0.103694	1.747024	2.022202
10560	-3887.479	-4148.504	261.025	0.8245717	0.509336	0.186533	0.199446	0.104686	1.780728	2.224485
10566	-3907.821	-4169.533	261.7119	0.7420377	0.439218	0.29852	0.171989	0.090274	1.757651	1.841485
10572	-3889.458	-4151.032	261.5737	0.8100306	0.458731	0.248251	0.212326	0.0806922	1.824298	1.841485
10578	-3900.567	-4162.434	261.8669	0.4949985	0.481579	0.211905	0.250106	0.05641	1.856752	1.844087
10584	-3885.202	-4147.235	262.0327	0.6624993	0.368634	0.413601	0.174585	0.0431802	1.898506	1.574401
10590	-3891.619	-4153.406	261.7871	0.7657402	0.368634	0.413601	0.174585	0.0431802	1.857641	1.702006
10596	-3898.28	-4160.094	261.8135	0.7901634	0.446159	0.258459	0.243121	0.052261	1.904517	1.631297
10602	-3906.838	-4168.486	261.6485	0.8168347	0.340223	0.384164	0.185394	0.090219	1.795435	1.80497
10608	-3904.372	-4166.126	261.7543	0.8168347	0.484124	0.152024	0.247098	0.116754	1.81589	1.716787
10614	-3904.361	-4165.542	261.1812	0.7678482	0.483981	0.124657	0.265781	0.125581	1.760493	2.175033
10620	-3905.906	-4166.49	260.5839	0.8771076	0.454293	0.186036	0.271053	0.0886176	1.634042	2.561691
10626	-3895.767	-4156.72	260.953	0.6777567	0.437171	0.278306	0.151952	0.13257	1.617087	2.472558
10632	-3885.097	-4146.671	261.5737	0.7116587	0.452274	0.287921	0.19491	0.0648945	1.776178	1.94463
10638	-3892.728	-4154.08	261.352	0.826833	0.414136	0.287856	0.23628	0.0617286	1.770721	2.015483
10644	-3897.954	-4159.418	261.4634	0.826833	0.56518	0.223573	0.163303	0.0479437	1.863902	1.87784
10650	-3904.313	-4166.173	261.8595	0.7045197	0.547694	0.216656	0.126112	0.109537	1.869572	1.688043
10656	-3896.524	-4158.479	261.9547	0.7045197	0.555723	0.219833	0.127961	0.0964829	1.927486	1.577657
10662	-3881.751	-4144.024	262.2733	0.7203973	0.467957	0.317697	0.171592	0.0427543	2.336708	0.9536459
10668	-3904.737	-4166.948	262.2119	0.7100316	0.457231	0.305672	0.167658	0.0694394	2.219974	1.13544
10674	-3891.025	-4153.261	262.2357	0.7165434	0.46312	0.309609	0.169818	0.0574529	2.248834	1.081196
10680	-3891.842	-4154.106	262.264	0.6437975	0.447558	0.332808	0.164111	0.0555223	2.126574	1.231954
10686	-3900.826	-4162.953	262.1276	0.7152194	0.442205	0.328828	0.174109	0.0548583	2.08786	1.313938
10692	-3902.819	-4164.971	262.1521	0.6963867	0.401552	0.391532	0.123967	0.0829488	2.225374	1.195767
10698	-3894.74	-4156.977	262.2366	0.605112	0.439252	0.310751	0.184163	0.0658348	2.121408	1.292743
10704	-3906.463	-4168.606	262.1428	0.605112	0.425646	0.337052	0.17481	0.0624916	1.998964	1.462586
10710	-3893.895	-4156.39	262.4954	0.5125518	0.333121	0.423732	0.192597	0.0505494	2.076666	1.193652
10716	-3896.342	-4158.645	262.3031	0.5973688	0.404996	0.299396	0.234152	0.061456	2.184348	1.191154
10722	-3888.844	-4151.177	262.3327	0.5690796	0.458336	0.216046	0.264991	0.0606279	2.184348	1.191154
10728	-3893.406	-4155.922	262.5163	0.4920766	0.3904	0.350003	0.225713	0.0338832	2.140508	1.137295
10734	-3891.867	-4154.231	262.365	0.5121568	0.441547	0.322405	0.207916	0.0281318	2.197301	1.202368
10740	-3889.755	-4151.915	262.1608	0.7589944	0.443119	0.323552	0.208656	0.0246729	2.142725	1.202368
10746	-3903.359	-4165.757	262.3984	0.6166194	0.367111	0.345885	0.246456	0.0405479	2.161407	1.109255
10752	-3889.481	-4151.732	262.2508	0.6108614	0.455163	0.295792	0.210763	0.0382826	2.175732	1.230994
10758	-3893.657	-4155.97	262.3139	0.6331496	0.375769	0.398046	0.162836	0.06335	2.097285	1.224077
10764	-3880.644	-4142.87	262.2261	0.6373099	0.420072	0.332014	0.147521	0.100394	2.054505	1.327873
10770	-3879.943	-4142.102	262.1592	0.6592038	0.418845	0.331044	0.15001	0.100101	2.008869	1.398459
10776	-3898.884	-4161.217	262.3323	0.5984202	0.328662	0.410677	0.170686	0.0899752	1.981741	1.333931
10782	-3884.064	-4146.531	262.4669	0.5799265	0.434267	0.408315	0.10308	0.0543375	2.126686	1.1135
10788	-3886.165	-4148.434	262.2686	0.5262314	0.312416	0.381412	0.212684	0.0934882	2.102114	1.348355
10794	-3892.103	-4154.644	262.5404	0.3859987	0.408161	0.361943	0.201828	0.0280691	2.128882	1.210637
10800	-3888.614	-4150.702	262.0876	0.6267074	0.407695	0.36153	0.201597	0.0291783	2.128882	1.387476
10806	-3911.333	-4173.802	262.4686	0.557716	0.422435	0.316864	0.176691	0.08401	2.320369	0.9456856
10812	-3899.631	-4161.27	261.6387	0.6455052	0.423204	0.148646	0.390524	0.0376256	1.84481	1.901644
10818	-3891.029	-4153.017	261.9884	0.6455052	0.482922	0.216208	0.260356	0.0405149	1.877489	1.634912
10824	-3895.849	-4157.377	261.5274	0.6080174	0.501788	0.307445	0.152045	0.0387228	1.669188	2.119027
10830	-3902.596	-4164.28	261.6838	0.5358862	0.502195	0.307695	0.152168	0.0379413	1.572023	2.129343
10836	-3902.903	-4164.339	261.436	0.5713882	0.465706	0.287972	0.19323	0.0530921	1.828755	2.099437
10842	-3894.436	-4155.438	261.0018	0.6703751	0.556442	0.135331	0.262	0.0462271	1.641172	2.431703
10848	-3882.798	-4144.155	261.3569	0.7350994	0.51163	0.229577	0.230222	0.0285706	1.715891	2.112046
10854	-3877.231	-4138.512	261.2813	0.7561891	0.48338	0.172141	0.264568	0.0799107	1.763009	2.116101
10860	-3901.915	-4162.768	260.8527	1.043836	0.470357	0.242306	0.203843	0.0834934	1.678618	2.257611
10866	-3892.676	-4154.369	261.6923	0.5883393	0.479123	0.229634	0.20558	0.0856632	1.679101	2.017338
10872	-3878.637	-4139.867	261.2306	0.7761549	0.479899	0.230005	0.205912	0.0841837	1.747287	2.145793
10878	-3874.747	-4136.635	261.8886	0.7761549	0.517606	0.228351	0.164202	0.0898413	1.950255	1.553906
10884	-3876.952	-4138.931	261.9786	0.7112016	0.453536	0.334331	0.169339	0.0427938	1.924871	1.55689
10890	-3879.807	-4141.431	261.6246	0.7602582	0.479828	0.221194	0.206658	0.0923203	1.93621	1.764986
10896	-3902.938	-4164.869	261.9302	0.7570443	0.379279	0.334167	0.193773	0.0927813	1.903906	1.572218
10902	-3909.8	-4171.768	261.9677	0.7570443	0.332352	0.32847	0.201566	0.137612	1.866458	1.572218
10908	-3912.625	-4174.611	261.9865	0.6401165	0.503006	0.244512	0.150045	0.102438	1.981982	1.564456
10914	-3895.172	-4157.004	261.8323	0.820335	0.559718	0.27208	0.0542153	0.113987	1.895514	1.6013
10920	-3889.145	-4150.912	261.7662	0.8352482	0.46657	0.32994	0.0451928	0.158297	1.854705	1.66715
10926	-3892.678	-4154.528	261.8508	0.7755442	0.44084	0.370263	0.0269691	0.161928	1.854705	1.651365
10932	-3900.89	-4161.918	261.0274	0.885131	0.444596	0.23261	0.292189	0.0306045	1.764314	2.193002
10938	-3906.124	-4167.395	261.2709	0.8669869	0.515889	0.252349	0.145303	0.0864597	1.764016	2.046104
10944	-3909.818	-4171.672	261.8544	0.8210412	0.43944	0.340305	0.183455	0.0368003	1.812758	1.644605
10950	-3898.589	-4160.845	262.2561	0.6190893	0.432146	0.334656	0.176274	0.0569242	2.071248	1.305705
10956	-3915.931	-4178.44	262.5084	0.4772671	0.430862	0.335413	0.176673	0.057053	2.071248	1.217018
10962	-3920.474	-4183.037	262.563	0.452488	0.328891	0.349932	0.261654	0.0595227	2.033158	1.223139
10968	-3906.996	-4169.196	262.1999	0.4653714	0.376678	0.335107	0.198519	0.089696	1.886142	1.609268
10974	-3899.364	-4161.08	261.7151	0.7121485	0.365459	0.399214	0.148303	0.0870244	1.886142	1.772277
10980	-3913.112	-4173.21	260.0981	0.6395326	0.445895	0.251045	0.229701	0.0733588	1.410469	3.143633
10986	-3911.721	-4171.881	260.1597	0.8575428	0.572052	0.21486	0.132701	0.0803861	1.443161	2.949904
10992	-3914.755	-4176.489	261.7331	0.7033271	0.381106	0.36415	0.200159	0.0545848	1.915679	1.74558
10998	-3921.755	-4183.467	261.7123	0.9013555	0.374951	0.358268	0.196926	0.0698551	1.850018	1.660202
11004	-3901.653	-4161.899	260.246	0.6360837	0.456806	0.281673	0.211404	0.050117	1.538781	2.980739
11010	-3897.338	-4157.355	260.0167	0.9269231	0.449915	0.277424	0.208215	0.0644455	1.532411	2.939355
11016	-3898.01	-4158.273	260.2632	0.7020462	0.449915	0.277424	0.208215	0.0644455	1.424879	2.996869
11022	-3893.419	-4153.21	259.7909	0.7270019	0.524669	0.157367	0.24281	0.0751532	1.415103	3.267987
11028	-3879.879	-4141.116	261.237	0.7125389	0.405965	0.238131	0.319541	0.0363626	1.628804	2.261712
11034	-3883.592	-4144.708	261.1166	0.7317667	0.578842	0.162299	0.217784	0.0410756	1.778616	2.229726
11040	-3876.067	-4137.876	261.8095	0.7882964	0.508438	0.233621	0.170352	0.0875891	1.963837	1.592581
11046	-3890.535	-4152.266	261.7316	0.7224607	0.538139	0.190878	0.180304	0.0906797	1.889018	1.751158
11052	-3904.714	-4166.019	261.3048	0.6910605	0.505715	0.209444	0.166371	0.11847	1.771338	2.140371
11058	-3902.341	-4163.788	261.4471	0.7245143	0.466637	0.278995	0.153515	0.100853	1.771338	2.023378
11064	-3892.456	-4153.967	261.5114	0.7578677	0.58172	0.158653	0.226982	0.0326442	1.742303	1.976395
11070	-3901.199	-4163.063	261.8644	0.7167994	0.374146	0.315597	0.235284	0.0749729	1.81819	1.711754
11076	-3887.246	-4148.954	261.7079	0.724727	0.461466	0.242797	0.18101	0.114727	1.878368	1.773445
11082	-3893.898	-4155.748	261.8502	0.6124958	0.377916	0.393119	0.177266	0.0516998	1.816771	1.799845
11088	-3885.691	-4147.484	261.7932	0.8320606	0.583828	0.171038	0.197606	0.0475282	1.921979	1.601657
11094	-3889.201	-4150.945	261.7447	0.8014367	0.46082	0.219878	0.281787	0.0375144	1.865819	1.699641
11100	-3882.831	-4144.503	261.6715	0.8071147	0.507225	0.240091	0.179155	0.0735296	1.865819	1.747051
11106	-3874.149	-4135.732	261.5827	0.9035844	0.536015	0.176222	0.189323	0.0984398	1.84168	1.756053
11112	-3879.918	-4141.785	261.8679	0.6712138	0.446453	0.292722	0.20072	0.0601055	1.799935	1.756053
11118	-3892.08	-4153.761	261.6813	0.6757411	0.535737	0.151277	0.240861	0.0721257	1.878707	1.827504
11124	-3912.629	-4174.137	261.5074	0.7028651	0.465348	0.319953	0.151229	0.0634697	1.892755	1.917003
11130	-3923.612	-4183.935	260.3233	0.9020745	0.435256	0.297026	0.206255	0.0614628	1.471591	2.805957
11136	-3909.009	-4169.047	260.0381	0.908348	0.431232	0.294279	0.204348	0.0701409	1.555522	2.923948
11142	-3908.977	-4170.557	261.5796	0.8781123	0.383114	0.316117	0.176114	0.124655	1.92613	1.717388
11148	-3904.195	-4165.592	261.3971	0.7919776	0.411778	0.339769	0.189291	0.0591614	1.925027	1.906105
11154	-3892.173	-4153.021	260.8479	0.8614247	0.464802	0.288578	0.214917	0.0317026	1.787838	2.309014
11160	-3890.217	-4151.606	261.3891	0.6947171	0.428021	0.311514	0.194089	0.0663766	1.779371	2.077268
11166	-3909.278	-4171.011	261.7325	0.7608512	0.441133	0.321057	0.169401	0.06841	1.834194	1.760465
11172	-3904.774	-4166.313	261.5381	0.7797	0.454941	0.286853	0.174703	0.0835033	1.793937	1.908143
11178	-3904.657	-4166.142	261.4846	0.7518991	0.475508	0.299664	0.211492	0.0133361	1.876701	1.908143
11184	-3907.514	-4169.185	261.6711	0.6307383	0.321741	0.331538	0.337697	0.00902355	1.876701	1.868524
11190	-3902.85	-4164.263	261.4128	0.7437369	0.474771	0.245153	0.249707	0.0303689	1.924502	1.930248
11196	-3908.273	-4169.721	261.4484	0.7630518	0.498828	0.23627	0.232995	0.0319077	1.775053	1.992975
11202	-3899.607	-4161.147	261.5396	0.7471852	0.459027	0.302672	0.214054	0.0242468	1.757868	1.954582
11208	-3901.876	-4163.062	261.1858	0.8552263	0.446364	0.284107	0.263957	0.00557249	1.74674	2.121429
11214	-3914.261	-4175.293	261.0321	0.8552263	0.412261	0.30802	0.259602	0.0201181	1.74674	2.221301
11220	-3904.767	-4166.09	261.3226	0.7445471	0.392998	0.293627	0.220133	0.0932418	1.735476	2.115129
11226	-3911.732	-4173.23	261.4982	0.7445471	0.383643	0.286638	0.214894	0.114825	1.795125	1.95928
11232	-3902.076	-4163.622	261.5455	0.7753681	0.41817	0.204488	0.360182	0.0171608	1.872598	1.852637
11238	-3902.587	-4164.136	261.5494	0.6860565	0.488043	0.228272	0.266296	0.0173889	1.762978	1.987928
11244	-3908.029	-4169.78	261.751	0.7214796	0.365163	0.394511	0.157981	0.0823443	1.943122	1.7001
11250	-3896.931	-4158.142	261.2108	0.7985097	0.574921	0.115723	0.239614	0.0697421	1.722774	2.159332
11256	-3886.515	-4147.573	261.0582	0.9042032	0.470172	0.273821	0.187604	0.0684032	1.726191	2.185014
11262	-3904.576	-4165.765	261.1885	0.616222	0.445195	0.21747	0.271264	0.0660706	1.716977	2.301547
11268	-3904.829	-4166.524	261.6953	0.7570081	0.441734	0.215779	0.27693	0.065557	1.708714	1.87551
11274	-3896.035	-4157.431	261.3955	0.7570081	0.465975	0.227621	0.190656	0.115748	1.733125	2.060136
11280	-3881.415	-4142.35	260.9357	0.7618074	0.510959	0.224226	0.187813	0.0770019	1.711992	2.367611
11286	-3884.181	-4145.7	261.5194	0.7229793	0.484913	0.229646	0.238114	0.0473268	1.758708	1.984715
11292	-3888.689	-4150.508	261.8191	0.7069125	0.433936	0.296897	0.213082	0.0560853	1.847276	1.730585
11298	-3878.685	-4140.288	261.6031	0.811257	0.395447	0.317496	0.227244	0.059813	1.901357	1.766951
11304	-3872.209	-4134.247	262.0385	0.6083675	0.432593	0.34732	0.166656	0.0534304	1.998932	1.538262
11310	-3891.524	-4153.176	261.6522	0.6055264	0.409051	0.335451	0.204976	0.0505227	1.826634	1.933362
11316	-3891.449	-4152.901	261.452	0.7545906	0.470279	0.25115	0.235657	0.0429142	1.834313	1.95682
11322	-3896.537	-4158.054	261.5169	0.7570661	0.449839	0.24781	0.265826	0.0365244	1.766857	1.95682
11328	-3887.291	-4148.83	261.5394	0.5315031	0.423137	0.336542	0.208718	0.0316034	1.782711	2.088784
11334	-3889.305	-4150.872	261.5675	0.4198271	0.40854	0.333494	0.206827	0.0511387	1.732691	2.173462
11340	-3892.023	-4153.144	261.1216	0.5993397	0.367426	0.356116	0.230465	0.0459923	1.721583	2.352578
11346	-3875.299	-4136.515	261.2161	0.7316162	0.435595	0.19406	0.308734	0.0616117	1.669718	2.235882
11352	-3883.517	-4144.392	260.8743	0.7298219	0.397325	0.257793	0.281609	0.0632725	1.593847	2.501853
11358	-3878.843	-4139.942	261.0991	0.7315579	0.429905	0.212539	0.29619	0.0613665	1.609257	2.349405
11364	-3880.46	-4141.52	261.0597	0.6503738	0.441969	0.315126	0.160346	0.0825585	1.734577	2.349405
11370	-3887.55	-4148.892	261.3423	0.6720677	0.426325	0.417374	0.108856	0.0474451	1.816282	2.099548
11376	-3877.645	-4139.52	261.8747	0.5779579	0.474091	0.320121	0.169398	0.0363898	1.854729	1.781658
11382	-3895.104	-4157.183	262.0789	0.6807495	0.45727	0.367083	0.128472	0.0471748	1.912321	1.515768
11388	-3885.331	-4147.205	261.8736	0.8107418	0.450262	0.282446	0.144895	0.122397	1.980486	1.515768
11394	-3907.396	-4169.807	262.4113	0.6443791	0.31943	0.391936	0.201063	0.0875709	1.997884	1.215774
11400	-3891.274	-4152.741	261.4665	0.6761722	0.481304	0.307154	0.17751	0.034033	1.790165	2.031999
11406	-3902.098	-4163.526	261.4279	0.6954019	0.390665	0.348278	0.213309	0.0477478	1.723146	2.088261
11412	-3896.943	-4157.898	260.955	0.6816158	0.384669	0.342932	0.225218	0.0471808	1.639844	2.454464
11418	-3909.471	-4170.791	261.3206	0.6218234	0.441676	0.252823	0.26845	0.0370512	1.714439	2.214546
11424	-3900.705	-4162.03	261.3249	0.6414783	0.578739	0.229373	0.147721	0.0441678	1.700477	2.207393
11430	-3894.38	-4155.731	261.3514	0.6414783	0.483755	0.171582	0.317652	0.0270107	1.82689	2.107915
11436	-3886.791	-4148.056	261.2651	0.6746395	0.401661	0.325546	0.251415	0.0213783	1.785041	2.168624
11442	-3884.079	-4144.687	260.6077	0.7593342	0.448161	0.289432	0.223524	0.0388832	1.637212	2.621195
11448	-3886.622	-4148.09	261.4681	0.7709889	0.505344	0.222328	0.218795	0.0535332	1.767476	1.979259
11454	-3893.356	-4154.55	261.1942	0.6628265	0.454045	0.305213	0.196584	0.0441573	1.791268	2.218617
11460	-3888.825	-4149.951	261.1256	0.7450762	0.454045	0.305213	0.196584	0.0441573	1.772737	2.218617
11466	-3881.988	-4143.456	261.4683	0.6752498	0.515608	0.262338	0.171909	0.0501445	1.798852	2.025668
11472	-3883.574	-4144.498	260.9236	0.886009	0.477454	0.316662	0.145357	0.0605281	1.725634	2.284146
11478	-3878.083	-4139.416	261.3327	0.7174148	0.373779	0.383373	0.175979	0.0668696	1.768004	2.106003
11484	-3883.588	-4145.392	261.8043	0.5570013	0.385704	0.303879	0.224942	0.085475	1.766667	1.905289
11490	-3882.908	-4144.154	261.2456	0.585474	0.451218	0.241769	0.250608	0.0564053	1.745562	2.267373
11496	-3895.687	-4156.465	260.7778	0.6846409	0.417985	0.281116	0.250257	0.0506425	1.826925	2.446262
11502	-3897.232	-4157.934	260.7021	0.6846409	0.311531	0.377374	0.243112	0.0679833	1.585654	2.643481
11508	-3889.569	-4150.667	261.0978	0.6980905	0.426059	0.217381	0.332487	0.0240724	1.827922	2.233033
11514	-3898.074	-4159.379	261.3049	0.6516551	0.475486	0.2426	0.189919	0.0919954	1.780648	2.16139
11520	-3903.099	-4164.642	261.5423	0.8653047	0.381626	0.392109	0.15243	0.0738358	1.87976	1.785172
11526	-3898.325	-4159.58	261.2545	0.8281894	0.474548	0.248796	0.189545	0.087111	1.845764	2.029465
11532	-3894.63	-4155.662	261.0321	0.9254622	0.454655	0.235346	0.204446	0.105553	1.827917	2.121656
11538	-3883.712	-4145.28	261.5681	0.6882181	0.458671	0.258049	0.224168	0.0591128	1.760649	1.975471
11544	-3883.53	-4144.999	261.4686	0.6842692	0.444208	0.249912	0.246555	0.0593249	1.951484	1.916831
11550	-3895.848	-4157.364	261.5156	0.7515794	0.448312	0.252221	0.247806	0.0516613	1.833269	1.916831
11556	-3886.662	-4148.113	261.4508	0.7232839	0.422239	0.280849	0.233394	0.0635176	1.83216	1.981266
11562	-3889.356	-4151.055	261.6993	0.6849159	0.443047	0.321558	0.185037	0.0503575	1.830151	1.841874
11568	-3897.944	-4159.609	261.665	0.7687076	0.415353	0.301458	0.262905	0.0202844	1.830151	1.804445
11574	-3895.267	-4156.921	261.6547	0.7687076	0.391001	0.283784	0.247491	0.0777247	1.819938	1.818605
11580	-3897.969	-4159.385	261.4158	0.7238455	0.384853	0.262192	0.279374	0.0735801	1.71652	2.080756
11586	-3904.056	-4165.395	261.3399	0.776071	0.392277	0.26725	0.240954	0.0995187	1.729021	2.08623
11592	-3889.581	-4151.696	262.1144	0.6461899	0.444341	0.347428	0.168091	0.0401405	2.009776	1.442979
11598	-3885.05	-4147.16	262.1103	0.7190905	0.539986	0.194408	0.23802	0.0275857	1.931633	1.446775
11604	-3895.509	-4157.565	262.0567	0.6935889	0.419991	0.24512	0.300108	0.0347815	1.957336	1.488415
11610	-3906.009	-4167.734	261.7242	0.739866	0.471375	0.21262	0.279394	0.0366112	1.777122	1.821214
11616	-3908.84	-4170.534	261.694	0.828118	0.457848	0.215222	0.282814	0.0441162	1.739081	1.804297
11622	-3904.462	-4166.013	261.5505	0.6798991	0.405212	0.396573	0.160957	0.0372581	1.741472	2.005907
11628	-3906.679	-4167.358	260.6789	0.6170236	0.411599	0.237554	0.316753	0.0340941	1.623504	2.678522
11634	-3892.139	-4153.018	260.8796	0.6408395	0.418606	0.276586	0.231863	0.072945	1.58734	2.561303
11640	-3874.174	-4135.446	261.2718	0.7496143	0.532519	0.232581	0.178685	0.056215	1.74007	2.141827
11646	-3881.937	-4143.316	261.3788	0.7607412	0.450307	0.321056	0.158135	0.0705018	1.785479	2.033962
11652	-3892.168	-4153.652	261.4842	0.6818566	0.469408	0.335235	0.163991	0.0313661	1.763506	2.033962
11658	-3889.89	-4151.478	261.588	0.7782151	0.489414	0.266641	0.182142	0.0618031	1.770343	1.891365
11664	-3887.248	-4148.207	260.9588	0.7782151	0.50316	0.209307	0.223994	0.063539	1.792225	2.290824
11670	-3891.351	-4152.696	261.345	0.8617593	0.448857	0.160596	0.304244	0.0863033	1.794901	1.979869
11676	-3879.469	-4140.958	261.4884	0.7496981	0.47623	0.142261	0.256625	0.124884	1.785642	1.968518
11682	-3875.52	-4137.294	261.7736	0.7816695	0.44783	0.193413	0.241321	0.117437	1.840574	1.711726
11688	-3875.132	-4136.803	261.6709	0.7814058	0.513708	0.170955	0.222174	0.0931627	1.79826	1.813182
11694	-3898.948	-4160.626	261.6779	0.7802867	0.486539	0.275656	0.173763	0.0640411	1.79237	1.813182
11700	-3888.051	-4149.445	261.3942	0.8295351	0.563218	0.150129	0.205611	0.0810422	1.820453	1.952191
11706	-3888.046	-4149.542	261.496	0.7152307	0.454142	0.278956	0.116317	0.150585	1.718962	2.032221
11712	-3888.582	-4149.425	260.8428	0.7318089	0.437263	0.253525	0.200286	0.108927	1.580127	2.528752
11718	-3891.228	-4152.753	261.5249	0.6108648	0.398931	0.359831	0.194448	0.0467901	1.662749	2.122928
11724	-3890.498	-4151.678	261.1803	0.7518792	0.400403	0.418849	0.126507	0.0542412	1.717661	2.214216
11730	-3899.119	-4160.27	261.1506	0.8062122	0.428317	0.324575	0.0888528	0.158256	1.753054	2.17353
11736	-3882.187	-4143.251	261.064	0.8359137	0.416254	0.234131	0.228745	0.12087	1.692053	2.248884
11742	-3896.657	-4157.145	260.4877	0.8335248	0.478386	0.145219	0.272183	0.104212	1.552318	2.699474
11748	-3883.141	-4143.876	260.735	0.7869813	0.482781	0.246332	0.217866	0.0530212	1.768579	2.441878
11754	-3883.3	-4144.463	261.1634	0.7675963	0.4717	0.246456	0.214708	0.0671363	1.708828	2.220122
11760	-3883.241	-4143.928	260.6869	0.6573781	0.429925	0.281699	0.219683	0.0686921	1.639704	2.637345
11766	-3874.412	-4135.564	261.1512	0.7496177	0.429925	0.281699	0.219683	0.0686921	1.612321	2.302086
11772	-3884.956	-4145.87	260.9134	0.5914228	0.47035	0.278505	0.190221	0.0609233	1.626579	2.548289
11778	-3881.054	-4142.523	261.4689	0.6500263	0.39038	0.415357	0.157879	0.036383	1.680294	2.121011
11784	-3899.862	-4161.115	261.2532	0.513009	0.450958	0.376283	0.153781	0.0189781	1.685665	2.348354
11790	-3882.755	-4144.247	261.4927	0.6574473	0.499622	0.281147	0.194574	0.0246561	1.780039	2.03452
11796	-3886.585	-4148.084	261.4998	0.6047042	0.398075	0.391278	0.176333	0.0343144	1.801887	2.052195
11802	-3894.248	-4155.875	261.6271	0.6446613	0.36811	0.371184	0.199494	0.0612129	1.788939	1.947824
11808	-3891.421	-4152.812	261.3908	0.6579618	0.42161	0.375991	0.139259	0.0631395	1.892117	2.027378
11814	-3903.246	-4165.324	262.0785	0.5889304	0.399138	0.402075	0.111554	0.0872331	1.925267	1.578069
11820	-3895.051	-4156.641	261.5896	0.8174489	0.515738	0.320668	0.0963762	0.0672176	1.778656	1.856549
11826	-3882.235	-4143.778	261.5437	0.8083748	0.460488	0.286316	0.19318	0.0600167	1.926966	1.792575
11832	-3881.182	-4143.193	262.0114	0.6888865	0.458246	0.28979	0.192239	0.0597245	1.995814	1.497303
11838	-3895.1	-4157.009	261.9092	0.6830441	0.476839	0.159934	0.236187	0.127039	1.988884	1.582685
11844	-3891.426	-4153.313	261.8875	0.7504415	0.486457	0.156994	0.231846	0.124703	1.953852	1.572037
11850	-3889.198	-4151.258	262.0598	0.5412552	0.466638	0.307597	0.169217	0.0565474	1.883621	1.65751
11856	-3879.055	-4140.572	261.5172	0.787825	0.484925	0.225268	0.238423	0.0513839	1.958893	1.803706
11862	-3883.679	-4145.886	262.2073	0.6593736	0.455135	0.287126	0.192245	0.0654938	1.999615	1.367893
11868	-3911.92	-4174.212	262.2921	0.5788423	0.336597	0.402576	0.187772	0.0730552	1.999615	1.367893
11874	-3896.868	-4159.475	262.6066	0.4671357	0.459769	0.323127	0.187003	0.0301	2.476181	0.6773408
11880	-3910.763	-4173.341	262.5784	0.4918846	0.432402	0.303893	0.211912	0.0517921	2.480329	0.6773408
11886	-3904.77	-4167.325	262.5552	0.5823592	0.425695	0.375475	0.147841	0.0509887	2.395542	0.7054787
11892	-3903.632	-4166.288	262.6563	0.5081478	0.333051	0.411328	0.133401	0.122221	2.291698	0.8204441
11898	-3907.809	-4170.358	262.5483	0.6183905	0.404603	0.322305	0.239724	0.0333681	2.331092	0.7583735
11904	-3905.385	-4167.876	262.4914	0.6167827	0.456495	0.363641	0.152741	0.0271235	2.314117	0.8577367
11910	-3904.56	-4166.805	262.245	0.730354	0.463947	0.239599	0.226816	0.0696382	1.942463	1.323533
11916	-3893.945	-4156.209	262.264	0.787003	0.480011	0.253436	0.178849	0.0877037	1.99737	1.213228
11922	-3889.583	-4151.906	262.3228	0.7137074	0.424728	0.309592	0.188077	0.0776028	2.132823	1.110531
11928	-3889.644	-4152.058	262.414	0.7081661	0.457167	0.256862	0.202441	0.0835297	2.020361	1.134969
11934	-3876.805	-4139.378	262.5732	0.5287661	0.432367	0.341991	0.19146	0.0341817	2.129341	1.061538
11940	-3893.29	-4155.771	262.4817	0.6234038	0.479329	0.278745	0.212255	0.0296711	2.122394	1.061538
11946	-3891.422	-4153.662	262.2403	0.5392409	0.388396	0.405527	0.18752	0.0185566	1.877199	1.532239
11952	-3897.165	-4159.239	262.0748	0.5977673	0.553817	0.166525	0.247072	0.0325853	1.884417	1.60379
11958	-3899.479	-4161.395	261.9157	0.685485	0.421455	0.190593	0.253307	0.134645	1.892546	1.645891
11964	-3878.272	-4140.95	262.6789	0.5043209	0.351421	0.416794	0.208088	0.0236968	2.236741	0.8649374
11970	-3882.97	-4145.558	262.5882	0.5477252	0.39725	0.391435	0.184528	0.0267872	2.291341	0.8553275
11976	-3888.399	-4150.994	262.5946	0.5325558	0.337166	0.427668	0.211492	0.0236733	2.336746	0.8099948
11982	-3886.261	-4148.836	262.5744	0.5307687	0.353347	0.375381	0.256576	0.0146968	2.37598	0.7869611
11988	-3892.002	-4154.686	262.684	0.4499917	0.430879	0.330931	0.226194	0.0119956	2.297815	0.8487639
11994	-3894.308	-4156.923	262.6149	0.5146993	0.437302	0.335865	0.207181	0.0196517	2.400064	0.714558
12000	-3889.088	-4150.322	261.2343	0.8044129	0.556107	0.16525	0.190858	0.0877852	1.774547	2.106165
12006	-3892.269	-4153.599	261.3305	0.7128823	0.546057	0.135648	0.244804	0.0734906	1.746447	2.12472
12012	-3904.566	-4167.201	262.6354	0.4387548	0.322794	0.421248	0.189677	0.066281	2.388933	0.8082507
12018	-3907.334	-4169.947	262.6135	0.4775339	0.344526	0.420582	0.202446	0.0324455	2.41304	0.7542017
12024	-3903.84	-4165.439	261.5982	0.590146	0.47695	0.280858	0.181472	0.0607209	1.818767	1.985708
12030	-3885.407	-4147.081	261.6748	0.623006	0.475644	0.248721	0.228377	0.0472571	1.734805	1.967529
12036	-3895.941	-4157.782	261.8411	0.623006	0.445784	0.290088	0.21404	0.0500882	1.914713	1.730157
12042	-3881.235	-4143.177	261.9418	0.6251678	0.458148	0.267427	0.219976	0.0544488	1.977159	1.61211
12048	-3880.301	-4142.006	261.7055	0.7421894	0.507202	0.205792	0.227544	0.0594621	2.023048	1.659994
12054	-3887.228	-4149.405	262.1772	0.7421894	0.397711	0.287874	0.253332	0.0610839	2.033674	1.294514
12060	-3896.233	-4158.622	262.3884	0.5667798	0.460114	0.333042	0.166737	0.0401072	2.030441	1.275776
12066	-3887.201	-4149.217	262.016	0.5790812	0.460393	0.333244	0.166838	0.0395249	2.042651	1.54524
12072	-3887.666	-4149.838	262.1724	0.5492616	0.401706	0.359975	0.204144	0.0341758	1.921894	1.541815
12078	-3893.62	-4155.848	262.2277	0.4471442	0.353642	0.423101	0.203781	0.0194769	1.958275	1.548724
12084	-3900.729	-4162.958	262.2294	0.5230054	0.353642	0.423101	0.203781	0.0194769	1.993824	1.465323
12090	-3914.404	-4176.556	262.1525	0.5342213	0.373995	0.402855	0.15987	0.063279	1.744163	1.695997
12096	-3891.824	-4153.907	262.0833	0.5083271	0.462982	0.333325	0.150123	0.0535695	1.839555	1.695997
12102	-3904.402	-4166.159	261.7563	0.8739762	0.492876	0.312768	0.144091	0.0502657	1.954503	1.573077
12108	-3889.02	-4151.044	262.0242	0.7500715	0.550256	0.266126	0.160865	0.0227525	1.975677	1.453868
12114	-3889.418	-4151.247	261.8294	0.6721087	0.391737	0.299101	0.243057	0.0661056	1.800807	1.781645
12120	-3901.894	-4163.675	261.7814	0.6343834	0.396153	0.316993	0.220004	0.0668508	1.888726	1.781645
12126	-3909.502	-4170.966	261.4635	0.8216155	0.420841	0.273133	0.246151	0.0598758	1.892417	1.862038
12132	-3911.713	-4173.789	262.0756	0.9005134	0.540908	0.13525	0.239346	0.0844956	1.860589	1.381983
12138	-3894.85	-4156.801	261.9515	0.8013276	0.404883	0.295183	0.174196	0.125739	1.835224	1.572832
12144	-3891.487	-4153.218	261.7312	0.7889505	0.557334	0.219566	0.129572	0.0935281	1.906351	1.689761
12150	-3892.897	-4153.536	260.6384	0.4803921	0.362852	0.357446	0.179598	0.100105	1.671557	2.759678
12156	-3897.976	-4158.337	260.3607	0.5951739	0.315508	0.443826	0.156164	0.0845028	1.572511	2.917279
12162	-3911.621	-4173.194	261.5727	0.7581563	0.551768	0.228623	0.168176	0.0514335	1.794773	1.899515
12168	-3890.697	-4151.736	261.0386	0.817534	0.395675	0.22227	0.262126	0.119929	1.816174	2.197601
12174	-3890.087	-4151.477	261.3908	0.8207802	0.493061	0.227722	0.169342	0.109875	1.768359	1.995451
12180	-3891.797	-4152.954	261.157	0.7389754	0.455191	0.275396	0.210587	0.0588255	1.748635	2.218076
12186	-3895.848	-4157.355	261.5066	0.5712103	0.403105	0.400876	0.143925	0.0520942	1.658699	2.164568
12192	-3903.234	-4163.675	260.4412	0.5712103	0.398008	0.395808	0.154749	0.0514355	1.609545	2.861358
12198	-3893.625	-4154.131	260.5055	0.8153582	0.49083	0.241398	0.188847	0.0789252	1.601542	2.669941
12204	-3904.92	-4165.932	261.0121	0.8387163	0.49083	0.241398	0.188847	0.0789252	1.807389	2.206085
12210	-3911.209	-4172.542	261.3334	0.7314815	0.440191	0.284779	0.247695	0.0273351	1.732512	2.11907
12216	-3916.457	-4177.362	260.9044	0.9104565	0.520527	0.319481	0.14409	0.0159015	1.653944	2.326159
12222	-3903.475	-4164.784	261.3093	0.7975354	0.324674	0.323418	0.28399	0.0679179	1.791176	2.050573
12228	-3885.536	-4146.623	261.0879	0.9835313	0.544794	0.238773	0.166918	0.0495147	1.727446	2.112402
12234	-3879.012	-4140.363	261.3502	0.8664688	0.400923	0.246453	0.302012	0.0506114	1.756112	1.999025
12240	-3893.256	-4155.051	261.7941	0.7091668	0.602742	0.165252	0.202505	0.029502	1.870348	1.730226
12246	-3882.407	-4144.155	261.7476	0.6698798	0.42184	0.231102	0.328439	0.0186195	1.776093	1.856741
12252	-3877.924	-4138.933	261.0098	0.8549829	0.555858	0.176002	0.244061	0.0240785	1.751985	2.232434
12258	-3894.116	-4154.996	260.8794	0.7091246	0.407075	0.346496	0.236245	0.0101833	1.698359	2.446916
12264	-3906.983	-4167.133	260.1509	0.5830553	0.476667	0.225695	0.239659	0.057979	1.472527	3.110623
12270	-3911.346	-4173.855	262.5091	0.6286586	0.384206	0.364264	0.192256	0.0592741	2.194452	0.9574861
12276	-3892.593	-4154.961	262.3687	0.5940665	0.394666	0.343532	0.181314	0.0804879	2.283001	1.045612
12282	-3895.113	-4157.48	262.3668	0.5940665	0.392395	0.359502	0.205254	0.0428488	2.283001	1.047431
12288	-3889.48	-4151.701	262.2216	0.681269	0.4471	0.327135	0.186774	0.038991	2.333162	1.050266
12294	-3896.525	-4158.742	262.2176	0.6798937	0.341383	0.314837	0.179753	0.164026	2.333162	1.055452
12300	-3896.627	-4159.025	262.398	0.6084789	0.369528	0.382705	0.203388	0.044379	2.226044	1.057514
12306	-3888.196	-4150.565	262.3692	0.6691395	0.398488	0.241921	0.260983	0.0986077	2.22262	1.02693
12312	-3899.107	-4161.372	262.265	0.6556691	0.390256	0.326988	0.172795	0.10996	2.209514	1.148732
12318	-3893.1	-4155.427	262.3264	0.6871686	0.414395	0.341635	0.145145	0.0988254	2.230996	1.041698
12324	-3902.986	-4165.49	262.5037	0.5786667	0.318631	0.424672	0.0806833	0.176013	2.174801	1.035272
12330	-3889.53	-4151.79	262.26	0.7304451	0.458051	0.283671	0.198125	0.0601527	2.171687	1.116182
12336	-3894.702	-4157.128	262.4252	0.6094158	0.452756	0.324099	0.126979	0.0961657	2.178237	1.076
12342	-3901.496	-4163.863	262.3675	0.6702338	0.44748	0.247238	0.21902	0.0862624	2.106675	1.135335
12348	-3906.786	-4169.153	262.3675	0.6702338	0.557452	0.211833	0.156806	0.0739095	2.106675	1.135335
12354	-3891.882	-4154.231	262.349	0.6124172	0.264403	0.501992	0.15877	0.0748352	2.064529	1.240488
12360	-3885.089	-4147.363	262.2742	0.5777093	0.255023	0.484185	0.192002	0.0687897	2.079939	1.319154
12366	-3886.364	-4148.651	262.2871	0.5525952	0.364368	0.4333	0.12773	0.0746016	2.019722	1.377417
12372	-3887.927	-4150.379	262.4518	0.5525952	0.417578	0.315642	0.168416	0.0983645	2.194215	1.091521
12378	-3885.672	-4148.169	262.4976	0.5185683	0.422385	0.343628	0.180637	0.0533502	2.194215	1.0813
12384	-3874.633	-4136.979	262.3467	0.6490117	0.442932	0.314283	0.189424	0.0533611	2.302223	0.9914785
12390	-3884.696	-4147.033	262.3366	0.6611395	0.463303	0.315545	0.190184	0.0309684	2.261339	1.029252
12396	-3886.637	-4149.081	262.4437	0.6263267	0.468752	0.319256	0.164519	0.0474726	2.099823	1.114696
12402	-3880.586	-4143.071	262.4849	0.6676803	0.369055	0.351182	0.242388	0.0373758	2.099823	1.035291
12408	-3884.92	-4147.399	262.479	0.5437553	0.416883	0.30471	0.236187	0.0422196	2.360418	0.9065455
12414	-3881.321	-4143.723	262.4021	0.5437553	0.371009	0.377206	0.19952	0.0522644	2.64416	0.5786761
12420	-3893.019	-4155.583	262.564	0.5437553	0.270677	0.384298	0.291778	0.053247	2.47726	0.5952721
12426	-3896.435	-4158.943	262.5076	0.5285341	0.289644	0.411226	0.242152	0.0569781	2.550198	0.592414
12432	-3905.41	-4167.864	262.4534	0.5316198	0.342861	0.291315	0.294022	0.0718021	2.602293	0.5888853
12438	-3899.173	-4161.658	262.4852	0.4904588	0.399472	0.351333	0.1626	0.086595	2.612377	0.5871905
12444	-3897.51	-4159.936	262.426	0.5588944	0.369947	0.318751	0.200055	0.111247	2.612377	0.5428377
12450	-3894.453	-4156.876	262.4232	0.5588944	0.361805	0.379282	0.195651	0.063262	2.611539	0.5617939
12456	-3902.164	-4164.611	262.4466	0.4958187	0.458812	0.32163	0.165912	0.0536461	2.655085	0.5473178
12462	-3910.242	-4171.473	261.2311	0.9269683	0.597579	0.197935	0.125197	0.0792895	1.827175	1.98962
12468	-3905.385	-4166.94	261.5556	0.6797063	0.398275	0.302368	0.191252	0.108105	1.806709	1.958982
12474	-3892.814	-4155.237	262.4224	0.5995816	0.421168	0.308652	0.143621	0.126558	2.461056	0.7808276
12480	-3888.367	-4150.85	262.4827	0.5601246	0.426591	0.282068	0.177572	0.113768	2.461056	0.7533904
12486	-3883.205	-4145.691	262.4868	0.6235095	0.457762	0.266735	0.167919	0.107584	2.390551	0.7533904
12492	-3893.882	-4156.164	262.2815	0.7086179	0.427481	0.256701	0.1903	0.125519	2.196144	1.095317
12498	-3894.689	-4157.046	262.3575	0.6488223	0.365865	0.392861	0.18424	0.0570335	2.183484	1.095317
12504	-3883.062	-4145.319	262.2571	0.6787932	0.393917	0.364343	0.125005	0.116735	2.146909	1.189012
12510	-3876.464	-4138.794	262.3306	0.6315865	0.390141	0.404556	0.149633	0.0556709	2.146855	1.168588
12516	-3884.298	-4146.745	262.4473	0.5769874	0.401808	0.38675	0.154107	0.0573356	2.105263	1.153012
12522	-3882.324	-4144.747	262.4228	0.6103342	0.445577	0.327689	0.185788	0.0409462	2.120688	1.130009
12528	-3885.844	-4148.149	262.3045	0.6862769	0.517674	0.222443	0.212312	0.0475716	2.127111	1.158046
12534	-3899.396	-4161.513	262.1171	0.6622674	0.366033	0.220479	0.270432	0.143056	2.007451	1.429603
12540	-3906.008	-4168.344	262.3353	0.5530639	0.268939	0.427255	0.198697	0.105109	2.010277	1.346458
12546	-3886.164	-4148.56	262.3956	0.4901487	0.378869	0.344896	0.202337	0.0738982	2.134241	1.248269
12552	-3888.724	-4151.228	262.5039	0.5259774	0.368362	0.41674	0.14305	0.0718487	2.297607	0.9666761
12558	-3895.82	-4158.178	262.358	0.6627268	0.375975	0.348161	0.183632	0.0922317	2.271668	0.9961638
12564	-3912.352	-4174.833	262.4812	0.6183612	0.462776	0.285102	0.167828	0.0842939	2.198309	0.9932146
12570	-3898.325	-4159.416	261.0907	0.8462729	0.401077	0.368629	0.115038	0.115256	1.733998	2.197682
12576	-3888.378	-4149.763	261.3853	0.8440532	0.530667	0.261269	0.117085	0.090978	1.773009	1.97982
12582	-3887.965	-4149.695	261.7298	0.7358658	0.548212	0.269907	0.120957	0.0609239	1.976178	1.680865
12588	-3884.505	-4146.337	261.8326	0.8210128	0.497296	0.244839	0.187996	0.0698694	2.096577	1.450998
12594	-3882.808	-4144.709	261.9015	0.8210128	0.458712	0.258868	0.205897	0.0765226	2.049858	1.434032
12600	-3884.628	-4146.906	262.2778	0.6436469	0.480471	0.274922	0.17833	0.0662771	2.064145	1.272602
12606	-3877.845	-4140.159	262.3136	0.7240809	0.45858	0.280854	0.188616	0.0719497	2.123875	1.117095
12612	-3885.791	-4148.199	262.4083	0.6967417	0.428272	0.347266	0.0787303	0.145731	2.058092	1.117095
12618	-3888.127	-4150.542	262.4149	0.6518676	0.440249	0.359231	0.081443	0.119077	2.058092	1.1537
12624	-3882.853	-4144.681	261.8283	0.879889	0.498402	0.231886	0.166918	0.102794	2.069218	1.428479
12630	-3904.227	-4165.768	261.5407	0.8253358	0.437658	0.325502	0.146574	0.0902657	1.992714	1.736402
12636	-3892.471	-4154.505	262.0342	0.6484909	0.467393	0.267646	0.217482	0.047479	1.88517	1.593877
12642	-3882.826	-4144.82	261.9938	0.6484909	0.486335	0.283875	0.180387	0.0494031	1.915535	1.601192
12648	-3890.951	-4153.081	262.1304	0.6485151	0.456815	0.312242	0.118939	0.112005	1.968853	1.460074
12654	-3888.947	-4150.941	261.9944	0.6603753	0.39697	0.340834	0.184608	0.077588	2.095078	1.457966
12660	-3891.944	-4153.934	261.9901	0.7625727	0.443961	0.33943	0.129837	0.0867723	1.991284	1.457966
12666	-3889.442	-4151.435	261.9926	0.7068334	0.362636	0.385676	0.176262	0.0754257	2.019501	1.479338
12672	-3889.355	-4151.384	262.0293	0.6217715	0.458256	0.233452	0.261181	0.0471104	1.955868	1.566411
12678	-3885.583	-4147.009	261.4261	0.7020087	0.371832	0.344958	0.211924	0.0712859	1.77082	2.053453
12684	-3886.567	-4148.119	261.5525	0.6294471	0.439566	0.193851	0.264251	0.102332	1.861758	1.959816
12690	-3880.176	-4142.141	261.9648	0.7873598	0.517251	0.182974	0.203185	0.0965901	1.844329	1.567171
12696	-3895.212	-4156.907	261.6952	0.7234569	0.524504	0.193904	0.206034	0.0755577	1.886216	1.777767
12702	-3893.084	-4154.527	261.4433	0.7333913	0.53968	0.188445	0.19867	0.0732056	1.807594	1.995518
12708	-3897.307	-4158.291	260.984	0.686059	0.550657	0.171938	0.202711	0.0746946	1.806542	2.327776
12714	-3901.892	-4162.673	260.7804	0.767037	0.454172	0.29019	0.170454	0.0851843	1.704524	2.466744
12720	-3904.622	-4164.821	260.1981	0.5298199	0.418252	0.323951	0.185928	0.0718686	1.555648	3.065698
12726	-3907.378	-4167.888	260.5097	0.561571	0.420084	0.237892	0.185235	0.156789	1.496534	2.894346
12732	-3897.429	-4157.618	260.1885	0.549387	0.361098	0.394672	0.18052	0.0637102	1.48896	3.099251
12738	-3900.934	-4161.45	260.5157	0.5372909	0.42358	0.382058	0.159414	0.0349485	1.612007	2.835929
12744	-3904.405	-4165.327	260.9227	0.6349889	0.414182	0.245144	0.285556	0.0551189	1.724421	2.452642
12750	-3900.445	-4161.719	261.2742	0.664548	0.390351	0.245916	0.286455	0.0772769	1.7703	2.179229
12756	-3898.631	-4159.89	261.2582	0.664548	0.410638	0.272041	0.255721	0.0615994	1.72013	2.222044
12762	-3910.976	-4172.132	261.1563	0.5561397	0.367987	0.3598	0.222948	0.0492642	1.657931	2.399405
12768	-3914.879	-4176.278	261.3989	0.5036734	0.36722	0.38363	0.217889	0.0312617	1.648068	2.285391
12774	-3915.927	-4177.095	261.1678	0.815934	0.491833	0.195451	0.255914	0.0568022	1.654628	2.219531
12780	-3905.715	-4166.585	260.87	0.6932162	0.510699	0.208846	0.249788	0.030667	1.714816	2.453033
12786	-3909.977	-4170.609	260.6318	0.721491	0.491243	0.200889	0.298556	0.00931153	1.661337	2.616115
12792	-3910.681	-4171.467	260.7866	0.8614152	0.54625	0.141424	0.302301	0.0100251	1.685041	2.413076
12798	-3904.887	-4165.619	260.733	0.7724266	0.504581	0.173398	0.291316	0.0307043	1.674513	2.511665
12804	-3914.261	-4175.255	260.9941	0.9432778	0.593423	0.171699	0.157848	0.0770302	1.803322	2.150663
12810	-3907.456	-4168.238	260.7824	0.6753585	0.527349	0.251708	0.146544	0.0743989	1.657303	2.555526
12816	-3908.595	-4169.659	261.0644	0.6871157	0.389268	0.307889	0.248716	0.0541265	1.799953	2.279896
12822	-3919.877	-4180.618	260.7412	0.8207145	0.479034	0.245514	0.21327	0.0621818	1.560498	2.546057
12828	-3916.661	-4177.076	260.4151	0.8360719	0.468932	0.240337	0.229861	0.0608705	1.573457	2.729361
12834	-3899.806	-4159.999	260.1926	0.7731668	0.435204	0.22305	0.213328	0.128418	1.48605	2.957374
12840	-3900.825	-4162.366	261.5407	0.702116	0.511269	0.259091	0.143348	0.0862918	1.687468	2.032665
12846	-3891.333	-4153.236	261.9026	0.7084646	0.459053	0.203548	0.274469	0.0629298	1.848514	1.669399
12852	-3902.754	-4164.474	261.7207	0.8933053	0.431203	0.212756	0.286885	0.0691561	1.946776	1.590186
12858	-3902.481	-4164.539	262.058	0.8933053	0.526836	0.224222	0.123066	0.125876	2.152554	1.161644
12864	-3898.342	-4160.668	262.3266	0.6642825	0.500793	0.262571	0.116982	0.119653	2.107358	1.176378
12870	-3897.032	-4158.338	261.3062	0.8469801	0.485969	0.288959	0.138129	0.0869426	1.797674	2.014108
12876	-3890.566	-4152.558	261.9913	0.6133815	0.40398	0.270764	0.258677	0.0665799	1.789148	1.719945
12882	-3914.152	-4176.636	262.4837	0.6159149	0.393177	0.297067	0.241861	0.0678945	2.275044	0.9125995
12888	-3909.208	-4171.748	262.5399	0.5456009	0.362863	0.436994	0.137484	0.0626598	2.162008	1.045744
12894	-3905.654	-4166.828	261.1742	0.7380822	0.413492	0.303441	0.223169	0.0598982	1.716062	2.22861
12900	-3900.311	-4162.791	262.4793	0.5978038	0.416338	0.360545	0.209294	0.0138227	2.250948	0.9634579
12906	-3905.242	-4167.826	262.584	0.6009318	0.432139	0.338105	0.225137	0.00461899	2.229243	0.8683618
12912	-3900.649	-4163.211	262.562	0.6104508	0.407801	0.319064	0.269631	0.00350389	2.259665	0.8461994
12918	-3893.004	-4155.429	262.4245	0.6860186	0.360569	0.33778	0.291242	0.0104095	2.231057	0.9440688
12924	-3903.724	-4166.061	262.3372	0.6860186	0.424752	0.397906	0.165079	0.0122625	2.161732	1.097814
12930	-3899.396	-4161.898	262.502	0.5423147	0.389089	0.425873	0.176682	0.00835651	2.14777	1.097814
12936	-3898.6	-4161.047	262.4471	0.5707988	0.442622	0.293859	0.254012	0.00950625	2.088879	1.1732
12942	-3908.057	-4170.643	262.5853	0.3824488	0.406801	0.388036	0.202935	0.00222748	2.092158	1.206116
12948	-3907.613	-4170.171	262.5578	0.5357138	0.341842	0.424707	0.222113	0.0113378	2.18568	1.015225
12954	-3909.687	-4170.38	260.6934	0.5462834	0.485924	0.245613	0.221286	0.047177	1.504634	2.787586
12960	-3907.169	-4167.798	260.6285	0.6384618	0.485668	0.246011	0.221169	0.0471522	1.557298	2.736141
12966	-3922.099	-4181.523	259.424	0.7292891	0.512389	0.20047	0.257702	0.029439	1.493803	3.435931
12972	-3898.235	-4158.14	259.9042	0.7914228	0.560195	0.219174	0.188445	0.0321857	1.415914	3.160228
12978	-3904.726	-4164.843	260.1174	0.6310374	0.551418	0.264213	0.144627	0.039742	1.43108	3.125237
12984	-3895.294	-4155.723	260.4295	0.6310374	0.459758	0.287814	0.22013	0.0322978	1.541111	2.871901
12990	-3889.139	-4148.123	258.984	0.8115347	0.484672	0.21925	0.277803	0.0182755	1.421558	3.68358
12996	-3894.963	-4154.363	259.3993	0.7321495	0.562527	0.241543	0.183837	0.0120939	1.394292	3.506747
13002	-3904.149	-4160.835	256.6859	0.7321495	0.486644	0.199829	0.280805	0.0327212	1.304042	5.095379
13008	-3899.353	-4156.041	256.6882	0.7321495	0.410111	0.2543	0.300565	0.0350237	1.301691	5.095379
13014	-3891.114	-4149.257	258.1435	0.604757	0.363088	0.324154	0.288338	0.0244196	1.298444	4.358639
13020	-3914.281	-4175.819	261.5375	0.8878826	0.42074	0.35526	0.192222	0.031778	1.931463	1.736118
13026	-3917.287	-4179.132	261.8443	0.8878826	0.416212	0.2777	0.294496	0.0115922	1.920503	1.522585
13032	-3907.296	-4166.578	259.2813	0.7303243	0.414323	0.311413	0.223185	0.0510786	1.469781	3.532639
13038	-3904.93	-4164.944	260.0141	0.7266683	0.509372	0.150626	0.330304	0.00969894	1.50296	3.083615
13044	-3906.906	-4168.651	261.7456	0.5443921	0.519875	0.249203	0.219917	0.0110054	1.694516	2.002005
13050	-3906.683	-4167.942	261.2598	0.5499251	0.298466	0.493821	0.201657	0.00605507	1.765861	2.268975
13056	-3910.119	-4171.423	261.3044	0.5326853	0.342301	0.467014	0.187182	0.00350292	1.744493	2.265392
13062	-3890.696	-4152.236	261.5397	0.4913431	0.365569	0.33695	0.294021	0.0034601	1.670247	2.188348
13068	-3891.074	-4152.418	261.3438	0.5049906	0.376711	0.332107	0.289795	0.00138573	1.71631	2.276136
13074	-3900.608	-4162.147	261.5394	0.6095775	0.478202	0.284052	0.23655	0.00119569	1.718122	2.077966
13080	-3890.436	-4152.229	261.7926	0.6506536	0.558095	0.235681	0.203957	0.00226726	1.770542	1.843641
13086	-3896.422	-4157.714	261.2919	0.5731375	0.553947	0.215615	0.22734	0.00309887	1.861684	2.170857
13092	-3912.46	-4174.023	261.5625	0.6167966	0.471472	0.279738	0.244094	0.00469606	1.828677	1.984214
13098	-3893.064	-4154.272	261.2086	0.6989545	0.417901	0.303637	0.27549	0.00297249	1.699391	2.243855
13104	-3886.942	-4148.443	261.5003	0.5198336	0.417901	0.303637	0.27549	0.00297249	1.694164	2.179875
13110	-3883.06	-4144.492	261.4324	0.5354431	0.463992	0.272398	0.247147	0.0164618	1.723366	2.194705
13116	-3892.14	-4153.965	261.8246	0.5130294	0.345819	0.28909	0.341477	0.0236134	1.723366	1.95117
13122	-3912.012	-4173.532	261.5209	0.69587	0.451207	0.251758	0.277823	0.0192117	1.77787	1.990069
13128	-3893.712	-4155.404	261.6924	0.6737068	0.493568	0.279959	0.205458	0.0210153	1.86563	1.830344
13134	-3889.572	-4150.898	261.3254	0.7735721	0.49774	0.179968	0.281383	0.040909	1.870378	2.004052
13140	-3894.597	-4156.056	261.4598	0.7211623	0.585555	0.132058	0.234261	0.0481264	1.803068	1.996187
13146	-3911.131	-4172.838	261.7068	0.5815819	0.467418	0.172786	0.32138	0.0384168	1.751262	1.964236
13152	-3894.189	-4155.38	261.1916	0.8112963	0.501017	0.185206	0.253143	0.0606338	1.7887	2.120149
13158	-3915.14	-4176.317	261.1768	0.8193606	0.503793	0.217478	0.251983	0.0267453	1.665426	2.204469
13164	-3896.036	-4157.399	261.3623	0.7349333	0.488642	0.192931	0.287873	0.0305546	1.760134	2.079563
13170	-3893.941	-4155.303	261.3624	0.7348523	0.409158	0.315571	0.249687	0.0255845	1.760134	2.079563
13176	-3903.012	-4164.298	261.2866	0.7777933	0.444568	0.254374	0.271295	0.0297631	1.851354	2.039472
13182	-3895.641	-4157.679	262.0379	0.6821974	0.477202	0.28261	0.209833	0.0303545	1.787604	1.635975
13188	-3908.892	-4170.996	262.1047	0.6811606	0.42503	0.251713	0.315146	0.00811127	2.064693	1.379283
13194	-3899.187	-4161.492	262.3059	0.5882905	0.401688	0.282349	0.29784	0.0181229	1.949535	1.388638
13200	-3903.39	-4165.618	262.2277	0.7005911	0.459198	0.282291	0.191068	0.0674424	2.189357	1.157505
13206	-3898.558	-4160.675	262.1162	0.7856253	0.459198	0.282291	0.191068	0.0674424	2.163009	1.199194
13212	-3892.006	-4154.066	262.0607	0.7761531	0.480037	0.283022	0.201889	0.0350513	2.085339	1.31801
13218	-3883.507	-4145.642	262.1351	0.6063078	0.402825	0.349872	0.140034	0.107269	2.110635	1.381435
13224	-3885.619	-4147.974	262.3544	0.5625465	0.408189	0.354531	0.141899	0.0953817	2.169334	1.19118
13230	-3900.686	-4163.11	262.4247	0.5382194	0.396057	0.359626	0.224035	0.0202829	2.124166	1.19118
13236	-3895.684	-4157.991	262.3073	0.587877	0.407512	0.285	0.259766	0.0477224	2.187174	1.193658
13242	-3901.248	-4163.884	262.6354	0.4950287	0.461541	0.327231	0.156434	0.054794	2.202259	0.9613801
13248	-3906.706	-4169.329	262.6226	0.4937316	0.411112	0.339854	0.199407	0.0496273	2.202259	0.9759281
13254	-3888.996	-4149.584	260.5876	0.6123863	0.416146	0.364963	0.149359	0.069532	1.604804	2.748919
13260	-3899.132	-4159.824	260.6911	0.5625289	0.323501	0.469579	0.186153	0.0207664	1.553435	2.748919
13266	-3882.934	-4144.076	261.1417	0.6407904	0.496299	0.327928	0.164926	0.0108461	1.665739	2.347512
13272	-3907.487	-4168.051	260.5638	0.5549182	0.353473	0.323858	0.304151	0.0185174	1.453465	2.891886
13278	-3897.524	-4158.452	260.928	0.5549182	0.388141	0.355622	0.235904	0.0203335	1.604738	2.576383
13284	-3898.495	-4159.48	260.9846	0.3965372	0.354176	0.446849	0.17555	0.0234253	1.546047	2.671418
13290	-3892.134	-4152.754	260.6197	0.6393769	0.356642	0.37845	0.215313	0.0495955	1.675177	2.668671
13296	-3899.674	-4160.229	260.555	0.8245644	0.416772	0.316803	0.224909	0.0415167	1.581045	2.646129
13302	-3893.461	-4154.226	260.7647	0.6489934	0.473701	0.313313	0.179797	0.0331893	1.574494	2.635044
13308	-3881.795	-4142.502	260.7071	0.6489934	0.45095	0.298266	0.172223	0.078561	1.632107	2.635044
13314	-3875.745	-4136.664	260.9193	0.7649195	0.420718	0.275738	0.230916	0.0726273	1.683724	2.393836
13320	-3910.107	-4172.687	262.5799	0.5225454	0.476185	0.284436	0.177626	0.0617529	2.103686	1.085199
13326	-3917.033	-4179.581	262.548	0.5585793	0.485727	0.290136	0.181185	0.0429512	2.042092	1.136648
13332	-3906.128	-4167.245	261.1169	0.5675884	0.428761	0.286185	0.272432	0.0126213	1.647489	2.423349
13338	-3903.394	-4164.268	260.8733	0.7891076	0.443891	0.338822	0.214719	0.00256755	1.609662	2.45345
13344	-3904.529	-4166.175	261.6457	0.6781495	0.549939	0.137462	0.258629	0.0539695	1.747496	1.939332
13350	-3908.884	-4170.327	261.4423	0.7842047	0.485846	0.316607	0.129914	0.067634	1.770223	1.985356
13356	-3906.035	-4167.96	261.9245	0.6272157	0.341	0.383929	0.193984	0.0810868	1.738704	1.791717
13362	-3894.8	-4156.585	261.7849	0.5945526	0.357237	0.40221	0.173	0.0675533	1.710448	1.929991
13368	-3884.195	-4145.393	261.1979	0.6810743	0.449122	0.301997	0.171541	0.0773408	1.656798	2.290191
13374	-3911.463	-4173.194	261.7305	0.6812018	0.430291	0.415495	0.130107	0.0241065	1.87101	1.794888
13380	-3898.375	-4160.073	261.6971	0.8084298	0.410836	0.393195	0.123124	0.0728449	1.754306	1.805855
13386	-3901.111	-4163.349	262.2377	0.5447262	0.405807	0.407081	0.118257	0.0688561	1.731278	1.636645
13392	-3907.534	-4169.568	262.0344	0.5633742	0.470503	0.298211	0.199482	0.0318043	1.91235	1.638755
13398	-3896.726	-4158.774	262.0484	0.5230538	0.470503	0.298211	0.199482	0.0318043	1.91235	1.658404
13404	-3897.286	-4159.331	262.0451	0.7188971	0.464753	0.294567	0.197044	0.0436356	1.921543	1.503932
13410	-3895.563	-4157.587	262.0238	0.7188971	0.438875	0.332256	0.163945	0.0649241	1.919251	1.521504
13416	-3918.09	-4179.968	261.878	0.6564823	0.501536	0.28104	0.192219	0.025204	1.879908	1.703693
13422	-3896.427	-4158.386	261.9587	0.6315333	0.486782	0.315322	0.168962	0.0289334	1.981849	1.591488
13428	-3901.658	-4163.794	262.1354	0.5616793	0.474175	0.346335	0.137812	0.0416779	1.872042	1.596074
13434	-3902.717	-4164.997	262.2798	0.570898	0.473336	0.345722	0.139338	0.0416042	2.005857	1.379185
13440	-3919.268	-4181.294	262.0257	0.6240492	0.390408	0.432644	0.0933133	0.0836345	1.816558	1.668105
13446	-3905.256	-4167.495	262.2381	0.6114182	0.357694	0.316618	0.224819	0.100869	1.934934	1.433659
13452	-3902.058	-4163.748	261.6904	0.577059	0.434727	0.337403	0.147702	0.0801687	1.836723	1.920862
13458	-3899.971	-4162.309	262.3378	0.5228756	0.463355	0.359622	0.157428	0.019595	1.860972	1.483921
13464	-3912.393	-4173.939	261.5458	0.8437401	0.501838	0.163113	0.215183	0.119867	1.865405	1.808212
13470	-3906.003	-4167.973	261.9697	0.5212383	0.425602	0.29873	0.217471	0.0581967	1.827809	1.774914
13476	-3905.327	-4167.162	261.8356	0.5826197	0.408374	0.286637	0.208668	0.0963203	1.898623	1.774914
13482	-3919.116	-4180.737	261.6206	0.6456203	0.388604	0.35267	0.120052	0.138674	1.783655	1.955068
13488	-3908.03	-4169.997	261.9675	0.573241	0.391647	0.355432	0.182699	0.0702215	1.866876	1.711581
13494	-3907.475	-4169.337	261.8616	0.5991028	0.429825	0.316553	0.200509	0.0531124	1.91677	1.731977
13500	-3899.883	-4162.284	262.4004	0.507129	0.43109	0.297724	0.242876	0.0283095	1.93862	1.388462
13506	-3900.52	-4162.624	262.1035	0.6163668	0.469654	0.320941	0.181262	0.0281437	1.93862	1.52854
13512	-3900.762	-4162.531	261.7688	0.6163668	0.480215	0.260242	0.185338	0.0742046	1.939288	1.768433
13518	-3905.213	-4166.681	261.4683	0.5754083	0.429183	0.280834	0.233768	0.0562141	1.828699	2.075504
13524	-3905.462	-4167.259	261.7977	0.547522	0.510995	0.240307	0.160668	0.0880295	1.897801	1.826922
13530	-3897.776	-4159.489	261.7124	0.5555173	0.522485	0.24571	0.16428	0.0675249	1.891634	1.883879
13536	-3907.677	-4169.533	261.8552	0.6504522	0.479587	0.249873	0.196307	0.0742334	1.90059	1.709735
13542	-3901.802	-4163.773	261.9711	0.5847279	0.376585	0.297621	0.262457	0.0633377	1.853902	1.709735
13548	-3896.372	-4158.421	262.049	0.5532058	0.425714	0.336448	0.166236	0.0716008	1.954087	1.605676
13554	-3894.355	-4156.464	262.1093	0.4932958	0.425714	0.336448	0.166236	0.0716008	1.954422	1.605676
13560	-3901.577	-4163.721	262.1445	0.5709971	0.413208	0.326475	0.19082	0.0694975	2.004378	1.484226
13566	-3911.947	-4173.768	261.8213	0.498609	0.43254	0.341748	0.199747	0.0259657	1.829252	1.89157
13572	-3899.594	-4161.658	262.0641	0.4257756	0.36164	0.333537	0.260862	0.0439611	1.829252	1.772201
13578	-3891.38	-4153.467	262.0865	0.4721372	0.467357	0.318488	0.172178	0.0419776	1.889416	1.683617
13584	-3898.113	-4160.056	261.9433	0.532696	0.41288	0.311364	0.254283	0.0214738	1.926898	1.715798
13590	-3916.622	-4178.018	261.3954	0.6074484	0.435903	0.230065	0.268462	0.0655706	1.800393	2.119951
13596	-3912.594	-4174.072	261.4775	0.687354	0.377296	0.389096	0.193641	0.0399675	1.798809	2.011077
13602	-3901.028	-4162.312	261.2833	0.5721137	0.371072	0.382677	0.195136	0.0511149	1.777968	2.231264
13608	-3909.941	-4171.039	261.0984	0.5234237	0.387679	0.310084	0.274531	0.027706	1.67417	2.44678
13614	-3897.087	-4158.274	261.1869	0.6012437	0.375955	0.369075	0.221993	0.0329768	1.594169	2.390648
13620	-3887.875	-4148.913	261.0382	0.6468987	0.409887	0.381513	0.178579	0.0300209	1.694731	2.390648
13626	-3888.015	-4148.859	260.844	0.6468987	0.422742	0.305956	0.211349	0.0599523	1.662601	2.532627
13632	-3889.787	-4150.646	260.8589	0.6468987	0.476192	0.221936	0.269708	0.032165	1.716656	2.489576
13638	-3884.681	-4144.707	260.026	0.6711462	0.387651	0.280023	0.21956	0.112766	1.475698	3.127791
13644	-3891.557	-4151.402	259.8445	0.8140593	0.450757	0.214069	0.255814	0.0793593	1.619137	3.060606
13650	-3901.245	-4161.19	259.9452	0.7174772	0.466476	0.164913	0.264735	0.103876	1.620115	3.060606
13656	-3883.072	-4143.549	260.4769	0.6119509	0.459319	0.227965	0.251571	0.0611442	1.629146	2.801872
13662	-3885.749	-4146.293	260.5441	0.5337709	0.422101	0.401117	0.151649	0.0251324	1.636514	2.805995
13668	-3889.56	-4150.052	260.492	0.5724442	0.433494	0.285521	0.230093	0.0508917	1.610404	2.829266
13674	-3882.409	-4141.514	259.1043	0.5803909	0.429556	0.287506	0.231692	0.0512454	1.405731	3.764041
13680	-3902.103	-4162.075	259.9721	0.6582915	0.471006	0.261842	0.219625	0.0475271	1.425793	3.197545
13686	-3897.165	-4156.59	259.4253	0.6877695	0.443072	0.223856	0.288364	0.0447084	1.391217	3.520775
13692	-3915.476	-4177.733	262.2568	0.6426689	0.438192	0.309577	0.161205	0.0910247	2.111004	1.252016
13698	-3938.595	-4200.788	262.1937	0.7338268	0.521802	0.177841	0.191964	0.108393	2.086946	1.244242
13704	-3902.077	-4163.289	261.2115	0.7261713	0.44676	0.385563	0.121272	0.0464052	1.69645	2.225287
13710	-3897.325	-4158.708	261.383	0.6564416	0.396768	0.342419	0.244302	0.0165117	1.778315	2.108604
13716	-3912.576	-4174.013	261.4369	0.5938991	0.376305	0.351866	0.24284	0.028989	1.703497	2.165339
13722	-3910.973	-4172.703	261.7301	0.5366225	0.465647	0.239025	0.164963	0.130365	1.733174	1.991866
13728	-3903.431	-4165.177	261.7469	0.5560513	0.397906	0.306963	0.177164	0.117967	1.780889	1.935149
13734	-3898.686	-4160.003	261.317	0.6105952	0.428118	0.29156	0.168274	0.112047	1.758316	2.196181
13740	-3895.971	-4157.329	261.358	0.7225021	0.473375	0.275871	0.12056	0.130195	1.801957	2.063528
13746	-3909.412	-4171.145	261.7324	0.7793652	0.465325	0.326663	0.131121	0.0768909	1.900308	1.700369
13752	-3919.894	-4181.873	261.9784	0.7856454	0.456366	0.320373	0.128596	0.0946641	1.893295	1.52224
13758	-3906.031	-4167.929	261.8975	0.7856454	0.451741	0.353185	0.141767	0.0533068	1.974176	1.52224
13764	-3902.173	-4163.853	261.6799	0.6651748	0.444663	0.37725	0.151427	0.0266608	1.814938	1.879825
13770	-3898.819	-4160.247	261.4279	0.9111618	0.377216	0.332892	0.166797	0.123094	1.690103	1.960413
13776	-3908.438	-4169.613	261.1745	0.7376496	0.385564	0.362786	0.181776	0.0698733	1.733384	2.217516
13782	-3900.089	-4161.325	261.2359	0.8319905	0.459916	0.287804	0.1814	0.0708795	1.735085	2.112091
13788	-3908.69	-4169.815	261.1257	0.8319905	0.502097	0.250086	0.154937	0.0928795	1.843208	2.11345
13794	-3901.14	-4162.766	261.626	0.5457069	0.44564	0.312068	0.230578	0.0117132	1.836708	1.986019
13800	-3894.884	-4156.272	261.388	0.6803862	0.509226	0.24108	0.237624	0.0120711	1.831459	2.053646
13806	-3903.712	-4165.301	261.5885	0.5978172	0.484067	0.229169	0.280493	0.00627058	1.79973	1.999511
13812	-3894.65	-4155.993	261.3437	0.636321	0.421251	0.3084	0.25997	0.0103781	1.831591	2.113412
13818	-3891.228	-4153.006	261.778	0.5279706	0.384788	0.363926	0.237467	0.0138186	1.926205	1.834678
13824	-3900.862	-4162.844	261.9815	0.4969543	0.422347	0.276735	0.260646	0.0402728	1.946669	1.700274
13830	-3914.688	-4176.869	262.1811	0.7012095	0.427838	0.390939	0.109339	0.0718844	2.137457	1.24137
13836	-3919.078	-4181.335	262.257	0.586347	0.497266	0.292103	0.127082	0.0835495	2.104133	1.306155
13842	-3899.759	-4161.603	261.8442	0.6699021	0.375817	0.41325	0.0956476	0.115285	1.774271	1.791393
13848	-3907.95	-4169.848	261.8977	0.5486934	0.356756	0.39229	0.141516	0.109438	1.873289	1.773861
13854	-3912.062	-4174.293	262.2302	0.5486934	0.458826	0.311937	0.210318	0.0189178	1.873289	1.535386
13860	-3902.072	-4163.756	261.6833	0.6718065	0.42165	0.367687	0.193278	0.017385	1.887585	1.822939
13866	-3901.76	-4163.726	261.966	0.6205917	0.367387	0.33651	0.280192	0.0159109	1.877841	1.669548
13872	-3897.898	-4159.613	261.7149	0.6864588	0.425332	0.3837	0.177387	0.0135812	1.865381	1.805691
13878	-3899.902	-4161.5	261.5975	0.7182181	0.364506	0.34071	0.197705	0.0970788	1.795083	1.911126
13884	-3896.487	-4158.183	261.6959	0.6861606	0.442299	0.349281	0.139783	0.0686371	1.933849	1.771558
13890	-3893.669	-4155.504	261.8351	0.6861606	0.410653	0.286083	0.254336	0.0489283	1.887535	1.706407
13896	-3891.792	-4153.848	262.056	0.6861606	0.361675	0.371231	0.224002	0.0430927	1.927	1.517609
13902	-3897.322	-4159.394	262.0724	0.7115337	0.3508	0.360068	0.217266	0.0718659	1.982193	1.443266
13908	-3880.989	-4142.89	261.9006	0.6097636	0.368357	0.37809	0.228141	0.0254125	1.901158	1.707582
13914	-3904.077	-4165.914	261.8371	0.6006847	0.38861	0.380282	0.0963111	0.134796	1.812236	1.820595
13920	-3893.61	-4155.592	261.9814	0.7384882	0.481088	0.250559	0.179538	0.088814	1.782766	1.637287
13926	-3901.357	-4162.991	261.6334	0.5080131	0.483446	0.251787	0.180418	0.0843486	1.813629	2.021971
13932	-3896.967	-4157.989	261.0217	0.6682541	0.500901	0.230779	0.197436	0.0708849	1.756931	2.347316
13938	-3894.289	-4155.668	261.3792	0.8281317	0.418732	0.192922	0.329089	0.0592568	1.877797	1.924645
13944	-3897.82	-4159.939	262.1192	0.6968002	0.448532	0.227675	0.244654	0.0791388	1.914884	1.470729
13950	-3895.95	-4157.96	262.0103	0.6998705	0.411295	0.243048	0.261174	0.0844825	1.929478	1.538944
13956	-3890.472	-4152.125	261.653	0.8999719	0.485764	0.206168	0.247799	0.060269	2.108387	1.515906
13962	-3881.263	-4143.423	262.1593	0.6820683	0.412173	0.339356	0.210258	0.0382127	2.039261	1.355464
13968	-3892.284	-4154.577	262.2923	0.6830791	0.423945	0.34731	0.189637	0.0391084	2.172596	1.131491
13974	-3885.448	-4147.789	262.3409	0.605378	0.430755	0.359151	0.196102	0.0139917	2.206067	1.131491
13980	-3875.454	-4137.782	262.3287	0.6141657	0.413013	0.34442	0.188025	0.0545417	2.179589	1.157666
13986	-3882.73	-4144.854	262.1237	0.7056983	0.423912	0.351734	0.192987	0.0313682	2.067463	1.341446
13992	-3885.491	-4147.804	262.3135	0.6385871	0.438189	0.32823	0.18009	0.0534911	2.108939	1.209635
13998	-3897.757	-4159.788	262.0314	0.630782	0.509377	0.219094	0.209348	0.0621812	2.098434	1.451058
14004	-3899.76	-4161.88	262.12	0.7013129	0.505137	0.284461	0.178517	0.0318847	2.038255	1.371252
14010	-3897.435	-4159.751	262.3158	0.6145496	0.473491	0.26664	0.167333	0.0925356	2.038342	1.287827
14016	-3897.779	-4160.311	262.5325	0.4824099	0.347308	0.371531	0.233159	0.0480018	2.107091	1.160984
14022	-3890.583	-4153.096	262.5137	0.5141701	0.38886	0.330664	0.226732	0.0537447	2.094346	1.160984
14028	-3889.238	-4151.676	262.4376	0.5815369	0.382008	0.387792	0.128525	0.101676	2.10267	1.159598
14034	-3905.317	-4167.304	261.9862	0.713972	0.458317	0.289863	0.218334	0.0334866	1.930113	1.545231
14040	-3901.44	-4163.863	262.4234	0.6227026	0.394568	0.409982	0.139586	0.0558647	2.121583	1.116906
14046	-3909.049	-4171.508	262.4588	0.4484308	0.505854	0.243569	0.178956	0.0716212	2.160524	1.206653
14052	-3893.549	-4156.077	262.5276	0.5139838	0.341639	0.401055	0.183762	0.0735445	2.17623	1.074444
14058	-3894.917	-4157.415	262.4985	0.5139838	0.408778	0.313274	0.231924	0.0460232	2.159877	1.11627
14064	-3900.297	-4162.479	262.1813	0.6571543	0.415233	0.318222	0.235587	0.0309581	2.0634	1.339775
14070	-3911.791	-4174.065	262.2737	0.5695361	0.353098	0.397342	0.182535	0.0670242	1.918771	1.452316
14076	-3913.349	-4175.45	262.101	0.6168949	0.470151	0.252648	0.243046	0.0341548	2.040421	1.453375
14082	-3914.541	-4176.844	262.3027	0.6168949	0.477857	0.287591	0.154054	0.0804985	2.040421	1.29479
14088	-3908.32	-4170.5	262.1807	0.6360774	0.452541	0.328549	0.150755	0.0681551	2.020111	1.392007
14094	-3909.439	-4171.528	262.0897	0.6414825	0.452541	0.328549	0.150755	0.0681551	1.912509	1.538484
14100	-3918.72	-4180.864	262.1446	0.7729191	0.4702	0.20773	0.248184	0.0738856	1.95228	1.359948
14106	-3909.569	-4171.691	262.122	0.6148649	0.435806	0.330988	0.164725	0.068481	1.902681	1.542639
14112	-3891.123	-4153.321	262.1982	0.5365547	0.435806	0.330988	0.164725	0.068481	1.911562	1.540025
14118	-3904.966	-4166.768	261.8024	0.8550955	0.55871	0.236561	0.164487	0.0402417	1.932318	1.56987
14124	-3897.902	-4160.344	262.4422	0.6453598	0.466692	0.2996	0.201515	0.0321938	2.42863	0.7280063
14130	-3900.74	-4163.334	262.5936	0.5480554	0.469778	0.243073	0.247594	0.0395554	2.37907	0.7280063
14136	-3896.498	-4158.913	262.4143	0.7077542	0.542646	0.269553	0.143937	0.0438644	2.37907	0.7456085
14142	-3891.757	-4154.226	262.4688	0.6233361	0.49199	0.243657	0.230649	0.0337035	2.278069	0.9169871
14148	-3888.534	-4150.933	262.399	0.6233361	0.505584	0.222857	0.199523	0.0720356	2.266069	1.002434
14154	-3886.564	-4148.999	262.4359	0.6318731	0.442871	0.25191	0.225535	0.0796839	2.278182	0.94277
14160	-3880.771	-4143.136	262.3649	0.6897489	0.44214	0.287513	0.178571	0.091776	2.267536	0.9641832
14166	-3889.592	-4152.19	262.598	0.5146621	0.452791	0.294439	0.182873	0.0698969	2.217337	0.9641832
14172	-3875.111	-4137.456	262.345	0.6110662	0.376779	0.389985	0.175073	0.0581629	2.26434	1.068851
14178	-3885.329	-4147.789	262.4593	0.5718484	0.366168	0.38638	0.190927	0.056525	2.26434	0.9978583
14184	-3877.093	-4139.436	262.3432	0.6815961	0.451492	0.386947	0.104953	0.056608	2.211673	1.049823
14190	-3886.467	-4148.654	262.1872	0.7800121	0.36123	0.484274	0.0839711	0.070525	2.198538	1.110465
14196	-3884.073	-4146.521	262.4483	0.6679434	0.307564	0.412328	0.22006	0.0600475	2.196958	0.9747826
14202	-3887.346	-4149.696	262.3496	0.6021026	0.320577	0.429774	0.15471	0.0949391	2.241836	1.094316
14208	-3891.169	-4153.688	262.5191	0.5962817	0.388532	0.346406	0.208857	0.0562049	2.295071	0.8729927
14214	-3909.62	-4172.157	262.5374	0.6035973	0.415425	0.292223	0.257651	0.0347006	2.298219	0.8379404
14220	-3887.38	-4149.788	262.4084	0.7255411	0.369586	0.332564	0.258359	0.039491	2.298219	0.8379404
14226	-3906.125	-4168.452	262.3263	0.7687895	0.398016	0.333747	0.246315	0.0219224	2.371525	0.7902665
14232	-3882.815	-4145.366	262.5507	0.5567826	0.400162	0.291001	0.274676	0.0341614	2.370521	0.7902665
14238	-3897.846	-4160.394	262.5482	0.5467565	0.383232	0.335976	0.263056	0.0177359	2.335441	0.8516551
14244	-3888.931	-4151.403	262.4727	0.6191106	0.379592	0.326228	0.275084	0.0190962	2.335441	0.8516551
14250	-3898.713	-4161.2	262.4869	0.6191106	0.381113	0.343194	0.250937	0.0247562	2.207708	0.9770728
14256	-3889.511	-4152.094	262.5829	0.5513535	0.411344	0.422141	0.136064	0.0304511	2.267337	0.8854079
14262	-3894.092	-4156.747	262.6551	0.5132714	0.256425	0.486448	0.198248	0.0588778	2.267337	0.8458599
14268	-3882.25	-4144.835	262.5855	0.490422	0.26883	0.542112	0.127333	0.061726	2.281107	0.935606
14274	-3899.168	-4161.827	262.6592	0.490422	0.235673	0.596371	0.140154	0.0278013	2.281107	0.8519161
14280	-3896.036	-4158.543	262.5063	0.5958109	0.254826	0.456695	0.258418	0.0300607	2.289747	0.8944502
14286	-3906.194	-4168.788	262.5933	0.5045714	0.449373	0.240069	0.258869	0.0516893	2.30766	0.8818403
14292	-3891.552	-4154.145	262.5933	0.5045714	0.345624	0.352873	0.199395	0.102108	2.30766	0.8818403
14298	-3897.779	-4160.477	262.6986	0.4744405	0.338479	0.37102	0.190504	0.0999975	2.261858	0.8464444
14304	-3875.95	-4138.424	262.4749	0.5324122	0.415107	0.373234	0.191641	0.0200174	2.357858	0.9266432
14310	-3902.089	-4164.599	262.5105	0.5668314	0.453331	0.342887	0.184833	0.0189488	2.267412	0.9473819
14316	-3905.538	-4168.073	262.5351	0.5670882	0.453331	0.342887	0.184833	0.0189488	2.242436	0.9475449
14322	-3902.434	-4164.815	262.3816	0.6232483	0.45574	0.361452	0.165809	0.0169986	2.31046	0.9752252
14328	-3892.285	-4154.618	262.3333	0.7450813	0.54948	0.233312	0.143294	0.0739138	2.283153	0.9187804
14334	-3887.868	-4150.41	262.5417	0.544276	0.452992	0.239005	0.193699	0.114304	2.24827	0.9592215
14340	-3887.396	-4150.018	262.6216	0.5205492	0.332553	0.441334	0.142199	0.0839137	2.192618	0.9592215
14346	-3884.45	-4147.107	262.6568	0.4590789	0.401185	0.355551	0.199172	0.044092	2.217931	0.9592215
14352	-3886.021	-4148.603	262.5816	0.5469952	0.491324	0.311208	0.149866	0.0476027	2.239901	0.9226089
14358	-3901.01	-4163.675	262.6644	0.4981409	0.40957	0.402875	0.170532	0.0170227	2.20659	0.9226089
14364	-3906.435	-4168.87	262.4351	0.7203129	0.462502	0.276922	0.247336	0.0132393	2.192649	0.9349282
14370	-3907.839	-4170.369	262.5304	0.5455018	0.433172	0.303228	0.25275	0.0108498	2.226279	0.9921123
14376	-3904.984	-4167.334	262.3499	0.6290017	0.469078	0.309087	0.205792	0.0160428	2.267738	1.04303
14382	-3895.018	-4157.325	262.3066	0.6693434	0.436217	0.330889	0.159834	0.0730602	2.178929	1.125999
14388	-3903.787	-4165.742	261.9555	0.7541121	0.427184	0.324168	0.205021	0.0436267	2.122736	1.390149
14394	-3902.963	-4165.297	262.3339	0.7045256	0.509954	0.22802	0.200976	0.0610501	2.060108	1.174034
14400	-3898.246	-4160.439	262.1931	0.6612404	0.435809	0.32378	0.190509	0.0499024	2.080775	1.312951
14406	-3902.012	-4164.508	262.4957	0.5992316	0.449755	0.315781	0.194591	0.0398727	2.05614	1.132917
14412	-3904.428	-4166.898	262.4696	0.6163553	0.418567	0.371883	0.173914	0.0356358	2.121449	1.080766
14418	-3906.235	-4168.449	262.214	0.788095	0.590591	0.147808	0.197244	0.0643562	2.361015	0.9145403
14424	-3891.124	-4153.46	262.3352	0.6977741	0.495972	0.224662	0.230238	0.0491278	2.273842	0.97946
14430	-3895.778	-4158.093	262.3146	0.6977741	0.507426	0.174854	0.267539	0.050181	2.095594	1.166085
14436	-3915.524	-4178.008	262.4845	0.4930814	0.332972	0.414815	0.203022	0.04919	2.042916	1.247878
14442	-3892.964	-4155.093	262.1291	0.5752334	0.466379	0.290737	0.215275	0.0276079	2.037782	1.467286
14448	-3894.86	-4156.935	262.0744	0.5498448	0.418864	0.349347	0.204864	0.026925	2.096012	1.484501
14454	-3909.76	-4172.243	262.4829	0.4950487	0.423148	0.35292	0.20696	0.0169731	2.03715	1.252443
14460	-3901.161	-4162.95	261.7895	0.6824483	0.502732	0.261788	0.158848	0.0766328	1.854055	1.764707
14466	-3907.167	-4169.061	261.8937	0.5665827	0.503409	0.196081	0.273806	0.026703	1.883504	1.756583
14472	-3906.372	-4168.854	262.4818	0.6419732	0.468033	0.226185	0.26607	0.0397124	2.095909	1.067968
14478	-3899.778	-4162.115	262.3371	0.7086463	0.444681	0.240796	0.272036	0.0424868	2.169956	1.067968
14484	-3902.352	-4164.725	262.373	0.6721369	0.521857	0.142944	0.271242	0.0639573	2.169956	1.070624
14490	-3895.821	-4157.88	262.0592	0.7462525	0.397008	0.307585	0.189522	0.105885	2.000545	1.410973
14496	-3896.632	-4158.613	261.981	0.7462525	0.483618	0.202571	0.206169	0.107642	1.848874	1.583678
14502	-3912.202	-4174.292	262.0901	0.7358237	0.485667	0.257218	0.207042	0.0500727	1.958763	1.427913
14508	-3898.115	-4160.209	262.0942	0.7358237	0.394709	0.309816	0.210202	0.0852722	2.010712	1.384464
14514	-3897.094	-4158.985	261.8918	0.7010978	0.391153	0.371732	0.158435	0.0786792	1.908635	1.639611
14520	-3896.874	-4158.832	261.9574	0.5675311	0.450599	0.32016	0.182513	0.0467281	1.880843	1.713035
14526	-3892.036	-4153.921	261.8851	0.6423492	0.450415	0.314491	0.187172	0.0479209	1.880843	1.708558
14532	-3893.279	-4154.96	261.6809	0.6562661	0.412892	0.403434	0.152082	0.0315914	1.725122	1.946329
14538	-3900.333	-4161.841	261.5077	0.7058707	0.378149	0.320217	0.2727	0.0289332	1.721709	2.029193
14544	-3899.015	-4161.019	262.0031	0.4894907	0.394067	0.325458	0.25952	0.0209551	1.721709	1.847048
14550	-3912.195	-4173.179	260.9833	0.5688455	0.383284	0.3199	0.27464	0.022176	1.632694	2.515602
14556	-3897.712	-4158.459	260.7468	0.5777374	0.383869	0.320388	0.275059	0.0206845	1.582185	2.687524
14562	-3910.666	-4170.444	259.7786	0.6191901	0.479744	0.243766	0.194593	0.0818964	1.402183	3.350058
14568	-3909.886	-4169.21	259.3244	0.558898	0.415349	0.273939	0.21868	0.0920332	1.379396	3.66503
14574	-3893.541	-4155.371	261.83	0.4418289	0.387453	0.358641	0.216687	0.0372188	1.786882	1.951267
14580	-3901.517	-4162.852	261.3345	0.7692573	0.467915	0.188359	0.261687	0.082039	1.851854	2.013284
14586	-3898.315	-4159.344	261.029	0.7099233	0.416987	0.340928	0.231613	0.0104724	1.665264	2.372839
14592	-3902.413	-4163.321	260.9079	0.5030786	0.411008	0.336039	0.228291	0.0246618	1.607866	2.619515
14598	-3885.083	-4146.742	261.659	0.5346771	0.392163	0.28696	0.283863	0.0370142	1.81409	1.986592
14604	-3882.759	-4144.345	261.5866	0.519787	0.392163	0.28696	0.283863	0.0370142	1.75879	2.081334
14610	-3886.472	-4148.126	261.6544	0.5130882	0.373214	0.298865	0.295639	0.032283	1.761249	2.039384
14616	-3888.36	-4149.631	261.2713	0.6717571	0.558458	0.182359	0.206281	0.0529014	1.761249	2.181977
14622	-3876.718	-4138.308	261.5895	0.6841247	0.533612	0.191525	0.231002	0.0438612	1.759769	1.964615
14628	-3884.174	-4146.314	262.1405	0.5467162	0.453939	0.294967	0.238432	0.0126622	1.849593	1.619928
14634	-3885.104	-4145.868	260.7638	0.7930468	0.536562	0.250336	0.202355	0.0107463	1.594123	2.529053
14640	-3874.604	-4135.554	260.9501	0.65981	0.440085	0.22513	0.318486	0.0162992	1.637249	2.47367
14646	-3873.318	-4134.716	261.3976	0.65981	0.394323	0.235956	0.333803	0.0359181	1.64868	2.181311
14652	-3886.552	-4147.538	260.9853	0.5392684	0.416442	0.219031	0.33144	0.0330867	1.624352	2.538571
14658	-3902.512	-4163.709	261.1966	0.57819	0.419131	0.221808	0.325555	0.0335061	1.734601	2.310604
14664	-3894.132	-4155.048	260.9164	0.7707801	0.501218	0.159187	0.292201	0.0473945	1.71715	2.370576
14670	-3895.559	-4156.713	261.1535	0.6151088	0.45011	0.238202	0.275705	0.0359826	1.605357	2.395438
14676	-3891.671	-4153.681	262.0105	0.7027613	0.515882	0.243451	0.208054	0.0326131	1.75836	1.661022
14682	-3903.343	-4165.387	262.044	0.5011518	0.498371	0.234239	0.21998	0.0474103	1.75836	1.785551
14688	-3916.609	-4178.803	262.1937	0.4486247	0.496801	0.233502	0.222436	0.047261	1.857085	1.64615
14694	-3882.31	-4144.111	261.801	0.7509808	0.42837	0.300966	0.191797	0.0788666	1.820864	1.729088
14700	-3886.995	-4148.781	261.7864	0.589048	0.447443	0.316041	0.200308	0.0362078	1.741141	1.91216
14706	-3885.854	-4147.859	262.0056	0.5217141	0.41402	0.292433	0.185346	0.108201	1.864964	1.72338
14712	-3894.76	-4156.673	261.913	0.705245	0.420261	0.269576	0.218331	0.0918315	2.014991	1.543428
14718	-3906.5	-4168.789	262.289	0.4865426	0.443774	0.313607	0.153139	0.0894803	2.035476	1.415702
14724	-3903.526	-4166.032	262.5053	0.4894424	0.413341	0.327623	0.159384	0.0996526	2.043769	1.232755
14730	-3913.683	-4176.244	262.5613	0.4753858	0.383395	0.339803	0.167311	0.109491	2.043204	1.197317
14736	-3927.105	-4189.619	262.5139	0.442743	0.450004	0.33671	0.139751	0.0735349	1.975226	1.318864
14742	-3906.599	-4168.212	261.6137	0.7019734	0.378057	0.309364	0.269262	0.0433174	1.857829	1.869123
14748	-3908.228	-4170.077	261.8488	0.6960804	0.390544	0.303375	0.264049	0.0420314	1.8849	1.691083
14754	-3893.184	-4154.786	261.6016	0.8368231	0.492869	0.158915	0.310953	0.0372632	1.896587	1.752748
14760	-3886.98	-4148.656	261.6756	0.8368231	0.601976	0.111882	0.211604	0.0745382	1.851921	1.732146
14766	-3889.98	-4151.849	261.8684	0.679925	0.485688	0.209181	0.194556	0.110576	1.893913	1.682953
14772	-3882.455	-4144.093	261.6374	0.7906893	0.465223	0.235654	0.216694	0.0824284	1.663102	1.921691
14778	-3887.011	-4148.838	261.8268	0.7906893	0.468138	0.237131	0.218052	0.076679	1.919152	1.610658
14784	-3889.869	-4151.276	261.4068	0.7906893	0.477879	0.192331	0.24399	0.0858002	1.656389	2.079911
14790	-3885.638	-4146.915	261.2773	0.7474348	0.543711	0.161732	0.259577	0.0349798	1.75293	2.131345
14796	-3884.425	-4145.56	261.135	0.7228253	0.553704	0.226634	0.184298	0.0353648	1.792391	2.215028
14802	-3878.193	-4139.044	260.8514	0.9254562	0.568941	0.22358	0.181814	0.0256648	1.697264	2.322553
14808	-3876.758	-4137.44	260.6817	0.922629	0.49018	0.21587	0.262328	0.0316221	1.681759	2.441597
14814	-3883.892	-4144.589	260.6979	0.922629	0.488685	0.215212	0.261528	0.0345745	1.68293	2.43067
14820	-3875.798	-4136.92	261.1224	0.7026171	0.530178	0.210339	0.175244	0.0842392	1.719487	2.283803
14826	-3884.699	-4145.966	261.2677	0.7377886	0.514895	0.266846	0.143832	0.0744266	1.832904	2.091971
14832	-3886.708	-4148.06	261.352	0.8468363	0.425923	0.233321	0.226332	0.114424	1.817356	1.970493
14838	-3901.331	-4162.693	261.3613	0.8468363	0.546736	0.107553	0.273437	0.0722739	1.876912	1.924126
14844	-3887.82	-4149.007	261.1862	0.8468363	0.536541	0.163707	0.228826	0.0709262	1.882218	2.037714
14850	-3884.255	-4145.913	261.6581	0.5126847	0.458213	0.317086	0.196765	0.0279362	1.832348	1.989905
14856	-3882.153	-4143.24	261.0869	0.7284647	0.458213	0.317086	0.196765	0.0279362	1.793216	2.241677
14862	-3878.296	-4139.809	261.5137	0.62189	0.452648	0.288543	0.194376	0.064434	1.785451	2.041922
14868	-3876.169	-4138.015	261.8454	0.5808438	0.448609	0.285968	0.209734	0.0556879	1.782976	1.849296
14874	-3887.935	-4149.753	261.8184	0.5646704	0.452882	0.288692	0.211732	0.0466943	1.719655	1.922205
14880	-3883.765	-4145.382	261.6168	0.6373476	0.452327	0.367349	0.133687	0.0466371	1.782633	1.964221
14886	-3884.312	-4146.123	261.8112	0.7444464	0.490501	0.221436	0.219972	0.0680907	1.834748	1.717003
14892	-3882.899	-4144.023	261.1245	0.8005016	0.581396	0.116531	0.244359	0.0577142	1.683456	2.239312
14898	-3889.286	-4149.758	260.4717	0.7347234	0.597138	0.186818	0.156768	0.0592769	1.493028	2.80882
14904	-3901.418	-4161.771	260.3532	0.6853545	0.482744	0.263929	0.143653	0.109674	1.663859	2.80882
14910	-3899.916	-4159.931	260.0143	0.8424941	0.467802	0.271553	0.147803	0.112842	1.501267	3.011733
14916	-3892.948	-4152.881	259.9335	0.6946723	0.524799	0.141066	0.219243	0.114891	1.50181	3.152432
14922	-3885.15	-4147.484	262.3338	0.6002685	0.384581	0.376378	0.17435	0.0646908	2.127282	1.211153
14928	-3878.762	-4141.129	262.3666	0.6002685	0.356115	0.394308	0.189675	0.0599025	2.056802	1.24293
14934	-3883.915	-4146.213	262.2989	0.6408467	0.366834	0.343117	0.210001	0.0800485	2.068207	1.254235
14940	-3889.909	-4152.302	262.3927	0.5415952	0.404132	0.276328	0.231353	0.0881875	1.987984	1.327806
14946	-3896.384	-4158.696	262.3129	0.590964	0.46239	0.321922	0.154018	0.061669	2.077655	1.278293
14952	-3906.838	-4169.313	262.4744	0.6086336	0.466539	0.303812	0.223068	0.00658023	2.085514	1.116813
14958	-3917.001	-4179.453	262.4522	0.6086336	0.506078	0.278374	0.207885	0.00766231	2.182028	1.047704
14964	-3929.309	-4189.898	260.5893	0.7669818	0.563729	0.179431	0.232101	0.0247389	1.592298	2.655299
14970	-3927.499	-4189.113	261.6147	0.6513528	0.424943	0.278262	0.167836	0.128959	1.726223	1.993418
14976	-3906.812	-4168.756	261.9435	0.4995785	0.441614	0.338695	0.142746	0.0769454	1.927315	1.738882
14982	-3896.315	-4158.394	262.0789	0.7055056	0.475442	0.318141	0.134084	0.0723328	1.955097	1.463794
14988	-3897.728	-4159.829	262.1009	0.5039858	0.339189	0.349313	0.263922	0.0475759	1.947456	1.609122
14994	-3905.428	-4167.073	261.6452	0.5550129	0.459976	0.210982	0.314549	0.0144934	1.832061	1.96982
15000	-3905.427	-4165.885	260.4585	0.7627134	0.444637	0.203946	0.30406	0.0473564	1.59458	2.736904
15006	-3900.008	-4160.232	260.2233	0.5325889	0.28324	0.488906	0.201245	0.0266089	1.669208	2.980882
15012	-3904.871	-4165.156	260.2848	0.5475804	0.421288	0.353938	0.16242	0.0623526	1.592345	2.980882
15018	-3893.716	-4154.913	261.1968	0.4377022	0.333298	0.417642	0.195655	0.0534048	1.631188	2.464298
15024	-3892.755	-4153.976	261.2217	0.4675657	0.339079	0.414021	0.193958	0.0529418	1.730294	2.368476
15030	-3891.359	-4152.356	260.997	0.6615128	0.369074	0.306893	0.266408	0.0576251	1.690197	2.40977
15036	-3910.136	-4171.346	261.2101	0.5608498	0.335418	0.473629	0.15424	0.0367134	1.682701	2.346568
15042	-3913.259	-4174.064	260.8056	0.6406177	0.251888	0.533741	0.16279	0.0515809	1.678552	2.550762
15048	-3920.451	-4181.472	261.0211	0.5980403	0.2413	0.511929	0.155947	0.0908231	1.645006	2.465143
15054	-3904.006	-4166.678	262.6723	0.4949614	0.360693	0.364946	0.236254	0.038107	2.324452	0.7725404
15060	-3928.294	-4190.741	262.4478	0.6649179	0.437343	0.264192	0.205988	0.0924775	2.324452	0.8361714
15066	-3911.788	-4174.112	262.3238	0.6343393	0.412545	0.249212	0.265806	0.0724364	2.270609	1.059787
15072	-3894.006	-4156.484	262.478	0.6008608	0.458657	0.319341	0.141469	0.0805329	2.089444	1.117343
15078	-3882.843	-4145.054	262.2111	0.6728433	0.435611	0.328082	0.150585	0.0857221	2.065458	1.300817
15084	-3897.152	-4159.223	262.0712	0.7891814	0.435997	0.355879	0.152518	0.0556059	1.909768	1.436859
15090	-3882.917	-4145.373	262.4557	0.5041563	0.385288	0.331317	0.236035	0.0473599	1.964652	1.326445
15096	-3897.402	-4159.854	262.4514	0.5517562	0.37984	0.326632	0.220901	0.0726269	2.071169	1.20178
15102	-3890.377	-4151.747	261.3692	0.7350848	0.41403	0.289508	0.178678	0.117784	1.772023	2.067091
15108	-3878.99	-4140.75	261.7595	0.7076024	0.449698	0.319866	0.194071	0.0363656	1.945649	1.702678
15114	-3896.117	-4157.849	261.7329	0.7567167	0.502372	0.260745	0.155321	0.0815614	1.91849	1.703983
15120	-3897.815	-4159.748	261.9325	0.7920004	0.505238	0.266678	0.145919	0.0821645	1.960879	1.501012
15126	-3896.79	-4158.343	261.5524	0.7855329	0.505238	0.266678	0.145919	0.0821645	1.91828	1.809108
15132	-3895.46	-4157.042	261.5817	0.7855329	0.453177	0.239199	0.255931	0.0516926	1.748582	1.905224
15138	-3897.838	-4159.313	261.4759	0.8405739	0.516604	0.265589	0.131983	0.0858239	1.796779	1.905224
15144	-3899.227	-4160.359	261.1318	0.9537987	0.477871	0.218173	0.18779	0.116166	1.679062	2.13491
15150	-3901.664	-4163.094	261.4299	0.72167	0.51138	0.233472	0.200959	0.05419	1.777472	2.032745
15156	-3898.564	-4160.175	261.6106	0.7510065	0.451786	0.26967	0.250674	0.0278693	1.729273	1.923307
15162	-3897.066	-4158.859	261.7932	0.7032326	0.521052	0.23072	0.214467	0.0337605	1.769375	1.805635
15168	-3903.331	-4165.147	261.8159	0.6292498	0.53463	0.236732	0.139042	0.0895955	1.822123	1.807655
15174	-3901.258	-4162.8	261.5427	0.7328503	0.428416	0.245847	0.232692	0.0930452	1.797966	1.935729
15180	-3902.923	-4164.38	261.4573	0.5967676	0.430731	0.388282	0.0874393	0.093548	1.742963	2.124324
15186	-3887.407	-4148.54	261.1324	0.5967676	0.382003	0.433115	0.115981	0.0689016	1.670518	2.379812
15192	-3900.729	-4161.165	260.436	0.6047162	0.434641	0.404071	0.131962	0.0293257	1.622571	2.835345
15198	-3898.743	-4159.354	260.6105	0.7232985	0.427322	0.397267	0.132755	0.042656	1.548607	2.697462
15204	-3893.781	-4154.352	260.5702	0.6982255	0.439142	0.327993	0.136427	0.0964391	1.615463	2.697462
15210	-3900.176	-4162.383	262.2068	0.6078589	0.508822	0.248365	0.193209	0.0496034	2.092712	1.337632
15216	-3905.953	-4168.164	262.2113	0.6933165	0.451703	0.369631	0.144741	0.033925	1.99692	1.33832
15222	-3904.335	-4166.635	262.3005	0.6120469	0.451133	0.369164	0.144559	0.0351447	2.086825	1.262662
15228	-3904.99	-4167.25	262.2596	0.6120469	0.417339	0.304257	0.198397	0.0800073	2.136163	1.255709
15234	-3891.707	-4153.796	262.0888	0.7174638	0.500012	0.188628	0.280618	0.0307416	1.921026	1.472563
15240	-3901.262	-4163.691	262.4283	0.5322247	0.301384	0.446103	0.148294	0.104219	2.212251	1.115595
15246	-3909.402	-4171.793	262.3918	0.5342224	0.424888	0.265118	0.209064	0.10093	2.201896	1.155709
15252	-3894.624	-4156.758	262.1334	0.6233805	0.436825	0.272567	0.214938	0.0756704	2.254502	1.252291
15258	-3883.722	-4146.036	262.3136	0.6689899	0.413822	0.368818	0.134507	0.0828538	2.300056	1.005604
15264	-3891.958	-4154.281	262.3235	0.6253218	0.44455	0.288901	0.164946	0.101604	2.268545	1.071018
15270	-3888.099	-4150.462	262.3628	0.6099039	0.397665	0.370852	0.180813	0.0506696	2.268545	1.049143
15276	-3893.657	-4156.111	262.4545	0.5488881	0.425577	0.345453	0.175983	0.0529863	2.240467	1.049143
15282	-3879.996	-4142.484	262.488	0.5488881	0.422219	0.342727	0.212666	0.0223877	2.284066	0.9728348
15288	-3888.061	-4150.49	262.4287	0.5231794	0.36207	0.376124	0.23687	0.0249357	2.241235	1.09719
15294	-3886.358	-4148.934	262.5757	0.4918459	0.378989	0.3937	0.198319	0.028992	2.150698	1.074
15300	-3904.728	-4167.248	262.5194	0.5262098	0.409733	0.364052	0.19979	0.0264247	2.201867	1.046241
15306	-3894.699	-4157.373	262.6736	0.5262098	0.38427	0.341428	0.187374	0.0869282	2.127462	0.966855
15312	-3914.452	-4176.654	262.2019	0.7404314	0.372817	0.38764	0.178067	0.0614751	2.188539	1.143722
15318	-3904.733	-4167.292	262.5585	0.5874011	0.428522	0.3219	0.192094	0.0574841	2.254043	0.8856566
15324	-3904.126	-4166.554	262.4283	0.6152562	0.424953	0.319219	0.201618	0.0542102	2.354984	0.8856566
15330	-3890.986	-4153.383	262.3963	0.6152562	0.421438	0.252187	0.268329	0.0580457	2.270959	1.008712
15336	-3881.606	-4144.313	262.7067	0.4641119	0.379467	0.326662	0.241606	0.0522649	2.241591	0.8727717
15342	-3886.39	-4149.036	262.6458	0.5353315	0.380406	0.300094	0.214053	0.105447	2.277716	0.816407
15348	-3899.019	-4161.551	262.5316	0.5708134	0.43699	0.256295	0.171257	0.135458	2.349104	0.8244297
15354	-3910.817	-4173.239	262.4216	0.6204875	0.369412	0.371305	0.144773	0.11451	2.343496	0.9000725
15360	-3892.189	-4154.548	262.3586	0.6535755	0.399978	0.269439	0.206598	0.123985	2.334262	0.9408712
15366	-3888.733	-4151.125	262.3917	0.6096986	0.433752	0.231862	0.23834	0.0960453	2.360031	0.9273874
15372	-3911.243	-4173.761	262.5187	0.5699755	0.357788	0.351007	0.164795	0.12641	2.30237	0.896689
15378	-3923.423	-4186.005	262.5812	0.5699755	0.394434	0.386958	0.0738161	0.144792	2.314713	0.8058816
15384	-3912.07	-4174.53	262.4602	0.5276958	0.396018	0.32068	0.185668	0.0976336	2.171564	1.12775
15390	-3907.87	-4170.093	262.223	0.7024352	0.431284	0.248274	0.206275	0.114166	2.30597	1.053483
15396	-3904.147	-4166.375	262.2283	0.7383702	0.51439	0.262833	0.162879	0.059898	2.362299	0.954131
15402	-3898.221	-4160.698	262.4764	0.4787696	0.320598	0.382126	0.2723	0.0249753	2.190454	1.140016
15408	-3885.268	-4147.562	262.2933	0.5687319	0.414924	0.371031	0.188038	0.0260063	2.09483	1.299191
15414	-3896.739	-4158.695	261.9563	0.8110469	0.453269	0.325484	0.186332	0.0349154	2.041549	1.406202
15420	-3905.58	-4167.626	262.0465	0.6072746	0.445111	0.327836	0.132409	0.0946435	1.905901	1.601496
15426	-3893.435	-4155.319	261.8837	0.6218815	0.465698	0.289837	0.145443	0.099021	1.906846	1.706473
15432	-3902.935	-4164.506	261.5709	0.7560834	0.510268	0.168501	0.28803	0.0332014	2.031331	1.739119
15438	-3890.672	-4151.632	260.9605	0.7560834	0.465746	0.355257	0.148511	0.0304863	1.735953	2.340472
15444	-3894.356	-4155.597	261.2411	0.615198	0.439518	0.335251	0.196461	0.0287695	1.756738	2.243065
15450	-3885.373	-4146.752	261.3795	0.5256363	0.35094	0.359962	0.266529	0.0225696	1.632744	2.293434
15456	-3885.808	-4147.138	261.33	0.5850142	0.423664	0.311615	0.230731	0.0339894	1.759679	2.204255
15462	-3894.411	-4156.069	261.658	0.6605178	0.405219	0.251828	0.321895	0.0210578	1.787966	1.916323
15468	-3891.455	-4153.135	261.6801	0.6898169	0.463814	0.268101	0.237719	0.0303662	1.809901	1.865307
15474	-3891.819	-4153.812	261.9934	0.6798032	0.537972	0.273717	0.18179	0.00652087	1.854024	1.622008
15480	-3897.297	-4159.427	262.1296	0.5319924	0.565734	0.224859	0.191171	0.0182357	1.872698	1.622008
15486	-3894.786	-4156.704	261.9179	0.588044	0.499769	0.19864	0.268644	0.0329464	1.872698	1.731523
15492	-3895.774	-4157.771	261.9973	0.588044	0.393676	0.344201	0.216096	0.0460274	1.893134	1.660742
15498	-3887.593	-4149.422	261.829	0.7563372	0.44551	0.272445	0.245614	0.0364319	1.833542	1.696396
15504	-3890.674	-4152.474	261.8006	0.7083743	0.419719	0.28127	0.25357	0.0454407	1.813912	1.765803
15510	-3913.435	-4175.216	261.7812	0.7398141	0.429537	0.174855	0.335487	0.0601206	1.792434	1.771093
15516	-3893.323	-4155.005	261.6821	0.6695444	0.361376	0.305794	0.28225	0.0505803	1.845643	1.854167
15522	-3887.106	-4149.29	262.1837	0.6805939	0.351558	0.403497	0.114384	0.130561	2.086215	1.299522
15528	-3885.771	-4148.107	262.3363	0.6067629	0.38645	0.443544	0.108012	0.0619936	2.021808	1.291241
15534	-3893.044	-4154.327	261.2828	0.8091556	0.573689	0.136971	0.259057	0.0302825	1.731917	2.099039
15540	-3880.481	-4142.094	261.6123	0.6567705	0.538908	0.161419	0.265938	0.0337344	1.684266	2.01913
15546	-3897.733	-4158.596	260.8636	0.8260021	0.454048	0.256629	0.2609	0.0284224	1.676437	2.393148
15552	-3899.236	-4161.46	262.2242	0.5855779	0.487106	0.274365	0.168714	0.069816	1.862449	1.519485
15558	-3901.399	-4163.431	262.0323	0.6998822	0.45976	0.310023	0.162654	0.0675635	1.952083	1.505724
15564	-3900.307	-4161.84	261.5333	0.6998822	0.407408	0.274722	0.296784	0.021086	1.973635	1.846435
15570	-3885.582	-4146.855	261.2724	0.5923715	0.407408	0.274722	0.296784	0.021086	1.738985	2.24977
15576	-3891.154	-4152.535	261.3804	0.7749121	0.47488	0.183579	0.32115	0.0203916	1.738985	2.053751
15582	-3887.354	-4148.953	261.5988	0.6120982	0.44818	0.244783	0.295198	0.0118398	1.692714	2.053751
15588	-3888.4	-4149.398	260.998	0.6530062	0.51082	0.278995	0.205506	0.00467888	1.580676	2.483612
15594	-3892.804	-4154.21	261.4065	0.6546397	0.476735	0.303753	0.20802	0.0114917	1.753862	2.110489
15600	-3892.38	-4154.138	261.7581	0.8169141	0.417141	0.265782	0.271075	0.0460023	1.824691	1.707852
15606	-3894.584	-4156.567	261.9836	0.7265386	0.540818	0.224678	0.208861	0.0256426	1.884825	1.570672
15612	-3888.022	-4149.429	261.4074	0.6940562	0.45803	0.248587	0.231087	0.0622972	1.804571	2.049056
15618	-3895.406	-4157.072	261.6661	0.5901571	0.449133	0.28276	0.197245	0.0708613	1.609345	2.079541
15624	-3884.185	-4144.997	260.8117	0.6536433	0.449112	0.290737	0.157562	0.102588	1.668441	2.544687
15630	-3891.463	-4152.258	260.7948	0.9283722	0.475048	0.287434	0.166661	0.0708571	1.668441	2.374899
15636	-3880.726	-4142.267	261.5413	0.6080958	0.456845	0.314738	0.160275	0.068142	1.833797	2.001077
15642	-3900.154	-4161.936	261.7824	0.5385831	0.49176	0.276952	0.157938	0.0733499	1.718006	1.965689
15648	-3916.369	-4178.176	261.8063	0.4617171	0.44592	0.296436	0.222486	0.0351586	1.842078	1.917396
15654	-3912.481	-4172.05	259.5683	0.5922554	0.46585	0.28346	0.217397	0.0332932	1.375682	3.505223
15660	-3901.955	-4164.104	262.1496	0.6068779	0.486278	0.29433	0.214468	0.00492364	1.955093	1.489222
15666	-3917.359	-4179.643	262.2846	0.5316081	0.403266	0.296122	0.296529	0.00408312	1.929828	1.465317
15672	-3909.371	-4171.437	262.0662	0.758107	0.366871	0.333744	0.29821	0.00117516	2.073918	1.338006
15678	-3889.99	-4152.129	262.1394	0.6405743	0.418969	0.23913	0.340559	0.00134204	2.055696	1.392737
15684	-3885.948	-4148.198	262.25	0.6947738	0.52071	0.215454	0.262627	0.00120916	2.122555	1.201441
15690	-3892.201	-4154.341	262.1397	0.7335478	0.382187	0.31424	0.293629	0.00994415	2.010985	1.350227
15696	-3897.856	-4160.131	262.275	0.5410325	0.379391	0.306064	0.291899	0.0226465	2.146188	1.295601
15702	-3891.9	-4154.264	262.3635	0.6369104	0.446077	0.243826	0.288792	0.0213053	2.136571	1.14369
15708	-3893.074	-4155.612	262.5374	0.5758653	0.452362	0.317826	0.106554	0.123259	2.104377	1.073034
15714	-3886.757	-4148.894	262.1377	0.6609948	0.453	0.391357	0.0928213	0.0628215	2.016003	1.408116
15720	-3888.128	-4150.214	262.0864	0.7151119	0.429269	0.363985	0.148318	0.0584278	2.135747	1.308613
15726	-3906.179	-4168.092	261.9132	0.5938687	0.469211	0.260658	0.192885	0.0772468	2.009751	1.632995
15732	-3903.942	-4165.697	261.7548	0.7044031	0.466203	0.283166	0.206169	0.0444626	1.89331	1.745248
15738	-3895.813	-4157.712	261.8991	0.6018747	0.340311	0.390003	0.210138	0.0595478	1.936661	1.689368
15744	-3895.001	-4156.472	261.4711	0.6924295	0.444031	0.359862	0.141162	0.0549456	1.817202	1.999523
15750	-3905.288	-4166.889	261.6017	0.54741	0.351044	0.4805	0.131712	0.0367434	1.839019	1.999523
15756	-3903.66	-4165.558	261.8977	0.4564405	0.339226	0.464325	0.136719	0.0597297	1.815558	1.876806
15762	-3893.69	-4155.425	261.7354	0.6568018	0.407828	0.3984	0.148749	0.0450236	1.778525	1.872843
15768	-3896.323	-4158.217	261.8934	0.5379335	0.347885	0.376349	0.223338	0.0524284	1.883892	1.777112
15774	-3899.357	-4160.929	261.5718	0.5330345	0.461535	0.31076	0.184414	0.0432913	1.859107	2.015845
15780	-3895.922	-4156.959	261.0362	0.604097	0.475553	0.295213	0.184503	0.04473	1.782547	2.364912
15786	-3898.009	-4159.519	261.5101	0.5060548	0.355262	0.257837	0.302913	0.083989	1.676389	2.194075
15792	-3908.407	-4169.84	261.4329	0.5060548	0.452852	0.328664	0.176544	0.0419404	1.676715	2.243681
15798	-3911.491	-4172.548	261.0564	0.6634905	0.475933	0.291694	0.185542	0.0468308	1.721741	2.350864
15804	-3897.168	-4158.105	260.9364	0.5255323	0.427469	0.327459	0.214467	0.0306057	1.647765	2.563142
15810	-3890.758	-4151.884	261.1259	0.6832873	0.455452	0.290284	0.222511	0.0317536	1.589737	2.377176
15816	-3903.842	-4163.986	260.1442	0.6858156	0.438559	0.279517	0.214258	0.0676662	1.538008	3.010666
15822	-3886.981	-4147.774	260.7929	0.6522427	0.4162	0.265266	0.254318	0.0642163	1.459515	2.686377
15828	-3898.588	-4158.597	260.0089	0.6522427	0.508998	0.230545	0.198095	0.0623625	1.553951	3.103324
15834	-3900.77	-4160.426	259.6564	0.8885002	0.455581	0.226652	0.241683	0.0760846	1.499493	3.197757
15840	-3899.718	-4160.104	260.3863	0.7170139	0.438301	0.236057	0.250774	0.0748675	1.518586	2.856582
15846	-3897.446	-4157.608	260.1622	0.6344299	0.431869	0.268946	0.247094	0.0520912	1.54789	3.026608
15852	-3894.729	-4153.735	259.006	0.8125698	0.46542	0.246232	0.225997	0.062351	1.426298	3.667466
15858	-3896.618	-4155.823	259.2045	0.6212619	0.393585	0.278049	0.257362	0.0710042	1.429818	3.667466
15864	-3885.43	-4144.3	258.8702	0.6591989	0.396745	0.287687	0.228868	0.0867	1.436145	3.833546
15870	-3895.321	-4154.642	259.3211	0.6058043	0.40711	0.295203	0.208721	0.0889652	1.358586	3.650575
15876	-3892.762	-4153.093	260.3314	0.6318409	0.388565	0.279622	0.229726	0.102087	1.565859	2.915681
15882	-3892.73	-4153.14	260.4094	0.7536771	0.405069	0.291499	0.239483	0.0639485	1.653396	2.736796
15888	-3895.76	-4157.273	261.5129	0.6556517	0.408821	0.302301	0.211949	0.0769285	1.675271	2.091555
15894	-3890.485	-4151.96	261.4747	0.5886877	0.494301	0.236233	0.184829	0.0846368	1.71976	2.133677
15900	-3909.129	-4170.61	261.4809	0.6318399	0.469481	0.257905	0.165882	0.106732	1.763109	2.071376
15906	-3903.526	-4165.51	261.9833	0.5889386	0.401736	0.280458	0.201741	0.116065	1.805196	1.732301
15912	-3898.714	-4159.7	260.9866	0.74742	0.643776	0.127595	0.151085	0.0775438	1.732234	2.332053
15918	-3910.558	-4172.08	261.5222	0.7066535	0.552007	0.169584	0.186806	0.0916026	1.682568	2.045004
15924	-3895.617	-4157.804	262.1869	0.6167113	0.494511	0.268065	0.190572	0.0468519	1.928062	1.47368
15930	-3895.985	-4157.886	261.9007	0.6167113	0.447215	0.288407	0.205032	0.0593462	1.759128	1.801709
15936	-3915.168	-4177.223	262.0545	0.5860512	0.434162	0.279989	0.199048	0.0868015	1.827834	1.668007
15942	-3905.566	-4166.928	261.3625	0.7729133	0.423889	0.251868	0.32221	0.00203258	1.807696	2.02149
15948	-3892.411	-4153.587	261.1766	0.6563576	0.436973	0.25967	0.2961	0.00725697	1.663904	2.315964
15954	-3897.462	-4158.799	261.337	0.6188471	0.405672	0.452661	0.140109	0.00155815	1.617661	2.268331
15960	-3896.653	-4159.088	262.4357	0.5865198	0.351016	0.343367	0.232489	0.0731276	2.571003	0.5584143
15966	-3895.976	-4158.373	262.3966	0.6093959	0.396856	0.388208	0.158866	0.0560707	2.587091	0.5535468
15972	-3902.157	-4164.531	262.3744	0.6093959	0.556462	0.273264	0.096814	0.0734603	2.587091	0.6268307
15978	-3897.094	-4159.705	262.6115	0.5593742	0.39386	0.312699	0.241446	0.0519947	2.340367	0.742269
15984	-3909.078	-4171.468	262.39	0.6636544	0.385184	0.333479	0.236127	0.0452101	2.440895	0.7593511
15990	-3892.382	-4152.547	260.1654	0.5163669	0.341103	0.526244	0.127235	0.00541799	1.529067	3.109203
15996	-3892.518	-4152.431	259.9129	0.6947888	0.430058	0.307893	0.247744	0.0143049	1.594942	3.109203
16002	-3902.312	-4161.66	259.3482	0.5872242	0.48248	0.284225	0.210182	0.0231132	1.460343	3.587148
16008	-3905.377	-4164.626	259.2488	0.6327663	0.497609	0.253643	0.187567	0.0611812	1.369466	3.669701
16014	-3913.48	-4172.403	258.9225	0.8822809	0.497609	0.253643	0.187567	0.0611812	1.433544	3.669701
16020	-3921.166	-4181.332	260.1651	0.7800938	0.562714	0.202989	0.212107	0.0221901	1.541292	2.936272
16026	-3929.249	-4189.248	259.9993	0.7210615	0.356224	0.397172	0.227985	0.0186182	1.594626	3.04119
16032	-3920.564	-4181.272	260.7082	0.5470018	0.302066	0.4499	0.229307	0.0187262	1.549589	2.750666
16038	-3932.212	-4192.545	260.3335	0.6128066	0.418914	0.350035	0.169497	0.0615548	1.479206	2.978718
16044	-3919.552	-4181.704	262.1522	0.7478899	0.469553	0.348647	0.130963	0.0508368	2.072246	1.278451
16050	-3904.956	-4165.231	260.2752	0.6271593	0.388782	0.337344	0.214551	0.0593231	1.47399	3.007766
16056	-3896.843	-4156.964	260.1203	0.6281621	0.498605	0.259924	0.15827	0.0832008	1.506938	3.080108
16062	-3900.25	-4161.075	260.8249	0.6472161	0.500251	0.265081	0.175611	0.0590563	1.593865	2.587055
16068	-3890.709	-4151.843	261.1341	0.6462949	0.436002	0.231036	0.224234	0.108727	1.694766	2.330167
16074	-3909.657	-4171.214	261.5569	0.6314344	0.399503	0.310651	0.18355	0.106297	1.661725	2.088358
16080	-3903.725	-4164.773	261.0478	0.6271716	0.494252	0.197281	0.227082	0.0813849	1.602964	2.455552
16086	-3905.139	-4165.362	260.2226	0.6217432	0.44243	0.287568	0.218607	0.0513948	1.544505	3.000447
16092	-3927.492	-4189.888	262.3954	0.667237	0.573711	0.144882	0.189364	0.0920437	2.463649	0.7092039
16098	-3921.89	-4184.248	262.3586	0.7298405	0.419363	0.2663	0.203499	0.110838	2.434198	0.7092039
16104	-3896.449	-4158.125	261.6765	0.7002186	0.416201	0.323263	0.208117	0.0524194	1.88094	1.811402
16110	-3888.452	-4150.135	261.6831	0.6681266	0.429401	0.333515	0.183002	0.0540819	1.914845	1.806916
16116	-3890.041	-4151.683	261.6412	0.5648483	0.45095	0.350252	0.164993	0.0338048	1.770077	2.007083
16122	-3900.97	-4162.296	261.3262	0.5734007	0.413469	0.340624	0.231369	0.0145377	1.746708	2.222928
16128	-3917.078	-4178.679	261.6011	0.681169	0.499878	0.124424	0.356105	0.0195935	1.809542	1.925398
16134	-3912.106	-4173.754	261.6483	0.6227068	0.596905	0.118679	0.261687	0.0227284	1.824261	1.925398
16140	-3922.019	-4184.345	262.3259	0.7382495	0.511309	0.153408	0.293089	0.0421951	2.359023	0.8481591
16146	-3912.282	-4174.64	262.3579	0.7382495	0.464009	0.302475	0.126286	0.10723	2.327289	0.8477695
16152	-3932.457	-4194.836	262.3784	0.7382495	0.498226	0.251038	0.135599	0.115137	2.385771	0.7409771
16158	-3910.431	-4172.794	262.3633	0.7382495	0.516044	0.240382	0.163269	0.0803045	2.313873	0.8575163
16164	-3912.142	-4174.219	262.0767	0.6915579	0.560225	0.18036	0.219496	0.0399183	1.854979	1.551408
16170	-3918.495	-4180.519	262.0243	0.4317387	0.523769	0.266059	0.128511	0.0816604	1.729986	1.864422
16176	-3925.498	-4187.145	261.6474	0.664564	0.409128	0.242041	0.274543	0.0742886	1.70635	1.975478
16182	-3902.526	-4164.953	262.4271	0.6466411	0.503887	0.250767	0.137197	0.108149	2.416092	0.7677026
16188	-3901.582	-4163.833	262.2512	0.810664	0.502665	0.292201	0.0761616	0.128972	2.212262	1.006288
16194	-3910.331	-4172.443	262.1123	0.9523997	0.502665	0.292201	0.0761616	0.128972	2.260012	0.9501512
16200	-3897.424	-4159.947	262.5232	0.5287202	0.423157	0.267342	0.168043	0.141458	2.270185	0.9722258
16206	-3890.429	-4152.879	262.4494	0.6459668	0.518205	0.192258	0.187808	0.101729	2.275546	0.9148043
16212	-3903.171	-4163.785	260.6145	0.8076708	0.56645	0.136906	0.222632	0.0740125	1.657695	2.572823
16218	-3910.131	-4171.075	260.9437	0.823629	0.569702	0.170673	0.22391	0.035715	1.754379	2.294236
16224	-3904.036	-4166.347	262.3109	0.7683092	0.444951	0.218774	0.18518	0.151095	2.070788	1.125233
16230	-3895.36	-4157.187	261.8279	0.8622258	0.44433	0.219862	0.184922	0.150885	1.993211	1.500342
16236	-3910.25	-4171.99	261.7403	0.7431788	0.529228	0.210528	0.177071	0.0831731	1.953399	1.68411
16242	-3893.207	-4154.655	261.4478	0.7279078	0.361728	0.302871	0.263254	0.0721472	1.760133	2.028006
16248	-3896.324	-4157.315	260.9917	0.832316	0.480415	0.203323	0.220443	0.0958194	1.791252	2.233997
16254	-3910.65	-4171.294	260.6435	0.8043733	0.530042	0.205767	0.222751	0.0414399	1.739792	2.505849
16260	-3895.66	-4155.739	260.0791	0.896707	0.472481	0.276273	0.196974	0.0542723	1.521973	2.926661
16266	-3904.965	-4162.321	257.3562	0.9259846	0.493547	0.245168	0.205757	0.0555277	1.34276	4.587442
16272	-3906.176	-4166.68	260.5035	0.7636703	0.532892	0.184086	0.257852	0.0251705	1.641828	2.679756
16278	-3900.236	-4161.834	261.5986	0.7596632	0.52284	0.215224	0.25433	0.00760577	1.783828	1.888306
16284	-3893.791	-4154.032	260.2412	0.8198406	0.506787	0.187526	0.229587	0.0760995	1.533481	2.869878
16290	-3883.371	-4143.93	260.5592	0.7555929	0.508404	0.186911	0.228835	0.07585	1.503616	2.735562
16296	-3886.903	-4147.478	260.5744	0.7280917	0.430033	0.253341	0.252468	0.0641577	1.505839	2.74266
16302	-3896.655	-4156.582	259.9273	1.043289	0.521283	0.234905	0.175521	0.0682904	1.614271	2.87336
16308	-3885.851	-4146.329	260.4775	0.8154688	0.600119	0.0812969	0.243085	0.0754994	1.583826	2.697925
16314	-3891.141	-4151.153	260.012	0.8154688	0.489885	0.150528	0.287638	0.0719484	1.619196	2.959225
16320	-3898.928	-4159.203	260.2746	0.6700047	0.48303	0.243589	0.222371	0.05101	1.515489	2.955944
16326	-3898.08	-4158.239	260.1588	0.787568	0.525462	0.177141	0.241906	0.055491	1.492256	2.964848
16332	-3894.044	-4153.869	259.8249	0.7611805	0.511208	0.211637	0.22317	0.0539857	1.485633	3.184787
16338	-3886.815	-4146.793	259.9781	0.9806327	0.541098	0.198695	0.209523	0.0506844	1.555393	2.915958
16344	-3890.278	-4151.045	260.7672	0.9084758	0.478222	0.225919	0.23823	0.0576288	1.63493	2.426356
16350	-3889.535	-4149.831	260.2961	0.8936148	0.545534	0.0995787	0.248659	0.106229	1.759493	2.651623
16356	-3911.776	-4171.905	260.1295	0.8936148	0.400949	0.345413	0.182756	0.0708828	1.705982	2.786522
16362	-3906.563	-4167.099	260.5358	0.776843	0.460776	0.256759	0.199551	0.0829145	1.666448	2.636174
16368	-3893.479	-4153.798	260.3191	0.8712143	0.453145	0.25503	0.210284	0.0815414	1.682796	2.69888
16374	-3888.476	-4147.867	259.3913	0.7140837	0.438916	0.263686	0.218418	0.0789809	1.559497	3.426069
16380	-3898.941	-4158.637	259.6962	0.8307596	0.416865	0.323563	0.207445	0.0521271	1.61599	3.140478
16386	-3885.819	-4145.525	259.7059	0.7941333	0.50395	0.272788	0.175935	0.0473271	1.53913	3.20307
16392	-3897.839	-4157.633	259.7943	0.8092425	0.594987	0.230411	0.0972921	0.0773092	1.434941	3.20307
16398	-3906.792	-4166.542	259.75	0.825775	0.594987	0.230411	0.0972921	0.0773092	1.461941	3.20307
16404	-3899.204	-4158.101	258.8968	0.8197476	0.544046	0.264158	0.12378	0.0680161	1.40179	3.740446
16410	-3909.961	-4169.183	259.2221	0.5343862	0.53889	0.261654	0.122607	0.0768485	1.303311	3.782566
16416	-3894.513	-4154.248	259.7346	0.5343862	0.470951	0.284367	0.177521	0.0671601	1.428336	3.412341
16422	-3901.42	-4162.241	260.8214	0.5040874	0.38491	0.305329	0.232559	0.0772013	1.571145	2.694793
16428	-3884.551	-4144.42	259.8688	0.6079755	0.483195	0.271031	0.18452	0.0612541	1.493792	3.249895
16434	-3899.622	-4158.597	258.9747	0.7931329	0.371964	0.329364	0.224234	0.0744377	1.499278	3.655114
16440	-3907.287	-4166.574	259.2874	0.7845313	0.476858	0.281377	0.136907	0.104857	1.513007	3.47049
16446	-3900.042	-4160.084	260.0414	0.753535	0.46311	0.227403	0.236059	0.0734272	1.565432	3.012908
16452	-3899.777	-4160.14	260.3638	0.753535	0.513019	0.265068	0.14627	0.0756436	1.787852	2.682424
16458	-3907.89	-4168.593	260.7032	0.6539033	0.467072	0.363101	0.0881518	0.0816756	1.787364	2.538046
16464	-3902.45	-4162.905	260.4548	0.761572	0.492117	0.325955	0.108608	0.07332	1.711895	2.667946
16470	-3896.508	-4157.113	260.6058	0.6902394	0.452473	0.299697	0.114321	0.133509	1.636342	2.667946
16476	-3892.445	-4152.557	260.1121	0.6902394	0.612236	0.131101	0.167169	0.0894943	1.671093	2.9472
16482	-3898.2	-4159.637	261.4373	0.6704425	0.444774	0.153914	0.389775	0.011537	1.841446	2.02139
16488	-3894.885	-4155.903	261.0184	0.7864617	0.618953	0.0628927	0.253356	0.0647987	1.713818	2.29735
16494	-3893.261	-4154.115	260.854	0.7450852	0.448793	0.163559	0.308696	0.0789524	1.697945	2.439204
16500	-3899.461	-4159.92	260.4588	0.6582316	0.506094	0.14856	0.280387	0.064958	1.631513	2.781667
16506	-3892.73	-4153.231	260.5009	0.6150931	0.442985	0.373636	0.126522	0.0568577	1.635049	2.781667
16512	-3900.589	-4161.519	260.9299	0.8091466	0.415393	0.350364	0.118641	0.115602	1.649625	2.379335
16518	-3897.784	-4158.278	260.4935	0.6832	0.4066	0.355634	0.120426	0.11734	1.597887	2.764916
16524	-3893.407	-4154.532	261.1251	0.5800128	0.432061	0.377903	0.125877	0.0641583	1.699178	2.377372
16530	-3904.108	-4164.528	260.4201	0.5592367	0.409638	0.325276	0.165591	0.0994946	1.586938	2.895325
16536	-3897.981	-4158.892	260.9108	0.5926988	0.375504	0.387028	0.211305	0.0261631	1.676709	2.517805
16542	-3890.26	-4150.916	260.6563	0.5550156	0.362691	0.377882	0.204095	0.0553319	1.659036	2.710345
16548	-3899.218	-4159.835	260.6165	0.56028	0.387348	0.354958	0.191714	0.0659797	1.686553	2.714578
16554	-3898.476	-4159.509	261.0326	0.6756649	0.459332	0.260247	0.206977	0.0734434	1.727312	2.354226
16560	-3892.638	-4153.451	260.8133	0.5815279	0.411551	0.274495	0.251132	0.0628216	1.723247	2.556849
16566	-3893.9	-4154.291	260.3905	0.7321813	0.379126	0.331655	0.231346	0.057872	1.603442	2.792696
16572	-3894.354	-4154.742	260.3884	0.812367	0.432195	0.253858	0.26373	0.0502169	1.580833	2.756335
16578	-3898.254	-4158.49	260.2359	0.9034876	0.486612	0.285821	0.171859	0.0557077	1.645879	2.752096
16584	-3892.586	-4152.987	260.4014	0.7981923	0.417478	0.293089	0.191404	0.0980287	1.646844	2.717061
16590	-3904.031	-4165.188	261.1564	0.8039954	0.466163	0.275114	0.171779	0.0869444	1.707508	2.200833
16596	-3907.516	-4168.06	260.5445	0.889469	0.41344	0.290893	0.190196	0.105471	1.798419	2.475825
16602	-3928.167	-4188.445	260.2787	0.9634337	0.540753	0.21296	0.161266	0.085021	1.666692	2.675688
16608	-3905.931	-4166.262	260.3318	0.8001117	0.467664	0.225954	0.210686	0.0956954	1.684329	2.735483
16614	-3910.448	-4170.778	260.3309	0.8856122	0.516012	0.249313	0.19196	0.0427148	1.747499	2.642667
16620	-3896.64	-4157.467	260.8275	0.5656481	0.439216	0.305406	0.235148	0.0202302	1.747499	2.543221
16626	-3906.399	-4167.14	260.7412	0.8003254	0.39656	0.275744	0.21231	0.115386	1.674756	2.488044
16632	-3906.948	-4168.113	261.1642	0.7009399	0.351813	0.337143	0.16946	0.141584	1.807028	2.201679
16638	-3893.033	-4154.23	261.1974	0.6625306	0.318835	0.399276	0.153576	0.128312	1.81454	2.201679
16644	-3890.022	-4151.24	261.2177	0.7743147	0.515161	0.201211	0.19932	0.0843084	1.687619	2.194198
16650	-3899.726	-4161.018	261.2929	0.6201181	0.506961	0.227947	0.19336	0.0717314	1.667115	2.264044
16656	-3891	-4151.157	260.1566	0.9597538	0.524151	0.214602	0.160329	0.100917	1.451797	2.883447
16662	-3901.849	-4161.935	260.0863	1.010256	0.576703	0.114433	0.189552	0.119311	1.542587	2.840305
16668	-3886.91	-4147.355	260.4448	0.9446316	0.510498	0.101296	0.294418	0.0937877	1.602731	2.624448
16674	-3887.71	-4148.446	260.7356	0.8519161	0.544732	0.176361	0.211526	0.067382	1.577266	2.518859
16680	-3904.836	-4165.876	261.0397	0.7590878	0.566585	0.226732	0.136598	0.0700853	1.635484	2.351993
16686	-3893.487	-4154.921	261.4342	0.8859387	0.576319	0.11143	0.240646	0.071605	1.703839	1.964391
16692	-3891.252	-4152.678	261.4258	0.7950279	0.485345	0.159403	0.294951	0.0603019	1.638111	2.07643
16698	-3889.126	-4150.278	261.1515	0.7026207	0.413954	0.358774	0.187985	0.0392878	1.629053	2.322938
16704	-3898.455	-4159.83	261.3749	0.7361874	0.435256	0.295102	0.209533	0.0601099	1.782924	2.055388
16710	-3881.052	-4142.041	260.9896	0.8051567	0.43711	0.234753	0.283154	0.044982	1.786275	2.256819
16716	-3884.908	-4146.231	261.3225	0.7896296	0.481158	0.216383	0.260996	0.041462	1.884873	1.984991
16722	-3889.828	-4150.997	261.169	0.7955635	0.435825	0.225299	0.245225	0.0936507	1.819595	2.125512
16728	-3880.135	-4140.884	260.7495	0.6124447	0.435698	0.289225	0.199058	0.0760195	1.658067	2.616654
16734	-3876.702	-4137.238	260.5359	0.8254274	0.348797	0.430634	0.144057	0.076512	1.628424	2.62814
16740	-3897.834	-4159.405	261.5704	0.9053714	0.558014	0.193096	0.160082	0.088808	1.869868	1.743693
16746	-3881.499	-4143.297	261.7987	0.7907578	0.39342	0.283408	0.207858	0.115313	1.976729	1.589179
16752	-3877.764	-4139.642	261.8787	0.7907578	0.420823	0.249949	0.239092	0.0901359	1.899618	1.587123
16758	-3884.407	-4146.26	261.853	0.7645155	0.44271	0.372292	0.0843561	0.100642	2.001217	1.551632
16764	-3891.882	-4153.764	261.8816	0.8290042	0.617824	0.177077	0.161927	0.0431715	2.011986	1.471716
16770	-3888.933	-4150.868	261.9356	0.7487814	0.572964	0.12728	0.257974	0.0417818	2.019313	1.489006
16776	-3890.014	-4151.854	261.8398	0.7742931	0.480797	0.34248	0.141933	0.03479	1.876046	1.644835
16782	-3893.251	-4155.145	261.8944	0.7801366	0.474736	0.264326	0.142764	0.118173	1.96309	1.537063
16788	-3891.54	-4153.596	262.0566	0.7397019	0.474736	0.264326	0.142764	0.118173	1.855708	1.52805
16794	-3886.621	-4148.562	261.9415	0.6488907	0.380203	0.31688	0.183387	0.11953	1.876512	1.666673
16800	-3900.106	-4161.885	261.7791	0.7359557	0.415417	0.224016	0.257487	0.10308	1.837555	1.743904
16806	-3887.237	-4148.993	261.7559	0.7359557	0.429392	0.356761	0.164389	0.0494578	1.879714	1.730569
16812	-3898.867	-4160.792	261.9251	0.7354191	0.365728	0.303866	0.267822	0.062583	1.828214	1.647406
16818	-3899.376	-4161.116	261.7403	0.7354191	0.457191	0.260048	0.229202	0.0535584	1.875025	1.745267
16824	-3903.476	-4165.158	261.6819	0.7354191	0.483597	0.195547	0.191112	0.129743	1.933345	1.745267
16830	-3900.535	-4162.288	261.7535	0.7354191	0.522554	0.266292	0.165691	0.0454631	1.8225	1.772681
16836	-3887.146	-4148.632	261.4866	0.8477191	0.467093	0.249721	0.172157	0.111029	1.861205	1.849002
16842	-3880.734	-4142.028	261.2933	0.8156314	0.449526	0.341698	0.101923	0.106853	1.79515	2.045988
16848	-3912.817	-4174.491	261.6736	0.802902	0.41513	0.386056	0.0970598	0.101755	1.777187	1.810308
16854	-3897.86	-4158.45	260.5901	0.802902	0.47281	0.255765	0.179499	0.0919262	1.669813	2.58354
16860	-3890.904	-4151.988	261.0844	0.7547462	0.482463	0.24057	0.183164	0.093803	1.669813	2.304605
16866	-3885.653	-4145.88	260.2269	0.8818939	0.547834	0.172834	0.175209	0.104123	1.507715	2.855149
16872	-3897.67	-4157.8	260.1301	0.9303616	0.556794	0.19004	0.140137	0.113028	1.609144	2.822164
16878	-3890.215	-4150.403	260.1877	0.8672988	0.529252	0.221047	0.142264	0.107437	1.509648	2.886845
16884	-3879.765	-4139.956	260.1911	0.8672988	0.493798	0.197026	0.282517	0.0266594	1.486765	2.898606
16890	-3899.811	-4160.077	260.2668	0.7817914	0.47027	0.187638	0.309193	0.0328989	1.460947	2.922328
16896	-3917.778	-4177.261	259.4833	0.8197492	0.481305	0.0679451	0.408345	0.0424046	1.445217	3.373876
16902	-3913.639	-4175.432	261.7933	0.7282144	0.427612	0.205557	0.264697	0.102135	1.895213	1.699044
16908	-3898.574	-4160.096	261.5216	0.7920279	0.483457	0.214144	0.128364	0.174035	1.895213	1.841518
16914	-3892.219	-4153.806	261.5872	0.7120751	0.523991	0.23402	0.159168	0.0828212	1.941051	1.822911
16920	-3887.17	-4149.067	261.8978	0.7306086	0.42572	0.338374	0.211379	0.0245265	1.917163	1.606591
16926	-3880.066	-4142.12	262.0539	0.6672322	0.448498	0.326995	0.198668	0.0258388	1.928307	1.533079
16932	-3886.695	-4148.181	261.4854	0.74741	0.442075	0.195703	0.302754	0.0594674	1.951386	1.860051
16938	-3891.824	-4153.334	261.5094	0.7283899	0.491608	0.178534	0.236168	0.0936905	1.922619	1.876969
16944	-3889.426	-4151.036	261.6098	0.7283899	0.418105	0.26467	0.237543	0.0796823	1.956016	1.784925
16950	-3907.119	-4168.995	261.8764	0.7648126	0.478824	0.204993	0.253138	0.0630444	1.939181	1.579818
16956	-3890.712	-4152.338	261.6259	0.7806242	0.469638	0.305607	0.187544	0.0372108	1.939181	1.747023
16962	-3898.538	-4160.235	261.6973	0.7565664	0.386621	0.34432	0.185711	0.0833477	1.893144	1.747023
16968	-3910.7	-4172.453	261.7527	0.6928202	0.3532	0.337248	0.205029	0.104523	1.747776	1.855984
16974	-3909.595	-4170.939	261.3441	0.7764843	0.3532	0.337248	0.205029	0.104523	1.730609	2.082172
16980	-3907.115	-4168.861	261.7461	0.7764843	0.425914	0.252685	0.210759	0.110642	1.821657	1.748238
16986	-3903.478	-4164.726	261.2481	0.7764843	0.469858	0.244736	0.181617	0.103789	1.836366	2.075715
16992	-3909.279	-4170.556	261.2774	0.7025099	0.478835	0.18887	0.226523	0.105772	1.777966	2.145969
16998	-3893.602	-4155.173	261.5717	0.6580409	0.446937	0.260143	0.182594	0.110326	1.768411	1.989218
17004	-3907.967	-4169.888	261.9213	0.6671598	0.437839	0.254847	0.199234	0.10808	1.805257	1.717863
17010	-3891.014	-4153.194	262.1803	0.6487955	0.364281	0.375313	0.170484	0.089922	2.026609	1.376742
17016	-3901.32	-4163.553	262.2332	0.6163996	0.364281	0.375313	0.170484	0.089922	2.026609	1.362009
17022	-3909.859	-4171.892	262.0326	0.6680774	0.522277	0.280213	0.172641	0.0248694	2.026609	1.474772
17028	-3893.761	-4155.651	261.8896	0.6836899	0.470684	0.291965	0.157068	0.0802831	1.986137	1.598471
17034	-3894.751	-4156.806	262.0551	0.6543253	0.422925	0.318308	0.17124	0.0875268	1.971602	1.510163
17040	-3901.591	-4163.845	262.254	0.6543253	0.604656	0.239314	0.128744	0.0272864	1.961481	1.365367
17046	-3914.35	-4176.429	262.0788	0.6794222	0.427102	0.34936	0.19261	0.0309283	1.953526	1.48597
17052	-3913.724	-4175.615	261.8909	0.7683725	0.471118	0.170613	0.333729	0.02454	1.904656	1.591704
17058	-3916.391	-4178.693	262.3017	0.5900136	0.521638	0.209443	0.189196	0.0797233	2.111316	1.260536
17064	-3885.442	-4146.008	260.5665	0.8191126	0.459626	0.2485	0.224007	0.0678668	1.592032	2.635755
17070	-3889.76	-4149.608	259.8482	0.8167956	0.512716	0.161697	0.249881	0.0757059	1.591495	3.073178
17076	-3889.456	-4150.48	261.0235	0.6908987	0.445429	0.242516	0.19851	0.113545	1.548584	2.462576
17082	-3884.144	-4145.286	261.1422	0.8566197	0.487019	0.265161	0.217045	0.0307752	1.607413	2.239204
17088	-3886.296	-4147.363	261.0668	0.8400763	0.504331	0.264457	0.216469	0.0147421	1.597733	2.304758
17094	-3898.673	-4160.042	261.3694	0.6133458	0.490606	0.25726	0.210578	0.0415552	1.653593	2.228109
17100	-3891.578	-4153.206	261.6281	0.8824528	0.455735	0.334398	0.166938	0.042929	1.822217	1.75317
17106	-3907.351	-4169.216	261.8652	0.6556972	0.425205	0.358438	0.1721	0.0442566	1.82318	1.75317
17112	-3889.684	-4151.284	261.6007	0.7919167	0.394071	0.332193	0.220896	0.052841	1.943735	1.75317
17118	-3894.684	-4155.294	260.6103	0.7638864	0.364454	0.345912	0.204294	0.0853399	1.690021	2.583942
17124	-3899.522	-4160.153	260.6308	0.6026867	0.530494	0.234555	0.170244	0.0647069	1.610099	2.725505
17130	-3904.07	-4166.165	262.0955	0.580749	0.412136	0.342007	0.214505	0.0313523	1.970421	1.538591
17136	-3898.795	-4161.107	262.3119	0.4411833	0.439045	0.333578	0.209218	0.018158	1.848233	1.571799
17142	-3906.244	-4168.38	262.136	0.6247575	0.495033	0.252599	0.232214	0.0201539	1.838643	1.571799
17148	-3916.433	-4177.657	261.2234	0.7520145	0.513383	0.261962	0.153114	0.0715413	1.838643	2.107384
17154	-3886.368	-4148.154	261.7866	0.7739698	0.450998	0.262141	0.222641	0.0642209	1.828571	1.716767
17160	-3889.396	-4151.125	261.7293	0.7059124	0.492224	0.312336	0.137299	0.0581415	1.923729	1.740673
17166	-3893.591	-4155.504	261.9131	0.7684429	0.611245	0.133872	0.170499	0.0843839	2.063612	1.456821
17172	-3889.061	-4150.229	261.168	0.6605823	0.421855	0.313237	0.229388	0.0355193	1.642904	2.331996
17178	-3899.557	-4161.056	261.4987	0.5957037	0.448994	0.284521	0.207573	0.0589111	1.779373	2.073992
17184	-3896.376	-4158.051	261.6744	0.497683	0.427043	0.340348	0.197425	0.0351838	1.76721	2.032434
17190	-3895.585	-4157.133	261.5484	0.5561349	0.427043	0.340348	0.197425	0.0351838	1.833797	2.032434
17196	-3902.522	-4164.089	261.567	0.559872	0.40769	0.324924	0.237638	0.0297482	1.881955	1.985451
17202	-3897.357	-4159.158	261.8008	0.752584	0.475063	0.229091	0.21089	0.084956	1.91893	1.658458
17208	-3906.206	-4167.879	261.6733	0.8219814	0.389385	0.345793	0.214333	0.0504889	1.892664	1.715974
17214	-3894.366	-4156.417	262.0507	0.7574681	0.464154	0.294729	0.182682	0.0584353	1.892664	1.490773
17220	-3890.787	-4152.898	262.1111	0.5841222	0.451348	0.329547	0.199695	0.0194098	1.899016	1.577136
17226	-3895.159	-4157.174	262.0155	0.5846526	0.3684	0.360423	0.21359	0.0575873	2.026617	1.553164
17232	-3890.637	-4152.548	261.9114	0.6476366	0.455361	0.255888	0.242511	0.0462402	2.06445	1.553164
17238	-3884.623	-4146.621	261.9976	0.7303053	0.437082	0.245616	0.233418	0.0838834	1.965196	1.497731
17244	-3891.751	-4153.597	261.8456	0.7309766	0.516857	0.240379	0.14357	0.0991936	1.936819	1.629799
17250	-3893.465	-4155.216	261.7518	0.7121487	0.438517	0.213038	0.245239	0.103206	1.905884	1.732812
17256	-3898.661	-4160.434	261.7726	0.7043434	0.566169	0.195652	0.143395	0.0947834	1.893341	1.732812
17262	-3902.966	-4165.014	262.0472	0.6657546	0.470137	0.188366	0.23143	0.110066	1.964748	1.512115
17268	-3899.233	-4161.353	262.1197	0.6783229	0.417228	0.211355	0.259675	0.111742	1.968254	1.444659
17274	-3889.62	-4151.623	262.0023	0.6783229	0.59996	0.17691	0.122365	0.100765	1.947777	1.548207
17280	-3897.997	-4160.054	262.0576	0.731106	0.508029	0.240718	0.147437	0.103817	2.059692	1.378611
17286	-3898.108	-4159.813	261.705	0.8332696	0.497121	0.254677	0.216989	0.0312124	1.927576	1.660246
17292	-3902.089	-4164.148	262.0586	0.7369857	0.597387	0.167925	0.168943	0.0657442	1.927576	1.47479
17298	-3908.122	-4170.298	262.1761	0.7369857	0.566232	0.188223	0.199327	0.0462184	2.033838	1.299716
17304	-3918.137	-4180.261	262.1232	0.816201	0.53338	0.291653	0.132068	0.0428985	2.112897	1.20867
17310	-3907.879	-4170.115	262.2359	0.5608947	0.416964	0.307785	0.252504	0.0227477	2.050364	1.386804
17316	-3911.849	-4173.697	261.8484	0.717268	0.471817	0.294664	0.20752	0.0259984	2.024586	1.574518
17322	-3895.421	-4157.72	262.2992	0.7078288	0.489717	0.268655	0.162868	0.0787592	2.063956	1.197649
17328	-3907.832	-4170.251	262.4196	0.6294285	0.491388	0.313312	0.10567	0.0896298	2.026521	1.197649
17334	-3900.804	-4163.344	262.5402	0.6294285	0.525653	0.275383	0.139013	0.0599503	2.11231	1.008559
17340	-3907.059	-4169.1	262.0409	0.700654	0.48665	0.270645	0.120719	0.121985	1.867996	1.561111
17346	-3907.427	-4168.984	261.5562	0.8114311	0.449797	0.281936	0.15552	0.112747	1.867205	1.822981
17352	-3889.961	-4152.128	262.1668	0.7063763	0.404687	0.325495	0.186137	0.0836805	2.049756	1.320553
17358	-3900.307	-4162.218	261.9111	0.7366287	0.329839	0.486407	0.135963	0.0477908	1.936386	1.578202
17364	-3932.927	-4194.844	261.9166	0.698652	0.323128	0.476512	0.133197	0.0671632	1.804554	1.698061
17370	-3916.813	-4179.259	262.4462	0.5193789	0.45393	0.276858	0.181814	0.0873979	2.101668	1.208499
17376	-3917.469	-4179.753	262.2838	0.6209473	0.473169	0.309437	0.126292	0.091102	2.083148	1.271778
17382	-3913.424	-4175.62	262.1959	0.7901826	0.511164	0.248986	0.186819	0.0530321	1.892548	1.352293
17388	-3904.665	-4166.465	261.7999	0.6878788	0.476504	0.289414	0.16317	0.0709115	1.762399	1.817109
17394	-3893.517	-4155.184	261.667	0.6669352	0.331839	0.410201	0.218973	0.0389867	1.82603	1.879758
17400	-3903.865	-4165.661	261.7956	0.5042485	0.29552	0.4604	0.213024	0.031055	1.845579	1.894138
17406	-3886.173	-4148.506	262.3332	0.5489276	0.381445	0.303507	0.274963	0.0400845	1.886676	1.44771
17412	-3875.375	-4137.565	262.1898	0.6214975	0.363587	0.336115	0.26209	0.0382079	1.954232	1.44771
17418	-3884.069	-4146.542	262.4737	0.5560401	0.391568	0.361983	0.183462	0.0629867	2.084229	1.167383
17424	-3891.402	-4153.698	262.2957	0.701858	0.399388	0.369212	0.167155	0.0642446	2.103871	1.171624
17430	-3880.633	-4142.486	261.8531	0.564315	0.42817	0.272351	0.248935	0.0505435	1.929959	1.754137
17436	-3878.586	-4139.92	261.3335	0.6707583	0.440134	0.233896	0.255891	0.0700782	1.828151	2.098446
17442	-3886.783	-4147.946	261.162	0.7370689	0.509894	0.156261	0.301259	0.0325856	1.777112	2.197734
17448	-3894.999	-4156.235	261.2364	0.6169928	0.477009	0.172012	0.331625	0.0193544	1.716924	2.270439
17454	-3903.577	-4164.839	261.2621	0.6169928	0.52199	0.188232	0.272361	0.017416	1.820349	2.187195
17460	-3899.115	-4161.12	262.0046	0.480192	0.329153	0.407786	0.216948	0.0461132	1.814639	1.788189
17466	-3900.01	-4162.031	262.0212	0.6382048	0.402173	0.276408	0.265076	0.056343	1.928638	1.579583
17472	-3893.109	-4154.618	261.5093	0.7966816	0.5226	0.171717	0.232469	0.0732144	1.969314	1.79554
17478	-3897.255	-4158.883	261.6284	0.8038076	0.469523	0.201458	0.243124	0.0858951	1.842719	1.79554
17484	-3896.775	-4157.873	261.0973	0.598332	0.417082	0.338978	0.206748	0.0371924	1.702667	2.380634
17490	-3889.428	-4150.298	260.8698	0.598332	0.408249	0.3318	0.202369	0.0575815	1.633255	2.566714
17496	-3887.941	-4149.417	261.4761	0.580057	0.398777	0.324101	0.220876	0.0562455	1.636939	2.192502
17502	-3908.945	-4170.047	261.1016	0.6989768	0.398777	0.324101	0.220876	0.0562455	1.590953	2.381297
17508	-3893.969	-4155.551	261.5825	0.634613	0.515445	0.261209	0.178015	0.045331	1.725552	2.027067
17514	-3907.329	-4168.791	261.4619	0.8406937	0.537161	0.239363	0.163127	0.0603494	1.726538	1.961975
17520	-3909.06	-4170.324	261.2639	0.8822068	0.572556	0.195399	0.173876	0.0581688	1.881563	1.961975
17526	-3901.453	-4163.267	261.814	0.6515992	0.492273	0.174853	0.280821	0.0520525	1.850278	1.773019
17532	-3897.296	-4158.327	261.0304	0.6791343	0.495514	0.176005	0.28267	0.0458115	1.758649	2.333386
17538	-3903.691	-4164.26	260.5681	0.7155378	0.514208	0.182645	0.255607	0.0475398	1.624538	2.681943
17544	-3897.081	-4158.877	261.7954	0.6202414	0.36099	0.316127	0.275916	0.0469671	1.847046	1.811171
17550	-3901.746	-4163.461	261.715	0.6786883	0.464224	0.269428	0.245935	0.020414	1.817829	1.844031
17556	-3901.326	-4163.283	261.9576	0.6786883	0.55599	0.205088	0.180397	0.0585248	1.853538	1.649027
17562	-3905.084	-4166.109	261.0245	0.6244583	0.487595	0.291191	0.204903	0.0163114	1.682577	2.421915
17568	-3897.165	-4158.732	261.5665	0.7463231	0.483227	0.288582	0.203067	0.0251242	1.707484	1.970947
17574	-3898.201	-4159.187	260.9856	0.8107515	0.625422	0.131871	0.219957	0.0227496	1.7308	2.291143
17580	-3893.529	-4153.824	260.295	0.8392129	0.445934	0.236077	0.225383	0.0926056	1.733083	2.703137
17586	-3893.628	-4154.318	260.6902	0.5910742	0.407713	0.34851	0.211301	0.0324759	1.614152	2.694061
17592	-3911.16	-4172.157	260.9962	0.6185885	0.353235	0.351009	0.212816	0.0829399	1.656534	2.459994
17598	-3899.114	-4159.974	260.8601	0.6909908	0.407	0.415138	0.0822977	0.0955639	1.715998	2.459994
17604	-3894.854	-4155.196	260.3425	0.7455302	0.530407	0.275631	0.166649	0.027313	1.598607	2.816237
17610	-3888.425	-4149.659	261.2339	0.7763987	0.515005	0.317934	0.121303	0.0457583	1.768251	2.129757
17616	-3898.018	-4158.774	260.7564	0.6981293	0.427817	0.308723	0.241923	0.0215369	1.80133	2.466801
17622	-3895.475	-4157.174	261.699	0.6146572	0.593951	0.199532	0.176617	0.0299004	1.89839	1.846246
17628	-3899.836	-4161.18	261.3439	0.7720251	0.571841	0.22933	0.170042	0.0287873	1.715914	2.095047
17634	-3896.343	-4157.9	261.5566	0.6011668	0.496626	0.286692	0.147676	0.0690056	1.872167	1.970094
17640	-3907.719	-4169.216	261.497	0.683997	0.445734	0.327981	0.132543	0.0937422	1.915764	1.921994
17646	-3912.453	-4174.27	261.8177	0.681038	0.372514	0.3255	0.214066	0.0879208	1.918697	1.700502
17652	-3914.288	-4175.745	261.4569	0.6893447	0.442503	0.260322	0.154586	0.142589	1.913817	1.946488
17658	-3905.283	-4167.04	261.7568	0.7283342	0.436422	0.256744	0.231365	0.0754691	1.918076	1.708566
17664	-3898.161	-4159.848	261.6867	0.6840694	0.39222	0.27496	0.259873	0.0729474	1.872913	1.821716
17670	-3905.531	-4167.624	262.0928	0.6201226	0.428159	0.313949	0.185196	0.0726962	1.894007	1.566456
17676	-3916.779	-4178.657	261.8778	0.6030357	0.419413	0.375775	0.153467	0.0513455	1.954664	1.690831
17682	-3905.107	-4166.756	261.6492	0.6861234	0.423404	0.379351	0.115506	0.0817395	1.846085	1.86438
17688	-3921.78	-4183.26	261.4806	0.8036617	0.431722	0.323379	0.136715	0.108184	1.890627	1.86438
17694	-3917.56	-4178.77	261.2104	0.9477169	0.496068	0.235964	0.0997582	0.16821	1.885033	1.950557
17700	-3920.803	-4182.876	262.0731	0.7537208	0.44342	0.201654	0.247637	0.107288	1.929889	1.448562
17706	-3909.986	-4171.869	261.8827	0.6983555	0.41653	0.341753	0.158922	0.0827944	1.902911	1.652386
17712	-3908.823	-4170.37	261.547	0.7690942	0.369353	0.303046	0.22297	0.104631	1.891519	1.843184
17718	-3902.504	-4164.216	261.7119	0.7287908	0.369353	0.303046	0.22297	0.104631	1.901829	1.751239
17724	-3893.942	-4155.488	261.5461	0.714925	0.49468	0.28508	0.134672	0.0855682	1.858834	1.905072
17730	-3894.681	-4156.138	261.4576	0.6558811	0.449582	0.338152	0.167641	0.0446248	1.792579	2.050535
17736	-3897.742	-4158.964	261.2224	0.6218267	0.456988	0.29771	0.222084	0.023219	1.652987	2.316979
17742	-3897.26	-4158.667	261.4071	0.6985712	0.468189	0.26463	0.227527	0.0396548	1.663682	2.13864
17748	-3904.939	-4165.774	260.8349	0.811331	0.544048	0.215456	0.206555	0.033941	1.578854	2.482194
17754	-3901.931	-4161.985	260.0546	0.7531623	0.536599	0.15865	0.261742	0.0430092	1.438407	3.081275
17760	-3886.348	-4146.927	260.5789	0.7771699	0.54239	0.152123	0.260823	0.0446637	1.503827	2.709456
17766	-3895.317	-4156.057	260.7401	0.830738	0.463058	0.275414	0.215451	0.0460779	1.546488	2.548968
17772	-3909.494	-4169.776	260.2817	0.830738	0.565129	0.19819	0.169554	0.0671278	1.657424	2.762964
17778	-3905.89	-4167.037	261.147	0.7768508	0.563229	0.170136	0.199733	0.0669021	1.669454	2.24978
17784	-3898.453	-4160.374	261.9215	0.6924312	0.374203	0.40247	0.210348	0.0129786	1.874725	1.649266
17790	-3903.298	-4165.134	261.8359	0.7635929	0.471022	0.306765	0.210061	0.0121522	1.830188	1.688433
17796	-3886.674	-4148.651	261.9779	0.5346755	0.473024	0.281769	0.196118	0.0490893	1.958535	1.66732
17802	-3886.495	-4148.508	262.0134	0.4793499	0.431965	0.34158	0.179095	0.0473601	1.851768	1.756803
17808	-3883.396	-4145.374	261.9773	0.3796705	0.43798	0.342914	0.179794	0.0393119	1.688508	1.954355
17814	-3880.708	-4142.464	261.7555	0.3796705	0.338948	0.420008	0.220216	0.0208282	1.809238	2.021881
17820	-3886.1	-4147.767	261.6666	0.4578473	0.302743	0.472412	0.196693	0.0281519	1.769119	2.061893
17826	-3896.241	-4157.19	260.949	0.6084291	0.409486	0.359095	0.202137	0.0292821	1.561026	2.555799
17832	-3889.382	-4150.205	260.8226	0.6461499	0.407524	0.357375	0.154802	0.0803	1.498505	2.648088
17838	-3881.235	-4141.765	260.5305	0.6627414	0.413996	0.328314	0.186879	0.0708112	1.491547	2.820322
17844	-3899.749	-4160.799	261.0502	0.6627414	0.41294	0.392441	0.109977	0.0846421	1.612456	2.42437
17850	-3895.575	-4157.156	261.5807	0.6150767	0.489674	0.141989	0.267966	0.100371	1.676069	2.07465
17856	-3892.971	-4154.987	262.0162	0.5863074	0.463167	0.316929	0.128087	0.0918167	1.745032	1.753404
17862	-3901.843	-4163.541	261.6981	0.5532966	0.447826	0.27904	0.184359	0.0887755	1.776901	1.972543
17868	-3880.903	-4142.28	261.3765	0.6535051	0.447826	0.27904	0.184359	0.0887755	1.658421	2.192991
17874	-3878.394	-4139.408	261.0145	0.7192945	0.497945	0.17192	0.204991	0.125144	1.532612	2.459378
17880	-3883.02	-4143.844	260.8243	0.7192945	0.430995	0.305775	0.17743	0.0858008	1.572782	2.553113
17886	-3875.298	-4135.794	260.4958	0.8109643	0.492727	0.272601	0.15818	0.0764921	1.601286	2.678855
17892	-3899.902	-4160.347	260.4455	0.9709573	0.447751	0.292305	0.169613	0.0903315	1.525164	2.655478
17898	-3894.588	-4156.188	261.5996	0.7097449	0.512344	0.161628	0.217936	0.108092	1.735303	1.956066
17904	-3896.212	-4157.69	261.4785	0.7783823	0.534148	0.168506	0.267682	0.0296634	1.735303	1.988652
17910	-3896.162	-4158.191	262.0287	0.617877	0.601808	0.128369	0.236402	0.0334208	1.801497	1.681361
17916	-3899.386	-4161.495	262.1083	0.602225	0.428975	0.300287	0.194192	0.0765451	1.823724	1.620085
17922	-3890.744	-4151.787	261.0427	0.7435515	0.529247	0.183863	0.240113	0.0467767	1.67443	2.335769
17928	-3898.135	-4159.213	261.078	0.6096727	0.462404	0.252016	0.209788	0.0757925	1.656309	2.414544
17934	-3892.412	-4153.582	261.1703	0.8413253	0.489258	0.219939	0.183085	0.107719	1.708085	2.166176
17940	-3891.986	-4153.759	261.7725	0.7483978	0.422408	0.352836	0.158069	0.0666867	1.832841	1.742611
17946	-3891.595	-4152.388	260.7932	0.7834337	0.528206	0.239211	0.139887	0.0926953	1.805884	2.383986
17952	-3894.385	-4155.129	260.7446	0.7951418	0.426943	0.320476	0.191753	0.0608273	1.773711	2.427211
17958	-3894.213	-4155.29	261.0766	0.6565943	0.398957	0.354832	0.189371	0.0568401	1.739523	2.331333
17964	-3880.96	-4141.571	260.6109	0.6534269	0.347069	0.347392	0.247922	0.0576169	1.767049	2.608224
17970	-3894.674	-4157.041	262.3671	0.5588544	0.407924	0.271035	0.283874	0.0371671	2.086803	1.253535
17976	-3892.595	-4155.005	262.4106	0.5318863	0.369784	0.33258	0.25203	0.0456068	2.110349	1.220532
17982	-3886.571	-4147.864	261.293	0.7458789	0.569169	0.243856	0.146389	0.0405859	1.701746	2.155612
17988	-3903.534	-4164.71	261.1758	0.8695721	0.413136	0.335111	0.201169	0.0505833	1.7576	2.11119
17994	-3885.624	-4147.964	262.34	0.5887815	0.487424	0.268621	0.208302	0.0356536	2.266318	1.093403
18000	-3893.707	-4154.489	260.7821	0.7468664	0.445404	0.304668	0.227933	0.0219948	1.720243	2.46918
18006	-3878.408	-4139.362	260.9535	0.6451529	0.499022	0.315988	0.163688	0.0213012	1.563353	2.527413
18012	-3880.605	-4141.563	260.9571	0.5469478	0.419468	0.300538	0.232257	0.0477372	1.662528	2.527413
18018	-3883.827	-4144.204	260.3766	0.8157391	0.559501	0.166097	0.234873	0.0395296	1.642695	2.723515
18024	-3900.254	-4161.247	260.9929	0.8482982	0.508373	0.207324	0.199513	0.0847898	1.667107	2.302156
18030	-3919.816	-4180.451	260.6351	0.4358524	0.446019	0.321623	0.179162	0.0531957	1.530939	2.872837
18036	-3913.062	-4174.397	261.3354	0.44477	0.43821	0.359192	0.166366	0.0362318	1.739049	2.304261
18042	-3896.726	-4157.721	260.9952	0.745271	0.335097	0.370175	0.254395	0.0403326	1.769529	2.304261
18048	-3904.647	-4165.788	261.1416	0.624631	0.421335	0.275516	0.249442	0.0537066	1.739404	2.31154
18054	-3919.783	-4181.737	261.954	0.4761442	0.384824	0.316736	0.251536	0.0469045	1.751125	1.869409
18060	-3892.408	-4153.378	260.97	0.611575	0.279764	0.415789	0.257964	0.0464835	1.630879	2.497098
18066	-3898.206	-4159.453	261.2472	0.4743628	0.280487	0.416864	0.252082	0.0505671	1.643516	2.403065
18072	-3896.119	-4156.352	260.2325	0.6857774	0.392254	0.319545	0.23113	0.0570711	1.657313	2.885736
18078	-3886.833	-4147.447	260.6134	0.7340855	0.473904	0.204799	0.276075	0.0452211	1.714926	2.586052
18084	-3899.842	-4160.644	260.8016	0.8491977	0.492755	0.185758	0.279135	0.042352	1.639579	2.440277
18090	-3916.828	-4177.768	260.9398	0.7005585	0.444495	0.181947	0.332075	0.0414832	1.690883	2.41929
18096	-3905.732	-4166.696	260.9636	0.5841025	0.460449	0.235032	0.250006	0.0545138	1.690883	2.481606
18102	-3893.906	-4155.557	261.651	0.5431556	0.379037	0.374039	0.209408	0.0375164	1.708424	2.05635
18108	-3903.037	-4164.191	261.1543	0.5739869	0.37909	0.374091	0.209437	0.0373824	1.76454	2.321312
18114	-3913.483	-4174.864	261.3814	0.4948927	0.403784	0.333319	0.223079	0.0398175	1.783203	2.215387
18120	-3919.365	-4180.889	261.5244	0.651808	0.402477	0.31122	0.183454	0.102849	1.79385	2.008191
18126	-3897.983	-4160.042	262.0585	0.5540781	0.28404	0.399756	0.235643	0.0805603	1.803565	1.706036
18132	-3904.814	-4166.631	261.8163	0.7125435	0.511856	0.310363	0.112866	0.0649152	1.850734	1.72595
18138	-3910.142	-4172.237	262.0951	0.574049	0.530547	0.321696	0.116988	0.03077	1.804468	1.664619
18144	-3909.716	-4171.798	262.0819	0.6163851	0.473762	0.353944	0.144817	0.0274767	1.923206	1.555906
18150	-3892.9	-4154.774	261.8738	0.6643979	0.54839	0.149894	0.283127	0.0185886	1.890088	1.693487
18156	-3895.503	-4157.059	261.5567	0.6643979	0.530182	0.160104	0.273727	0.0359877	1.805187	1.970192
18162	-3894.187	-4155.851	261.6646	0.6031797	0.509154	0.190227	0.263892	0.0367277	1.847974	1.912197
18168	-3900.953	-4162.394	261.4402	0.6554395	0.509154	0.190227	0.263892	0.0367277	1.804538	2.054424
18174	-3885.154	-4145.745	260.5912	0.6066768	0.468843	0.201139	0.233872	0.0961446	1.578313	2.766575
18180	-3893.904	-4155.022	261.1179	0.5741951	0.465561	0.210527	0.28	0.0439112	1.77926	2.334975
18186	-3893.001	-4154.523	261.5215	0.7883109	0.446513	0.34428	0.188016	0.0211907	1.824754	1.892402
18192	-3878.883	-4140.497	261.6134	0.6410461	0.511295	0.279404	0.194376	0.0149247	1.88847	1.892402
18198	-3886.602	-4148.321	261.7191	0.6403799	0.453868	0.248022	0.28356	0.0145495	1.837322	1.855653
18204	-3890.215	-4151.826	261.611	0.6403799	0.465452	0.212944	0.304642	0.0169618	1.860942	1.913159
18210	-3890.23	-4151.741	261.511	0.9160615	0.437386	0.243818	0.269793	0.0490034	1.899573	1.756807
18216	-3899.18	-4160.963	261.7831	0.7220996	0.440041	0.245298	0.267096	0.0475652	2.031221	1.613567
18222	-3893.949	-4155.694	261.7445	0.6675059	0.390873	0.251725	0.304533	0.052869	1.987655	1.713633
18228	-3895.633	-4157.236	261.603	0.7130817	0.444574	0.284062	0.211231	0.0601326	1.852309	1.872148
18234	-3893.961	-4155.403	261.4418	0.8535818	0.44721	0.285747	0.213678	0.053365	1.85265	1.88127
18240	-3892.133	-4153.815	261.6819	0.6613227	0.451145	0.288261	0.203508	0.0570864	1.814843	1.88127
18246	-3904.958	-4166.778	261.8205	0.7887713	0.46938	0.267686	0.188982	0.0739517	1.903323	1.628141
18252	-3904.446	-4166.042	261.5963	0.7900461	0.447766	0.279565	0.242313	0.0303559	1.861696	1.814635
18258	-3905.931	-4167.462	261.531	0.7627474	0.481198	0.250967	0.217525	0.0503094	1.82905	1.901261
18264	-3909.193	-4171.707	262.5143	0.576298	0.316817	0.490261	0.132222	0.0607002	2.24015	0.961694
18270	-3901.885	-4164.283	262.3971	0.6307686	0.305176	0.338958	0.287154	0.0687121	2.24015	1.022234
18276	-3899.653	-4161.871	262.2176	0.7102005	0.426146	0.350459	0.14057	0.0828251	2.060145	1.267429
18282	-3907.589	-4169.552	261.9627	0.7102005	0.387101	0.372975	0.151777	0.0881465	1.95953	1.543773
18288	-3911.345	-4173.439	262.0945	0.6975211	0.352069	0.369189	0.200479	0.0782623	1.841214	1.543773
18294	-3890.841	-4152.874	262.0335	0.6345014	0.427466	0.260482	0.253428	0.0586233	2.01408	1.510204
18300	-3890.033	-4152.417	262.3837	0.6458439	0.479897	0.27229	0.186533	0.0612807	2.083396	1.164479
18306	-3892.664	-4154.68	262.0166	0.6891304	0.479897	0.27229	0.186533	0.0612807	1.99516	1.493721
18312	-3905.144	-4167.218	262.0736	0.5815421	0.381044	0.393096	0.166631	0.0592286	1.949442	1.569591
18318	-3902.059	-4163.454	261.3957	0.8217721	0.505879	0.241445	0.152978	0.0996982	1.854224	1.933853
18324	-3898.034	-4159.108	261.0748	0.7755993	0.531328	0.253591	0.158096	0.0569857	1.806048	2.209169
18330	-3887.109	-4147.959	260.8492	0.7755993	0.45194	0.296546	0.184875	0.0666383	1.813876	2.348637
18336	-3893.346	-4153.97	260.6243	0.7772625	0.503109	0.279571	0.143137	0.0741831	1.739333	2.535828
18342	-3899.343	-4161.752	262.4098	0.5612328	0.44374	0.303814	0.221721	0.0307249	2.036137	1.258102
18348	-3909.857	-4172.09	262.233	0.715359	0.347448	0.356406	0.260102	0.0360435	2.036137	1.269969
18354	-3891.206	-4153.619	262.4127	0.6006725	0.36659	0.416723	0.178658	0.0380293	2.035639	1.221576
18360	-3894.149	-4156.494	262.3449	0.647701	0.338814	0.306208	0.286866	0.0681125	2.046772	1.227564
18366	-3906.235	-4168.658	262.4227	0.5756735	0.300467	0.324933	0.304408	0.070192	1.987652	1.275134
18372	-3911.426	-4173.012	261.5855	0.7950382	0.428591	0.175755	0.254294	0.14136	1.910837	1.784427
18378	-3894.771	-4156.263	261.4915	0.7950382	0.557003	0.197534	0.180557	0.064905	1.852673	1.889
18384	-3889.187	-4150.955	261.7676	0.6897322	0.478099	0.303091	0.180648	0.0381619	1.854817	1.774063
18390	-3887.517	-4148.509	260.9915	0.8055231	0.425978	0.362963	0.168047	0.043012	1.804309	2.243733
18396	-3896.823	-4158.792	261.9695	0.7015061	0.526062	0.299678	0.138747	0.0355126	1.906232	1.58474
18402	-3901.355	-4162.708	261.353	0.924442	0.504743	0.198689	0.242969	0.0535992	1.765297	1.951095
18408	-3914.245	-4175.384	261.1391	0.67261	0.450022	0.285562	0.216628	0.0477883	1.765297	2.264088
18414	-3910.242	-4171.549	261.3072	0.7438055	0.488451	0.266675	0.19192	0.0529532	1.70942	2.142736
18420	-3904.659	-4165.57	260.9114	0.8038045	0.51881	0.257202	0.185103	0.0388854	1.684625	2.37241
18426	-3904.846	-4166.223	261.3773	0.5714965	0.432053	0.381415	0.154149	0.0323829	1.680539	2.233881
18432	-3894.324	-4155.46	261.1353	0.6462134	0.425652	0.307678	0.234767	0.031903	1.628394	2.3716
18438	-3909.643	-4170.95	261.3063	0.5326518	0.425652	0.307678	0.234767	0.031903	1.62674	2.339403
18444	-3900.008	-4161.241	261.233	0.6738646	0.36067	0.394313	0.227889	0.017128	1.628425	2.290798
18450	-3914.774	-4175.732	260.9578	0.7994226	0.382836	0.345662	0.253322	0.0181806	1.613922	2.390677
18456	-3912.752	-4174.479	261.7274	0.723435	0.415122	0.284294	0.274685	0.0258993	1.744721	1.85319
18462	-3902.554	-4164.241	261.6871	0.7334742	0.45479	0.311459	0.203002	0.0307493	1.774396	1.85319
18468	-3896.351	-4157.838	261.4874	0.8575747	0.430965	0.295143	0.223576	0.0503152	1.844013	1.85319
18474	-3898.346	-4160.412	262.066	0.6671664	0.453484	0.239494	0.289522	0.0175007	1.901738	1.543855
18480	-3903.464	-4165.374	261.9101	0.6207117	0.506407	0.260499	0.161281	0.0718126	1.878694	1.708594
18486	-3900.121	-4162.265	262.1437	0.5075631	0.515188	0.252508	0.171362	0.0609416	1.981053	1.550593
18492	-3894.874	-4156.879	262.0046	0.794304	0.331606	0.314375	0.300434	0.0535851	1.994985	1.41845
18498	-3903.47	-4165.502	262.0326	0.6754119	0.366958	0.347891	0.226741	0.0584099	1.994985	1.492738
18504	-3896.404	-4158.781	262.3767	0.4866313	0.371938	0.378726	0.229817	0.019518	1.973011	1.396034
18510	-3902.716	-4165.277	262.5607	0.6081218	0.397851	0.324871	0.222469	0.0548092	2.321844	0.7694464
18516	-3901.305	-4164.047	262.7419	0.4598971	0.439135	0.295118	0.202094	0.0636534	2.256647	0.8161323
18522	-3900.592	-4162.721	262.1292	0.6052549	0.463253	0.315575	0.197167	0.0240045	2.00314	1.469599
18528	-3901.672	-4164.086	262.4138	0.5181116	0.448773	0.326178	0.191004	0.0340445	2.003677	1.31748
18534	-3886.555	-4148.818	262.2631	0.5234974	0.454064	0.330023	0.193256	0.022657	1.920438	1.494878
18540	-3894.284	-4156.464	262.1796	0.6597679	0.393025	0.366105	0.161863	0.0790072	2.033957	1.362306
18546	-3889.158	-4151.552	262.3939	0.6288485	0.434332	0.330743	0.143408	0.0915176	2.122702	1.136537
18552	-3906.822	-4169.303	262.4808	0.6172201	0.423436	0.259057	0.183561	0.133946	2.122702	1.068269
18558	-3894.897	-4157.304	262.4072	0.6041144	0.336009	0.404862	0.160758	0.098371	2.209192	1.069129
18564	-3896.861	-4159.363	262.5015	0.5276264	0.4196	0.256806	0.200751	0.122843	2.32578	0.9377473
18570	-3892.237	-4154.529	262.2919	0.7041362	0.4196	0.256806	0.200751	0.122843	2.305128	0.9848959
18576	-3901.959	-4164.319	262.3596	0.7041362	0.417536	0.255542	0.191342	0.13558	2.177418	1.044008
18582	-3914.46	-4177.07	262.61	0.4980061	0.436742	0.353731	0.158997	0.0505295	2.141908	1.044008
18588	-3894.324	-4156.821	262.497	0.5387663	0.436941	0.353892	0.158615	0.0505525	2.141908	1.111028
18594	-3900.978	-4163.537	262.5588	0.5161429	0.411654	0.333412	0.212769	0.0421648	2.206265	1.013582
18600	-3901.085	-4163.593	262.5084	0.5129097	0.413018	0.334516	0.213474	0.0389919	2.183005	1.086964
18606	-3893.534	-4156.142	262.6085	0.5330811	0.360241	0.419554	0.186196	0.0340094	2.300267	0.8380135
18612	-3895.908	-4158.405	262.4973	0.5896821	0.405892	0.334591	0.205506	0.0540108	2.300267	0.899984
18618	-3904.352	-4166.987	262.6352	0.4482242	0.38133	0.314344	0.229882	0.0744442	2.302955	0.9016542
18624	-3897.156	-4159.605	262.4493	0.6327768	0.437003	0.382472	0.0952118	0.0853129	2.308017	0.8942667
18630	-3916.47	-4178.701	262.231	0.6199285	0.443535	0.327101	0.169764	0.0596003	1.839447	1.504616
18636	-3907.739	-4170.138	262.3986	0.5487252	0.479722	0.290599	0.183615	0.0460638	2.03888	1.275754
18642	-3906.901	-4168.934	262.0334	0.5975335	0.498369	0.253327	0.208149	0.0401557	1.999438	1.550077
18648	-3927.416	-4189.647	262.2302	0.593626	0.479529	0.25172	0.251406	0.0173456	1.950156	1.44235
18654	-3918.026	-4180.383	262.3568	0.593626	0.558923	0.249233	0.14234	0.049505	2.045231	1.266493
18660	-3914.708	-4177.173	262.465	0.6486938	0.399309	0.353699	0.118303	0.128689	2.322097	0.8390988
18666	-3913.17	-4175.646	262.4759	0.635917	0.294446	0.352895	0.18672	0.165939	2.313338	0.8530143
18672	-3919.49	-4181.856	262.3654	0.5586665	0.411002	0.287409	0.252377	0.0492114	2.004549	1.322324
18678	-3910.465	-4172.6	262.1348	0.6544261	0.473078	0.29988	0.200403	0.0266392	2.133806	1.322952
18684	-3911.047	-4173.261	262.2133	0.5913358	0.439584	0.283396	0.215633	0.061387	2.133806	1.31328
18690	-3909.543	-4171.997	262.4537	0.5989958	0.513445	0.272946	0.160289	0.0533206	2.047443	1.177812
18696	-3907.746	-4170.152	262.4057	0.6027919	0.389282	0.241677	0.275991	0.0930493	2.161561	1.115672
18702	-3900.408	-4162.753	262.3456	0.6173938	0.406161	0.252156	0.243093	0.0985891	2.161561	1.155682
18708	-3909.277	-4171.711	262.434	0.5660886	0.44792	0.296887	0.236828	0.0183646	2.213622	1.077114
18714	-3907.32	-4169.514	262.1931	0.6961615	0.424257	0.281203	0.269444	0.0250957	2.223551	1.161915
18720	-3893.983	-4156.465	262.4825	0.5200132	0.425072	0.281743	0.211181	0.082005	2.264685	1.027241
18726	-3903.362	-4165.559	262.1975	0.6603023	0.434955	0.271222	0.216091	0.077731	2.210317	1.202574
18732	-3902.875	-4164.891	262.0168	0.6748565	0.411499	0.310524	0.204438	0.0735392	2.191292	1.354008
18738	-3912.078	-4174.439	262.3612	0.550321	0.373094	0.374873	0.185358	0.0666757	2.232497	1.14103
18744	-3916.82	-4179.423	262.6035	0.5117451	0.357311	0.384311	0.190024	0.0683543	2.233409	0.9445948
18750	-3898.074	-4160.659	262.5849	0.5347981	0.503759	0.269114	0.160671	0.0664563	2.15306	1.021579
18756	-3900.735	-4163.027	262.2918	0.7279173	0.512082	0.273561	0.146803	0.0675542	2.22137	1.042797
18762	-3901.588	-4163.504	261.9156	0.7635742	0.394951	0.312129	0.271232	0.0216877	2.153585	1.389443
18768	-3896.94	-4158.973	262.0326	0.6533346	0.368785	0.315372	0.272136	0.0437076	2.035978	1.479447
18774	-3906.22	-4168.45	262.2304	0.6336494	0.282522	0.371286	0.312709	0.0334838	2.116937	1.276856
18780	-3904.611	-4166.806	262.1948	0.6549995	0.400294	0.36737	0.207445	0.0248906	2.129914	1.276856
18786	-3897.537	-4159.576	262.0392	0.6408004	0.365118	0.335087	0.200334	0.09946	2.225856	1.337363
18792	-3905.703	-4165.79	260.0874	0.6154369	0.395559	0.280263	0.239413	0.0847649	1.49506	3.114768
18798	-3919.679	-4180.694	261.0152	0.6154369	0.511314	0.246272	0.16793	0.0744842	1.479608	2.560652
18804	-3911.956	-4174.123	262.1677	0.7026356	0.460828	0.266382	0.184272	0.0885177	2.398155	1.017579
18810	-3910.411	-4172.584	262.1727	0.7178955	0.418735	0.373072	0.0999007	0.108292	2.376995	1.017579
18816	-3913.913	-4176.167	262.2537	0.7466948	0.55363	0.189632	0.144052	0.112686	2.265559	1.017579
18822	-3906.776	-4169.286	262.5103	0.5179145	0.394544	0.276049	0.249101	0.0803059	2.373307	0.8863327
18828	-3909.844	-4172.254	262.4101	0.6349526	0.392862	0.258976	0.272822	0.0753391	2.351834	0.8863327
18834	-3900.157	-4160.495	260.3376	0.6792626	0.41071	0.247562	0.2796	0.0621279	1.531095	2.902662
18840	-3898.118	-4157.854	259.7355	0.849362	0.513508	0.0965502	0.312264	0.0776781	1.481669	3.185412
18846	-3902.595	-4162.204	259.6084	0.7749897	0.522814	0.162063	0.236037	0.0790859	1.514605	3.287087
18852	-3898.635	-4159.038	260.4034	0.8036216	0.503677	0.176691	0.235065	0.0845673	1.583135	2.751343
18858	-3905.117	-4165.107	259.9903	0.9628907	0.472778	0.251866	0.170192	0.105164	1.586499	2.900631
18864	-3909.121	-4169.866	260.7444	0.8091418	0.490935	0.234395	0.208327	0.0663436	1.549899	2.558186
18870	-3904.423	-4165.419	260.9959	0.7164753	0.502262	0.359012	0.116309	0.0224169	1.695079	2.370547
18876	-3904.912	-4166.555	261.6437	0.652603	0.319589	0.273495	0.359652	0.0472645	1.719831	1.977454
18882	-3884.94	-4146.674	261.7334	0.6825577	0.46922	0.207578	0.279027	0.0441754	1.797881	1.842318
18888	-3888.848	-4150.558	261.71	0.7369844	0.439009	0.191804	0.320071	0.0491164	1.909297	1.741264
18894	-3881.353	-4143.088	261.7343	0.6869546	0.385762	0.418769	0.155239	0.0402305	1.938037	1.741264
18900	-3889.253	-4151.375	262.1223	0.6679384	0.399798	0.291125	0.181305	0.127772	1.977684	1.443848
18906	-3904.59	-4166.744	262.1537	0.6393909	0.357944	0.368166	0.177861	0.09603	1.976514	1.443848
18912	-3900.681	-4163.069	262.3877	0.5609704	0.388095	0.32039	0.22936	0.0621552	2.257488	1.08425
18918	-3906.937	-4169.252	262.3158	0.5656356	0.442692	0.291803	0.208895	0.0566094	2.195406	1.199269
18924	-3901.034	-4163.192	262.1579	0.6695464	0.447573	0.394209	0.120658	0.0375592	2.190663	1.244388
18930	-3905.999	-4168.147	262.1479	0.5914223	0.44539	0.39333	0.122994	0.0382863	2.000053	1.468771
18936	-3906.476	-4168.758	262.282	0.4617583	0.372415	0.439661	0.137482	0.0504425	1.997115	1.468771
18942	-3884.367	-4146.269	261.9019	0.5643858	0.38146	0.426052	0.140821	0.0516676	1.94401	1.709934
18948	-3886.345	-4148.111	261.7662	0.6929273	0.391765	0.308471	0.250477	0.0492872	1.902082	1.739614
18954	-3900.694	-4162.137	261.4433	0.7687151	0.437836	0.186874	0.323587	0.0517027	1.946326	1.876895
18960	-3899.753	-4161.425	261.6719	0.6575295	0.507242	0.245343	0.18963	0.057785	1.926014	1.814722
18966	-3890.396	-4152.254	261.8578	0.5717231	0.375818	0.42618	0.153636	0.044366	1.859531	1.794544
18972	-3892.163	-4153.716	261.5532	0.7103279	0.319185	0.448251	0.208828	0.0237364	1.864922	1.899443
18978	-3892.709	-4154.182	261.4732	0.6268213	0.346018	0.387691	0.226383	0.0399086	1.863152	2.013747
18984	-3905.501	-4167.259	261.7574	0.6973255	0.44854	0.339417	0.177104	0.0349394	1.863152	1.769786
18990	-3883.029	-4144.622	261.5925	0.6527538	0.404783	0.351275	0.192506	0.0514362	1.852276	1.922731
18996	-3898.419	-4160.423	262.0043	0.6527538	0.403704	0.303343	0.231183	0.0617703	1.980283	1.542726
19002	-3909.93	-4172.052	262.1226	0.6509768	0.387073	0.425766	0.142161	0.0450006	1.980283	1.455376
19008	-3898.098	-4160.119	262.0204	0.686031	0.447603	0.327908	0.171327	0.0531626	1.86222	1.591656
19014	-3893.94	-4155.696	261.756	0.6878379	0.425031	0.360054	0.164019	0.0508952	1.813339	1.81228
19020	-3897.015	-4158.494	261.4794	0.7334529	0.339592	0.287677	0.276963	0.0957671	1.801236	1.97563
19026	-3885.487	-4146.951	261.464	0.6780208	0.338298	0.286581	0.279719	0.0954022	1.64341	2.128945
19032	-3891.807	-4153.886	262.0791	0.5629149	0.398298	0.337408	0.151972	0.112322	1.848543	1.652849
19038	-3890.9	-4152.904	262.0043	0.6966197	0.431515	0.365547	0.164646	0.0382914	1.917659	1.554589
19044	-3884.24	-4146.091	261.8511	0.6386527	0.406794	0.420202	0.096681	0.0763222	1.908968	1.715524
19050	-3882.032	-4144.014	261.9822	0.6949528	0.430937	0.304342	0.147937	0.116784	2.016913	1.498566
19056	-3897.94	-4159.95	262.0106	0.8070108	0.38582	0.314572	0.178898	0.12071	2.108826	1.313403
19062	-3901.573	-4163.767	262.1941	0.6855666	0.36641	0.298746	0.169898	0.164946	1.940499	1.402733
19068	-3905.059	-4167.403	262.3441	0.6619771	0.466417	0.280637	0.216269	0.0366771	2.107015	1.16353
19074	-3913.587	-4175.423	261.8365	0.8676428	0.376502	0.205354	0.365454	0.0526896	1.989042	1.492777
19080	-3909.499	-4171.435	261.9362	0.8676428	0.533639	0.182453	0.260032	0.0238758	2.087913	1.339192
19086	-3907.904	-4170.016	262.1117	0.6751558	0.415925	0.34882	0.214575	0.0206806	1.963449	1.45695
19092	-3901.759	-4163.731	261.9718	0.7870323	0.464676	0.282586	0.227355	0.0253828	1.985826	1.456432
19098	-3901.249	-4163.342	262.0922	0.6731195	0.452062	0.319982	0.184435	0.0435203	1.985826	1.456432
19104	-3896.062	-4157.755	261.6934	0.6914726	0.450069	0.252962	0.229851	0.067118	1.919634	1.779337
19110	-3898.69	-4160.773	262.0834	0.6715906	0.366532	0.427278	0.15153	0.0546602	1.869545	1.551366
19116	-3912.103	-4173.952	261.8489	0.7314917	0.461826	0.241183	0.221637	0.0753551	1.874747	1.671583
19122	-3893.979	-4155.337	261.3585	0.8620992	0.492892	0.221347	0.205338	0.0804241	1.841251	1.93944
19128	-3909.052	-4169.942	260.8907	0.8828671	0.399751	0.270439	0.293595	0.0362157	1.768902	2.279601
19134	-3913.369	-4174.621	261.2515	0.8139026	0.4904	0.283514	0.12809	0.0979967	1.835636	2.048054
19140	-3908.49	-4170.223	261.7333	0.7836451	0.415909	0.304549	0.19643	0.0831113	1.774608	1.7847
19146	-3908.127	-4169.149	261.0223	0.8198816	0.46139	0.204716	0.21791	0.115984	1.825417	2.200554
19152	-3911.473	-4172.292	260.8187	0.860349	0.4454	0.286359	0.189425	0.0788156	1.781106	2.332633
19158	-3900.145	-4160.927	260.7823	0.9916788	0.511165	0.214416	0.218515	0.0559036	1.683587	2.332633
19164	-3897.908	-4158.848	260.9396	0.8414851	0.445676	0.345266	0.171545	0.0375137	1.67879	2.333229
19170	-3906.33	-4167.637	261.3069	0.8180629	0.444724	0.264479	0.163873	0.126924	1.703414	2.095812
19176	-3895.429	-4157.428	261.9985	0.5738751	0.459872	0.341642	0.150559	0.0479275	1.766255	1.759994
19182	-3901.837	-4163.33	261.4932	0.677152	0.504528	0.315791	0.118778	0.0609018	1.733741	2.050996
19188	-3884.006	-4145.891	261.8854	0.7221724	0.415329	0.341086	0.177805	0.06578	1.848273	1.671488
19194	-3883.563	-4145.11	261.5467	0.7502903	0.47447	0.307554	0.203124	0.0148521	1.833246	1.896688
19200	-3884.921	-4146.254	261.3325	0.7502903	0.477798	0.347457	0.139056	0.0356894	1.797085	2.064168
19206	-3889.462	-4150.62	261.1582	0.5827664	0.424163	0.383485	0.162512	0.0298395	1.752703	2.320546
19212	-3904.652	-4165.739	261.0874	0.6170978	0.409171	0.380869	0.156768	0.0531925	1.687491	2.383994
19218	-3896.244	-4157.386	261.1419	0.7788246	0.485459	0.224788	0.216345	0.0734076	1.657584	2.259373
19224	-3906.699	-4168.759	262.0602	0.4795381	0.415094	0.347233	0.0978442	0.139829	1.842695	1.730223
19230	-3904.565	-4165.842	261.2774	0.745233	0.479172	0.294018	0.184617	0.0421931	1.795143	2.105179
19236	-3892.859	-4153.763	260.9033	0.8509384	0.459309	0.272769	0.232359	0.0355628	1.703641	2.334241
19242	-3921.844	-4183.049	261.2055	0.529306	0.361913	0.435506	0.17456	0.0280218	1.725978	2.342552
19248	-3905.606	-4166.774	261.1683	0.5836973	0.40268	0.446541	0.13061	0.0201687	1.725978	2.33051
19254	-3923.673	-4184.808	261.1351	0.5324819	0.306474	0.521963	0.15267	0.0188922	1.681086	2.413538
19260	-3920.28	-4182.594	262.3146	0.6351578	0.340504	0.303556	0.310788	0.0451511	2.157767	1.169771
19266	-3913.739	-4176.274	262.5341	0.5855651	0.498352	0.327744	0.126637	0.0472668	2.169077	1.004062
19272	-3892.24	-4154.664	262.4246	0.5855651	0.425622	0.375261	0.144997	0.0541196	2.278502	1.004062
19278	-3895.28	-4157.818	262.5375	0.5792889	0.418301	0.368806	0.182019	0.0308732	2.305436	0.8600277
19284	-3909.206	-4169.885	260.6788	0.6968171	0.409152	0.268781	0.245572	0.0764963	1.632093	2.621262
19290	-3900.253	-4162.628	262.3754	0.6402992	0.36518	0.332798	0.264553	0.0374702	2.338186	0.9337686
19296	-3902.925	-4165.234	262.3092	0.6402992	0.440425	0.197925	0.319064	0.0425854	2.205577	1.12735
19302	-3883.09	-4145.483	262.393	0.6402992	0.474645	0.213303	0.266158	0.0458941	2.18799	1.0665
19308	-3894.615	-4156.956	262.3411	0.65905	0.397255	0.368472	0.187358	0.0469148	2.210957	1.07508
19314	-3889.075	-4151.334	262.2589	0.65905	0.464036	0.259688	0.216354	0.0599225	2.273052	1.093709
19320	-3916.478	-4176.9	260.422	0.9530078	0.440631	0.236046	0.254048	0.0692758	1.638852	2.610977
19326	-3905.55	-4165.975	260.4246	0.850143	0.457556	0.206701	0.263806	0.0719368	1.670203	2.655144
19332	-3896.443	-4156.853	260.4096	0.9190425	0.511568	0.199075	0.254074	0.0352832	1.644324	2.636577
19338	-3887.133	-4147.898	260.7652	0.8108054	0.465825	0.245058	0.246219	0.0428983	1.644324	2.485199
19344	-3904.268	-4165.172	260.9035	0.7828294	0.514216	0.271535	0.141557	0.0726918	1.746169	2.352342
19350	-3895.304	-4156.158	260.8539	0.9438727	0.532378	0.204571	0.224002	0.0390483	1.618501	2.359148
19356	-3896.924	-4158.404	261.4798	0.867286	0.506492	0.310708	0.167612	0.0151882	1.775723	1.898086
19362	-3894.573	-4155.78	261.2073	0.7468261	0.452586	0.308224	0.203483	0.0357075	1.750997	2.178653
19368	-3899.901	-4161.029	261.128	0.9480598	0.48165	0.262829	0.190675	0.0648467	1.782178	2.073602
19374	-3909.481	-4171.215	261.734	0.7096062	0.355708	0.468317	0.140817	0.0351582	1.789239	1.828128
19380	-3902.392	-4164.538	262.1466	0.6458165	0.458468	0.233079	0.263138	0.045315	1.803888	1.573177
19386	-3902.336	-4164.201	261.8658	0.871295	0.556572	0.168092	0.236125	0.0392108	1.903585	1.531906
19392	-3923.089	-4185.074	261.9849	0.8332915	0.375261	0.415364	0.189469	0.0199061	2.12641	1.297707
19398	-3917.455	-4179.512	262.0566	0.6042112	0.341079	0.411975	0.227202	0.0197437	2.104128	1.448893
19404	-3909.582	-4171.673	262.0912	0.6615956	0.309043	0.37328	0.205862	0.111815	1.938306	1.50231
19410	-3894.405	-4155.937	261.532	0.6582654	0.562998	0.255925	0.130729	0.050348	1.829343	1.974859
19416	-3908.547	-4170.514	261.9677	0.70963	0.335828	0.37836	0.178008	0.107804	1.903338	1.581915
19422	-3904.17	-4165.604	261.4338	0.8472482	0.38349	0.325562	0.164551	0.126397	1.865689	1.882329
19428	-3901.619	-4163.317	261.6983	0.6943384	0.478108	0.275597	0.139297	0.106999	1.803947	1.853683
19434	-3890.883	-4152.8	261.9172	0.6964267	0.546449	0.237463	0.203537	0.0125501	2.04208	1.527182
19440	-3924.345	-4186.744	262.3987	0.5573574	0.297294	0.390896	0.29623	0.0155794	2.013375	1.289314
19446	-3909.314	-4171.581	262.2669	0.6548954	0.439337	0.39849	0.142425	0.0197476	2.002107	1.322252
19452	-3903.099	-4165.063	261.9639	0.7552098	0.552073	0.244141	0.178971	0.0248149	1.921511	1.535831
19458	-3885.434	-4146.95	261.5157	0.7102328	0.404351	0.27757	0.210535	0.107544	1.89341	1.905629
19464	-3874.381	-4136.18	261.799	0.7341997	0.427278	0.322591	0.165348	0.0847829	1.89341	1.69176
19470	-3901.611	-4163.421	261.8105	0.7963906	0.430706	0.239278	0.198368	0.131648	1.816491	1.69176
19476	-3893.589	-4154.696	261.1072	0.7322972	0.507154	0.280996	0.158203	0.0536465	1.637037	2.326082
19482	-3899.9	-4160.3	260.3995	0.7658146	0.50282	0.293223	0.156851	0.047106	1.607539	2.763076
19488	-3900.853	-4161.042	260.189	0.7042622	0.378406	0.282914	0.319292	0.0193886	1.529091	2.977401
19494	-3904.977	-4165.368	260.3903	0.6545917	0.486869	0.27366	0.215222	0.0242496	1.52494	2.890291
19500	-3901.544	-4163.082	261.5382	0.7287186	0.479364	0.269441	0.211904	0.0392909	1.823799	1.924276
19506	-3896.478	-4158.207	261.7288	0.6410101	0.459197	0.307304	0.213396	0.0201028	1.803323	1.871808
19512	-3905.464	-4167.236	261.7711	0.7222194	0.439792	0.296645	0.251959	0.0116037	1.796894	1.787991
19518	-3892.971	-4154.511	261.54	0.7202087	0.443727	0.291923	0.250636	0.0137132	1.815596	1.93465
19524	-3915.755	-4177.707	261.9517	0.6023139	0.445263	0.295117	0.24139	0.0182304	1.927593	1.658026
19530	-3911.374	-4172.137	260.7628	0.9543803	0.550193	0.219995	0.1605	0.0693118	1.619955	2.409111
19536	-3895.505	-4156.771	261.2658	0.7979656	0.471135	0.264776	0.180668	0.0834205	1.717985	2.12699
19542	-3889.874	-4151.269	261.3954	0.6978237	0.413839	0.283048	0.227527	0.0755865	1.694072	2.12699
19548	-3904.54	-4166.124	261.5838	0.8100551	0.474204	0.223162	0.238158	0.0644752	1.776418	1.867346
19554	-3907.223	-4169.043	261.8202	0.8580754	0.522092	0.264459	0.137043	0.0764064	1.839146	1.622516
19560	-3884.474	-4146.563	262.0885	0.5356572	0.467821	0.339219	0.094954	0.0980059	1.909323	1.622516
19566	-3903.421	-4165.489	262.0684	0.6264169	0.335847	0.416578	0.0999231	0.147652	1.993918	1.505551
19572	-3909.15	-4170.363	261.2136	0.7498651	0.496603	0.273156	0.177272	0.0529696	1.607535	2.265043
19578	-3895.975	-4156.386	260.4107	0.6434552	0.424629	0.276155	0.249856	0.0493604	1.640096	2.815251
19584	-3883.22	-4144.261	261.041	0.7524798	0.488234	0.31752	0.137492	0.0567541	1.741584	2.287981
19590	-3901.669	-4163.049	261.3799	0.673775	0.435785	0.280447	0.259831	0.0239371	1.793768	2.088499
19596	-3901.199	-4163.01	261.8105	0.7051586	0.444937	0.318255	0.194555	0.0422524	1.922654	1.684643
19602	-3898.642	-4160.494	261.8514	0.5567557	0.515336	0.222514	0.240307	0.0218429	1.917974	1.769126
19608	-3886.494	-4148.259	261.7656	0.6488953	0.490039	0.240452	0.259679	0.0098299	1.863412	1.799507
19614	-3892.966	-4154.946	261.9807	0.6263774	0.416143	0.291385	0.285344	0.0071279	1.77828	1.725403
19620	-3896.433	-4158.327	261.8946	0.6785038	0.478763	0.234329	0.200129	0.086779	1.80922	1.725403
19626	-3888.775	-4150.513	261.7382	0.6886409	0.517287	0.253185	0.216233	0.013295	1.80922	1.826779
19632	-3884.22	-4146.064	261.8437	0.5886969	0.44322	0.292033	0.249412	0.015335	1.80922	1.826779
19638	-3887.842	-4149.944	262.1025	0.5778556	0.429346	0.312402	0.239294	0.0189581	1.80922	1.653115
19644	-3886.322	-4148.245	261.9229	0.5042299	0.363552	0.329718	0.290677	0.016053	1.802569	1.836566
19650	-3892.687	-4153.847	261.1599	0.5545238	0.458056	0.342627	0.192418	0.00689962	1.647449	2.40481
19656	-3895.116	-4156.55	261.4339	0.593734	0.53847	0.183353	0.273453	0.00472423	1.744315	2.140823
19662	-3880.722	-4142.228	261.5056	0.593734	0.509187	0.180265	0.306081	0.00446732	1.809487	2.050923
19668	-3881.127	-4142.199	261.0721	0.7197218	0.50427	0.178524	0.303125	0.0140808	1.790987	2.25857
19674	-3894.499	-4156.197	261.6973	0.7197218	0.540237	0.205357	0.239321	0.0150851	1.891359	1.775442
19680	-3895.003	-4156.909	261.9058	0.6172011	0.49407	0.185006	0.307128	0.013796	1.85241	1.732763
19686	-3887.436	-4149.502	262.0656	0.6294828	0.526545	0.213435	0.229873	0.0301473	1.867178	1.598773
19692	-3891.161	-4152.896	261.7352	0.8228873	0.538813	0.10558	0.316454	0.0391532	1.99343	1.598773
19698	-3887.336	-4149.334	261.9978	0.6445051	0.440477	0.339498	0.197972	0.0220521	1.833144	1.66073
19704	-3887.082	-4148.911	261.829	0.6174627	0.444733	0.333117	0.199885	0.0222652	1.842792	1.792887
19710	-3881.839	-4143.928	262.0889	0.6230567	0.48681	0.263834	0.21085	0.0385055	1.919741	1.548079
19716	-3894.621	-4156.49	261.8692	0.7518095	0.473578	0.237343	0.264413	0.0246656	1.912486	1.614447
19722	-3895.973	-4158.162	262.1883	0.5939399	0.310065	0.390272	0.266695	0.0329677	2.10101	1.357371
19728	-3905.277	-4167.641	262.3631	0.5442819	0.329774	0.319591	0.290634	0.0600013	2.129447	1.233778
19734	-3888.3	-4150.538	262.2379	0.6313249	0.426013	0.208772	0.329549	0.0356664	2.174895	1.224366
19740	-3904.918	-4167.141	262.2223	0.6313249	0.367054	0.318276	0.28394	0.0307303	2.080062	1.315492
19746	-3905.406	-4167.458	262.0521	0.7371209	0.46382	0.295303	0.22387	0.017007	2.138238	1.315492
19752	-3894.535	-4156.791	262.2558	0.619279	0.476667	0.291612	0.221072	0.0106492	2.103778	1.279273
19758	-3910.361	-4172.589	262.228	0.7053498	0.430176	0.387486	0.131367	0.0509711	2.132982	1.201729
19764	-3909.275	-4171.253	261.9783	0.6738505	0.386731	0.364251	0.212564	0.0364541	1.985876	1.54124
19770	-3910.532	-4172.857	262.3253	0.6087936	0.432397	0.351621	0.11539	0.100592	2.061959	1.265519
19776	-3893.031	-4155.259	262.2285	0.6590122	0.349229	0.326106	0.231372	0.0932923	2.105752	1.265519
19782	-3885.806	-4148.128	262.3213	0.6659913	0.370152	0.327752	0.218559	0.0835376	2.065623	1.21524
19788	-3889.243	-4151.609	262.3666	0.5421005	0.434886	0.296067	0.256782	0.0122645	1.901013	1.416366
19794	-3887.977	-4150.393	262.4161	0.6692858	0.413307	0.304777	0.244041	0.0378743	2.058946	1.135476
19800	-3889.223	-4151.501	262.2782	0.729294	0.434888	0.267629	0.244523	0.0529607	2.150186	1.12032
19806	-3883.705	-4146.099	262.3941	0.7093728	0.464269	0.218149	0.261043	0.0565387	2.185022	0.9973496
19812	-3884.037	-4146.512	262.4746	0.584223	0.454565	0.293652	0.196426	0.0553569	2.185022	1.047869
19818	-3888.067	-4150.356	262.2892	0.789432	0.447946	0.278723	0.200766	0.0725658	2.184122	1.018512
19824	-3881.263	-4143.853	262.5907	0.6221009	0.395811	0.307919	0.221796	0.074474	2.21551	0.8501667
19830	-3888.094	-4150.646	262.552	0.5770995	0.403337	0.34476	0.186584	0.0653193	2.242853	0.9176112
19836	-3887.35	-4149.77	262.4194	0.5987681	0.404193	0.345491	0.186979	0.0633366	2.245594	1.027981
19842	-3885.91	-4148.407	262.4971	0.567469	0.334243	0.427394	0.178051	0.0603123	2.176664	1.05105
19848	-3895.458	-4157.903	262.4447	0.645514	0.444111	0.296637	0.212142	0.0471096	2.158954	1.039655
19854	-3903.204	-4165.062	261.8585	0.710421	0.485574	0.300339	0.187205	0.026881	1.806788	1.728716
19860	-3894.857	-4156.298	261.4412	0.6820596	0.410761	0.289298	0.246931	0.0530104	1.725889	2.087058
19866	-3900.495	-4162.225	261.7299	0.6375477	0.560735	0.203732	0.194025	0.0415077	1.875749	1.82394
19872	-3881.312	-4142.485	261.1728	0.5652289	0.42156	0.306311	0.230965	0.0411643	1.742858	2.329091
19878	-3883.281	-4144.158	260.8765	0.7028905	0.477674	0.228675	0.249231	0.0444198	1.608793	2.508951
19884	-3874.615	-4135.319	260.7045	0.8119951	0.540457	0.175227	0.190741	0.093574	1.639167	2.525596
19890	-3886.385	-4147.812	261.4271	0.7633242	0.589324	0.147581	0.160647	0.102448	1.761958	2.015668
19896	-3893.721	-4155.415	261.6937	0.5444898	0.308127	0.39252	0.199381	0.0999726	1.772957	1.984208
19902	-3906.929	-4169.082	262.1528	0.6241237	0.339418	0.396179	0.116741	0.147663	1.992609	1.44458
19908	-3908.316	-4170.441	262.1243	0.5981282	0.328765	0.383745	0.113077	0.174412	1.922644	1.539202
19914	-3896.26	-4158.167	261.9062	0.7162133	0.394982	0.369957	0.221728	0.0133329	1.857282	1.654647
19920	-3890.37	-4151.953	261.5832	0.6960537	0.556492	0.241409	0.178397	0.0237015	1.836825	1.90838
19926	-3890.031	-4151.869	261.8373	0.7909795	0.537281	0.233076	0.172238	0.057405	1.866176	1.641146
19932	-3886.753	-4148.634	261.8804	0.7984802	0.475996	0.330879	0.116521	0.0766035	1.835843	1.626262
19938	-3897.018	-4159.032	262.0139	0.5958051	0.476671	0.331348	0.0871578	0.104823	1.801856	1.708082
19944	-3898.845	-4160.024	261.179	0.6133972	0.401057	0.344578	0.145355	0.109009	1.712242	2.312547
19950	-3894.681	-4156.01	261.3288	0.746834	0.406997	0.341161	0.143914	0.107928	1.747591	2.101579
19956	-3887.196	-4148.312	261.1161	0.6581495	0.441274	0.343572	0.122949	0.0922054	1.727941	2.312522
19962	-3891.688	-4152.76	261.0719	0.8434138	0.496145	0.14708	0.203877	0.152898	1.727941	2.215652
19968	-3890.084	-4151.105	261.0215	0.8068935	0.400654	0.303215	0.187724	0.108406	1.729398	2.271647
19974	-3886.652	-4147.737	261.0852	0.7132325	0.505327	0.176506	0.22431	0.0938578	1.747219	2.282641
19980	-3888.53	-4149.222	260.692	0.7981463	0.514389	0.25148	0.188174	0.0459571	1.635178	2.544902
19986	-3905.366	-4165.843	260.4776	0.6776588	0.477496	0.270585	0.20247	0.0494485	1.696558	2.717903
19992	-3878.884	-4139.268	260.3834	0.5835847	0.378611	0.351246	0.245592	0.0245513	1.595545	2.89701
19998	-3879.855	-4140.84	260.9846	0.5814406	0.422696	0.328502	0.229819	0.0189831	1.566744	2.547699
20004	-3874.6	-4135.163	260.5636	0.6989056	0.409703	0.318404	0.222754	0.0491388	1.628335	2.693149
20010	-3891.817	-4152.779	260.9626	0.6974759	0.495297	0.282498	0.154969	0.0672347	1.652767	2.431026
20016	-3899.697	-4160.831	261.1343	0.5773201	0.486778	0.255547	0.227834	0.0298413	1.704783	2.369767
20022	-3892.806	-4153.639	260.8326	0.5968059	0.438692	0.329088	0.205327	0.0268934	1.575841	2.626272
20028	-3883.546	-4144.173	260.6272	0.5968059	0.43507	0.326371	0.203633	0.0349256	1.601806	2.736577
20034	-3881.12	-4141.723	260.6037	0.6349473	0.472118	0.291331	0.18177	0.0547809	1.585112	2.736577
20040	-3909.137	-4170.52	261.382	0.6347272	0.553116	0.212212	0.155313	0.0793589	1.649874	2.207797
20046	-3909.197	-4170.447	261.2505	0.7766596	0.455702	0.210604	0.156785	0.176908	1.631283	2.207797
20052	-3908.725	-4169.884	261.1593	0.8192926	0.610837	0.171472	0.163583	0.054108	1.801896	2.127188
20058	-3914.511	-4176.111	261.5999	0.5551403	0.363633	0.436682	0.141164	0.0585214	1.820692	2.007575
20064	-3905.789	-4167.569	261.7801	0.6641296	0.356671	0.372704	0.191314	0.0793117	1.778671	1.836822
20070	-3912.267	-4173.687	261.4198	0.8094684	0.355728	0.313971	0.30828	0.0220212	1.794328	1.966607
20076	-3909.229	-4170.679	261.4502	0.8077049	0.555597	0.153104	0.264554	0.0267437	1.765773	1.966607
20082	-3905.051	-4166.605	261.5541	0.7371121	0.535016	0.147433	0.300169	0.0173824	1.788543	1.931363
20088	-3921.432	-4182.92	261.4884	0.5964228	0.472214	0.202833	0.317312	0.00764121	1.806562	2.062399
20094	-3900.44	-4161.505	261.0651	0.7482868	0.432677	0.170577	0.387417	0.0093294	1.639349	2.340618
20100	-3889.52	-4150.505	260.9843	0.6336753	0.491433	0.247942	0.243734	0.0168907	1.587995	2.500412
20106	-3894.552	-4155.641	261.0888	0.7543195	0.474059	0.239177	0.235117	0.0516472	1.674209	2.29929
20112	-3899.511	-4160.425	260.9135	0.8806631	0.492227	0.248343	0.206017	0.0534137	1.679714	2.323448
20118	-3901.572	-4162.91	261.3381	0.692919	0.500942	0.297347	0.174519	0.0271919	1.712829	2.155521
20124	-3906.684	-4168.309	261.6254	0.7671978	0.454489	0.322537	0.158863	0.0641109	1.869418	1.805757
20130	-3902.605	-4164.356	261.751	0.6275364	0.396444	0.251978	0.266181	0.0853967	1.869418	1.821045
20136	-3909.665	-4171.497	261.832	0.7286648	0.538577	0.169175	0.183822	0.108426	1.742904	1.778424
20142	-3918.356	-4180.036	261.6791	0.5708539	0.415447	0.281011	0.241426	0.0621159	1.894701	1.893597
20148	-3904.376	-4166.047	261.6708	0.623619	0.46141	0.249326	0.214205	0.0750587	1.8477	1.893597
20154	-3899.311	-4161.706	262.3945	0.6486109	0.391293	0.320785	0.153624	0.134297	2.18849	1.056311
20160	-3889.091	-4151.437	262.3464	0.6008916	0.343162	0.34615	0.165771	0.144916	2.243794	1.096627
20166	-3904.163	-4166.651	262.488	0.550197	0.452735	0.290554	0.13507	0.121641	2.123632	1.125095
20172	-3898.023	-4160.56	262.537	0.4663017	0.395994	0.322346	0.188039	0.0936216	2.062064	1.209532
20178	-3883.227	-4145.662	262.4354	0.5672793	0.407392	0.331625	0.193451	0.0675313	2.062064	1.209532
20184	-3890.921	-4153.129	262.2082	0.715929	0.454829	0.241714	0.247761	0.0556963	2.106908	1.231208
20190	-3884.293	-4146.65	262.3563	0.6292714	0.428915	0.26223	0.233645	0.0752105	1.996702	1.275971
20196	-3875.51	-4137.92	262.4096	0.5843804	0.490405	0.299823	0.145766	0.0640056	1.984159	1.281262
20202	-3874.074	-4136.37	262.2963	0.5843804	0.427848	0.336629	0.16366	0.0718629	2.04634	1.322787
20208	-3876.439	-4138.845	262.4059	0.5843804	0.417635	0.357953	0.179081	0.0453313	1.929715	1.32843
20214	-3875.382	-4137.679	262.297	0.5843804	0.418071	0.358326	0.179268	0.0443353	1.919217	1.422225
20220	-3890.255	-4152.243	261.9886	0.7506332	0.434353	0.290467	0.195754	0.079426	1.880504	1.551481
20226	-3876.893	-4139.044	262.1508	0.6245228	0.532349	0.262476	0.167242	0.037933	1.880504	1.530182
20232	-3891.573	-4153.532	261.9585	0.7644205	0.474947	0.212729	0.267637	0.0446862	1.928471	1.527491
20238	-3885.147	-4147.443	262.2959	0.5534337	0.40105	0.312973	0.224765	0.0612123	1.910397	1.454467
20244	-3892.67	-4154.903	262.2323	0.503751	0.383956	0.359086	0.202591	0.0543672	1.910397	1.540211
20250	-3899.763	-4161.687	261.9239	0.7013391	0.430289	0.195004	0.319205	0.0555019	1.926079	1.603645
20256	-3886.508	-4148.681	262.1728	0.5833826	0.419854	0.313459	0.218546	0.0481409	1.951405	1.493068
20262	-3907.143	-4169.202	262.0596	0.8769398	0.434526	0.267269	0.212196	0.0860084	2.196458	1.136306
20268	-3897.869	-4160.084	262.2149	0.6633924	0.434526	0.267269	0.212196	0.0860084	2.200711	1.19306
20274	-3903.314	-4165.641	262.327	0.6951727	0.502844	0.260685	0.206969	0.0295014	2.231633	1.032351
20280	-3889.348	-4151.871	262.5224	0.5857605	0.498018	0.258183	0.195846	0.047952	2.352358	0.8120054
20286	-3898.341	-4160.733	262.3915	0.6647137	0.480104	0.310521	0.115146	0.0942298	2.451738	0.7391401
20292	-3900.252	-4162.504	262.2522	0.5936145	0.367603	0.387558	0.200283	0.044556	1.927938	1.442523
20298	-3890.142	-4152.403	262.2609	0.5936145	0.324993	0.361584	0.271853	0.0415699	1.960149	1.411041
20304	-3898.362	-4160.649	262.2873	0.6113512	0.374203	0.319636	0.226799	0.079362	1.945308	1.387541
20310	-3898.553	-4160.549	261.9961	0.7036575	0.383101	0.326409	0.232192	0.0582982	1.877296	1.58481
20316	-3911.26	-4173.491	262.2308	0.6185245	0.372587	0.317452	0.22582	0.0841415	1.967784	1.408126
20322	-3906.761	-4169.229	262.4681	0.6311509	0.381885	0.318513	0.227663	0.0719388	2.332078	0.8457903
20328	-3902.052	-4164.471	262.4194	0.6374752	0.359451	0.376691	0.219355	0.0445028	2.395363	0.8192651
20334	-3916.224	-4178.538	262.3142	0.6603217	0.456875	0.34355	0.144185	0.0553906	2.434859	0.8701638
20340	-3910.091	-4172.568	262.4779	0.610973	0.352091	0.356841	0.248381	0.0426868	2.311733	0.8835408
20346	-3902.682	-4165.138	262.4564	0.610973	0.343731	0.436152	0.136346	0.0837707	2.273481	0.9493793
20352	-3891.356	-4153.77	262.4142	0.6690829	0.471529	0.289865	0.216051	0.0225546	2.217541	0.9872886
20358	-3891.904	-4154.273	262.3682	0.6107775	0.412062	0.357406	0.210337	0.0201955	2.214165	1.094231
20364	-3884.935	-4147.288	262.3525	0.6107775	0.476105	0.2913	0.171432	0.0611632	2.137396	1.176829
20370	-3899.798	-4162.292	262.4931	0.575772	0.442515	0.307129	0.193507	0.0568481	2.264473	0.9590475
20376	-3908.375	-4170.918	262.5424	0.5774375	0.389688	0.289942	0.266703	0.053667	2.230622	0.9408656
20382	-3910.497	-4172.231	261.7337	0.7956491	0.495915	0.180604	0.203658	0.119823	1.82741	1.738788
20388	-3898.033	-4159.824	261.7907	0.8338713	0.481907	0.254773	0.146881	0.116439	1.88257	1.630583
20394	-3898.329	-4159.886	261.5566	0.7686228	0.472051	0.24522	0.241655	0.0410737	1.935423	1.806677
20400	-3899.335	-4160.728	261.3932	0.7209501	0.463738	0.240902	0.248613	0.0467477	1.910242	1.969171
20406	-3914.695	-4175.562	260.8676	0.8649284	0.541855	0.227508	0.186488	0.0441487	1.767239	2.307283
20412	-3930.261	-4192.723	262.462	0.5802428	0.307366	0.377373	0.259143	0.056118	2.498707	0.6917719
20418	-3922.647	-4185.139	262.4923	0.5726376	0.40331	0.484261	0.0665758	0.0458533	2.498707	0.6475929
20424	-3903.843	-4166.226	262.3828	0.7047781	0.465733	0.32738	0.167101	0.0397859	2.267538	0.9283454
20430	-3901.459	-4162.867	261.4088	0.725396	0.577138	0.147863	0.1935	0.0814991	1.700709	2.094703
20436	-3896.74	-4158.019	261.2793	0.7400432	0.519016	0.166152	0.297585	0.0172476	1.74771	2.138556
20442	-3906.382	-4167.744	261.3617	0.5792911	0.492781	0.293893	0.174401	0.0389245	1.680748	2.23857
20448	-3905.252	-4166.584	261.3327	0.652002	0.536188	0.247662	0.152367	0.0637832	1.609384	2.253937
20454	-3927.128	-4188.335	261.2073	0.6182507	0.511256	0.279076	0.145282	0.0643856	1.707507	2.294257
20460	-3912.494	-4173.37	260.8759	0.8166363	0.450997	0.294034	0.201866	0.0531022	1.60343	2.437594
20466	-3914.775	-4175.31	260.535	0.7730845	0.554131	0.206849	0.167797	0.0712225	1.529447	2.72326
20472	-3914.834	-4175.43	260.5956	0.6463254	0.513229	0.191581	0.247027	0.0481635	1.602972	2.72326
20478	-3909.036	-4169.654	260.6179	0.7763439	0.555366	0.179823	0.150698	0.114113	1.575322	2.642044
20484	-3904.903	-4165.172	260.2688	0.7902403	0.514036	0.165401	0.221654	0.0989077	1.587879	2.838965
20490	-3909.669	-4169.653	259.9838	0.746223	0.450626	0.30117	0.171622	0.0765819	1.58075	3.04289
20496	-3918.814	-4179.379	260.5653	0.8901751	0.509894	0.219809	0.209013	0.0612844	1.663379	2.546682
20502	-3893.379	-4153.93	260.5509	0.702674	0.477296	0.269687	0.195651	0.0573664	1.680157	2.666656
20508	-3888.871	-4149.249	260.3779	0.702674	0.379664	0.388502	0.179271	0.0525637	1.598202	2.822579
20514	-3894.934	-4155.758	260.8239	0.6407275	0.452054	0.330032	0.163309	0.0546046	1.657441	2.552447
20520	-3902.156	-4164.104	261.9481	0.423363	0.365061	0.406174	0.13375	0.095015	1.798056	1.875125
20526	-3888.243	-4148.961	260.7171	0.5412648	0.3851	0.428471	0.141092	0.0453371	1.535538	2.757401
20532	-3903.859	-4166.087	262.2281	0.6910466	0.366447	0.400288	0.172794	0.0604704	2.237667	1.123111
20538	-3896.113	-4158.553	262.4405	0.5836531	0.372558	0.343072	0.234761	0.0496092	2.231503	1.036529
20544	-3895.562	-4158.069	262.5074	0.6041133	0.451759	0.237543	0.2296	0.0810975	2.15384	1.026175
20550	-3890.892	-4153.105	262.2127	0.7363466	0.451759	0.237543	0.2296	0.0810975	2.290129	1.044178
20556	-3902.127	-4164.418	262.2911	0.7363466	0.536476	0.26933	0.113059	0.0811343	2.357318	0.8933641
20562	-3904.58	-4166.923	262.3434	0.6940147	0.451861	0.22685	0.215013	0.106276	2.344794	0.8990578
20568	-3919.327	-4181.696	262.3688	0.6940147	0.306887	0.322782	0.266648	0.103683	2.264752	0.9582423
20574	-3904.411	-4166.728	262.3177	0.6460461	0.401409	0.311847	0.241801	0.044943	2.159816	1.155082
20580	-3890.394	-4152.752	262.3578	0.6431483	0.364106	0.362584	0.21933	0.05398	2.096729	1.177925
20586	-3901.321	-4163.314	261.9927	0.7148261	0.428351	0.250114	0.25803	0.0635046	2.087309	1.42101
20592	-3891.185	-4153.189	262.0037	0.747447	0.426464	0.262455	0.286532	0.0245486	2.05479	1.41103
20598	-3899.037	-4161.156	262.1193	0.7466483	0.47073	0.1859	0.316274	0.0270967	2.021251	1.347272
20604	-3882.843	-4144.87	262.0275	0.7246054	0.37206	0.337265	0.269258	0.021417	2.116001	1.363409
20610	-3880.177	-4141.965	261.7884	0.6861435	0.444219	0.283091	0.269917	0.00277287	2.060298	1.616226
20616	-3884.369	-4145.657	261.288	0.6324754	0.370236	0.31655	0.310687	0.00252699	1.822215	2.158562
20622	-3899.832	-4161.274	261.4415	0.6102527	0.441756	0.299258	0.256897	0.00208949	1.807464	2.083131
20628	-3903.517	-4164.875	261.3578	0.6676486	0.423378	0.375208	0.200093	0.00132024	1.668528	2.188836
20634	-3905.105	-4166.069	260.9639	0.7919196	0.471491	0.271283	0.254001	0.00322582	1.783195	2.284124
20640	-3897.918	-4159.428	261.5103	0.7117475	0.471491	0.271283	0.254001	0.00322582	1.832436	1.949341
20646	-3893.712	-4155.522	261.8102	0.6389435	0.348915	0.332853	0.311649	0.00658225	1.912422	1.741646
20652	-3889.013	-4150.837	261.8233	0.6282255	0.373444	0.404168	0.214908	0.00748009	1.965541	1.702969
20658	-3886.532	-4148.576	262.0442	0.4857701	0.46127	0.32056	0.211987	0.00618246	1.898327	1.69789
20664	-3885.919	-4147.964	262.0454	0.6070468	0.446643	0.308832	0.205265	0.0392594	2.014673	1.522459
20670	-3898.411	-4160.525	262.1139	0.5948822	0.428457	0.282083	0.251799	0.0376609	2.014673	1.480693
20676	-3901.507	-4163.498	261.9912	0.7076329	0.446411	0.24308	0.27127	0.0392391	1.932836	1.54447
20682	-3909.879	-4171.78	261.9018	0.5825394	0.425196	0.27608	0.281297	0.0174268	1.908185	1.721942
20688	-3905.223	-4167.166	261.9429	0.7032332	0.442334	0.232526	0.250808	0.0743314	1.91919	1.593392
20694	-3880.184	-4140.837	260.6527	0.715081	0.444018	0.2313	0.253345	0.0713374	1.685344	2.592481
20700	-3899.731	-4161.315	261.5839	0.72575	0.519716	0.249527	0.153208	0.0775489	1.823556	1.895623
20706	-3890.492	-4151.895	261.4028	0.7348563	0.427156	0.294814	0.23274	0.0452901	1.721828	2.078164
20712	-3892.57	-4154.733	262.1625	0.6671288	0.44683	0.293935	0.252272	0.00696303	1.959809	1.427384
20718	-3893.517	-4155.888	262.3712	0.6671288	0.495472	0.262493	0.197596	0.0444391	2.109548	1.132409
20724	-3901.595	-4164.067	262.472	0.6959539	0.523248	0.292014	0.163961	0.0207771	2.06354	1.053723
20730	-3891.403	-4153.812	262.4089	0.6483561	0.525414	0.229113	0.231076	0.0143965	2.167262	1.063009
20736	-3891.185	-4153.499	262.3141	0.6483561	0.390941	0.294032	0.296551	0.0184758	2.141619	1.172083
20742	-3899.242	-4161.527	262.2846	0.6876786	0.408545	0.244151	0.326936	0.0203688	2.195072	1.113712
20748	-3911.097	-4173.48	262.3835	0.6876786	0.382354	0.370607	0.226031	0.0210081	2.292264	0.9203035
20754	-3900.472	-4163.095	262.6226	0.4758195	0.372841	0.361386	0.220407	0.045366	2.266779	0.9264674
20760	-3896.798	-4159.42	262.6218	0.4758195	0.28496	0.367086	0.297088	0.0508663	2.098464	1.09428
20766	-3907.145	-4169.599	262.4544	0.5036973	0.294959	0.379967	0.244047	0.0810264	2.098464	1.217583
20772	-3897.381	-4159.944	262.5631	0.5118566	0.379379	0.344365	0.212194	0.064062	2.133337	1.083352
20778	-3894.922	-4157.36	262.4374	0.5209308	0.380125	0.345043	0.212612	0.0622197	2.249838	1.083352
20784	-3888.978	-4151.548	262.5701	0.5209308	0.380999	0.345647	0.213101	0.0602533	2.36104	0.8254856
20790	-3897.588	-4159.363	261.7748	0.7471869	0.390093	0.315163	0.214871	0.0798732	1.824921	1.747441
20796	-3927.22	-4188.817	261.5973	0.7471869	0.374707	0.302732	0.213529	0.109032	1.85133	1.852081
20802	-3923.649	-4184.289	260.6406	0.96034	0.44358	0.298544	0.170709	0.0871674	1.637247	2.47129
20808	-3900.722	-4161.549	260.8263	0.8221304	0.401679	0.425744	0.104569	0.0680088	1.636438	2.44439
20814	-3879.26	-4141.565	262.3044	0.6144842	0.394884	0.332383	0.20212	0.0706121	2.245028	1.120693
20820	-3883.722	-4146.238	262.5151	0.5596606	0.431539	0.363237	0.155282	0.0499427	2.245028	0.973666
20826	-3894.907	-4157.309	262.4023	0.5596606	0.428344	0.360548	0.154132	0.0569765	2.207958	1.11755
20832	-3886.616	-4148.998	262.3822	0.6206771	0.462681	0.258442	0.217333	0.0615439	2.180357	1.102788
20838	-3888.481	-4150.857	262.376	0.5901063	0.433986	0.294084	0.225845	0.0460859	2.25684	1.067455
20844	-3897.335	-4159.942	262.6076	0.5334773	0.421784	0.285815	0.193533	0.0988681	2.25684	0.8901308
20850	-3881.536	-4144.16	262.624	0.5539951	0.376211	0.343946	0.195491	0.0843517	2.257103	0.845675
20856	-3888.196	-4150.785	262.5889	0.5539951	0.362212	0.38577	0.150301	0.101717	2.292179	0.845675
20862	-3905.176	-4167.584	262.4077	0.5860418	0.391858	0.331631	0.207716	0.0687953	2.3794	0.9158646
20868	-3893.32	-4155.83	262.51	0.5860418	0.394621	0.333969	0.20213	0.0692803	2.276241	0.9168528
20874	-3897.398	-4159.985	262.5873	0.5407737	0.390955	0.329501	0.224004	0.0555396	2.245831	0.9168528
20880	-3910.733	-4172.25	261.5172	0.6330663	0.455529	0.279795	0.189862	0.0748147	1.718446	2.076052
20886	-3917.85	-4179.204	261.3536	0.6330663	0.44992	0.384518	0.0916687	0.0738935	1.827119	2.112116
20892	-3897.404	-4157.542	260.1379	0.7384214	0.542859	0.296273	0.0678492	0.0930186	1.459543	3.028143
20898	-3899.821	-4160.428	260.6069	0.8346574	0.399828	0.312235	0.130284	0.157653	1.6532	2.562848
20904	-3899.727	-4160.56	260.8332	0.6618534	0.479694	0.266893	0.15105	0.102363	1.609071	2.562848
20910	-3894.35	-4156.494	262.1439	0.6636822	0.444028	0.273067	0.207967	0.0749383	1.951931	1.450456
20916	-3878.993	-4140.818	261.8249	0.5834101	0.407562	0.332767	0.190888	0.0687839	1.857859	1.810053
20922	-3887.679	-4149.218	261.5395	0.6800909	0.410775	0.33539	0.192393	0.0614423	1.841585	1.946139
20928	-3886.398	-4148.584	262.1861	0.4461195	0.413464	0.321273	0.193652	0.0716103	1.829831	1.672729
20934	-3883.415	-4145.622	262.2067	0.5261654	0.386989	0.346414	0.181252	0.0853449	1.909486	1.543099
20940	-3891.69	-4154.047	262.3567	0.46126	0.384496	0.318925	0.213025	0.083554	1.889745	1.493739
20946	-3897.496	-4159.636	262.1404	0.6656533	0.523541	0.181559	0.247334	0.0475659	2.077638	1.353829
20952	-3892.791	-4154.052	261.2611	0.8498296	0.448387	0.329032	0.141297	0.081284	1.834007	2.017929
20958	-3897.859	-4159.32	261.461	0.8686612	0.510245	0.24426	0.219944	0.0255514	1.880496	1.838421
20964	-3898.841	-4159.903	261.0622	0.8277907	0.51991	0.248887	0.204117	0.0270862	1.705947	2.246572
20970	-3884.339	-4145.507	261.1679	0.8974139	0.52974	0.253592	0.184424	0.0322432	1.823273	2.054275
20976	-3890.626	-4151.525	260.8993	0.8224674	0.507411	0.21566	0.235718	0.0412109	1.734696	2.335921
20982	-3874.124	-4135.593	261.4696	0.6597496	0.480184	0.19202	0.267399	0.0603969	1.709361	2.09479
20988	-3869.645	-4131.122	261.4776	0.7459193	0.533982	0.137805	0.270276	0.0579367	1.838355	1.94305
20994	-3882.15	-4143.629	261.4795	0.8267357	0.533982	0.137805	0.270276	0.0579367	1.859724	1.869765
21000	-3876.921	-4138.299	261.3778	0.8267357	0.555492	0.143356	0.281163	0.0199893	1.841358	1.951128
21006	-3883.005	-4143.646	260.6406	0.8004788	0.478489	0.207773	0.291908	0.0218304	1.567597	2.617146
21012	-3900.146	-4160.762	260.6159	0.8927761	0.58581	0.0730955	0.288775	0.0523197	1.752732	2.457576
21018	-3896.825	-4158.141	261.3166	0.7638024	0.515396	0.22845	0.216864	0.0392909	1.852535	2.0286
21024	-3895.621	-4156.719	261.0972	0.7750526	0.500241	0.251137	0.210487	0.0381356	1.776277	2.214261
21030	-3895.854	-4156.61	260.7559	0.9546981	0.469582	0.193672	0.300948	0.0357983	1.80427	2.296263
21036	-3886.536	-4148.28	261.7443	0.7064932	0.405775	0.392636	0.156832	0.0447571	1.842509	1.786469
21042	-3888.756	-4150.163	261.4067	0.7020177	0.490098	0.213979	0.189423	0.106501	1.870275	2.000298
21048	-3891.274	-4152.373	261.0989	0.8851484	0.479546	0.260086	0.177938	0.0824296	1.814385	2.1138
21054	-3893.177	-4154.534	261.3569	0.8687503	0.447791	0.255293	0.202915	0.0940003	1.766004	1.986385
21060	-3903.227	-4165.294	262.0668	0.5457005	0.418392	0.326218	0.211095	0.0442945	1.884088	1.648931
21066	-3911.487	-4173.602	262.1155	0.4575133	0.419207	0.304656	0.228477	0.04766	1.930374	1.643607
21072	-3922.323	-4183.736	261.4129	1.063925	0.47894	0.0939575	0.34096	0.0861431	1.936096	1.695775
21078	-3903.796	-4165.566	261.7708	0.6852537	0.409924	0.370557	0.171312	0.0482064	1.800544	1.812784
21084	-3900.147	-4162.331	262.1837	0.6852537	0.345347	0.392031	0.189483	0.0731387	2.095489	1.287911
21090	-3878.416	-4140.442	262.026	0.7078997	0.483921	0.202204	0.265514	0.0483614	1.976913	1.485413
21096	-3893.793	-4155.888	262.0946	0.7078997	0.438613	0.253813	0.243434	0.0641396	1.908259	1.485413
21102	-3907.207	-4169.182	261.9742	0.7797609	0.455844	0.263784	0.187385	0.0929873	1.934837	1.498917
21108	-3898.446	-4160.386	261.9402	0.7890826	0.492615	0.204395	0.202501	0.100488	1.875948	1.560625
21114	-3892.305	-4154.138	261.833	0.698418	0.573087	0.182133	0.180445	0.0643353	1.81204	1.751835
21120	-3895.423	-4155.426	260.0029	0.7354275	0.44382	0.314349	0.216696	0.0251347	1.470724	3.103963
21126	-3899.485	-4159.652	260.1672	0.6791331	0.381592	0.343152	0.236551	0.0387059	1.401544	3.0828
21132	-3905.328	-4166.275	260.9471	0.5216858	0.516626	0.186642	0.263914	0.0328173	1.507388	2.645808
21138	-3908.167	-4168.963	260.7958	0.8073404	0.489586	0.229214	0.2501	0.0310996	1.545206	2.530301
21144	-3907.958	-4169.927	261.9686	0.7532119	0.518038	0.184326	0.159964	0.137671	1.975646	1.49351
21150	-3891.051	-4152.884	261.833	0.7501075	0.456911	0.260865	0.151681	0.130542	1.955715	1.610674
21156	-3894.506	-4156.341	261.8352	0.7469987	0.461633	0.141045	0.252171	0.145152	1.929595	1.630331
21162	-3890.726	-4152.63	261.9037	0.7019236	0.494192	0.130307	0.269956	0.105544	1.831705	1.68551
21168	-3882.131	-4144.258	262.1271	0.6890524	0.526395	0.232505	0.188761	0.0523397	2.052517	1.364628
21174	-3888.087	-4150.306	262.2188	0.6192772	0.443743	0.233266	0.31336	0.00963099	2.034647	1.364628
21180	-3892.699	-4155.158	262.4592	0.6482756	0.528982	0.248821	0.190003	0.0321938	2.008022	1.162074
21186	-3887.371	-4149.523	262.1526	0.7274009	0.429998	0.31292	0.157434	0.0996485	2.008022	1.347543
21192	-3888.171	-4150.314	262.1423	0.7144326	0.458377	0.289335	0.167824	0.0844636	2.033322	1.346517
21198	-3889.112	-4151.038	261.9261	0.778934	0.410594	0.279251	0.248591	0.0615642	1.962252	1.515032
21204	-3907.02	-4166.177	259.1563	0.8432539	0.607079	0.142503	0.202016	0.0484018	1.407325	3.572743
21210	-3905.433	-4164.887	259.4544	0.7619896	0.539154	0.126987	0.213237	0.120622	1.569971	3.353201
21216	-3904.588	-4164.179	259.591	0.6950501	0.53504	0.126018	0.274678	0.0642633	1.371625	3.430903
21222	-3893.372	-4152.788	259.4161	0.8272441	0.552379	0.180062	0.217526	0.0500324	1.407372	3.430903
21228	-3886.932	-4146.553	259.6208	0.7049159	0.517298	0.216075	0.203711	0.0629161	1.350508	3.4197
21234	-3901.263	-4162.969	261.7058	0.5950024	0.498523	0.321297	0.119345	0.0608352	1.747429	1.957991
21240	-3913.438	-4174.635	261.1977	0.8597664	0.470381	0.327977	0.155646	0.0459959	1.806397	2.071376
21246	-3897.271	-4157.68	260.4094	0.8902504	0.500431	0.24234	0.160853	0.0963754	1.563107	2.704828
21252	-3921.58	-4183.298	261.7179	0.7154169	0.443272	0.372896	0.138446	0.0453859	1.854248	1.79006
21258	-3919.053	-4180.791	261.7379	0.7154169	0.353135	0.335358	0.297739	0.0137674	1.892201	1.749676
21264	-3896.18	-4155.786	259.6055	0.6675397	0.412971	0.229866	0.324925	0.0322383	1.461072	3.387117
21270	-3911.35	-4170.512	259.1616	0.6905773	0.454801	0.220532	0.295361	0.0293051	1.477325	3.622293
21276	-3890.211	-4150.166	259.955	0.6706113	0.463185	0.224597	0.300806	0.0114126	1.528365	3.139016
21282	-3894.78	-4154.387	259.6065	0.8959484	0.491363	0.208297	0.282026	0.0183139	1.602848	3.161506
21288	-3895.919	-4157.412	261.4933	0.5985864	0.496061	0.178303	0.307147	0.0184891	1.780525	2.074837
21294	-3908.485	-4168.328	259.843	0.9091826	0.553761	0.150454	0.230921	0.0648643	1.447106	3.105408
21300	-3919.007	-4178.808	259.8009	0.6942095	0.566939	0.14265	0.236416	0.0539954	1.306558	3.346473
21306	-3899.804	-4160.124	260.3202	0.5773456	0.40434	0.380828	0.168612	0.046221	1.533993	2.9761
21312	-3902.403	-4162.367	259.9632	0.8341495	0.465992	0.321594	0.148955	0.0634581	1.543062	3.022529
21318	-3903.618	-4164.532	260.9135	0.8144046	0.465531	0.321276	0.148808	0.0643844	1.608543	2.412163
21324	-3896.636	-4157.394	260.7584	0.8144046	0.467343	0.24885	0.223674	0.0601329	1.599719	2.514999
21330	-3893.775	-4154.994	261.2186	0.7751017	0.529985	0.21215	0.189671	0.0681931	1.568499	2.269845
21336	-3910.105	-4171.625	261.5196	0.6921471	0.546489	0.132904	0.268944	0.051664	1.756726	2.007665
21342	-3913.58	-4173.155	259.575	0.7366704	0.512595	0.231741	0.220648	0.0350157	1.479511	3.351195
21348	-3906.115	-4166.04	259.9253	0.7277113	0.542482	0.132843	0.233513	0.0911622	1.446542	3.169362
21354	-3890.325	-4150.932	260.607	0.648244	0.403809	0.260663	0.278982	0.056545	1.561685	2.740294
21360	-3889.155	-4149.118	259.9635	0.7775664	0.348303	0.332838	0.240634	0.0782247	1.569923	3.041717
21366	-3899.616	-4159.264	259.648	0.686779	0.39872	0.236265	0.275467	0.0895479	1.449618	3.356877
21372	-3891.074	-4150.586	259.5127	0.8432956	0.494808	0.293202	0.150748	0.0612416	1.459401	3.333863
21378	-3888.287	-4148.602	260.3153	0.6739243	0.476264	0.274089	0.182077	0.067571	1.662049	2.840301
21384	-3887.621	-4148.485	260.8637	0.5459262	0.443766	0.323363	0.218233	0.0146378	1.576874	2.639087
21390	-3885.359	-4147.069	261.7093	0.5866755	0.382099	0.400135	0.198391	0.019375	1.751671	1.958676
21396	-3872.766	-4134.204	261.4377	0.5866755	0.45839	0.295862	0.2279	0.0178476	1.734576	2.149488
21402	-3899.914	-4160.82	260.9062	0.5735913	0.453591	0.292765	0.225514	0.0281299	1.652006	2.548525
21408	-3887.548	-4148.94	261.3925	0.6839204	0.419906	0.290138	0.262078	0.0278776	1.738444	2.109443
21414	-3883.839	-4145.452	261.6127	0.6571195	0.419906	0.290138	0.262078	0.0278776	1.8416	1.913101
21420	-3883.281	-4144.742	261.4608	0.722777	0.515453	0.356307	0.0903759	0.0378641	1.8416	1.968605
21426	-3872.95	-4134.504	261.5546	0.5591535	0.442006	0.371743	0.164224	0.0220268	1.813207	2.039889
21432	-3884.155	-4145.88	261.7257	0.6627146	0.415274	0.38704	0.170982	0.0267049	1.964241	1.746875
21438	-3904.42	-4165.415	260.9948	0.7097209	0.351319	0.313342	0.296654	0.0386858	1.79995	2.30909
21444	-3905.674	-4167.084	261.4103	0.5836206	0.412453	0.276694	0.263121	0.0477325	1.790401	2.13306
21450	-3893.066	-4155.106	262.0406	0.5308305	0.415839	0.294473	0.265818	0.0238704	1.802965	1.735916
21456	-3899.463	-4161.28	261.8172	0.7732294	0.40509	0.272711	0.246174	0.0760247	1.962385	1.59959
21462	-3894.164	-4156.116	261.9518	0.7139706	0.442751	0.217422	0.259816	0.080011	1.890366	1.59959
21468	-3888.817	-4150.653	261.8365	0.7657747	0.443624	0.200342	0.267846	0.0881883	1.841801	1.678118
21474	-3897.932	-4159.787	261.8546	0.6919911	0.554776	0.242962	0.139142	0.0631195	1.951465	1.642523
21480	-3886.383	-4148.225	261.8419	0.7847949	0.538265	0.263803	0.136163	0.0617686	1.866161	1.642523
21486	-3891.807	-4153.279	261.4728	0.7160049	0.456478	0.20183	0.199417	0.142276	1.734486	2.036756
21492	-3891.061	-4152.735	261.6736	0.6554075	0.508629	0.183608	0.245392	0.0623705	1.76514	1.924871
21498	-3908.07	-4169.444	261.3741	0.7448464	0.506566	0.166481	0.251618	0.075334	1.714444	2.094972
21504	-3892.705	-4154.316	261.6117	0.7754353	0.552954	0.138928	0.247505	0.0606121	1.815881	1.846073
21510	-3914.468	-4176.467	261.9991	0.7392815	0.479296	0.23846	0.171453	0.110791	1.850543	1.574552
21516	-3907.896	-4170.002	262.1059	0.6495354	0.503088	0.274284	0.135239	0.08739	1.838331	1.574925
21522	-3891.885	-4153.04	261.1556	0.8434458	0.494688	0.220369	0.215083	0.069859	1.730931	2.159438
21528	-3881.134	-4142.762	261.6276	0.7910289	0.495856	0.198197	0.229002	0.0769441	1.782172	1.847091
21534	-3898.688	-4160.435	261.7461	0.6837191	0.518093	0.207085	0.239272	0.0355493	1.777012	1.847091
21540	-3899.73	-4161.465	261.7346	0.6837191	0.494428	0.30812	0.163526	0.0339255	1.788454	1.847091
21546	-3886.043	-4147.558	261.5148	0.8499352	0.522163	0.214615	0.172699	0.0905231	1.721373	1.923352
21552	-3901.485	-4163.027	261.5418	0.8499352	0.523623	0.220854	0.121255	0.134267	1.755605	1.881802
21558	-3897.802	-4159.437	261.6344	0.7719125	0.562039	0.106734	0.213442	0.117785	1.891911	1.780462
21564	-3894.322	-4155.236	260.9139	0.7646219	0.470836	0.175479	0.255013	0.0986718	1.739458	2.362138
21570	-3889.938	-4151.376	261.4375	0.7491074	0.499233	0.186062	0.270393	0.0443117	1.719215	2.047079
21576	-3884.425	-4145.942	261.5173	0.6200584	0.519514	0.171068	0.248603	0.0608145	1.732974	2.07543
21582	-3894.15	-4155.693	261.543	0.8153099	0.551637	0.177188	0.209017	0.0621578	1.830638	1.854418
21588	-3886.742	-4148.075	261.3331	0.9159641	0.5564	0.157901	0.229394	0.0563042	1.936439	1.854418
21594	-3901.583	-4162.441	260.8579	0.829062	0.533512	0.12368	0.299152	0.0436562	1.677301	2.394198
21600	-3898.264	-4159.801	261.5367	0.6873324	0.428611	0.320725	0.163166	0.0874977	1.794311	1.974577
21606	-3898.278	-4160.052	261.7747	0.5972709	0.469707	0.297658	0.151431	0.0812046	1.829498	1.85406
21612	-3902.201	-4163.562	261.3612	0.639726	0.455752	0.288814	0.184424	0.07101	1.821165	2.106446
21618	-3894.444	-4156.216	261.7721	0.656085	0.485412	0.286566	0.150803	0.0772184	1.821165	1.818969
21624	-3901.832	-4161.475	259.6429	0.8599156	0.482751	0.202768	0.196864	0.117616	1.468814	3.241374
21630	-3894.442	-4153.868	259.4254	0.6971995	0.53593	0.207001	0.177677	0.0793923	1.480519	3.462762
21636	-3885.93	-4145.707	259.7769	0.6971995	0.455802	0.190523	0.253521	0.100155	1.539338	3.221478
21642	-3898.105	-4157.514	259.4088	0.7867035	0.473944	0.208832	0.277884	0.0393405	1.582011	3.357671
21648	-3892.098	-4151.716	259.618	0.7023058	0.436667	0.240834	0.289501	0.0329977	1.565959	3.29644
21654	-3881.867	-4141.866	259.9989	0.715638	0.438642	0.198782	0.29081	0.0717664	1.565959	3.061999
21660	-3900.322	-4161.018	260.6953	0.6108779	0.359042	0.307672	0.29508	0.0382063	1.561771	2.710343
21666	-3917.62	-4177.746	260.1258	0.7942419	0.353552	0.365372	0.251688	0.0293887	1.619194	2.904014
21672	-3895.75	-4157.259	261.5084	0.613578	0.32777	0.360445	0.223238	0.0885472	1.658867	2.134331
21678	-3904.978	-4166.153	261.1745	0.8586789	0.336402	0.376601	0.23395	0.0530464	1.720384	2.143719
21684	-3905.35	-4166.322	260.9721	0.6547202	0.333242	0.428846	0.181757	0.056155	1.637125	2.463314
21690	-3901.588	-4162.071	260.4831	0.6818852	0.460308	0.311928	0.159483	0.0682819	1.743383	2.683007
21696	-3900.177	-4161.68	261.5025	0.7250224	0.463821	0.243091	0.224285	0.068803	1.756372	1.996109
21702	-3916.495	-4177.017	260.522	0.9230779	0.504564	0.231524	0.156622	0.107289	1.81617	2.457203
21708	-3906.851	-4168.045	261.1941	0.655259	0.497096	0.228097	0.236643	0.0381639	1.716318	2.272008
21714	-3908.745	-4170.42	261.6741	0.7138011	0.388953	0.316	0.185162	0.109885	1.77595	1.875247
21720	-3897.464	-4158.91	261.4465	0.6463836	0.507575	0.277848	0.162806	0.0517708	1.77595	2.075489
21726	-3890.202	-4151.961	261.759	0.5894219	0.409263	0.340104	0.137076	0.113557	1.77595	1.906861
21732	-3886.821	-4148.13	261.3091	0.6132971	0.423651	0.39311	0.125074	0.0581652	1.792423	2.177383
21738	-3889.982	-4151.02	261.0378	0.8978794	0.51651	0.181886	0.238583	0.0630212	1.764831	2.177383
21744	-3889.951	-4150.841	260.8896	0.7964226	0.49985	0.208275	0.230887	0.0609884	1.738328	2.357089
21750	-3895.546	-4156.731	261.1845	0.662814	0.51105	0.216895	0.228309	0.043746	1.798137	2.220413
21756	-3890.316	-4151.953	261.637	0.6414692	0.431223	0.282767	0.248612	0.0373978	1.801601	1.934915
21762	-3881.021	-4141.391	260.3697	0.7647946	0.514963	0.274523	0.165181	0.0453327	1.50802	2.842432
21768	-3887.537	-4148.063	260.5253	0.5946003	0.492976	0.294779	0.177369	0.0348761	1.53226	2.842432
21774	-3892.861	-4153.08	260.2182	0.7601575	0.406265	0.159518	0.291786	0.14243	1.59803	2.882609
21780	-3885.246	-4145.417	260.1714	0.7480989	0.525434	0.136742	0.315824	0.0219996	1.657555	2.882609
21786	-3888.079	-4148.81	260.7306	0.8083287	0.478741	0.185533	0.287758	0.0479676	1.591314	2.541501
21792	-3886.656	-4147.53	260.8739	0.9175023	0.459134	0.1224	0.398159	0.0203069	1.650747	2.342994
21798	-3892.373	-4153.262	260.8884	0.7862357	0.364416	0.319244	0.267819	0.048521	1.650747	2.419983
21804	-3893.216	-4154.359	261.1429	0.6970996	0.450061	0.289901	0.139826	0.120212	1.788724	2.229929
21810	-3893.415	-4155.04	261.6245	0.5830767	0.414902	0.30256	0.183044	0.0994947	1.907139	1.913557
21816	-3885.645	-4146.687	261.0413	0.8145969	0.410834	0.340069	0.195636	0.0534621	1.827006	2.190805
21822	-3882.571	-4143.807	261.2358	0.729496	0.490865	0.309745	0.178191	0.0211981	1.738942	2.179844
21828	-3881.02	-4142.536	261.5154	0.6484668	0.388307	0.332794	0.258158	0.0207409	1.874875	1.962458
21834	-3885.266	-4146.245	260.9781	0.7072094	0.420878	0.214278	0.295592	0.0692527	1.672059	2.402541
21840	-3908.005	-4169.275	261.2705	0.8725732	0.337574	0.439489	0.180837	0.0421004	1.829372	1.999103
21846	-3905.786	-4167.364	261.5778	0.8135097	0.443213	0.19476	0.303053	0.0589744	1.870779	1.804119
21852	-3896.29	-4157.812	261.5216	0.8067044	0.434946	0.191127	0.316053	0.0578743	1.760418	1.922802
21858	-3909.848	-4171.116	261.2675	0.8047798	0.390821	0.266081	0.28399	0.0591075	1.754367	2.097326
21864	-3905.845	-4166.949	261.1036	0.6996029	0.546245	0.210231	0.20157	0.0419533	1.777686	2.260581
21870	-3901.793	-4162.335	260.5421	0.7040224	0.516439	0.262941	0.160347	0.0602735	1.617301	2.709777
21876	-3893.457	-4153.52	260.0627	0.8186302	0.439453	0.306012	0.116721	0.137815	1.599609	2.938503
21882	-3894.818	-4155.267	260.4491	0.8186302	0.47321	0.26485	0.120116	0.141824	1.528416	2.747224
21888	-3912.465	-4172.587	260.1218	0.6324395	0.381824	0.410603	0.128448	0.0791239	1.63101	3.002236
21894	-3902.327	-4162.342	260.0155	0.726379	0.354587	0.381313	0.189376	0.0747239	1.573129	3.040994
21900	-3902.841	-4162.3	259.4592	0.6601846	0.400252	0.411812	0.129161	0.0587746	1.534568	3.434291
21906	-3901.04	-4160.675	259.6352	0.7329269	0.473213	0.289674	0.200287	0.0368258	1.452195	3.334199
21912	-3903.564	-4163.691	260.1263	0.8492273	0.485418	0.297146	0.19019	0.0272467	1.568943	2.899405
21918	-3901.946	-4161.898	259.9515	1.076457	0.473161	0.232733	0.236573	0.0575324	1.514317	2.899405
21924	-3897.785	-4158.26	260.4741	0.7571719	0.461687	0.206347	0.234914	0.097053	1.608304	2.722521
21930	-3893.564	-4153.109	259.5452	0.7129186	0.52822	0.236083	0.168695	0.0670016	1.367694	3.448961
21936	-3894.129	-4154.078	259.9493	0.7129186	0.506095	0.247155	0.176606	0.0701438	1.5304	3.114554
21942	-3899.546	-4159.71	260.1638	0.8006444	0.414743	0.302235	0.22554	0.0574825	1.544729	2.921959
21948	-3895.167	-4155.375	260.2086	0.7096556	0.444129	0.239066	0.289676	0.0271289	1.618124	2.90853
21954	-3901.722	-4162.493	260.7717	0.5435292	0.406018	0.328544	0.242708	0.0227302	1.584726	2.692387
21960	-3892.239	-4152.762	260.5238	0.6697346	0.406541	0.328968	0.24302	0.0214714	1.67862	2.705681
21966	-3896.827	-4156.857	260.03	0.7565934	0.512788	0.119055	0.349984	0.0181729	1.468992	3.075527
21972	-3893.943	-4152.317	258.3739	0.8978663	0.410439	0.119842	0.401215	0.0685039	1.368352	4.013378
21978	-3902.308	-4162.538	260.2305	0.7307493	0.406016	0.132193	0.377473	0.0843183	1.490041	2.95907
21984	-3900.753	-4161.552	260.7988	0.7173019	0.598434	0.0893681	0.25568	0.0565184	1.533312	2.594714
21990	-3908.853	-4169.265	260.4127	0.9537773	0.565717	0.0140335	0.387777	0.0324721	1.673683	2.594714
21996	-3892.783	-4153.885	261.1018	0.8935276	0.528277	0.0150302	0.415321	0.0413725	1.803399	2.113435
22002	-3886.151	-4147.095	260.9441	0.8729491	0.537848	0.0225335	0.422846	0.016773	1.894856	2.170514
22008	-3887.942	-4148.718	260.7765	0.8860973	0.495546	0.0459819	0.389588	0.0688843	1.741453	2.367684
22014	-3883.919	-4144.612	260.6935	0.8860973	0.519129	0.152323	0.274681	0.0538667	1.68408	2.456275
22020	-3872.046	-4133.318	261.2725	0.7286463	0.486099	0.31722	0.166716	0.0299651	1.738325	2.156952
22026	-3884.716	-4146.119	261.4033	0.7852582	0.457761	0.314568	0.199453	0.0282182	1.780697	2.003653
22032	-3885.251	-4146.916	261.665	0.7931804	0.564987	0.154013	0.246172	0.0348281	1.791739	1.813234
22038	-3874.116	-4135.489	261.3733	0.7756988	0.493213	0.269209	0.183728	0.0538504	1.842609	1.989095
22044	-3890.598	-4152.092	261.4941	0.8042769	0.468443	0.307863	0.168466	0.0552286	1.857732	1.877164
22050	-3894.188	-4155.961	261.773	0.8461606	0.472669	0.243306	0.169986	0.114039	1.969822	1.570694
22056	-3884.749	-4146.399	261.6496	0.7121655	0.582686	0.201033	0.122695	0.0935856	1.914703	1.797882
22062	-3886.77	-4148.303	261.5333	0.6755363	0.486407	0.295758	0.13046	0.0873759	1.795807	1.984208
22068	-3899.23	-4160.811	261.5808	0.5193079	0.361206	0.433995	0.191436	0.0133623	1.66261	2.14841
22074	-3896.654	-4158.466	261.8124	0.668458	0.419002	0.290449	0.168875	0.121674	1.92512	1.709133
22080	-3907.112	-4168.196	261.0832	0.5963785	0.415569	0.320191	0.222883	0.0413571	1.58606	2.464292
22086	-3901.959	-4162.81	260.8511	0.7917979	0.542694	0.149543	0.253754	0.0540085	1.623101	2.457166
22092	-3899.584	-4160.318	260.7339	0.7521002	0.481184	0.29527	0.156822	0.0667242	1.750154	2.477145
22098	-3893.301	-4154.798	261.4967	0.7942652	0.435675	0.267345	0.20502	0.0919601	1.853979	1.885083
22104	-3903.15	-4164.561	261.4104	0.7870849	0.544462	0.199847	0.176516	0.0791748	1.758187	2.012673
22110	-3898.487	-4160.019	261.5315	0.9182969	0.504912	0.230241	0.163694	0.101153	1.846237	1.778102
22116	-3904.146	-4166.057	261.9118	0.6751129	0.504912	0.230241	0.163694	0.101153	1.900586	1.650849
22122	-3907.065	-4166.53	259.4648	0.8409938	0.547694	0.113186	0.267652	0.0714675	1.562318	3.302894
22128	-3894.982	-4156.294	261.3114	0.8046421	0.474048	0.162386	0.301578	0.0619878	1.78404	2.048989
22134	-3877.313	-4138.256	260.9431	0.9559124	0.51234	0.160428	0.297552	0.0296796	1.781792	2.189467
22140	-3884.239	-4145.28	261.0407	0.7920245	0.520222	0.162896	0.302129	0.0147535	1.685312	2.297539
22146	-3906.116	-4166.636	260.52	0.7408822	0.51862	0.166733	0.309245	0.00540246	1.685312	2.657622
22152	-3909.133	-4170.967	261.8343	0.545407	0.44737	0.28121	0.26676	0.00466026	1.719895	1.924713
22158	-3913.547	-4174.96	261.4124	0.6969009	0.448828	0.282126	0.267629	0.00141687	1.652326	2.143762
22164	-3906.712	-4168.161	261.4483	0.8311424	0.518973	0.185263	0.293644	0.00211973	1.687434	2.003842
22170	-3897.649	-4159.049	261.3999	0.7438668	0.472576	0.203031	0.321807	0.00258633	1.718022	2.076309
22176	-3907.766	-4169.605	261.8397	0.5479833	0.46691	0.288806	0.234622	0.00966122	1.805271	1.861268
22182	-3916.807	-4178.312	261.505	0.7765233	0.450765	0.183422	0.3469	0.0189129	1.773207	1.946753
22188	-3913.423	-4174.491	261.068	0.8460376	0.562493	0.219638	0.142224	0.0756449	1.799428	2.17011
22194	-3899.827	-4160.698	260.8706	0.9736881	0.51166	0.124536	0.299054	0.0647492	1.65837	2.303923
22200	-3889.785	-4150.743	260.9579	0.725879	0.511046	0.161129	0.259691	0.068135	1.635236	2.426068
22206	-3876.051	-4136.486	260.4356	1.008076	0.543083	0.212645	0.171866	0.0724064	1.558451	2.618053
22212	-3911.784	-4172.548	260.7633	0.858447	0.487707	0.196775	0.239062	0.0764562	1.518668	2.533921
22218	-3905.485	-4166.27	260.7852	0.6484028	0.533047	0.225699	0.181568	0.0596859	1.544904	2.641052
22224	-3909.937	-4171.055	261.1173	0.6383231	0.419787	0.280443	0.225607	0.0741626	1.652701	2.372897
22230	-3897.355	-4156.232	258.8769	0.8195662	0.436857	0.291846	0.194119	0.0771782	1.355328	3.778836
22236	-3904.266	-4163.524	259.2583	0.8034025	0.368031	0.295667	0.252568	0.0837335	1.304942	3.59709
22242	-3908.646	-4168.576	259.9307	0.6039439	0.41494	0.415493	0.127348	0.0422194	1.414094	3.262905
22248	-3901.606	-4161.536	259.93	0.8381747	0.410746	0.29776	0.219628	0.0718655	1.566363	3.025977
22254	-3899.107	-4159.365	260.2585	0.6593841	0.418153	0.309237	0.157197	0.115413	1.539814	2.957759
22260	-3892.628	-4152.875	260.2467	0.7061964	0.515064	0.23407	0.144659	0.106207	1.502074	2.957759
22266	-3887.286	-4147.729	260.4435	0.7002365	0.484305	0.315328	0.13602	0.0643472	1.53368	2.82348
22272	-3885.159	-4144.257	259.0981	0.8518944	0.578384	0.205729	0.151175	0.0647116	1.386682	3.613313
22278	-3900.056	-4159.154	259.098	0.8315009	0.523784	0.141762	0.246162	0.0882923	1.407946	3.613313
22284	-3896.499	-4156.361	259.8619	0.877648	0.523784	0.141762	0.246162	0.0882923	1.413239	3.133585
22290	-3895.573	-4155.369	259.7965	0.8288449	0.537788	0.118474	0.252743	0.0909951	1.585911	3.099851
22296	-3879.635	-4140.263	260.6286	0.8288449	0.537788	0.118474	0.252743	0.0909951	1.603549	2.583939
22302	-3894.357	-4155.606	261.2491	0.7689133	0.575565	0.187501	0.181351	0.0555833	1.770295	2.123645
22308	-3907.854	-4169.381	261.5273	0.8638068	0.444923	0.211864	0.140188	0.203024	1.85127	1.816386
22314	-3906.493	-4167.878	261.3859	0.8638068	0.477083	0.189402	0.152016	0.181499	1.85127	1.912969
22320	-3902.651	-4163.898	261.2467	0.8638068	0.385916	0.3443	0.122967	0.146816	1.853985	2.004628
22326	-3903.038	-4164.571	261.5325	0.7378652	0.399767	0.299457	0.137094	0.163682	1.669269	2.025091
22332	-3896.616	-4158.49	261.8745	0.8270765	0.604719	0.200888	0.0933911	0.101002	2.002173	1.486045
22338	-3876.333	-4137.984	261.6515	0.7529496	0.504135	0.167473	0.239108	0.0892839	2.016556	1.695014
22344	-3875.25	-4137.008	261.7581	0.6906965	0.453684	0.306892	0.21518	0.0242443	1.910864	1.740836
22350	-3891.541	-4153.328	261.7865	0.6575941	0.467297	0.320819	0.168841	0.043044	1.981196	1.695934
22356	-3893.795	-4155.62	261.8259	0.729954	0.438961	0.301365	0.158603	0.101071	1.981196	1.612756
22362	-3894.968	-4157.085	262.1169	0.715907	0.459779	0.278035	0.140115	0.122071	2.017365	1.377923
22368	-3878.566	-4140.655	262.0886	0.715907	0.477954	0.289027	0.145654	0.0873651	2.047096	1.376796
22374	-3895.493	-4157.658	262.1645	0.7074273	0.437346	0.320151	0.150562	0.0919415	2.261907	1.142759
22380	-3899.146	-4161.416	262.2698	0.7452454	0.441152	0.322937	0.151873	0.0840377	2.158506	1.105033
22386	-3907.461	-4169.637	262.1758	0.7400716	0.451409	0.330446	0.188449	0.0296962	2.103515	1.239825
22392	-3898.723	-4160.935	262.2122	0.7528347	0.446943	0.33707	0.186585	0.0294024	2.043495	1.248278
22398	-3904.841	-4167.305	262.4642	0.5365182	0.45686	0.261552	0.190134	0.0914537	2.070638	1.204678
22404	-3910.05	-4172.177	262.1268	0.6929646	0.456515	0.247418	0.186292	0.109775	2.110885	1.315036
22410	-3908.084	-4170.355	262.271	0.714553	0.433615	0.321978	0.140138	0.104268	1.959165	1.302545
22416	-3905.466	-4167.273	261.8065	0.7918305	0.508984	0.214983	0.153641	0.122392	1.95179	1.600868
22422	-3905.942	-4167.548	261.6053	0.7329352	0.49298	0.208223	0.180254	0.118543	1.789178	1.899268
22428	-3902.29	-4163.436	261.1457	0.6870034	0.496319	0.299035	0.175115	0.0295315	1.80624	2.223717
22434	-3885.305	-4147.591	262.2858	0.6817332	0.487542	0.19632	0.254232	0.0619059	2.200996	1.113049
22440	-3894.829	-4157.135	262.3058	0.628335	0.472953	0.224688	0.242305	0.0600535	2.200996	1.145807
22446	-3903.929	-4166.353	262.4232	0.6170531	0.531277	0.259751	0.141512	0.0674592	2.26833	0.9824744
22452	-3911.235	-4172.926	261.6909	0.7448464	0.534206	0.154086	0.267186	0.0445218	1.728142	1.873981
22458	-3894.091	-4155.428	261.337	0.8309358	0.558191	0.161004	0.234284	0.0465208	1.817599	1.991408
22464	-3914.87	-4176.301	261.4314	0.8274383	0.548854	0.158311	0.258035	0.0348	1.816559	1.931175
22470	-3907.238	-4168.952	261.7145	0.7887394	0.470923	0.284715	0.221397	0.0229639	1.872634	1.725561
22476	-3895.602	-4157.44	261.8385	0.6848156	0.466228	0.281877	0.21919	0.0327061	1.872634	1.71554
22482	-3894.689	-4156.725	262.0365	0.5954205	0.362645	0.324355	0.269402	0.0435984	1.886169	1.632055
22488	-3887.282	-4149.553	262.2714	0.6091507	0.386915	0.362064	0.175264	0.0757578	1.932006	1.412066
22494	-3905.573	-4167.818	262.2449	0.7314836	0.440134	0.331644	0.181632	0.0465902	2.241117	1.065055
22500	-3908.151	-4170.105	261.9539	0.6766664	0.460349	0.19248	0.313612	0.0335602	1.982164	1.559793
22506	-3908.266	-4170.553	262.2864	0.5171087	0.477027	0.216546	0.260508	0.0459189	1.982164	1.435227
22512	-3908.647	-4170.734	262.0868	0.6794736	0.449003	0.233835	0.281308	0.0358535	2.047913	1.407699
22518	-3910.131	-4172.351	262.2197	0.6405641	0.484822	0.254303	0.239442	0.0214332	2.120974	1.276302
22524	-3916.346	-4178.388	262.0427	0.7792916	0.490325	0.257189	0.24216	0.0103256	2.048128	1.359421
22530	-3912.143	-4174.446	262.3029	0.7286321	0.457054	0.170367	0.283594	0.0889849	2.251246	1.001976
22536	-3909.513	-4171.721	262.208	0.7324349	0.47065	0.181888	0.252459	0.0950025	2.288216	1.054431
22542	-3902.532	-4164.914	262.3818	0.6935074	0.476431	0.270489	0.206853	0.0462269	2.418067	0.7584636
22548	-3904.524	-4167.089	262.5651	0.5081858	0.43651	0.247825	0.271685	0.0439801	2.428253	0.7584636
22554	-3918.071	-4180.436	262.3651	0.7047703	0.467657	0.224061	0.227827	0.0804553	2.272392	0.9421162
22560	-3896.485	-4158.845	262.3594	0.5965122	0.33509	0.339028	0.300114	0.0257685	2.214275	1.115854
22566	-3886.209	-4148.621	262.4117	0.5965122	0.456245	0.329653	0.199184	0.0149175	2.116275	1.156682
22572	-3887.541	-4149.962	262.4216	0.6065252	0.296176	0.339969	0.338504	0.0253515	2.249168	1.014367
22578	-3879.59	-4142.074	262.4849	0.6241155	0.383811	0.451564	0.133041	0.0315838	2.224084	0.9567536
22584	-3893.627	-4156.052	262.425	0.6274859	0.485491	0.242087	0.242939	0.0294835	2.233102	1.005017
22590	-3901.393	-4163.906	262.5129	0.5298598	0.375562	0.429399	0.187931	0.00710874	2.285657	0.9656355
22596	-3897.035	-4159.38	262.3452	0.6117908	0.355908	0.406927	0.235131	0.00203385	2.096971	1.216898
22602	-3893.26	-4155.644	262.3835	0.5807531	0.376533	0.334769	0.286145	0.00255246	2.091263	1.216898
22608	-3897.917	-4160.322	262.4052	0.6077123	0.418363	0.416367	0.159658	0.00561221	2.041341	1.216898
22614	-3884.642	-4147.006	262.3637	0.5258226	0.414171	0.356607	0.223777	0.00544525	2.085027	1.285779
22620	-3905.388	-4167.959	262.571	0.4878678	0.402726	0.346753	0.217594	0.0329272	2.231106	1.004818
22626	-3891.403	-4153.872	262.4693	0.582838	0.278535	0.457302	0.239883	0.0242802	2.276741	0.9633828
22632	-3896.779	-4159.226	262.4466	0.6700629	0.278756	0.518034	0.17891	0.0242995	2.338221	0.8133252
22638	-3883.971	-4146.399	262.4278	0.6540892	0.402412	0.402632	0.146756	0.0482001	2.266495	0.9388206
22644	-3887.783	-4150.247	262.4632	0.6439719	0.336095	0.336279	0.255679	0.0719464	2.241795	0.9388206
22650	-3880.011	-4142.266	262.2546	0.652597	0.380001	0.435863	0.133281	0.0508546	2.241795	1.132172
22656	-3894.872	-4157.41	262.5383	0.4797227	0.304121	0.449076	0.194408	0.0523961	2.272339	1.004237
22662	-3886.162	-4148.724	262.5618	0.4925577	0.276427	0.456594	0.247945	0.0190348	2.275831	0.9640317
22668	-3881.139	-4143.63	262.4915	0.5570286	0.430845	0.355113	0.204986	0.0090561	2.348749	0.8901517
22674	-3893.474	-4155.947	262.4727	0.575132	0.350404	0.346302	0.297602	0.00569198	2.348749	0.8901517
22680	-3899.861	-4162.505	262.6434	0.4799077	0.244468	0.576807	0.168323	0.0104019	2.320908	0.8351446
22686	-3881.997	-4144.548	262.5516	0.5020344	0.361139	0.358993	0.273449	0.00641991	2.426679	0.7884854
22692	-3886.124	-4148.592	262.4672	0.5552952	0.354651	0.409543	0.233075	0.00273214	2.526535	0.6785996
22698	-3879.163	-4141.661	262.4974	0.5681343	0.454109	0.357004	0.180473	0.00841483	2.511723	0.615428
22704	-3887.972	-4150.336	262.3634	0.5773273	0.4172	0.314824	0.216777	0.0511991	2.631382	0.6276928
22710	-3891.531	-4153.891	262.3598	0.6511571	0.458783	0.261615	0.237056	0.0425459	2.528362	0.6880688
22716	-3883.576	-4145.92	262.3442	0.6444064	0.375191	0.358701	0.193863	0.0722444	2.490116	0.7835196
22722	-3887.975	-4150.404	262.4282	0.6444064	0.370383	0.301133	0.255464	0.0730202	2.380175	0.8180543
22728	-3871.673	-4134.071	262.3983	0.5912545	0.360172	0.362718	0.248421	0.0286892	2.48465	0.7934922
22734	-3880.566	-4143.053	262.4868	0.5182764	0.426002	0.332926	0.17349	0.0675814	2.558736	0.6504141
22740	-3886.173	-4148.682	262.5092	0.5374382	0.393663	0.404473	0.139413	0.0624511	2.515631	0.6530161
22746	-3884.123	-4146.607	262.4845	0.5373666	0.346486	0.356001	0.191137	0.106376	2.528615	0.676817
22752	-3879.992	-4142.53	262.5386	0.5081237	0.347935	0.354909	0.19055	0.106607	2.528615	0.6239123
22758	-3875.385	-4137.882	262.4965	0.5319995	0.319321	0.4311	0.221449	0.0281303	2.528615	0.6639791
22764	-3878.751	-4141.282	262.5307	0.5327564	0.349606	0.404227	0.180816	0.0653506	2.522829	0.5921654
22770	-3882.01	-4144.558	262.5483	0.5327564	0.390953	0.37853	0.169321	0.0611961	2.448862	0.713631
22776	-3898.403	-4160.921	262.5176	0.5698106	0.480832	0.23477	0.188811	0.0955872	2.441379	0.713631
22782	-3901.057	-4163.59	262.533	0.6141375	0.499561	0.243915	0.196165	0.0603588	2.379614	0.713631
22788	-3877.101	-4139.685	262.5835	0.5153773	0.450813	0.333723	0.165345	0.0501188	2.345718	0.8348965
22794	-3882.695	-4145.269	262.574	0.5005828	0.35104	0.370452	0.23162	0.0468883	2.370101	0.8348965
22800	-3882.224	-4144.804	262.5807	0.5276646	0.415161	0.361195	0.162635	0.0610089	2.370101	0.7906778
22806	-3889.07	-4151.672	262.602	0.5088506	0.467499	0.277043	0.220819	0.034639	2.406975	0.7336655
22812	-3882.943	-4145.566	262.6232	0.5088506	0.470025	0.27854	0.222012	0.0294227	2.397354	0.7150805
22818	-3887.275	-4149.889	262.6137	0.5052967	0.318479	0.306776	0.318577	0.0561681	2.460677	0.6126006
22824	-3889.355	-4151.901	262.5468	0.537334	0.362266	0.237954	0.33589	0.0638905	2.455991	0.6960275
22830	-3876.966	-4139.656	262.6908	0.3983625	0.358488	0.385605	0.20881	0.0470973	2.444098	0.6960275
22836	-3879.817	-4142.362	262.5446	0.5294135	0.310227	0.395031	0.240498	0.0542445	2.476605	0.6769529
22842	-3894.462	-4156.935	262.4735	0.5543162	0.364979	0.325036	0.282944	0.0270418	2.508636	0.7015092
22848	-3904.513	-4167.204	262.6907	0.5006792	0.407764	0.28855	0.242611	0.0610747	2.346018	0.7015092
22854	-3890.979	-4153.471	262.4922	0.627048	0.432333	0.257799	0.255303	0.0545659	2.385768	0.7469865
22860	-3886.762	-4149.32	262.558	0.5216922	0.422157	0.315395	0.233915	0.0285331	2.431498	0.7437782
22866	-3871.603	-4134.159	262.5562	0.5650377	0.46314	0.275733	0.198665	0.0624632	2.396235	0.7323842
22872	-3878.084	-4140.678	262.5938	0.4972659	0.467284	0.2809	0.19158	0.0602358	2.490175	0.6080739
22878	-3887.881	-4150.39	262.5092	0.5786494	0.517135	0.236663	0.212018	0.0341838	2.490957	0.6100338
22884	-3882.829	-4145.311	262.4822	0.5478692	0.47053	0.259505	0.232482	0.0374831	2.513722	0.6888802
22890	-3890.748	-4153.405	262.6567	0.4949365	0.409595	0.339845	0.227343	0.0232166	2.376913	0.7164514
22896	-3895.329	-4157.963	262.6348	0.5179401	0.477744	0.247118	0.241092	0.0340453	2.367257	0.7301922
22902	-3896.52	-4159.114	262.5944	0.4995609	0.481173	0.288657	0.190442	0.039728	2.437197	0.7121749
22908	-3900.134	-4162.564	262.4302	0.6577559	0.415866	0.359036	0.164594	0.060503	2.437197	0.7121749
22914	-3888.937	-4151.358	262.4208	0.7105318	0.455321	0.32504	0.18021	0.0394288	2.368357	0.7475913
22920	-3882.735	-4145.279	262.5443	0.5328418	0.498397	0.28885	0.167256	0.0454971	2.334963	0.8737833
22926	-3889.23	-4151.777	262.5477	0.5953125	0.398395	0.316961	0.204298	0.0803454	2.353189	0.762442
22932	-3881.635	-4144.08	262.445	0.6339958	0.401941	0.319783	0.206117	0.072158	2.17073	1.039774
22938	-3887.641	-4150.029	262.3878	0.624522	0.426302	0.31492	0.231534	0.0272445	2.273589	1.00493
22944	-3890.768	-4153.402	262.6345	0.5228753	0.388442	0.270098	0.31724	0.0242204	2.216648	0.9171289
22950	-3881.775	-4144.402	262.6266	0.5228753	0.369226	0.281804	0.33099	0.0179796	2.277014	0.8569485
22956	-3889.897	-4152.268	262.3713	0.6450435	0.396135	0.302342	0.289716	0.0118071	2.313494	0.9589015
22962	-3891.99	-4154.306	262.3164	0.6826176	0.491823	0.248576	0.238196	0.0214047	2.184661	1.099111
22968	-3892.444	-4154.848	262.4042	0.5919858	0.489411	0.220858	0.198569	0.0911617	2.117239	1.166531
22974	-3901.56	-4163.407	261.8465	0.7683815	0.495219	0.169498	0.290839	0.0444438	2.035187	1.528284
22980	-3904.097	-4166.377	262.2792	0.7878707	0.505344	0.152517	0.296786	0.0453525	2.030282	1.17098
22986	-3912.503	-4174.53	262.0276	0.6786522	0.560944	0.169298	0.253425	0.0163328	2.038513	1.461
22992	-3922.653	-4183.394	260.7405	0.6179192	0.38555	0.250347	0.31334	0.0507629	1.56807	2.674133
22998	-3903.654	-4165.006	261.3513	0.6177224	0.47739	0.297074	0.179418	0.0461182	1.738466	2.181977
23004	-3894.225	-4154.447	260.2229	0.6631501	0.554545	0.188912	0.234397	0.0221456	1.601182	2.93986
23010	-3902.312	-4162.039	259.7274	0.8502922	0.422598	0.194342	0.337202	0.0458582	1.607281	3.115016
23016	-3905.154	-4166.248	261.094	0.7852714	0.564803	0.189203	0.216545	0.0294493	1.718245	2.246793
23022	-3906.267	-4167.223	260.9558	0.6715676	0.496246	0.177559	0.229487	0.0967077	1.802628	2.357925
23028	-3903.661	-4165.054	261.393	0.6241719	0.434697	0.297722	0.203776	0.0638047	1.785503	2.119722
23034	-3916.107	-4177.548	261.4415	0.6122298	0.429884	0.311904	0.171051	0.0871613	1.864498	2.044124
23040	-3898.246	-4158.88	260.6335	0.7493359	0.485624	0.24728	0.216172	0.0509239	1.562272	2.658018
23046	-3891.366	-4151.778	260.412	0.7493359	0.410409	0.283439	0.247782	0.0583703	1.604987	2.7676
23052	-3888.881	-4149.37	260.4886	0.8800917	0.438979	0.331543	0.185726	0.0437518	1.630236	2.621222
23058	-3894.828	-4155.427	260.5994	0.6989775	0.455136	0.306991	0.171973	0.065901	1.550373	2.718961
23064	-3891.813	-4152.611	260.7984	0.6989775	0.48601	0.234307	0.202199	0.077484	1.589441	2.572216
23070	-3912.299	-4173.13	260.8308	0.6989775	0.526489	0.255704	0.133798	0.0840093	1.574183	2.561544
23076	-3904.447	-4164.985	260.5383	0.6989775	0.472073	0.20657	0.201332	0.120026	1.555149	2.753459
23082	-3886.456	-4146.862	260.4061	0.6389041	0.495327	0.153539	0.234708	0.116426	1.545716	2.878218
23088	-3881.156	-4141.865	260.7091	0.802667	0.502346	0.176065	0.21496	0.106629	1.586425	2.561626
23094	-3883.136	-4143.865	260.7294	0.82526	0.516321	0.180964	0.193119	0.109596	1.586948	2.533986
23100	-3886.744	-4147.605	260.8606	0.7232445	0.516321	0.180964	0.193119	0.109596	1.571796	2.528496
23106	-3903.477	-4164.248	260.7709	0.6562334	0.418665	0.344764	0.141764	0.0948072	1.647166	2.581563
23112	-3895.191	-4156.28	261.0882	0.7051538	0.456006	0.291219	0.149512	0.103263	1.744109	2.288187
23118	-3883.819	-4145.555	261.7354	0.5645651	0.450448	0.312156	0.140415	0.0969806	1.816433	1.912926
23124	-3897.791	-4159.358	261.5677	0.6695522	0.391881	0.335594	0.168262	0.104262	1.745634	1.998956
23130	-3898.533	-4159.605	261.0718	0.6200466	0.411393	0.324827	0.162863	0.100917	1.749043	2.352922
23136	-3894.249	-4155.645	261.396	0.7095727	0.530908	0.223751	0.142898	0.102442	1.697397	2.11626
23142	-3885.905	-4147.127	261.2226	0.8846845	0.529364	0.188632	0.232464	0.0495401	1.828774	2.02306
23148	-3894.537	-4155.848	261.3105	0.8179431	0.468035	0.221133	0.277705	0.0331266	1.795034	2.033063
23154	-3909.275	-4170.672	261.3965	0.7338308	0.506417	0.238923	0.217078	0.0375821	1.797458	2.033063
23160	-3899.705	-4160.929	261.2232	0.7338308	0.497307	0.234624	0.213173	0.0548954	1.799228	2.145828
23166	-3892.519	-4153.737	261.2179	0.7984557	0.473609	0.279182	0.194135	0.0530736	1.754482	2.13412
23172	-3892.311	-4153.528	261.2169	0.7480323	0.523653	0.219101	0.168254	0.0889912	1.852598	2.10528
23178	-3891.239	-4152.437	261.198	0.7973381	0.47649	0.192982	0.250651	0.0798771	1.819635	2.10528
23184	-3891.106	-4153.033	261.9269	0.6309983	0.504495	0.201094	0.265383	0.0290285	1.924959	1.655985
23190	-3891.732	-4153.551	261.8192	0.6517111	0.530928	0.228497	0.224307	0.0162677	1.968041	1.686459
23196	-3896.897	-4158.939	262.0415	0.5601533	0.491763	0.21622	0.274509	0.0175073	1.941727	1.614867
23202	-3894.464	-4156.131	261.6675	0.7385232	0.433411	0.312234	0.241936	0.0124182	1.922575	1.760606
23208	-3897.177	-4158.647	261.4701	0.8600054	0.490348	0.230373	0.2602	0.019079	1.925594	1.807214
23214	-3910.346	-4172.486	262.1403	0.6080205	0.330641	0.247581	0.401274	0.0205042	1.815841	1.59817
23220	-3897.123	-4159.048	261.9253	0.6744086	0.351084	0.402533	0.220067	0.0263163	1.960709	1.59817
23226	-3898.848	-4160.87	262.0218	0.7293129	0.381489	0.297237	0.262006	0.0592681	1.960709	1.483716
23232	-3900.961	-4163.118	262.1568	0.6732071	0.458992	0.279547	0.16103	0.100432	1.960709	1.426089
23238	-3905.882	-4168.111	262.2298	0.6734727	0.43972	0.293833	0.18958	0.0768669	2.039811	1.305855
23244	-3911.131	-4173.338	262.2076	0.6509425	0.412574	0.316882	0.192496	0.0780491	2.085924	1.305855
23250	-3900.714	-4163.139	262.4252	0.6111993	0.436939	0.282887	0.246672	0.0335017	2.095898	1.14909
23256	-3894.96	-4157.239	262.2788	0.7356783	0.426113	0.275879	0.24056	0.057448	2.147563	1.116052
23262	-3884.493	-4146.858	262.3652	0.6515677	0.419683	0.271715	0.287813	0.0207884	2.159119	1.107978
23268	-3891.399	-4153.718	262.319	0.4420629	0.369216	0.392565	0.220404	0.0178153	2.024482	1.433786
23274	-3895.181	-4157.414	262.233	0.609503	0.39698	0.422085	0.169153	0.0117822	1.941838	1.433786
23280	-3884.964	-4147.117	262.1526	0.6767382	0.489119	0.352768	0.141374	0.0167396	1.83101	1.524572
23286	-3881.354	-4143.001	261.6472	0.6767382	0.35585	0.447746	0.179436	0.0169676	1.737788	1.945882
23292	-3902.21	-4163.932	261.7217	0.5605789	0.486889	0.288232	0.206772	0.0181064	1.78287	1.947644
23298	-3892.879	-4154.299	261.42	0.5723405	0.378035	0.353968	0.25393	0.0140674	1.730342	2.173529
23304	-3887.943	-4148.115	260.1716	0.8158561	0.419242	0.315154	0.187884	0.0777192	1.595443	2.876993
23310	-3883.848	-4144.03	260.1825	0.8767734	0.431441	0.295228	0.193351	0.0799806	1.642751	2.803325
23316	-3908.615	-4168.83	260.2148	0.8652137	0.465186	0.335326	0.143392	0.0560959	1.543821	2.850994
23322	-3909.598	-4170.231	260.6336	0.8571579	0.431316	0.310911	0.132951	0.124821	1.741317	2.476679
23328	-3902.449	-4162.865	260.4163	0.8947152	0.46253	0.219657	0.202903	0.114911	1.611618	2.668009
23334	-3905.523	-4165.924	260.4008	0.8947152	0.563353	0.160416	0.192472	0.0837585	1.627063	2.668009
23340	-3897.665	-4159.317	261.6526	0.5371951	0.430039	0.312978	0.179331	0.0776524	1.69098	2.070858
23346	-3895.216	-4156.256	261.0393	0.6188006	0.363163	0.361349	0.185834	0.0896539	1.673543	2.422058
23352	-3916.726	-4178.163	261.4374	0.7221736	0.491929	0.165964	0.195066	0.147041	1.736006	2.054884
23358	-3898.537	-4160.004	261.4671	0.7033761	0.370944	0.436166	0.125251	0.0676394	1.726169	2.054884
23364	-3895.995	-4156.993	260.9988	0.5877377	0.319655	0.380496	0.258508	0.0413407	1.679161	2.464488
23370	-3893.563	-4152.346	258.7831	0.6468812	0.554839	0.212685	0.202514	0.0299613	1.326993	3.953581
23376	-3891.997	-4150.987	258.9905	0.830896	0.460626	0.176571	0.299062	0.0637409	1.38081	3.691728
23382	-3898.088	-4158.175	260.0877	0.7575522	0.500512	0.309397	0.0966964	0.0933947	1.53776	2.999212
23388	-3907.816	-4168.13	260.3142	0.7904659	0.44574	0.275539	0.154235	0.124487	1.589971	2.809941
23394	-3888.423	-4149.654	261.2311	0.91082	0.372558	0.288585	0.199661	0.139196	1.785359	2.028459
23400	-3891.849	-4152.72	260.8713	0.7124434	0.329021	0.417799	0.138201	0.114979	1.656208	2.476231
23406	-3898.269	-4160.262	261.9932	0.5846913	0.353827	0.372228	0.14862	0.125326	1.733379	1.778729
23412	-3902.208	-4162.8	260.5922	0.5772637	0.418002	0.28602	0.180703	0.115275	1.474268	2.848025
23418	-3907.269	-4168.218	260.9489	0.824745	0.405722	0.277618	0.204771	0.111889	1.620034	2.375708
23424	-3894.289	-4155.405	261.1162	0.805698	0.54989	0.203464	0.135133	0.111512	1.688797	2.237687
23430	-3894.006	-4154.882	260.8761	0.9160425	0.539626	0.195457	0.205242	0.0596754	1.851814	2.213712
23436	-3896.407	-4157.476	261.0687	0.8843298	0.500591	0.140953	0.260113	0.0983427	1.826442	2.126242
23442	-3897.349	-4158.417	261.0685	0.8843298	0.439479	0.148044	0.330222	0.0822548	1.881497	2.090289
23448	-3889.545	-4151.383	261.838	0.702439	0.413582	0.232147	0.310763	0.0435077	1.815943	1.742604
23454	-3901.469	-4162.842	261.3733	0.7153948	0.405465	0.221187	0.330694	0.0426538	1.798584	2.060617
23460	-3886.173	-4147.762	261.5897	0.7153948	0.491091	0.267897	0.157474	0.0835385	1.893773	1.851214
23466	-3886.596	-4148.206	261.6096	0.8073532	0.491091	0.267897	0.157474	0.0835385	1.893773	1.770588
23472	-3889.293	-4151.038	261.7457	0.8073532	0.465493	0.253933	0.149266	0.131309	1.959164	1.627779
23478	-3891.135	-4152.987	261.8528	0.7915668	0.487636	0.218444	0.156366	0.137555	1.916692	1.592937
23484	-3915.808	-4177.416	261.6089	0.9134838	0.558997	0.249894	0.0627123	0.128397	1.893459	1.694063
23490	-3912.874	-4174.298	261.4241	1.053398	0.53412	0.283275	0.0599214	0.122683	1.955976	1.681054
23496	-3904.324	-4166.151	261.8264	0.8442669	0.509511	0.248726	0.0840952	0.157667	1.84428	1.624682
23502	-3912.846	-4175.17	262.3244	0.7041301	0.506193	0.234676	0.153776	0.105356	2.025141	1.212603
23508	-3896.652	-4159.199	262.5477	0.5199674	0.480368	0.292268	0.196055	0.0313091	2.080862	1.137638
23514	-3886.347	-4148.778	262.4309	0.5788481	0.467554	0.283769	0.195563	0.0531139	2.080862	1.186944
23520	-3885.164	-4147.536	262.3716	0.6270109	0.523963	0.242502	0.219157	0.0143785	2.036999	1.231756
23526	-3882.33	-4144.49	262.1601	0.7375084	0.487966	0.225842	0.204101	0.0820921	1.997415	1.34149
23532	-3897.07	-4159.159	262.0884	0.7375084	0.487966	0.225842	0.204101	0.0820921	2.02104	1.379487
23538	-3890.618	-4152.752	262.1335	0.7801131	0.517565	0.241245	0.169268	0.0719222	1.917424	1.39013
23544	-3906.115	-4168.176	262.0605	0.6719609	0.417635	0.27248	0.207355	0.102531	1.931727	1.521928
23550	-3906.221	-4168.578	262.3566	0.5932437	0.289702	0.469075	0.218832	0.0223911	2.189779	1.14341
23556	-3879.875	-4142.205	262.3305	0.5744911	0.357963	0.478373	0.134023	0.0296417	2.189779	1.183522
23562	-3890.084	-4152.362	262.2787	0.5870957	0.364794	0.388785	0.201791	0.04463	2.147885	1.251804
23568	-3891.594	-4154.028	262.4333	0.5357782	0.356423	0.379863	0.19716	0.0665539	2.140678	1.171572
23574	-3909.434	-4171.764	262.3304	0.6013784	0.470154	0.294883	0.189181	0.0457816	2.19123	1.15773
23580	-3907.222	-4168.643	261.4207	0.7997762	0.492144	0.232926	0.178629	0.0963013	1.857241	1.930509
23586	-3897.988	-4159.427	261.4386	0.801883	0.469663	0.222286	0.192945	0.115106	1.888398	1.895777
23592	-3907.088	-4169.25	262.1623	0.7250086	0.4786	0.232382	0.231132	0.0578854	2.242438	1.145509
23598	-3897.534	-4159.874	262.3401	0.7250086	0.48183	0.23395	0.239117	0.0451035	2.213986	1.005799
23604	-3904.011	-4166.465	262.4542	0.6079386	0.446732	0.208038	0.303412	0.0418181	2.145349	1.081052
23610	-3912.892	-4174.625	261.7326	0.4268859	0.481878	0.350094	0.158051	0.00997697	1.738084	2.057721
23616	-3919.253	-4180.928	261.6748	0.5224488	0.398671	0.289642	0.303433	0.00825422	1.742301	2.032182
23622	-3898.437	-4159.596	261.1588	0.6114682	0.443698	0.322355	0.22646	0.00748664	1.717196	2.323555
23628	-3923.361	-4185.131	261.7697	0.649051	0.42178	0.306431	0.264672	0.00711682	1.770363	1.860633
23634	-3905.319	-4166.608	261.2891	0.6553741	0.490507	0.173801	0.307799	0.027893	1.744012	2.192918
23640	-3899.064	-4160.08	261.0165	0.9027831	0.474302	0.168059	0.344631	0.0130073	1.808699	2.159476
23646	-3891.75	-4152.893	261.1429	0.7743183	0.507759	0.177336	0.304465	0.0104402	1.855472	2.133707
23652	-3921.473	-4183.832	262.3598	0.6032134	0.399615	0.362981	0.186077	0.0513282	2.144958	1.170873
23658	-3915.604	-4177.851	262.2472	0.8184342	0.400922	0.364168	0.160853	0.0740563	2.075687	1.130887
23664	-3908.245	-4170.466	262.2218	0.8264725	0.3984	0.361878	0.159841	0.0798808	2.048228	1.170206
23670	-3904.51	-4165.317	260.8075	0.904819	0.511662	0.263416	0.200532	0.024391	1.609659	2.419257
23676	-3901.87	-4162.699	260.8296	0.7532765	0.511662	0.263416	0.200532	0.024391	1.662608	2.471263
23682	-3886.313	-4147.02	260.7068	0.7894096	0.495734	0.255216	0.194289	0.0547606	1.678641	2.514273
23688	-3884.137	-4145.755	261.6182	0.7089509	0.361787	0.327988	0.242014	0.0682118	1.772831	1.918787
23694	-3888.109	-4149.84	261.7311	0.5391436	0.343554	0.351868	0.229817	0.0747602	1.838506	1.918659
23700	-3895.755	-4157.043	261.2879	0.7147438	0.404341	0.356309	0.1806	0.0587496	1.860809	2.076349
23706	-3888.271	-4149.214	260.9427	0.6913531	0.40593	0.332379	0.202711	0.0589804	1.71399	2.409049
23712	-3887.761	-4148.398	260.6374	0.6913531	0.364915	0.258493	0.302467	0.0741247	1.7151	2.599121
23718	-3890.2	-4150.825	260.625	0.5930944	0.477615	0.292496	0.205417	0.0244719	1.536595	2.7801
23724	-3899.65	-4160.889	261.2384	0.6629627	0.485788	0.261074	0.18335	0.0697887	1.638965	2.287953
23730	-3908.932	-4169.178	260.246	0.7250295	0.446604	0.248657	0.205916	0.0988232	1.567202	2.906898
23736	-3887.436	-4147.885	260.4494	0.817467	0.452281	0.236934	0.205368	0.105417	1.66383	2.664782
23742	-3898.477	-4159.211	260.7334	0.807346	0.446536	0.246626	0.20276	0.104078	1.623086	2.520606
23748	-3891.91	-4153.038	261.1274	0.6784185	0.508228	0.246037	0.162382	0.0833522	1.664271	2.332184
23754	-3875.176	-4136.429	261.2536	0.7710036	0.46493	0.174423	0.273007	0.0876406	1.747656	2.134037
23760	-3880.075	-4141.801	261.7262	0.6276265	0.504328	0.181765	0.262538	0.0513691	1.857085	1.846542
23766	-3884.993	-4146.428	261.4349	0.7635022	0.504328	0.181765	0.262538	0.0513691	1.81251	1.976655
23772	-3876.476	-4138.257	261.7814	0.7635022	0.423767	0.315324	0.127799	0.13311	1.806786	1.743464
23778	-3883.871	-4145.539	261.6674	0.7873005	0.506849	0.275264	0.141436	0.0764505	1.786685	1.819269
23784	-3891.273	-4152.86	261.5868	0.7847191	0.527785	0.292047	0.123178	0.0569904	1.727229	1.916773
23790	-3894.219	-4155.181	260.9618	0.7262055	0.413239	0.352198	0.186511	0.0480517	1.663048	2.405869
23796	-3899.193	-4160.443	261.2503	0.7174902	0.481064	0.293314	0.163193	0.0624284	1.765649	2.16132
23802	-3878.722	-4139.491	260.7686	0.852678	0.478756	0.255593	0.203522	0.0621289	1.80446	2.354671
23808	-3872.921	-4133.561	260.6403	0.7901255	0.439693	0.237369	0.272284	0.0506542	1.561633	2.627722
23814	-3879.605	-4139.099	259.4943	0.9740617	0.477712	0.308038	0.1328	0.08145	1.420881	3.28853
23820	-3880.877	-4141.037	260.16	0.8525447	0.359018	0.236418	0.307617	0.0969474	1.563256	2.880379
23826	-3885.626	-4145.242	259.616	0.8770379	0.514046	0.193844	0.274187	0.017923	1.429075	3.270267
23832	-3881.377	-4141.496	260.119	0.6610727	0.519898	0.181528	0.280448	0.018127	1.559916	3.028346
23838	-3876.298	-4136.458	260.1608	0.7484484	0.433365	0.271186	0.23377	0.0616787	1.482316	2.994377
23844	-3885.755	-4146.366	260.6108	0.9602378	0.504415	0.177595	0.272096	0.0458944	1.588962	2.520178
23850	-3888.909	-4150.099	261.1903	0.7190633	0.46991	0.201544	0.284529	0.0440179	1.653794	2.271238
23856	-3885.397	-4146.545	261.1487	0.7190633	0.410294	0.309868	0.248432	0.0314067	1.683621	2.278767
23862	-3883.229	-4144.213	260.984	0.7190633	0.450516	0.288732	0.231487	0.0292645	1.64917	2.405362
23868	-3875.802	-4136.897	261.0947	0.6387331	0.417596	0.267634	0.214571	0.100198	1.623532	2.405362
23874	-3883.118	-4144.682	261.5633	0.6841299	0.42064	0.269585	0.284509	0.0252652	1.612764	2.079689
23880	-3893.596	-4154.584	260.9878	0.8288797	0.438701	0.258371	0.261523	0.0414048	1.749333	2.265743
23886	-3908.495	-4169.618	261.1223	0.8288797	0.500945	0.195986	0.266159	0.0369101	1.749333	2.178986
23892	-3897.874	-4158.747	260.8731	0.8288797	0.441887	0.262871	0.152488	0.142754	1.70367	2.368005
23898	-3909.151	-4170.556	261.4042	0.687771	0.441887	0.262871	0.152488	0.142754	1.771677	2.077275
23904	-3904.137	-4164.433	260.2957	0.7163951	0.495374	0.264046	0.146194	0.0943857	1.507749	2.918282
23910	-3908.086	-4168.268	260.1821	0.8779166	0.557034	0.150255	0.24989	0.0428208	1.57068	2.846615
23916	-3900.269	-4160.928	260.6597	0.7460141	0.545471	0.227673	0.10351	0.123346	1.582582	2.631496
23922	-3906.361	-4168.108	261.7475	0.6359391	0.421967	0.281565	0.233505	0.0629633	1.803378	1.862714
23928	-3902.53	-4163.93	261.4002	0.6351311	0.366096	0.303695	0.275583	0.0546265	1.703737	2.16084
23934	-3899.882	-4161.545	261.6636	0.5908942	0.486005	0.246248	0.223453	0.0442933	1.813424	1.944937
23940	-3894.873	-4155.912	261.0389	0.7560324	0.592382	0.161844	0.180134	0.0656393	1.811713	2.241932
23946	-3890.819	-4151.994	261.1754	0.8205247	0.439049	0.200807	0.198452	0.161691	1.791471	2.122587
23952	-3887.682	-4148.695	261.0127	0.670801	0.489838	0.224036	0.221409	0.0647171	1.682531	2.398489
23958	-3895.661	-4156.708	261.047	0.7726384	0.48461	0.15233	0.311724	0.0513356	1.716067	2.286915
23964	-3899.256	-4160.395	261.1392	0.6680979	0.47429	0.18608	0.307219	0.0324117	1.706333	2.304843
23970	-3918.439	-4180.15	261.7105	0.5794438	0.43125	0.340681	0.160553	0.0675155	1.747559	1.965695
23976	-3898.532	-4160.227	261.6956	0.7083419	0.523189	0.255066	0.171003	0.0507427	1.747559	1.883892
23982	-3896.9	-4158.239	261.3397	0.7083419	0.460679	0.28465	0.179622	0.0750492	1.674702	2.168636
23988	-3901.056	-4162.491	261.4353	0.7469173	0.431464	0.266599	0.20499	0.0969474	1.789407	2.003475
23994	-3923.853	-4185.986	262.1327	0.7477452	0.428106	0.278193	0.236978	0.0567229	2.094615	1.276273
24000	-3900.364	-4162.112	261.748	0.6406955	0.341311	0.418961	0.210503	0.0292253	1.901459	1.791382
24006	-3901.514	-4163.302	261.7882	0.6406955	0.443254	0.376141	0.154246	0.026359	1.8612	1.791382
24012	-3893.696	-4155.721	262.0247	0.798773	0.591086	0.186487	0.195624	0.0268036	2.094615	1.320417
24018	-3895.623	-4157.786	262.1623	0.7148633	0.489291	0.329971	0.159239	0.0215001	2.045419	1.320417
24024	-3887.558	-4149.617	262.059	0.7148633	0.467335	0.301353	0.187217	0.0440954	2.157243	1.313566
24030	-3885.945	-4148.087	262.1419	0.6768014	0.432184	0.278686	0.173136	0.115994	2.157243	1.278888
24036	-3890.257	-4152.434	262.1772	0.6537095	0.475388	0.378729	0.132249	0.0136337	2.107952	1.310223
24042	-3892.753	-4154.978	262.2246	0.6813049	0.436664	0.389161	0.135892	0.0382826	2.202199	1.166886
24048	-3887.69	-4149.973	262.2829	0.6945167	0.371164	0.404008	0.194322	0.0305065	2.209971	1.095088
24054	-3885.363	-4147.262	261.8992	0.5842786	0.4177	0.231745	0.26677	0.0837843	1.899116	1.728887
24060	-3895.731	-4157.047	261.3163	0.8210505	0.451266	0.250368	0.288208	0.0101585	1.899116	1.957576
24066	-3900.399	-4161.655	261.2562	0.6484137	0.438588	0.201712	0.280111	0.0795895	1.680238	2.259958
24072	-3902.652	-4164.056	261.4039	0.7298403	0.418427	0.238407	0.267235	0.0759311	1.706453	2.091064
24078	-3895.674	-4156.603	260.9287	0.7691358	0.436701	0.230252	0.278905	0.0541416	1.675036	2.390589
24084	-3899.145	-4159.991	260.8452	0.8894948	0.506552	0.267082	0.1451	0.0812657	1.703666	2.345838
24090	-3897.87	-4159.509	261.6388	0.8666785	0.419269	0.363426	0.170118	0.0471867	1.920658	1.687671
24096	-3905.755	-4167.635	261.8799	0.5756742	0.400895	0.348637	0.222128	0.0283402	1.807012	1.812763
24102	-3890.702	-4152.443	261.7412	0.6220522	0.414981	0.360886	0.209146	0.0149864	1.896975	1.812763
24108	-3897.408	-4159.331	261.9236	0.666592	0.362349	0.406586	0.210387	0.0206769	1.882323	1.661938
24114	-3901.69	-4163.251	261.5614	0.666592	0.377337	0.260489	0.219089	0.143085	1.981071	1.846222
24120	-3895.265	-4156.894	261.6292	0.6764412	0.616162	0.166631	0.188874	0.0283329	1.805483	1.912535
24126	-3901.776	-4163.16	261.3837	0.8810296	0.522888	0.30155	0.160282	0.0152798	1.836308	1.912535
24132	-3883.883	-4146.02	262.1367	0.4511305	0.484965	0.322083	0.148658	0.0442941	1.833846	1.701632
24138	-3891.585	-4153.426	261.8401	0.5386515	0.409317	0.442054	0.101208	0.0474202	1.824023	1.854724
24144	-3879.386	-4141.255	261.8693	0.7219798	0.417791	0.269905	0.207657	0.104647	1.862278	1.673094
24150	-3915.871	-4175.927	260.0563	0.8995565	0.645948	0.129309	0.139506	0.085237	1.446634	2.983983
24156	-3894.508	-4154.607	260.0996	0.8429048	0.556268	0.250191	0.120138	0.0734031	1.588646	2.90759
24162	-3904.856	-4166.095	261.239	0.599974	0.428239	0.229676	0.243081	0.0990037	1.57486	2.37076
24168	-3911.011	-4171.725	260.7142	0.8385713	0.494436	0.224126	0.280656	0.000782399	1.631569	2.506949
24174	-3902.667	-4163.121	260.4542	0.8033539	0.490848	0.227224	0.281151	0.000776722	1.613593	2.701739
24180	-3899.177	-4159.518	260.3408	0.7986611	0.458938	0.207285	0.333	0.00077601	1.541858	2.817836
24186	-3890.29	-4150.662	260.3714	0.7084357	0.461401	0.247382	0.29054	0.000677062	1.606375	2.817836
24192	-3900.368	-4160.7	260.3319	0.6616497	0.381165	0.284042	0.333596	0.00119694	1.598374	2.876702
24198	-3898.125	-4158.878	260.7537	0.6234408	0.379133	0.279798	0.33989	0.00117905	1.598993	2.643374
24204	-3893.995	-4154.683	260.6878	0.5834514	0.400487	0.286431	0.312261	0.000820902	1.677646	2.661445
24210	-3884.015	-4144.739	260.7239	0.6110873	0.435267	0.311306	0.252535	0.000892192	1.697929	2.608751
24216	-3888.494	-4149.467	260.9727	0.6449212	0.410783	0.286282	0.302016	0.000918573	1.665996	2.451354
24222	-3898.609	-4159.995	261.3859	0.8777781	0.408618	0.290045	0.300424	0.000913729	1.756478	1.967062
24228	-3892.149	-4153.264	261.1144	0.7328018	0.493152	0.242337	0.263409	0.00110193	1.821563	2.202723
24234	-3900.196	-4161.348	261.152	0.7295273	0.470757	0.270244	0.251447	0.00755166	1.787406	2.202723
24240	-3909.67	-4171.292	261.6212	0.7395544	0.443953	0.264139	0.283692	0.00821524	1.840755	1.848476
24246	-3911.215	-4172.793	261.5784	0.6628504	0.386736	0.302978	0.281093	0.0291934	1.964719	1.848476
24252	-3902.64	-4164.519	261.8797	0.5602693	0.36805	0.336706	0.267511	0.027733	1.954905	1.720919
24258	-3911.715	-4173.805	262.0898	0.5425741	0.339888	0.391385	0.248202	0.0205251	2.013959	1.539866
24264	-3911.45	-4172.818	261.368	0.63518	0.507657	0.228612	0.238599	0.0251323	1.670495	2.203234
24270	-3904.881	-4165.887	261.0058	0.8111513	0.482805	0.266374	0.226919	0.023902	1.811011	2.226433
24276	-3897.87	-4159.184	261.3143	0.7334993	0.466816	0.211347	0.277092	0.0447455	1.763078	2.110148
24282	-3899.015	-4159.66	260.6456	0.7334993	0.467815	0.20269	0.259495	0.0699999	1.612273	2.630038
24288	-3897.198	-4158.041	260.8428	0.7875708	0.467815	0.20269	0.259495	0.0699999	1.60665	2.475434
24294	-3896.283	-4158.3	262.0168	0.5316304	0.355244	0.387459	0.216208	0.041089	1.863063	1.709716
24300	-3911.876	-4173.68	261.8045	0.6790668	0.430669	0.342133	0.190916	0.0362823	1.863485	1.750165
24306	-3896.92	-4158.676	261.7561	0.6790668	0.381079	0.356651	0.230165	0.0321046	1.911898	1.750165
24312	-3897.201	-4159.054	261.8523	0.631589	0.403996	0.320952	0.244007	0.0310443	1.946295	1.693534
24318	-3901.753	-4163.364	261.6104	0.7338738	0.349218	0.325913	0.210922	0.113948	1.922613	1.803643
24324	-3906.892	-4168.13	261.2384	0.7338738	0.34082	0.333365	0.191866	0.133949	1.868975	2.090226
24330	-3910.112	-4171.363	261.2509	0.5297685	0.345126	0.391653	0.225414	0.037807	1.821032	2.252472
24336	-3909.416	-4170.717	261.301	0.5374702	0.315422	0.44441	0.197269	0.0428998	1.758749	2.255252
24342	-3920.586	-4182.031	261.4452	0.6303234	0.415306	0.323072	0.145091	0.11653	1.659424	2.16364
24348	-3893.133	-4153.156	260.0223	0.7099667	0.441233	0.265872	0.233892	0.059003	1.460195	3.114746
24354	-3898.41	-4158.45	260.0402	0.7039607	0.481683	0.290245	0.132963	0.0951096	1.448629	3.114746
24360	-3885.853	-4145.217	259.3648	0.7745707	0.431993	0.250404	0.235548	0.0820543	1.448629	3.469056
24366	-3889.972	-4149.464	259.4925	0.6619141	0.382508	0.33627	0.208566	0.072655	1.440021	3.469056
24372	-3894.583	-4154.234	259.6506	0.6768864	0.445148	0.30159	0.1881	0.0651619	1.415186	3.381754
24378	-3895.882	-4155.737	259.8544	0.6058574	0.437601	0.296476	0.184911	0.0810119	1.415186	3.306068
24384	-3908.026	-4168.482	260.4564	0.8072478	0.504504	0.221079	0.225589	0.0488274	1.542199	2.741657
24390	-3907.992	-4169.115	261.1229	0.7965818	0.46581	0.268952	0.180467	0.0847714	1.677103	2.247075
24396	-3889.591	-4150.637	261.0463	0.7998513	0.382302	0.254469	0.283023	0.0802064	1.750253	2.247075
24402	-3894.398	-4155.604	261.2061	0.6939393	0.399992	0.312838	0.233076	0.0540944	1.831971	2.163169
24408	-3890.491	-4152.013	261.5211	0.7213354	0.376298	0.360684	0.179901	0.0831157	1.859068	1.917284
24414	-3890.094	-4151.736	261.6412	0.6248531	0.367661	0.352406	0.175772	0.10416	1.859068	1.905079
24420	-3888.479	-4149.833	261.3536	0.6865416	0.504818	0.240786	0.159738	0.0946585	1.743945	2.129501
24426	-3891.99	-4153.473	261.4827	0.8413633	0.47751	0.185588	0.263943	0.0729589	1.830803	1.876927
24432	-3897.831	-4159.571	261.7399	0.7490519	0.570918	0.164497	0.209037	0.0555482	2.000747	1.646141
24438	-3905.394	-4167.376	261.9827	0.7061646	0.569171	0.163993	0.208397	0.0584393	1.923968	1.55845
24444	-3890.59	-4152.467	261.8764	0.6915	0.482441	0.139004	0.275738	0.102816	2.036553	1.565217
24450	-3890.551	-4152.257	261.706	0.739601	0.457341	0.15411	0.292396	0.096153	2.05722	1.637085
24456	-3879.419	-4140.901	261.4823	0.7610774	0.559215	0.192373	0.174073	0.0743393	1.763076	1.979714
24462	-3895.928	-4157.328	261.3995	0.6667835	0.402777	0.248379	0.224752	0.124093	1.804711	2.073258
24468	-3892.82	-4154.346	261.5261	0.787517	0.412961	0.254659	0.230435	0.101945	1.784812	1.91687
24474	-3900.192	-4161.673	261.4804	0.7519786	0.563658	0.169608	0.214201	0.0525327	1.706446	2.025061
24480	-3897.946	-4159.15	261.2035	0.8348722	0.535017	0.16099	0.25413	0.0498633	1.706446	2.149988
24486	-3890.979	-4152.131	261.1518	1.0587	0.596358	0.0798923	0.268363	0.0553869	1.782845	1.984054
24492	-3893.062	-4152.798	259.7364	1.002796	0.554409	0.0235797	0.355458	0.0665533	1.547564	3.052493
24498	-3894.281	-4154.977	260.6965	0.7934688	0.57687	0.0502369	0.285406	0.0874864	1.50845	2.623724
24504	-3899.229	-4158.859	259.6305	0.9416426	0.624481	0.0640427	0.249473	0.0620028	1.368656	3.258369
24510	-3906.903	-4168.699	261.7959	0.5698701	0.310982	0.468969	0.192741	0.0273071	1.751153	1.912475
24516	-3913.61	-4175.618	262.0077	0.552148	0.372589	0.329887	0.274422	0.0231031	1.779184	1.760295
24522	-3905.681	-4167.028	261.3475	0.6309201	0.373896	0.378766	0.218156	0.0291811	1.669189	2.220257
24528	-3907.217	-4168.711	261.4939	0.6921547	0.379081	0.316095	0.275231	0.0295922	1.79992	1.996017
24534	-3884.591	-4146.116	261.525	0.6344632	0.407413	0.33972	0.199664	0.0532032	1.77196	2.034528
24540	-3899.68	-4161.351	261.6707	0.6444471	0.39799	0.331862	0.218175	0.0519727	1.777911	1.92605
24546	-3906.908	-4168.42	261.5114	0.6345391	0.465182	0.222028	0.274982	0.0378084	1.825232	2.008122
24552	-3907.032	-4167.898	260.8668	0.677519	0.370434	0.417401	0.186211	0.0259537	1.641973	2.511089
24558	-3905.241	-4166.155	260.9138	0.7668276	0.447478	0.196483	0.177716	0.178323	1.500483	2.511089
24564	-3910.754	-4171.115	260.3605	0.7759743	0.484479	0.101298	0.322487	0.0917354	1.543492	2.81933
24570	-3885.934	-4146.807	260.8731	0.7759743	0.51062	0.188338	0.156606	0.144436	1.684089	2.41539
24576	-3889.635	-4150.155	260.5199	0.757483	0.54728	0.174229	0.144874	0.133616	1.638296	2.675845
24582	-3910.766	-4170.53	259.7638	0.659062	0.442764	0.191115	0.258022	0.108099	1.522121	3.263283
24588	-3900.86	-4161.209	260.3494	0.6631652	0.484194	0.192032	0.282165	0.0416088	1.522121	2.911266
24594	-3894.931	-4155.073	260.1415	0.7473566	0.478626	0.154115	0.320062	0.0471971	1.435228	3.034864
24600	-3905.482	-4166.182	260.6998	0.6744448	0.478341	0.1542	0.320237	0.0472229	1.485891	2.712911
24606	-3894.065	-4153.909	259.8445	0.8376667	0.463388	0.224391	0.266474	0.0457468	1.585417	3.066046
24612	-3895.257	-4155.006	259.7493	0.7548646	0.468202	0.256667	0.164597	0.110535	1.425282	3.269182
24618	-3903.238	-4162.424	259.1868	0.7548646	0.459964	0.203967	0.191238	0.144831	1.367405	3.631983
24624	-3903.762	-4165.496	261.7335	0.7262817	0.493917	0.205425	0.202848	0.0978097	1.736229	1.852747
24630	-3904.341	-4165.765	261.4235	0.9864555	0.589888	0.150661	0.148771	0.11068	1.747995	1.872592
24636	-3897.855	-4159.674	261.8189	0.8267024	0.468961	0.253844	0.189204	0.0879909	1.870097	1.624644
24642	-3898.103	-4157.566	259.4633	0.766932	0.481688	0.279007	0.189406	0.0498989	1.370695	3.461721
24648	-3884.553	-4145.57	261.0168	0.5858285	0.487785	0.273815	0.191803	0.0465959	1.552484	2.533683
24654	-3888.956	-4149.083	260.1266	0.7059151	0.417018	0.318235	0.247813	0.0169343	1.476717	3.045201
24660	-3892.671	-4152.172	259.5011	0.7059151	0.515483	0.237776	0.218429	0.0283122	1.331329	3.500271
24666	-3905.222	-4163.915	258.693	0.8893785	0.545523	0.213716	0.172001	0.0687605	1.249412	3.903808
24672	-3892.519	-4154.852	262.3326	0.744655	0.458273	0.293605	0.189933	0.0581896	2.442317	0.712914
24678	-3896.958	-4159.304	262.3453	0.744655	0.495604	0.242471	0.242242	0.0196828	2.429649	0.712914
24684	-3911.482	-4173.991	262.5094	0.684728	0.388162	0.294079	0.275721	0.0420381	2.331335	0.7089053
24690	-3913.135	-4175.595	262.4593	0.6449187	0.410702	0.285261	0.290318	0.013719	2.412172	0.7277174
24696	-3914.578	-4177.163	262.5843	0.52731	0.413241	0.287024	0.292112	0.00762361	2.415485	0.7185423
24702	-3906.993	-4169.154	262.1603	0.7342403	0.479419	0.253997	0.184112	0.0824718	2.0222	1.324214
24708	-3914.339	-4176.6	262.2612	0.620715	0.488876	0.321557	0.142034	0.0475329	1.880299	1.450302
24714	-3903.805	-4165.773	261.9682	0.6728202	0.449562	0.295698	0.17279	0.0819497	1.906647	1.607508
24720	-3892.335	-4153.299	260.9642	0.8008724	0.509315	0.141372	0.309624	0.0396894	1.705277	2.327677
24726	-3883.018	-4144.321	261.3033	0.7413225	0.479413	0.209226	0.291446	0.0199146	1.73772	2.12855
24732	-3894.357	-4155.51	261.1526	0.7336904	0.434374	0.18957	0.365195	0.0108607	1.76791	2.212047
24738	-3891.729	-4152.58	260.8517	0.8347931	0.446887	0.12912	0.375715	0.0482779	1.747175	2.350067
24744	-3894.423	-4155.515	261.0929	0.7459401	0.44961	0.298123	0.203695	0.0485721	1.685164	2.295294
24750	-3891.931	-4153.455	261.5239	0.86504	0.431477	0.286099	0.19548	0.0869436	1.828154	1.833751
24756	-3900.766	-4162.115	261.3485	0.9931045	0.549467	0.097792	0.270847	0.0818943	1.873102	1.833751
24762	-3893.001	-4154.159	261.1576	0.7693729	0.457158	0.292436	0.182269	0.0681364	1.709298	2.222382
24768	-3891.029	-4151.801	260.7727	0.7104368	0.508253	0.254364	0.202641	0.0347427	1.662937	2.534948
24774	-3909.561	-4170.464	260.9034	0.7164846	0.510581	0.226762	0.2198	0.0428565	1.525859	2.534948
24780	-3888.076	-4148.129	260.053	0.7164846	0.469524	0.232244	0.265989	0.0322432	1.428341	3.111324
24786	-3891.157	-4151.226	260.0691	0.7743527	0.625932	0.0997238	0.235689	0.0386552	1.418584	3.071117
24792	-3906.352	-4168.283	261.9312	0.7640091	0.535537	0.178084	0.186302	0.100077	1.802965	1.639442
24798	-3898.306	-4159.41	261.1049	0.9609274	0.562006	0.13746	0.19551	0.105024	1.74917	2.10196
24804	-3896.059	-4155.885	259.826	0.8654925	0.535938	0.0897401	0.331253	0.0430692	1.433021	3.150647
24810	-3885.783	-4145.364	259.5806	0.8546661	0.579661	0.0970613	0.276695	0.0465829	1.450343	3.292264
24816	-3893.054	-4152.349	259.2948	0.7488859	0.549922	0.123156	0.270987	0.0559346	1.471905	3.51209
24822	-3897.399	-4156.605	259.2058	0.7488859	0.549922	0.123156	0.270987	0.0559346	1.373344	3.621169
24828	-3920.324	-4179.11	258.7855	0.9913072	0.55242	0.123715	0.272218	0.0516462	1.346355	3.735214
24834	-3914.837	-4173.562	258.7246	0.7012796	0.545339	0.196797	0.20688	0.0509841	1.405252	3.909248
24840	-3904.173	-4163.759	259.586	0.8372343	0.500609	0.181231	0.190516	0.127645	1.363435	3.35093
24846	-3915.831	-4176.154	260.3235	0.8309927	0.532536	0.156772	0.14621	0.164482	1.519547	2.82133
24852	-3906.849	-4167.165	260.3165	0.5750596	0.445456	0.296497	0.14941	0.108636	1.462526	3.022649
24858	-3905.708	-4165.619	259.9112	0.7341229	0.475703	0.31663	0.159555	0.0481116	1.508115	3.137154
24864	-3896.796	-4156.326	259.5303	0.6571958	0.48388	0.322072	0.145109	0.0489386	1.456798	3.440065
24870	-3890.064	-4152.179	262.1146	0.7028005	0.451716	0.315219	0.146988	0.0860775	1.904603	1.477158
24876	-3899.952	-4162.21	262.2578	0.5343468	0.311647	0.444728	0.11657	0.127056	1.938232	1.477158
24882	-3890.177	-4152.374	262.197	0.6330659	0.443491	0.368793	0.135157	0.052559	1.938232	1.44514
24888	-3893.433	-4155.984	262.5505	0.4813262	0.406248	0.350004	0.189811	0.0539365	1.938232	1.289347
24894	-3901.147	-4163.533	262.3864	0.5391683	0.400483	0.345037	0.187117	0.0673633	2.109195	1.235645
24900	-3898.581	-4158.856	260.2755	0.9055378	0.482189	0.254499	0.210205	0.0531075	1.631763	2.73521
24906	-3888.175	-4149.045	260.8703	0.8133048	0.492225	0.236967	0.244659	0.0261487	1.672185	2.399958
24912	-3881.22	-4142.847	261.6272	0.8017753	0.469862	0.301669	0.162942	0.0655278	1.800037	1.827354
24918	-3888.749	-4150.412	261.6634	0.7700163	0.488766	0.264991	0.230712	0.0155313	1.939109	1.728572
24924	-3900.453	-4162.197	261.7435	0.7700163	0.47719	0.211076	0.295045	0.0166894	2.027151	1.608508
24930	-3878.908	-4140.927	262.0185	0.7974259	0.37348	0.314347	0.302645	0.00952769	2.117978	1.307676
24936	-3891.583	-4153.757	262.1747	0.7362528	0.399323	0.266905	0.323586	0.0101869	2.144831	1.209219
24942	-3904.626	-4166.75	262.1235	0.7377836	0.454913	0.235032	0.237621	0.0724339	2.095802	1.291407
24948	-3901.075	-4163.224	262.1492	0.7135269	0.443559	0.180696	0.305119	0.070626	2.095802	1.291407
24954	-3903.097	-4165.245	262.148	0.7826055	0.396022	0.305908	0.178504	0.119566	2.177756	1.161609
24960	-3896.331	-4158.59	262.259	0.7826055	0.423559	0.254568	0.193993	0.12788	2.131862	1.10328
24966	-3878.198	-4140.293	262.095	0.7660166	0.469026	0.208019	0.218459	0.104496	2.008031	1.36081
24972	-3899.852	-4161.832	261.9804	0.797258	0.41057	0.270936	0.191232	0.127263	1.930086	1.484012
24978	-3892.263	-4154.112	261.8489	0.7153857	0.480737	0.194241	0.265946	0.0590767	1.960563	1.622204
24984	-3889.048	-4150.866	261.8185	0.7153857	0.514412	0.222102	0.215594	0.0478917	1.912672	1.678408
24990	-3895.507	-4157.424	261.9162	0.7153857	0.499199	0.267697	0.173665	0.0594394	2.016069	1.532264
24996	-3894.248	-4156.231	261.9827	0.714605	0.407096	0.357031	0.141623	0.094249	1.905593	1.565395
25002	-3889.12	-4151.237	262.1173	0.8077433	0.437981	0.247117	0.229193	0.0857093	2.117478	1.217357
25008	-3899.023	-4161.208	262.1855	0.7242874	0.413332	0.307795	0.172117	0.106755	2.137175	1.217357
25014	-3906.519	-4168.936	262.4171	0.6951658	0.437487	0.283232	0.212515	0.0667659	2.161866	1.012453
25020	-3909.606	-4171.881	262.275	0.7077104	0.414674	0.356471	0.201434	0.0274205	2.032704	1.244692
25026	-3904.224	-4166.313	262.0894	0.7077104	0.410127	0.352563	0.173055	0.0642546	2.032704	1.394203
25032	-3888.118	-4150.127	262.0094	0.621094	0.54136	0.257336	0.157615	0.0436888	1.946205	1.588528
25038	-3911.39	-4173.448	262.0581	0.7646841	0.514065	0.235668	0.149669	0.100598	1.993113	1.402516
25044	-3905.907	-4168.245	262.3383	0.4856873	0.369207	0.462771	0.142575	0.0254468	1.927359	1.461401
25050	-3917.727	-4179.703	261.9762	0.5393959	0.391641	0.374379	0.213394	0.0205862	1.927359	1.687308
25056	-3917.096	-4179.212	262.1156	0.7944034	0.391058	0.37382	0.213076	0.0220465	2.014506	1.315372
25062	-3922.154	-4184.206	262.0523	0.8770706	0.408603	0.323549	0.222636	0.0452122	2.020739	1.291902
25068	-3897.523	-4159.635	262.1127	0.6991479	0.466689	0.219323	0.286373	0.0276157	2.065872	1.356982
25074	-3906.184	-4168.749	262.5652	0.5576892	0.387389	0.23794	0.336907	0.0377648	2.036212	1.127311
25080	-3883.801	-4146.087	262.2858	0.6213481	0.329333	0.415866	0.197924	0.0568773	2.088906	1.264965
25086	-3902.429	-4164.803	262.3739	0.5838654	0.274821	0.347031	0.330685	0.0474629	2.05374	1.253769
25092	-3891.742	-4154.047	262.3055	0.5413108	0.489058	0.245477	0.224084	0.0413809	2.013463	1.377048
25098	-3890.571	-4152.715	262.144	0.7265197	0.47768	0.24363	0.222397	0.0562937	1.963903	1.389788
25104	-3906.111	-4168.455	262.3442	0.4947024	0.499108	0.254559	0.232374	0.0139593	1.979647	1.409907
25110	-3893.37	-4155.682	262.3122	0.4947024	0.421991	0.400176	0.162996	0.0148367	1.951571	1.456063
25116	-3895.3	-4157.306	262.0058	0.6619999	0.399788	0.316467	0.259614	0.0241314	2.042194	1.488067
25122	-3897.858	-4160.163	262.3053	0.5291677	0.30945	0.476613	0.168985	0.0449517	2.071152	1.341379
25128	-3898.193	-4160.567	262.3737	0.5999482	0.4286	0.323814	0.179259	0.0683277	2.095323	1.204677
25134	-3892.383	-4154.675	262.2924	0.7323786	0.4251	0.321169	0.177795	0.0759365	2.095323	1.1537
25140	-3900.212	-4162.002	261.7908	0.6092673	0.52284	0.16509	0.218674	0.0933962	1.944472	1.754681
25146	-3895.347	-4157.271	261.9244	0.6092673	0.434799	0.29474	0.181851	0.0886094	1.910116	1.684737
25152	-3881.188	-4142.692	261.5035	0.7040496	0.409366	0.30533	0.204018	0.0812857	1.807685	1.976018
25158	-3895.611	-4157.172	261.561	0.6993254	0.411257	0.328725	0.212767	0.047251	1.76354	1.970383
25164	-3876.145	-4137.633	261.4882	0.7169514	0.476322	0.208183	0.269208	0.0462867	1.817682	1.970383
25170	-3873.257	-4135.014	261.7572	0.5591988	0.422564	0.266092	0.247711	0.0636324	1.906365	1.840574
25176	-3894.659	-4156.185	261.5261	0.7588095	0.518006	0.239167	0.185634	0.0571936	1.719126	1.981394
25182	-3900.701	-4161.318	260.6165	0.5671181	0.444329	0.334718	0.19664	0.024313	1.520998	2.811298
25188	-3897.409	-4157.325	259.916	0.7670979	0.434157	0.327056	0.132701	0.106087	1.537354	3.096132
25194	-3895.507	-4155.385	259.8783	0.7670979	0.46429	0.168823	0.248304	0.118582	1.440756	3.176008
25200	-3901.536	-4161.588	260.0516	0.7670979	0.600519	0.157691	0.15646	0.08533	1.594378	2.980876
25206	-3875.845	-4136.852	261.007	0.8598796	0.509951	0.251256	0.176856	0.0619364	1.662769	2.288245
25212	-3894.947	-4155.803	260.856	0.8360014	0.508897	0.250736	0.178558	0.0618084	1.621126	2.426289
25218	-3883.84	-4145.401	261.5612	0.8382757	0.378124	0.295311	0.290655	0.0359105	1.892939	1.782356
25224	-3886.317	-4148.4	262.0829	0.5943224	0.404622	0.316005	0.25738	0.0219931	1.881585	1.602581
25230	-3878.055	-4139.981	261.9253	0.7821493	0.49879	0.194766	0.261625	0.0448189	1.944531	1.526318
25236	-3893.547	-4154.849	261.302	0.6953202	0.430165	0.235498	0.238256	0.0960815	1.675835	2.201278
25242	-3905.078	-4166.758	261.68	0.5127758	0.349387	0.344063	0.252419	0.0541303	1.814584	1.987081
25248	-3888.494	-4150.24	261.7453	0.5454837	0.394444	0.353522	0.207928	0.0441056	1.873444	1.880889
25254	-3897.293	-4157.729	260.4353	0.6845408	0.440154	0.289795	0.19509	0.0749609	1.527623	2.842188
25260	-3908.823	-4169.497	260.6748	0.6567853	0.46342	0.287581	0.199412	0.0495864	1.528249	2.713755
25266	-3899.232	-4159.503	260.2706	0.8084478	0.444254	0.275687	0.191165	0.0888942	1.518131	2.868577
25272	-3904.716	-4165.657	260.9404	0.7031733	0.439974	0.265804	0.214407	0.0798151	1.621635	2.460709
25278	-3900.269	-4161.548	261.2792	0.7852993	0.439974	0.265804	0.214407	0.0798151	1.603494	2.201379
25284	-3900.849	-4161.727	260.8782	0.6816637	0.446427	0.269703	0.217552	0.0663186	1.577675	2.541341
25290	-3906.859	-4168.72	261.8604	0.6816637	0.353647	0.429169	0.174494	0.0426897	1.770202	1.774322
25296	-3915.647	-4177.582	261.9345	0.8446915	0.52815	0.233799	0.195874	0.0421778	1.902025	1.502371
25302	-3902.238	-4164.192	261.9545	0.8211244	0.500901	0.207546	0.200224	0.091329	1.888671	1.515824
25308	-3899.269	-4161.295	262.0259	0.8443839	0.466392	0.276657	0.171914	0.085037	1.895936	1.438013
25314	-3896.243	-4158.357	262.1141	0.6638481	0.52314	0.228415	0.141937	0.106508	1.997847	1.438013
25320	-3915.757	-4177.083	261.3262	0.7796285	0.450984	0.22753	0.202158	0.119328	1.651301	2.143637
25326	-3911.926	-4173.656	261.7305	0.8485263	0.499045	0.238928	0.223702	0.0383247	1.902345	1.648741
25332	-3905.903	-4167.725	261.822	0.8384813	0.543813	0.192491	0.212074	0.051622	1.902345	1.590118
25338	-3895.728	-4157.847	262.1186	0.8384813	0.543813	0.192491	0.212074	0.051622	1.946149	1.330953
25344	-3907.351	-4169.546	262.1953	0.7303039	0.480712	0.128698	0.308488	0.0821016	1.959521	1.349662
25350	-3904.798	-4166.988	262.1897	0.7396651	0.570845	0.152828	0.242048	0.0342787	1.9825	1.327939
25356	-3927.497	-4189.599	262.1017	0.7910958	0.557406	0.14923	0.27942	0.0139436	1.982739	1.354724
25362	-3907.077	-4169.246	262.1694	0.8153039	0.523983	0.140282	0.245291	0.0904433	1.998177	1.266995
25368	-3907.767	-4169.866	262.0992	0.8153039	0.37236	0.291212	0.245798	0.0906301	1.998177	1.324127
25374	-3903.539	-4165.056	261.5165	1.07066	0.496769	0.308029	0.119012	0.0761897	1.886035	1.652918
25380	-3888.478	-4150.242	261.7634	0.8798439	0.577297	0.151937	0.182225	0.0885403	1.831156	1.652918
25386	-3888.543	-4150.104	261.5616	0.8601564	0.439805	0.274286	0.218278	0.0676306	1.809452	1.82415
25392	-3890.97	-4152.386	261.4156	0.6929503	0.46123	0.230353	0.235462	0.0729547	1.687156	2.121672
25398	-3893.407	-4155.261	261.8536	0.6929503	0.473834	0.227504	0.219349	0.0793128	1.826787	1.731089
25404	-3895.333	-4156.857	261.524	0.8168131	0.490411	0.218759	0.199096	0.0917346	1.894532	1.822526
25410	-3898.969	-4160.639	261.6698	0.8171897	0.583494	0.154276	0.2507	0.0115296	1.910156	1.709627
25416	-3905.204	-4167.231	262.0275	0.7548179	0.552248	0.130276	0.238108	0.0793675	1.92989	1.482299
25422	-3912.744	-4174.687	261.9429	0.8252877	0.525255	0.154236	0.160778	0.159731	2.060061	1.390654
25428	-3900.616	-4162.754	262.1381	0.693099	0.478623	0.26648	0.146505	0.108392	1.983072	1.406981
25434	-3891.477	-4153.471	261.9942	0.8297552	0.47832	0.278388	0.0793448	0.163947	1.983072	1.406981
25440	-3889.814	-4151.69	261.8751	0.7894938	0.535293	0.247985	0.0706796	0.146042	1.983072	1.529247
25446	-3886.646	-4148.713	262.0671	0.6949257	0.50715	0.234948	0.111083	0.146819	1.983072	1.460035
25452	-3885.438	-4147.579	262.1417	0.7461567	0.542889	0.251504	0.111087	0.0945198	2.085778	1.277492
25458	-3890.161	-4152.511	262.3497	0.6459327	0.559953	0.250926	0.116306	0.0728153	2.02263	1.245414
25464	-3906.947	-4168.91	261.9632	0.8686699	0.412799	0.300421	0.175514	0.111265	2.086566	1.317839
25470	-3900.673	-4162.549	261.8759	0.8686699	0.513492	0.135086	0.22937	0.122052	2.093051	1.381965
25476	-3910.281	-4172.12	261.8389	0.887744	0.482994	0.188941	0.170638	0.157427	1.951576	1.503511
25482	-3920.421	-4181.906	261.4842	0.8989492	0.540116	0.133203	0.178286	0.148395	1.87013	1.808047
25488	-3919.336	-4181.06	261.7242	0.8989492	0.526754	0.127211	0.189979	0.156056	1.765449	1.713599
25494	-3908.482	-4170.819	262.3369	0.5274616	0.419313	0.277634	0.259599	0.0434547	2.165701	1.2398
25500	-3913.688	-4176.165	262.477	0.5716521	0.448088	0.288309	0.232079	0.0315236	2.162419	1.079313
25506	-3895.465	-4157.865	262.3997	0.5827959	0.295544	0.456935	0.217921	0.0296005	2.190345	1.114039
25512	-3901.935	-4164.078	262.1426	0.7269231	0.337706	0.357838	0.249009	0.0554475	2.190345	1.20625
25518	-3909.072	-4171.328	262.2557	0.7243234	0.443504	0.282744	0.235242	0.0385109	2.1512	1.144253
25524	-3924.223	-4186.37	262.1472	0.7075167	0.453063	0.256866	0.177391	0.11268	1.959571	1.406339
25530	-3911.989	-4174.402	262.4133	0.5716347	0.519983	0.273372	0.143476	0.0631686	2.137521	1.159419
25536	-3900.123	-4162.085	261.962	0.8782971	0.478611	0.215464	0.249751	0.0561737	2.049911	1.340193
25542	-3909.602	-4171.565	261.9622	0.8380592	0.49855	0.239742	0.230855	0.0308524	2.075165	1.353085
25548	-3923.27	-4185.455	262.185	0.8142608	0.512268	0.286061	0.164734	0.0369381	2.154052	1.12028
25554	-3913.124	-4175.627	262.5029	0.6140016	0.313676	0.401684	0.201204	0.0834363	2.168605	1.005841
25560	-3890.647	-4153.163	262.5162	0.6415405	0.321826	0.412121	0.180449	0.0856042	2.256385	0.8657939
25566	-3898.025	-4160.591	262.5664	0.6415405	0.436452	0.33269	0.138904	0.0919535	2.206191	0.8657939
25572	-3899.571	-4162.104	262.5335	0.5682481	0.409505	0.368257	0.135962	0.0862761	2.2832	0.9036592
25578	-3902.912	-4165.447	262.5352	0.6053784	0.337965	0.397861	0.221061	0.0431127	2.317776	0.8135752
25584	-3899.147	-4161.507	262.3598	0.7077511	0.292891	0.478168	0.191578	0.0373628	2.310052	0.9032882
25590	-3884.729	-4147.236	262.5071	0.5752916	0.450982	0.344824	0.166506	0.0376878	2.310052	0.8948931
25596	-3890.741	-4153.243	262.5018	0.5752916	0.452368	0.272381	0.237447	0.0378036	2.328188	0.880134
25602	-3884.908	-4147.445	262.5368	0.5752916	0.4449	0.252446	0.260379	0.0422756	2.083453	1.093611
25608	-3897.694	-4160.239	262.5456	0.5690869	0.371593	0.298971	0.217475	0.111961	2.055435	1.117021
25614	-3907.27	-4169.441	262.1707	0.8216433	0.570279	0.209246	0.152208	0.068268	2.121655	1.155007
25620	-3901.219	-4163.581	262.362	0.6943716	0.486412	0.281939	0.159921	0.0717278	2.064453	1.155007
25626	-3908.539	-4170.557	262.0184	0.730165	0.446279	0.333671	0.135161	0.0848889	2.106618	1.373373
25632	-3895.929	-4158.162	262.2325	0.682087	0.414204	0.32934	0.150811	0.105645	2.094338	1.251419
25638	-3916.405	-4178.784	262.379	0.5284297	0.414204	0.32934	0.150811	0.105645	2.148411	1.21802
25644	-3904.265	-4166.318	262.0525	0.6951126	0.423292	0.3016	0.17054	0.104567	2.007314	1.452512
25650	-3910.192	-4172.229	262.0364	0.7578625	0.572866	0.202382	0.172461	0.0522913	1.957127	1.452512
25656	-3906.96	-4169.188	262.2276	0.6153864	0.471221	0.264466	0.221299	0.0430132	2.034314	1.361201
25662	-3904.171	-4166.441	262.2705	0.6117147	0.332396	0.383809	0.18293	0.100865	2.033976	1.330409
25668	-3915.661	-4178.232	262.571	0.4482143	0.330856	0.386663	0.182083	0.100398	2.033976	1.219079
25674	-3896.075	-4158.223	262.1481	0.6667853	0.403989	0.344404	0.162182	0.0894255	2.066429	1.355702
25680	-3901.055	-4163.27	262.2154	0.5086128	0.430435	0.288831	0.185454	0.0952796	1.981611	1.496052
25686	-3892.524	-4154.514	261.9893	0.8030785	0.479794	0.217882	0.23246	0.0698643	1.947764	1.459286
25692	-3890.002	-4152.283	262.2805	0.5543945	0.430431	0.305625	0.208544	0.0554003	1.898048	1.474771
25698	-3885.067	-4146.763	261.6962	0.6926197	0.430431	0.305625	0.208544	0.0554003	1.873937	1.808204
25704	-3880.29	-4142.099	261.8094	0.6041101	0.447606	0.325681	0.169102	0.0576108	1.854291	1.808204
25710	-3883.428	-4145.112	261.6846	0.6148218	0.403576	0.346935	0.155534	0.0939557	1.835757	1.898614
25716	-3880.47	-4142.295	261.8255	0.535383	0.403576	0.346935	0.155534	0.0939557	1.88426	1.825682
25722	-3891.3	-4153.418	262.1187	0.6435623	0.35526	0.385805	0.17296	0.0859745	1.88426	1.536298
25728	-3884.332	-4146.433	262.1015	0.6484633	0.386373	0.260655	0.284996	0.0679766	1.877319	1.550295
25734	-3899.243	-4161.379	262.136	0.6178135	0.366438	0.457688	0.111466	0.0644081	1.97803	1.473502
25740	-3881.601	-4143.757	262.1567	0.4823354	0.474064	0.238696	0.248847	0.0383931	1.931753	1.595581
25746	-3890.208	-4152.114	261.9063	0.5358569	0.445453	0.22429	0.259611	0.0706452	1.880641	1.771898
25752	-3892.836	-4155.105	262.2687	0.5106202	0.383364	0.413517	0.166884	0.0362351	1.865162	1.541611
25758	-3887.522	-4149.58	262.058	0.5663222	0.395775	0.277659	0.242019	0.0845461	1.874025	1.647115
25764	-3889.336	-4151.619	262.283	0.4946374	0.42401	0.297468	0.151491	0.127031	1.899085	1.517668
25770	-3895.618	-4157.894	262.2758	0.5807554	0.510928	0.256357	0.144831	0.087884	1.987647	1.388523
25776	-3879.985	-4142.106	262.1209	0.5807554	0.440499	0.347498	0.169816	0.0421875	1.997877	1.499185
25782	-3880.078	-4142.267	262.189	0.564582	0.441163	0.284241	0.229689	0.0449075	1.946644	1.499185
25788	-3892.535	-4154.717	262.1819	0.5617034	0.453648	0.292286	0.236189	0.0178771	1.92634	1.5219
25794	-3880.887	-4142.546	261.6586	0.7750771	0.400941	0.339824	0.166551	0.092684	1.955076	1.716953
25800	-3875.789	-4137.988	262.1987	0.6502917	0.402487	0.337279	0.167193	0.0930413	1.980718	1.396951
25806	-3895.679	-4158.2	262.5216	0.4460654	0.453761	0.298166	0.188492	0.0595812	1.978237	1.307702
25812	-3884.498	-4146.86	262.3624	0.5407223	0.47344	0.311097	0.196667	0.0187951	1.899706	1.421715
25818	-3885.067	-4147.252	262.1847	0.6196327	0.450114	0.355386	0.174377	0.0201226	2.088914	1.348352
25824	-3894.596	-4157.004	262.4085	0.4384583	0.302189	0.396095	0.242162	0.0595535	2.088914	1.315328
25830	-3903.321	-4165.755	262.4343	0.6209181	0.482046	0.23077	0.21527	0.071915	2.155189	1.077735
25836	-3907.091	-4169.356	262.265	0.7099694	0.468457	0.2097	0.256494	0.065349	2.155189	1.145896
25842	-3894.634	-4157.159	262.5252	0.5786815	0.44521	0.248918	0.243766	0.0621061	2.212819	0.9761178
25848	-3918.302	-4180.833	262.531	0.5881272	0.440897	0.363657	0.166693	0.0287524	2.001267	1.160641
25854	-3900.739	-4163.337	262.5979	0.5296799	0.43448	0.311262	0.171053	0.0832052	2.347467	0.7953194
25860	-3907.564	-4169.97	262.406	0.7280657	0.389521	0.283208	0.262797	0.0644734	2.372418	0.7355454
25866	-3902.036	-4164.516	262.4803	0.5385746	0.372729	0.465739	0.131814	0.0297192	2.420265	0.8412325
25872	-3886.583	-4149.237	262.6542	0.4754835	0.304489	0.39019	0.281043	0.0242782	2.309495	0.8412325
25878	-3908.558	-4171.025	262.4667	0.6088267	0.485942	0.329119	0.164461	0.0204782	2.35717	0.8456895
25884	-3911.463	-4173.736	262.2731	0.7659824	0.484859	0.328385	0.106378	0.0803784	2.313947	0.926733
25890	-3913.895	-4176.296	262.4009	0.6259626	0.365812	0.452904	0.149598	0.0316864	2.314386	0.9480514
25896	-3896.198	-4158.476	262.2782	0.7506588	0.478555	0.352042	0.116916	0.0524867	2.345805	0.9038212
25902	-3903.681	-4165.852	262.1713	0.7230195	0.446386	0.341276	0.158337	0.0540017	2.274347	1.11068
25908	-3898.99	-4161.155	262.165	0.7574964	0.413464	0.360405	0.185478	0.0406532	2.261992	1.094387
25914	-3901.568	-4163.72	262.1519	0.6879088	0.473205	0.228449	0.25419	0.0441552	2.100271	1.307634
25920	-3903.962	-4166.374	262.4116	0.6706638	0.381814	0.260588	0.268074	0.0895241	2.089098	1.111006
25926	-3904.064	-4166.196	262.1323	0.8115054	0.4728	0.260593	0.132316	0.134291	2.126042	1.193876
25932	-3910.602	-4172.864	262.2627	0.63253	0.407723	0.288023	0.30087	0.00338431	2.006567	1.340999
25938	-3893.141	-4155.441	262.3005	0.5529152	0.459054	0.324285	0.214407	0.00225433	2.026495	1.361281
25944	-3908.03	-4170.033	262.0026	0.6871281	0.46231	0.318389	0.218743	0.000557729	1.908083	1.570323
25950	-3895.041	-4156.441	261.4001	0.8754115	0.43972	0.311363	0.183407	0.0655102	1.906748	1.857391
25956	-3906.878	-4168.327	261.4484	0.869705	0.466088	0.293023	0.135961	0.104927	1.87035	1.853244
25962	-3916.893	-4178.888	261.9943	0.66196	0.346831	0.305585	0.346394	0.00118974	1.948255	1.566479
25968	-3916.147	-4177.812	261.6654	0.8022592	0.340948	0.348352	0.30444	0.00625968	1.934864	1.706318
25974	-3907.993	-4170.235	262.2416	0.4362002	0.267097	0.475455	0.231549	0.0258995	1.811021	1.65305
25980	-3885.148	-4144.982	259.834	0.8086095	0.523984	0.182587	0.227487	0.065942	1.35108	3.229563
25986	-3887.523	-4146.881	259.358	0.7659527	0.517242	0.180238	0.237427	0.0650936	1.447343	3.479077
25992	-3898.649	-4157.83	259.1805	0.9311039	0.492066	0.130892	0.288906	0.0881355	1.453449	3.479077
25998	-3890.062	-4148.655	258.5926	0.8151406	0.489779	0.224622	0.218839	0.0667603	1.302394	3.975077
26004	-3884.853	-4147.336	262.4822	0.5394862	0.441404	0.30692	0.205236	0.0464398	2.044759	1.208836
26010	-3879.042	-4141.259	262.2166	0.5941645	0.382701	0.357155	0.21988	0.0402637	2.059782	1.367392
26016	-3874.201	-4136.484	262.2828	0.5907436	0.382309	0.363521	0.225591	0.0285782	1.997163	1.367392
26022	-3876.77	-4138.942	262.172	0.5726207	0.40534	0.300873	0.239181	0.054606	1.979844	1.480726
26028	-3884.067	-4146.058	261.9909	0.7101768	0.394638	0.319332	0.232866	0.0531643	2.015746	1.480726
26034	-3871.278	-4133.44	262.1624	0.7402275	0.423615	0.34278	0.165634	0.0679717	1.929693	1.390843
26040	-3880.429	-4142.496	262.0666	0.6246739	0.428147	0.368708	0.134447	0.0686988	2.056693	1.460932
26046	-3886.443	-4148.693	262.2502	0.6702489	0.319884	0.441983	0.181059	0.0570739	2.114139	1.230513
26052	-3885.665	-4148.042	262.3769	0.5908794	0.386661	0.366343	0.160274	0.0867221	2.153736	1.159471
26058	-3892.754	-4154.922	262.1673	0.6789882	0.35026	0.342369	0.228814	0.0785577	2.153736	1.258912
26064	-3903.349	-4165.596	262.2472	0.6064607	0.45633	0.179097	0.286489	0.0780839	2.221081	1.199483
26070	-3888.694	-4151.092	262.3982	0.6192973	0.415051	0.265162	0.229826	0.0899604	2.107394	1.155252
26076	-3892.923	-4155.238	262.3147	0.6213182	0.427841	0.235118	0.236909	0.100132	2.084899	1.244291
26082	-3890.26	-4150.691	260.4311	0.8246075	0.53398	0.138701	0.267268	0.0600515	1.590352	2.716533
26088	-3909.314	-4169.896	260.5827	0.8012615	0.623742	0.137099	0.169012	0.0701462	1.66957	2.589374
26094	-3892.545	-4153.484	260.9392	0.6756169	0.426789	0.261063	0.264151	0.0479968	1.706135	2.426714
26100	-3897.594	-4159.402	261.8081	0.7584215	0.355332	0.308376	0.217852	0.118441	1.889073	1.670183
26106	-3889.109	-4151.213	262.1041	0.5758067	0.341979	0.334924	0.236607	0.0864905	1.824917	1.642196
26112	-3908.6	-4170.089	261.4889	0.718145	0.35828	0.321707	0.201348	0.118665	1.716528	2.036506
26118	-3905.474	-4167.204	261.73	0.5340876	0.381361	0.360453	0.162448	0.0957387	1.750965	1.981732
26124	-3892.046	-4154.101	262.0542	0.6752673	0.391129	0.31331	0.181219	0.114342	1.947776	1.512058
26130	-3895.996	-4157.946	261.9506	0.6535088	0.359295	0.319666	0.226986	0.0940527	1.881669	1.653
26136	-3891.98	-4154.368	262.3878	0.4934603	0.447885	0.398484	0.12062	0.0330104	1.940745	1.407259
26142	-3889.048	-4151.24	262.1921	0.5382596	0.311046	0.439823	0.218806	0.0303245	2.018222	1.463318
26148	-3890.651	-4153.209	262.558	0.4438428	0.311716	0.337949	0.276659	0.0736757	2.055758	1.215037
26154	-3890.29	-4152.71	262.4197	0.619412	0.37672	0.408423	0.156157	0.0587004	2.108626	1.135003
26160	-3891.854	-4154.261	262.4074	0.5519774	0.398295	0.242856	0.307772	0.051077	2.256583	1.075424
26166	-3894.731	-4157.194	262.4636	0.65993	0.377875	0.281673	0.291994	0.0484584	2.141601	1.023399
26172	-3899.086	-4161.499	262.4128	0.65993	0.396843	0.254292	0.281484	0.067381	2.261269	0.9536516
26178	-3899.128	-4161.65	262.5219	0.49182	0.396843	0.254292	0.281484	0.067381	2.175357	1.100954
26184	-3900.149	-4162.442	262.2938	0.6886355	0.498204	0.293627	0.167963	0.0402064	2.173631	1.123937
26190	-3901.28	-4161.403	260.1232	0.9148315	0.547854	0.174435	0.240605	0.0371058	1.653642	2.808947
26196	-3898.543	-4159.044	260.5011	0.9148315	0.451415	0.17317	0.325255	0.0501603	1.556254	2.637149
26202	-3896.407	-4158.745	262.3375	0.6165514	0.442983	0.262016	0.246781	0.0482188	2.094332	1.221425
26208	-3905.184	-4167.373	262.1892	0.6750405	0.387124	0.358344	0.215663	0.0388693	2.068608	1.314121
26214	-3894.555	-4156.582	262.0276	0.6750405	0.404012	0.406236	0.15357	0.0361828	2.066309	1.442743
26220	-3892.758	-4155.093	262.3347	0.5700002	0.369442	0.370067	0.227404	0.0330869	1.972968	1.362596
26226	-3889.906	-4152.078	262.1721	0.5700002	0.363927	0.323294	0.258581	0.0541972	1.958906	1.498438
26232	-3887.06	-4149.314	262.2541	0.5917533	0.467876	0.264996	0.205418	0.0617104	2.061046	1.33862
26238	-3898.88	-4160.899	262.0194	0.6449596	0.367779	0.451463	0.160287	0.0204706	2.019688	1.508303
26244	-3897.983	-4160.002	262.019	0.6326372	0.444532	0.36836	0.130782	0.0563261	2.009102	1.526208
26250	-3879.319	-4141.895	262.5766	0.5669107	0.428664	0.381163	0.149102	0.0410715	2.169664	0.9802073
26256	-3890.414	-4152.703	262.2893	0.6995652	0.501778	0.242676	0.240412	0.0151336	2.169664	1.121099
26262	-3888.742	-4151.01	262.2677	0.6995652	0.511857	0.211256	0.245241	0.0316459	2.176947	1.133917
26268	-3891.409	-4153.747	262.3381	0.6583142	0.401657	0.372534	0.192442	0.0333667	2.10592	1.173118
26274	-3893.405	-4155.638	262.2323	0.6737606	0.40433	0.267108	0.294973	0.0335888	2.02003	1.319579
26280	-3874.628	-4136.887	262.2587	0.6165685	0.432111	0.269242	0.268116	0.0305306	1.973239	1.383803
26286	-3895.545	-4157.787	262.2418	0.6165685	0.431493	0.218862	0.314457	0.0351878	2.105748	1.291434
26292	-3888.087	-4150.315	262.2281	0.6387862	0.406792	0.374151	0.186658	0.0323984	1.976736	1.386637
26298	-3890.485	-4152.594	262.1088	0.6537692	0.452313	0.34544	0.172335	0.0299123	1.976243	1.46667
26304	-3900.428	-4162.706	262.2777	0.5764725	0.450006	0.348779	0.171456	0.0297597	1.937346	1.429511
26310	-3888.305	-4150.499	262.1939	0.5695081	0.473094	0.279373	0.202685	0.0448483	1.937751	1.498298
26316	-3877.075	-4139.259	262.1839	0.572325	0.393177	0.356343	0.187995	0.0624847	1.94487	1.498298
26322	-3909.747	-4169.24	259.4924	0.5576536	0.414635	0.392701	0.131466	0.0611976	1.467405	3.517062
26328	-3906.163	-4165.851	259.6878	0.8416131	0.558066	0.155708	0.176943	0.109283	1.450883	3.236639
26334	-3894.517	-4156.549	262.0322	0.7834239	0.484061	0.291186	0.160153	0.0646	1.936211	1.451134
26340	-3890.16	-4151.673	261.5135	0.7921351	0.457345	0.29709	0.108362	0.137203	1.936211	1.818848
26346	-3890.185	-4151.932	261.7471	0.8844677	0.511374	0.214051	0.121163	0.153412	1.946347	1.577858
26352	-3890.561	-4152.409	261.8478	0.7142688	0.426732	0.272069	0.175151	0.126047	1.88221	1.680071
26358	-3891.771	-4153.515	261.7436	0.6738058	0.52058	0.22753	0.146478	0.105412	1.822243	1.824913
26364	-3869.851	-4131.268	261.4177	0.6738058	0.499604	0.263118	0.157577	0.0797007	1.842491	2.031311
26370	-3877.847	-4139.282	261.4343	0.6464435	0.544915	0.286982	0.104177	0.063926	1.83976	2.041364
26376	-3887.349	-4148.961	261.6126	0.7238476	0.437609	0.295316	0.143214	0.123861	1.83976	1.866382
26382	-3899.969	-4161.468	261.4995	0.7238476	0.451702	0.305553	0.178552	0.0641926	1.875615	1.918885
26388	-3916.62	-4178.058	261.4383	0.7263206	0.512659	0.21424	0.202648	0.0704541	1.93416	1.918885
26394	-3882.211	-4143.547	261.336	0.7630153	0.530605	0.221739	0.209742	0.0379139	1.804285	2.048234
26400	-3900.372	-4161.881	261.509	0.7630153	0.522032	0.218157	0.206353	0.0534578	1.769759	1.955974
26406	-3906.115	-4167.713	261.5974	0.6322987	0.447354	0.267555	0.233298	0.051792	1.637378	2.077149
26412	-3903.953	-4165.012	261.0583	0.7902804	0.503965	0.240148	0.2094	0.0464867	1.688185	2.285653
26418	-3903.695	-4164.488	260.7932	0.7720669	0.37134	0.289279	0.26118	0.0782012	1.72219	2.444285
26424	-3884.222	-4145.027	260.8043	0.7459041	0.487561	0.287588	0.168575	0.0562765	1.628737	2.513182
26430	-3888.927	-4150.945	262.0181	0.6829292	0.518847	0.249136	0.183264	0.0487522	1.883112	1.58047
26436	-3901.707	-4163.527	261.8208	0.6829292	0.434938	0.292085	0.183938	0.0890396	1.867956	1.732702
26442	-3906.571	-4168.544	261.9731	0.6146485	0.453717	0.304696	0.19188	0.0497066	1.913259	1.643645
26448	-3894.299	-4156.329	262.0298	0.675749	0.456902	0.306835	0.193227	0.0430354	1.903968	1.562227
26454	-3887.979	-4150.209	262.2299	0.5750289	0.411395	0.370936	0.133845	0.083825	1.852897	1.530523
26460	-3894.239	-4156.308	262.0692	0.6441751	0.347779	0.356001	0.21577	0.08045	1.769219	1.655613
26466	-3905.829	-4167.117	261.2878	0.7399364	0.631323	0.14646	0.138765	0.0834507	1.770463	2.118203
26472	-3894.567	-4155.803	261.2358	0.8135655	0.579589	0.198213	0.127394	0.0948027	1.745067	2.118203
26478	-3894.311	-4155.671	261.3598	0.750767	0.454983	0.276492	0.125393	0.143132	1.687088	2.118203
26484	-3886.793	-4148.085	261.2916	0.7962958	0.522907	0.203319	0.135741	0.138033	1.719288	2.110378
26490	-3898.428	-4159.59	261.1622	0.7811027	0.529444	0.205861	0.124936	0.139759	1.750446	2.184842
26496	-3880.251	-4141.467	261.2161	0.7893381	0.503572	0.262464	0.101035	0.132929	1.656974	2.204861
26502	-3878.591	-4139.835	261.2443	0.7925482	0.495051	0.274944	0.099325	0.13068	1.735021	2.133631
26508	-3890.903	-4151.57	260.6674	0.7306635	0.441288	0.258198	0.177794	0.12272	1.649865	2.595148
26514	-3884.006	-4144.982	260.9763	0.7243082	0.458169	0.219696	0.188871	0.133264	1.677426	2.388883
26520	-3885.463	-4146.634	261.1711	0.8026892	0.520469	0.167856	0.209856	0.101819	1.729325	2.178054
26526	-3894.273	-4155.331	261.0578	0.8279734	0.485362	0.193048	0.241351	0.080238	1.676868	2.267963
26532	-3891.554	-4152.85	261.296	0.7057759	0.509697	0.202727	0.2136	0.0739754	1.68501	2.192052
26538	-3888.728	-4150.015	261.2877	0.7057759	0.481131	0.246684	0.185693	0.0864931	1.735186	2.164878
26544	-3886.626	-4148.367	261.7412	0.6274662	0.420609	0.329207	0.203145	0.0470389	1.815948	1.864532
26550	-3878.545	-4140.292	261.7475	0.669102	0.485879	0.207359	0.244871	0.0618905	1.795961	1.843725
26556	-3884.737	-4146.363	261.6257	0.8545618	0.454891	0.202282	0.287485	0.0553425	1.787643	1.79892
26562	-3888.97	-4150.316	261.3456	0.7004409	0.350956	0.366297	0.221799	0.060948	1.84126	2.06116
26568	-3882.833	-4144.432	261.5989	0.5947466	0.366049	0.377507	0.231338	0.0251057	1.699683	2.06116
26574	-3879.76	-4141.475	261.7155	0.5114033	0.36299	0.342075	0.280133	0.014801	1.787115	1.982645
26580	-3885.382	-4147.488	262.1061	0.5849302	0.43172	0.300915	0.233084	0.0342806	1.91541	1.568117
26586	-3886.979	-4149.045	262.0665	0.7428112	0.423351	0.295082	0.228566	0.0530012	2.006894	1.403258
26592	-3891.139	-4153.409	262.2702	0.6493333	0.332257	0.365403	0.230964	0.071377	1.929242	1.382159
26598	-3886.595	-4148.804	262.2088	0.6345398	0.378525	0.260904	0.263126	0.0974448	2.094798	1.311701
26604	-3877.363	-4139.837	262.4742	0.5555194	0.388716	0.370792	0.187588	0.0529043	2.222582	1.040875
26610	-3876.72	-4139.276	262.556	0.5555194	0.359228	0.398932	0.173358	0.0684819	2.252554	0.9271204
26616	-3904.218	-4166.713	262.4956	0.5555194	0.365946	0.406392	0.1579	0.0697625	2.252554	0.9902677
26622	-3901.775	-4164.17	262.3947	0.651733	0.388445	0.335003	0.205633	0.0709192	2.252554	0.9902677
26628	-3884.431	-4146.871	262.4399	0.4776382	0.341785	0.367425	0.21622	0.0745704	2.113291	1.239018
26634	-3888.813	-4151.347	262.5347	0.5258698	0.38445	0.382539	0.15069	0.0823206	2.113291	1.114792
26640	-3897.176	-4159.672	262.4963	0.5553771	0.373405	0.393617	0.217305	0.0156733	2.121396	1.114792
26646	-3893.851	-4156.511	262.6597	0.362538	0.406605	0.37366	0.202668	0.0170669	2.066785	1.176928
26652	-3893.414	-4156.044	262.6298	0.3939418	0.396417	0.364297	0.19759	0.0416951	2.060555	1.187029
26658	-3887.312	-4149.647	262.3353	0.4029859	0.396417	0.364297	0.19759	0.0416951	2.045659	1.431668
26664	-3888.994	-4151.048	262.0538	0.525276	0.368625	0.386914	0.161023	0.0834371	1.906056	1.657434
26670	-3883.608	-4145.312	261.7039	0.6490832	0.363722	0.381768	0.184212	0.0702985	1.777587	1.90047
26676	-3889.084	-4150.644	261.5599	0.5116119	0.363678	0.417198	0.156013	0.0631111	1.676605	2.157946
26682	-3897.982	-4160.349	262.3671	0.6716437	0.385125	0.233132	0.337204	0.0445386	2.26258	0.9866431
26688	-3903.106	-4165.629	262.5223	0.6327575	0.464528	0.2014	0.279898	0.0541738	2.148544	0.9866431
26694	-3905.789	-4168.299	262.5107	0.6437068	0.432537	0.256398	0.260622	0.0504429	2.148544	0.9866431
26700	-3905.527	-4167.799	262.2728	0.4422723	0.380285	0.357934	0.22109	0.0406912	1.916721	1.549473
26706	-3887.578	-4150.059	262.4808	0.4420557	0.434846	0.312503	0.193028	0.0596231	2.041255	1.292689
26712	-3894.972	-4157.657	262.6849	0.3680293	0.368378	0.423118	0.159299	0.0492049	1.976753	1.22895
26718	-3885.883	-4148.515	262.6327	0.4854525	0.368378	0.423118	0.159299	0.0492049	2.035151	1.133232
26724	-3892.666	-4154.9	262.2339	0.5861891	0.378564	0.434817	0.136053	0.0505655	2.024785	1.387783
26730	-3891.444	-4153.783	262.3385	0.485925	0.319593	0.37771	0.220679	0.0820173	1.932299	1.457315
26736	-3885.463	-4147.857	262.3941	0.512198	0.423061	0.350149	0.204576	0.0222141	2.082328	1.274368
26742	-3889.926	-4152.297	262.3708	0.5595578	0.371618	0.315458	0.254272	0.0586523	2.05722	1.274368
26748	-3880.677	-4142.992	262.3146	0.6094255	0.371618	0.315458	0.254272	0.0586523	2.092643	1.248388
26754	-3885.403	-4147.808	262.4053	0.5605888	0.424839	0.231849	0.278963	0.0643478	2.047826	1.252731
26760	-3895.617	-4158.056	262.439	0.5313117	0.452888	0.275154	0.200224	0.0717339	1.914626	1.357794
26766	-3887.944	-4149.844	261.8997	0.6928597	0.386534	0.411355	0.138032	0.0640788	1.888751	1.654486
26772	-3891.632	-4153.725	262.0935	0.6227958	0.440421	0.333192	0.132567	0.0938206	1.926529	1.539873
26778	-3879.554	-4141.263	261.7087	0.6000483	0.34132	0.368662	0.215201	0.0748172	1.87223	1.868004
26784	-3888.503	-4150.656	262.1525	0.5193634	0.389159	0.280175	0.245363	0.0853034	1.775134	1.684701
26790	-3901.48	-4163.495	262.015	0.6427532	0.4133	0.23552	0.260584	0.0905953	1.931297	1.578622
26796	-3885.956	-4147.926	261.9701	0.5996406	0.472485	0.23736	0.244504	0.0456497	1.91669	1.654634
26802	-3897.645	-4159.487	261.8417	0.7431963	0.500337	0.192405	0.258917	0.0483406	1.893287	1.654634
26808	-3885.685	-4147.631	261.946	0.6897727	0.505489	0.166651	0.285989	0.0418708	1.915735	1.604018
26814	-3893.951	-4155.822	261.8707	0.6897727	0.416974	0.312066	0.23591	0.0350493	1.767637	1.762919
26820	-3905.273	-4167.103	261.8297	0.553289	0.350907	0.338282	0.251516	0.0592949	1.79822	1.869164
26826	-3898.589	-4160.174	261.5848	0.8557505	0.523834	0.157089	0.273111	0.0459668	1.802213	1.816285
26832	-3909.121	-4170.929	261.8088	0.6916853	0.564882	0.241494	0.172749	0.0208746	1.818067	1.769541
26838	-3901.006	-4162.816	261.8101	0.5786572	0.417701	0.336454	0.230409	0.0154357	1.835057	1.839352
26844	-3903.223	-4165.055	261.832	0.7578098	0.564899	0.216798	0.203953	0.0143501	1.835057	1.692088
26850	-3896.655	-4158.363	261.7079	0.6316225	0.483191	0.278444	0.222696	0.0156688	1.897797	1.82819
26856	-3898.321	-4160.267	261.9459	0.6430529	0.389341	0.259353	0.31827	0.0330356	1.844496	1.690722
26862	-3908.716	-4169.706	260.9896	0.7317634	0.39877	0.317178	0.216266	0.0677866	1.5298	2.468471
26868	-3909.057	-4170.397	261.3401	0.7541973	0.436863	0.226824	0.246473	0.0898402	1.704482	2.117331
26874	-3909.333	-4170.959	261.6261	0.8310579	0.500995	0.162103	0.282656	0.0542456	1.722765	1.860133
26880	-3900.768	-4162.107	261.339	0.851377	0.51898	0.167922	0.256906	0.0561929	1.75133	2.020029
26886	-3904.158	-4165.332	261.1738	0.8035656	0.468546	0.253814	0.23194	0.0456994	1.75133	2.161384
26892	-3892.502	-4153.52	261.0172	0.8035656	0.45243	0.245084	0.223962	0.0785231	1.652113	2.325983
26898	-3910.092	-4171.242	261.1498	0.7931458	0.498634	0.16799	0.246834	0.086542	1.668048	2.237872
26904	-3921.301	-4182.261	260.9603	0.8452055	0.509432	0.153326	0.26212	0.0751225	1.624791	2.351917
26910	-3918.864	-4180.161	261.2963	0.6828757	0.426503	0.206017	0.305887	0.0615927	1.612331	2.254364
26916	-3916.339	-4177.558	261.2194	0.836508	0.591798	0.0598039	0.298472	0.0499257	1.810433	2.070304
26922	-3906.861	-4168.013	261.1523	0.9412906	0.607931	0.0614342	0.279348	0.0512867	1.769815	2.070304
26928	-3911.254	-4171.958	260.7036	0.8888544	0.4992	0.125483	0.330242	0.0450748	1.652615	2.467876
26934	-3930.281	-4190.58	260.2995	0.7885949	0.563912	0.14175	0.24342	0.0509179	1.581829	2.825021
26940	-3920.504	-4180.862	260.3579	0.7113476	0.444508	0.305683	0.171648	0.0781614	1.542614	2.862807
26946	-3902.158	-4162.657	260.4997	0.5681947	0.447356	0.343861	0.193085	0.0156972	1.429697	2.936576
26952	-3890.591	-4150.946	260.355	0.7608936	0.439122	0.337532	0.189531	0.0338151	1.505791	2.855198
26958	-3905.687	-4165.874	260.1862	0.6804157	0.452039	0.313346	0.195106	0.0395095	1.436293	3.049892
26964	-3897.995	-4158.392	260.3969	0.4723037	0.363834	0.359539	0.231292	0.045334	1.440549	3.049892
26970	-3888.281	-4148.446	260.1649	0.6353121	0.449394	0.374789	0.126369	0.0494474	1.523541	3.038976
26976	-3900.118	-4160.809	260.6909	0.7546749	0.468637	0.267304	0.189794	0.0742652	1.648847	2.565482
26982	-3907.611	-4168.7	261.0884	0.805364	0.468637	0.267304	0.189794	0.0742652	1.758865	2.21069
26988	-3892.017	-4152.54	260.523	0.7383097	0.509499	0.234875	0.1883	0.0673263	1.576363	2.724353
26994	-3895.199	-4155.936	260.7361	0.7381102	0.479122	0.179139	0.278426	0.0633122	1.648638	2.54841
27000	-3900.27	-4159.621	259.3511	0.7156728	0.509632	0.295487	0.16418	0.0307015	1.332506	3.580897
27006	-3891.597	-4151.281	259.6835	0.6597068	0.470107	0.309086	0.159198	0.0616086	1.324797	3.426102
27012	-3886.468	-4146.096	259.628	0.659255	0.369153	0.416439	0.16603	0.0483784	1.380786	3.426102
27018	-3882.992	-4141.56	258.5683	0.7203346	0.490052	0.250782	0.200688	0.0584772	1.278267	4.059701
27024	-3899.277	-4157.726	258.4492	0.7788148	0.507561	0.159215	0.237209	0.0960152	1.318273	4.069611
27030	-3896.612	-4155.236	258.624	1.001932	0.508924	0.270733	0.121547	0.0987951	1.414843	3.782725
27036	-3891.443	-4150.081	258.6377	1.001932	0.493061	0.263528	0.179434	0.0639775	1.353751	3.810022
27042	-3898.156	-4157.522	259.3666	0.6492427	0.439878	0.349555	0.188874	0.0216932	1.358218	3.59781
27048	-3907.754	-4167.56	259.8059	0.636416	0.478854	0.309015	0.205609	0.00652173	1.473273	3.281414
27054	-3908.672	-4169.558	260.8858	0.771193	0.480203	0.276788	0.205287	0.037722	1.708087	2.395396
27060	-3891.495	-4152.753	261.2584	0.5998427	0.376477	0.324129	0.215571	0.083823	1.658259	2.305435
27066	-3894.722	-4155.359	260.6377	0.6656425	0.417902	0.356447	0.166442	0.0592089	1.627799	2.669619
27072	-3890.556	-4152.039	261.4828	0.4814573	0.430924	0.296606	0.200519	0.0719512	1.658247	2.239125
27078	-3878.466	-4139.837	261.371	0.5728267	0.423589	0.351494	0.177651	0.0472666	1.658247	2.251392
27084	-3884.974	-4146.243	261.2692	0.6351676	0.35951	0.433252	0.150776	0.056462	1.694616	2.251392
27090	-3895.969	-4157.132	261.1626	0.6963053	0.337164	0.406323	0.20527	0.0512427	1.683684	2.285241
27096	-3909.723	-4171.101	261.3787	0.7726283	0.37918	0.236989	0.331471	0.0523602	1.694309	2.085961
27102	-3908.553	-4169.709	261.1567	0.6269967	0.450664	0.24384	0.209964	0.0955323	1.657321	2.352569
27108	-3913.5	-4174.486	260.9853	0.6269967	0.484124	0.190441	0.262678	0.0627567	1.724149	2.418746
27114	-3901.079	-4162.759	261.6794	0.6230249	0.480296	0.186277	0.272043	0.0613844	1.801325	1.919666
27120	-3901.549	-4163.269	261.7204	0.6309088	0.474148	0.329888	0.137718	0.0582465	1.755503	1.917262
27126	-3897.439	-4159.233	261.7948	0.6429487	0.457504	0.250218	0.187911	0.104367	1.893727	1.762488
27132	-3900.707	-4162.496	261.7891	0.6709458	0.462689	0.273034	0.158726	0.10555	1.869826	1.762488
27138	-3894.618	-4156.586	261.9679	0.6115667	0.466979	0.266294	0.160198	0.106529	1.852576	1.692953
27144	-3885.81	-4147.835	262.0248	0.6691527	0.458649	0.305401	0.15734	0.0786096	1.921311	1.558272
27150	-3889.012	-4150.879	261.867	0.7038469	0.448432	0.298598	0.169659	0.0833116	2.033369	1.564884
27156	-3888.889	-4150.776	261.887	0.6639106	0.54286	0.271481	0.147643	0.0380162	1.964482	1.631244
27162	-3897.112	-4158.205	261.093	0.8599981	0.544464	0.107273	0.258205	0.090057	1.809803	2.137631
27168	-3903.859	-4165.374	261.5157	0.8059494	0.441324	0.276386	0.209293	0.0729972	1.875892	1.848845
27174	-3894.19	-4156.397	262.2063	0.6175585	0.4664	0.29209	0.136623	0.104887	1.948014	1.443054
27180	-3887.97	-4150.082	262.112	0.6175585	0.431709	0.29117	0.259054	0.0180667	1.995351	1.478697
27186	-3892.291	-4154.243	261.9514	0.801771	0.507947	0.204564	0.239345	0.0481442	2.059963	1.403273
27192	-3896.52	-4158.579	262.0586	0.676153	0.571478	0.167808	0.19634	0.0643747	1.988603	1.477389
27198	-3911.528	-4173.591	262.0623	0.7116918	0.498501	0.215077	0.215722	0.0706996	2.148561	1.320645
27204	-3911.744	-4173.981	262.237	0.6925012	0.456821	0.251691	0.219538	0.0719501	2.207627	1.14067
27210	-3908.193	-4170.59	262.3968	0.5727405	0.400645	0.343713	0.192541	0.0631022	2.348139	0.9753828
27216	-3904.057	-4166.209	262.1516	0.7616737	0.423116	0.308395	0.197819	0.0706697	2.184279	1.172003
27222	-3889.839	-4151.929	262.0905	0.6440235	0.409441	0.315053	0.22886	0.0466455	2.040088	1.4398
27228	-3899.059	-4160.971	261.9111	0.813999	0.53909	0.252011	0.175848	0.0330518	2.040088	1.4398
27234	-3919.273	-4180.357	261.084	0.6232387	0.378883	0.319967	0.254066	0.0470845	1.599686	2.437451
27240	-3905.697	-4166.029	260.332	0.7197384	0.530153	0.237955	0.166482	0.0654101	1.65336	2.805905
27246	-3889.262	-4149.962	260.7	0.7713574	0.459336	0.2406	0.273012	0.0270528	1.742807	2.49029
27252	-3889.797	-4151.799	262.0025	0.6351674	0.463382	0.224055	0.275417	0.0371465	1.90738	1.611001
27258	-3888.625	-4150.269	261.6445	0.7977768	0.509337	0.224076	0.227917	0.0386696	1.973932	1.69678
27264	-3893.918	-4155.617	261.6984	0.672505	0.427124	0.226763	0.308959	0.0371538	1.968842	1.755549
27270	-3887.537	-4149.635	262.0981	0.6758228	0.426203	0.287992	0.228825	0.0569799	2.015418	1.42705
27276	-3884.397	-4146.265	261.8684	0.6758228	0.423349	0.286063	0.227293	0.0632946	1.959026	1.639498
27282	-3881.919	-4143.79	261.8707	0.6962729	0.375048	0.367519	0.20136	0.056073	1.932413	1.641364
27288	-3885.959	-4147.929	261.97	0.6455732	0.408071	0.283893	0.229663	0.0783735	2.025738	1.540043
27294	-3884.045	-4145.457	261.4114	0.8384851	0.446544	0.30393	0.231056	0.0184688	1.870281	1.900585
27300	-3898.637	-4160.135	261.4987	0.6949506	0.442354	0.416702	0.120312	0.0206327	1.839777	1.964192
27306	-3887.242	-4148.888	261.6462	0.722614	0.439806	0.243262	0.260064	0.0568688	1.836784	1.846365
27312	-3902.737	-4164.41	261.673	0.7893242	0.439806	0.243262	0.260064	0.0568688	1.739605	1.846365
27318	-3882.317	-4143.894	261.5767	0.7457713	0.378178	0.32861	0.223622	0.0695887	1.774428	1.919406
27324	-3882.766	-4143.884	261.1181	0.7441957	0.506552	0.166447	0.157311	0.16969	1.709729	2.264605
27330	-3898.689	-4160.036	261.3471	0.8075224	0.576521	0.101572	0.170102	0.151805	1.849329	1.979766
27336	-3899.611	-4160.758	261.1471	0.8075224	0.403549	0.320848	0.208383	0.0672213	1.84513	2.114901
27342	-3885.993	-4147.314	261.3203	0.711746	0.437832	0.324134	0.210517	0.0275176	1.772829	2.114901
27348	-3890.204	-4151.746	261.5412	0.6490566	0.501237	0.226257	0.241003	0.0315026	1.772829	2.012969
27354	-3890.948	-4152.163	261.2151	0.7174607	0.39037	0.300347	0.218011	0.0912724	1.814704	2.152328
27360	-3899.51	-4160.963	261.4533	0.5855088	0.462868	0.296144	0.171584	0.0694036	1.715837	2.152328
27366	-3898.213	-4159.495	261.2815	0.8652691	0.469741	0.2341	0.232954	0.0632052	1.881597	1.961873
27372	-3904.964	-4166.619	261.6544	0.6115609	0.511701	0.263152	0.158109	0.0670385	1.764871	1.969161
27378	-3890.05	-4151.151	261.101	0.837358	0.481296	0.227618	0.262442	0.0286438	1.764219	2.177432
27384	-3886.506	-4147.805	261.2986	0.8429438	0.52947	0.250401	0.16547	0.0546586	1.781978	2.032369
27390	-3889.635	-4150.918	261.2833	0.8935749	0.501179	0.18918	0.232756	0.0768846	1.781978	2.007735
27396	-3918.104	-4179.84	261.7355	0.6014796	0.341269	0.430879	0.157592	0.0702589	1.790329	1.90447
27402	-3897.242	-4158.469	261.2264	0.7718525	0.513994	0.340795	0.103091	0.0421199	1.779672	2.13036
27408	-3891.6	-4152.754	261.1546	0.8440118	0.401154	0.299428	0.245753	0.0536647	1.777411	2.129398
27414	-3909.79	-4170.941	261.1507	0.620726	0.373576	0.311072	0.271293	0.0440595	1.796147	2.272089
27420	-3896.544	-4157.583	261.0387	0.7922153	0.494925	0.187819	0.280894	0.0363622	1.726846	2.272089
27426	-3893.974	-4154.617	260.6426	0.8397602	0.494925	0.187819	0.280894	0.0363622	1.628903	2.552459
27432	-3889.324	-4149.385	260.0609	0.7917497	0.491659	0.193178	0.27904	0.0361223	1.669036	2.914687
27438	-3880.014	-4139.838	259.824	0.9691795	0.51862	0.203771	0.239506	0.0381031	1.637065	2.966552
27444	-3907.359	-4168.757	261.3973	0.6343331	0.394033	0.347568	0.246435	0.011964	1.737044	2.141557
27450	-3894.78	-4154.761	259.9803	0.8337895	0.512751	0.119106	0.3006	0.0675422	1.761745	2.880815
27456	-3884.078	-4144.39	260.3114	0.6865249	0.482249	0.252919	0.209882	0.0549498	1.66026	2.835643
27462	-3899.42	-4159.792	260.3719	0.8366085	0.463621	0.353374	0.163548	0.0194569	1.563249	2.761677
27468	-3888.365	-4149.14	260.7751	0.6308342	0.443118	0.250179	0.282007	0.0246958	1.601844	2.623594
27474	-3878.876	-4139.437	260.5612	0.6308342	0.482418	0.272368	0.182943	0.0622711	1.588269	2.763267
27480	-3877.393	-4138.116	260.7239	0.6486679	0.481236	0.27415	0.182495	0.0621186	1.590822	2.650382
27486	-3889.072	-4150.127	261.0554	0.9082393	0.605916	0.119642	0.217471	0.0569704	1.782017	2.147855
27492	-3901.602	-4162.003	260.4009	0.8682346	0.618423	0.103963	0.234595	0.0430189	1.751843	2.607838
27498	-3891.4	-4151.829	260.4293	1.064444	0.591802	0.116454	0.254689	0.0370555	1.667952	2.519348
27504	-3891.877	-4152.873	260.9955	0.8161749	0.589898	0.190134	0.195756	0.024212	1.760991	2.261823
27510	-3897.045	-4158.074	261.0293	0.8803739	0.599511	0.187865	0.198946	0.0136778	1.595736	2.303357
27516	-3887.161	-4147.946	260.7849	0.8055236	0.484999	0.236395	0.250339	0.0282665	1.654196	2.470143
27522	-3881.902	-4142.337	260.4342	0.7135888	0.479564	0.233746	0.247533	0.0391566	1.671759	2.736311
27528	-3884.194	-4144.304	260.1097	0.8173507	0.53303	0.281868	0.148207	0.0368949	1.535869	2.949419
27534	-3888.277	-4148.442	260.1644	0.6898362	0.428348	0.345055	0.181431	0.0451658	1.615547	2.949419
27540	-3911.143	-4172.25	261.1073	0.6677428	0.465584	0.317821	0.197203	0.0193923	1.599153	2.393394
27546	-3902.131	-4162.636	260.5045	0.8357125	0.454325	0.302143	0.217521	0.0260108	1.766839	2.555225
27552	-3890.558	-4151.227	260.6686	0.7281119	0.422192	0.280773	0.202136	0.0948984	1.71569	2.555225
27558	-3882.808	-4143.973	261.1652	0.7278828	0.438873	0.340975	0.191422	0.0287294	1.707063	2.24713
27564	-3893.429	-4154.151	260.7216	0.7410859	0.505682	0.274589	0.185224	0.0345048	1.671363	2.541326
27570	-3895.589	-4156.5	260.9111	0.7511238	0.472914	0.207827	0.276795	0.0424637	1.774474	2.350765
27576	-3879.883	-4140.771	260.8875	0.8172055	0.548075	0.240858	0.171508	0.0395592	1.728604	2.350765
27582	-3887.312	-4147.97	260.6574	0.6853252	0.505061	0.221955	0.236529	0.0364545	1.589846	2.667993
27588	-3886.971	-4147.234	260.2633	0.9988382	0.483404	0.272	0.183806	0.0607904	1.603524	2.70209
27594	-3894.319	-4153.984	259.6651	0.6950724	0.499886	0.324027	0.110054	0.0660334	1.447025	3.343205
27600	-3891.911	-4152.265	260.3539	0.8054906	0.488931	0.323891	0.152475	0.0347029	1.547746	2.801894
27606	-3890.557	-4151.054	260.4975	0.7858286	0.484877	0.298677	0.146097	0.0703491	1.548828	2.726167
27612	-3892.633	-4153.717	261.0837	0.7477698	0.45395	0.285966	0.16856	0.0915239	1.664126	2.313388
27618	-3888.732	-4149.559	260.8262	0.6517403	0.421613	0.240628	0.272854	0.064904	1.583723	2.589536
27624	-3897.24	-4157	259.7592	0.8165735	0.499977	0.302353	0.173808	0.0238625	1.471064	3.197906
27630	-3923.267	-4185.669	262.4026	0.6050621	0.395522	0.389974	0.173733	0.0407701	2.206816	1.074722
27636	-3909.088	-4171.583	262.4948	0.5559521	0.390679	0.385199	0.171606	0.0525171	2.165797	1.074722
27642	-3905.78	-4167.583	261.803	0.7937436	0.603541	0.153826	0.17795	0.0646823	2.00114	1.565912
27648	-3893.066	-4154.56	261.4942	0.8505848	0.525541	0.155236	0.236954	0.0822695	1.835879	1.859063
27654	-3900.478	-4161.623	261.1443	0.8026623	0.449845	0.276911	0.202824	0.0704199	1.69956	2.214715
27660	-3893.158	-4153.808	260.6497	0.9714946	0.486238	0.188285	0.241596	0.0838812	1.69956	2.419346
27666	-3896.523	-4157.154	260.6309	0.894771	0.483173	0.2229	0.210574	0.0833525	1.669523	2.498968
27672	-3916.276	-4177.076	260.7997	0.894771	0.551605	0.171723	0.240398	0.0362735	1.647305	2.406946
27678	-3897.629	-4158.665	261.0357	0.908371	0.456417	0.271544	0.236373	0.0356662	1.678667	2.227535
27684	-3901.982	-4162.268	260.2854	0.857065	0.555778	0.133024	0.197167	0.114031	1.534995	2.818653
27690	-3903.012	-4163.269	260.2575	0.8791564	0.582661	0.139458	0.228403	0.0494781	1.540064	2.818653
27696	-3900.704	-4160.625	259.9213	0.8812481	0.575283	0.137692	0.238173	0.0488516	1.457066	3.069868
27702	-3904.737	-4164.807	260.0707	0.8533116	0.534764	0.188727	0.231098	0.0454108	1.504153	2.969421
27708	-3885.063	-4145.277	260.2131	0.721165	0.52998	0.195966	0.198259	0.0757954	1.500379	2.969421
27714	-3895.669	-4155.344	259.6747	1.021362	0.529009	0.195607	0.197896	0.0774881	1.460498	3.130209
27720	-3896.082	-4156.012	259.9303	0.8049168	0.488014	0.145043	0.301509	0.0654348	1.426134	3.130209
27726	-3897.259	-4158.272	261.0137	0.7944477	0.496885	0.228942	0.226441	0.0477316	1.592387	2.372242
27732	-3906.755	-4167.68	260.925	0.7906824	0.39597	0.317742	0.193381	0.0929066	1.606972	2.421581
27738	-3882.055	-4142.782	260.7269	0.6710166	0.408884	0.307547	0.200345	0.0832238	1.660869	2.590631
27744	-3886.312	-4146.946	260.6337	0.679263	0.582724	0.239116	0.142263	0.0358977	1.508197	2.736563
27750	-3876.279	-4136.193	259.9135	0.6362508	0.432806	0.331197	0.179277	0.05672	1.474549	3.21717
27756	-3884.191	-4144.399	260.2081	0.7489175	0.501091	0.251124	0.185945	0.0618402	1.496933	2.956857
27762	-3898.994	-4159.671	260.6772	0.8325697	0.481652	0.216065	0.226842	0.0754415	1.58069	2.565591
27768	-3911.361	-4171.293	259.9324	0.6898596	0.450043	0.214106	0.259292	0.0765598	1.5343	3.136834
27774	-3895.927	-4158.231	262.304	0.5885141	0.425084	0.38422	0.168048	0.0226475	2.17206	1.208849
27780	-3895.86	-4158.171	262.3119	0.5545256	0.492457	0.262558	0.191908	0.0530762	2.244476	1.170118
27786	-3902.007	-4164.365	262.3581	0.5976115	0.433112	0.392524	0.158391	0.0159726	2.243684	1.0891
27792	-3901.074	-4163.381	262.3067	0.4716903	0.30794	0.471254	0.193342	0.027464	2.105437	1.358426
27798	-3900.552	-4162.886	262.3341	0.5154178	0.3767	0.371391	0.236513	0.0153953	2.100755	1.305612
27804	-3887.917	-4148.909	260.9916	0.8444993	0.512059	0.20928	0.118642	0.160018	1.660401	2.309788
27810	-3904.905	-4165.963	261.0577	0.871334	0.450499	0.218142	0.141079	0.19028	1.571133	2.306879
27816	-3897.112	-4158.197	261.085	0.8034313	0.477211	0.253246	0.163782	0.105761	1.614472	2.306879
27822	-3909.297	-4169.992	260.6946	0.9565788	0.451378	0.29367	0.154916	0.100036	1.683869	2.410407
27828	-3905.945	-4167.132	261.1868	1.001279	0.511059	0.240139	0.160576	0.0882262	1.760219	2.013733
27834	-3888.816	-4151.089	262.2738	0.5823892	0.415481	0.314743	0.240983	0.0287939	2.220115	1.199097
27840	-3886.892	-4149.257	262.365	0.5412622	0.394919	0.34281	0.234902	0.0273689	2.171566	1.199097
27846	-3881.703	-4144.091	262.3875	0.5412622	0.413506	0.377854	0.163689	0.0449515	2.149021	1.199097
27852	-3890.29	-4152.631	262.3415	0.643205	0.408834	0.373585	0.161839	0.0557412	2.248079	1.0555
27858	-3880.297	-4142.759	262.4615	0.5778552	0.395821	0.361694	0.156688	0.0857972	2.259962	0.9938231
27864	-3892.107	-4154.587	262.4808	0.5778552	0.428409	0.332806	0.126768	0.112017	2.251031	0.9832649
27870	-3897.109	-4159.64	262.5313	0.5004731	0.357556	0.376164	0.189832	0.0764483	2.277036	0.9859878
27876	-3896.717	-4159.123	262.4062	0.6392219	0.483346	0.245336	0.221144	0.0501729	2.264962	0.9794152
27882	-3897.672	-4160.048	262.3769	0.5943965	0.444542	0.270718	0.201899	0.0828412	2.256241	1.062962
27888	-3888.683	-4151.091	262.4079	0.5549121	0.472914	0.334548	0.114637	0.0779012	2.266373	1.062962
27894	-3895.262	-4157.816	262.5536	0.5549121	0.405377	0.351428	0.121817	0.121377	2.342396	0.8259423
27900	-3918.003	-4178.664	260.6614	0.6611349	0.455231	0.181549	0.266796	0.0964239	1.765797	2.572678
27906	-3909.696	-4170.136	260.4405	0.6002617	0.408355	0.259247	0.248063	0.0843354	1.515225	2.900489
27912	-3898.375	-4160.869	262.4942	0.5899632	0.415618	0.380086	0.151512	0.0527835	2.318616	0.8822216
27918	-3894.67	-4157.244	262.5736	0.5525627	0.414673	0.379221	0.153443	0.0526634	2.318616	0.8337552
27924	-3888.908	-4151.36	262.4519	0.6128318	0.495214	0.314609	0.141671	0.0485061	2.348544	0.8686746
27930	-3882.989	-4145.469	262.4802	0.6128318	0.374358	0.415188	0.161765	0.048689	2.392929	0.7758163
27936	-3916.382	-4178.832	262.4506	0.5701065	0.493648	0.251232	0.249295	0.00582536	2.358592	0.909793
27942	-3916.536	-4178.962	262.4261	0.654326	0.452587	0.348691	0.189392	0.00933022	2.358592	0.8346575
27948	-3900.238	-4162.645	262.407	0.654326	0.49319	0.270005	0.203262	0.0335426	2.358592	0.8580903
27954	-3919.951	-4179.964	260.0132	0.8110036	0.552677	0.23543	0.151854	0.0600389	1.421322	3.079881
27960	-3913.664	-4176.155	262.4912	0.5767279	0.379396	0.400579	0.202713	0.0173115	2.441514	0.7440343
27966	-3920.597	-4183.175	262.5774	0.5244635	0.553255	0.264024	0.158332	0.0243888	2.439025	0.6949962
27972	-3922.102	-4184.749	262.6468	0.497597	0.31544	0.442733	0.199102	0.0427255	2.405735	0.6781878
27978	-3901.985	-4164.616	262.6304	0.4888604	0.326348	0.458042	0.205987	0.00962388	2.357771	0.7927796
27984	-3901.067	-4163.704	262.6372	0.4888604	0.323493	0.454036	0.204185	0.0182865	2.357771	0.7834677
27990	-3901.791	-4164.339	262.5488	0.5317311	0.502488	0.326504	0.140121	0.030886	2.442622	0.7248635
27996	-3896.295	-4158.745	262.4501	0.5317311	0.340122	0.451902	0.203128	0.00484852	2.457865	0.8407096
28002	-3890.523	-4153.128	262.6053	0.4594987	0.43591	0.278332	0.276398	0.00936119	2.289427	0.9376116
28008	-3883.505	-4145.994	262.4883	0.5808274	0.383151	0.241727	0.314169	0.0609523	2.261434	0.9616641
28014	-3879.582	-4142.013	262.4304	0.5286653	0.451411	0.312525	0.147376	0.0886881	2.205653	1.122989
28020	-3888.839	-4151.376	262.5369	0.5155395	0.466096	0.33468	0.124377	0.0748476	2.167586	1.072366
28026	-3890.413	-4152.804	262.3915	0.6208863	0.33195	0.422948	0.211289	0.0338133	2.084586	1.179615
28032	-3892.967	-4155.267	262.3009	0.6208863	0.375794	0.450969	0.134957	0.0382793	2.180945	1.174624
28038	-3884.845	-4147.26	262.4151	0.5027456	0.341391	0.349844	0.264993	0.0437714	2.188757	1.174624
28044	-3883.896	-4146.334	262.438	0.4565553	0.347761	0.356372	0.251279	0.0445881	2.229071	1.158672
28050	-3886.333	-4148.683	262.3495	0.606458	0.401774	0.277767	0.269198	0.0512604	2.302344	1.032947
28056	-3882.907	-4145.485	262.578	0.4907379	0.355678	0.29763	0.288448	0.0582447	2.204805	1.021019
28062	-3894.364	-4156.726	262.3626	0.5777223	0.493793	0.299558	0.125788	0.0808621	2.244295	1.10352
28068	-3893.004	-4155.328	262.3244	0.5777223	0.432976	0.262664	0.21832	0.0860397	2.171325	1.201744
28074	-3885.962	-4148.401	262.4392	0.5646292	0.449588	0.272741	0.21088	0.0667908	2.218452	1.069054
28080	-3889.729	-4152.239	262.5107	0.5096957	0.333297	0.377258	0.210034	0.0794101	2.246234	1.027841
28086	-3910.231	-4172.664	262.4328	0.5924256	0.376004	0.297464	0.236947	0.0895852	2.195027	1.069851
28092	-3928.348	-4188.666	260.3173	0.8669378	0.459658	0.218129	0.24424	0.0779729	1.607233	2.74895
28098	-3917.509	-4177.692	260.1834	0.9907254	0.46925	0.188164	0.249336	0.0932497	1.568866	2.777112
28104	-3919.373	-4181.62	262.247	0.5392767	0.548706	0.236452	0.159723	0.0551185	2.053266	1.39333
28110	-3914.719	-4174.22	259.5002	0.8351142	0.484148	0.236851	0.167918	0.111083	1.507168	3.318136
28116	-3896.203	-4155.001	258.7976	0.8351142	0.443018	0.29354	0.208108	0.0553334	1.352565	3.816737
28122	-3907.589	-4165.848	258.2588	0.8678447	0.456943	0.26665	0.215857	0.0605499	1.329579	4.118722
28128	-3904.18	-4163.553	259.3729	0.8157171	0.533834	0.142689	0.237364	0.0861134	1.353858	3.494411
28134	-3912.857	-4173.084	260.2261	0.7846017	0.480592	0.194482	0.219199	0.105728	1.424259	2.967129
28140	-3908.375	-4167.839	259.464	0.7280066	0.499632	0.202187	0.227883	0.0702984	1.331045	3.508411
28146	-3896.369	-4156.554	260.1845	0.779746	0.546321	0.219518	0.176756	0.0574052	1.510104	2.943616
28152	-3909.235	-4169.353	260.1183	0.615626	0.423385	0.279001	0.224653	0.0729606	1.489682	3.09947
28158	-3903.376	-4162.92	259.5446	0.8583657	0.496521	0.22821	0.214685	0.060583	1.525967	3.266625
28164	-3904.702	-4164.427	259.7253	0.8702973	0.461922	0.237649	0.223565	0.0768645	1.564432	3.129421
28170	-3904.78	-4164.474	259.6947	0.8717267	0.470173	0.235111	0.20113	0.0935857	1.497738	3.186332
28176	-3894.306	-4153.832	259.5259	0.9201791	0.47016	0.217307	0.227737	0.084796	1.481684	3.266287
28182	-3899.761	-4160.2	260.4391	0.8344882	0.453458	0.246504	0.246125	0.0539129	1.496072	2.763016
28188	-3907.881	-4167.629	259.7477	0.7715582	0.45209	0.256279	0.272261	0.0193708	1.510026	3.209593
28194	-3897.191	-4157.704	260.5132	0.5030543	0.488842	0.277113	0.2131	0.0209455	1.544887	2.899102
28200	-3891.572	-4151.463	259.8916	0.6546944	0.456115	0.365388	0.133468	0.0450289	1.568125	3.163122
28206	-3920.045	-4180.492	260.4473	0.601141	0.456115	0.365388	0.133468	0.0450289	1.546918	2.876634
28212	-3906.994	-4166.483	259.4883	0.7202419	0.503391	0.236954	0.205988	0.0536674	1.394067	3.462249
28218	-3888.25	-4147.937	259.6864	0.9211608	0.531926	0.15699	0.276773	0.0343105	1.501053	3.159189
28224	-3895.311	-4155.268	259.957	0.6557341	0.444855	0.269559	0.267484	0.0181016	1.467744	3.18322
28230	-3893.221	-4153.874	260.6528	0.6557341	0.462718	0.177771	0.340683	0.0188285	1.512579	2.737497
28236	-3894.711	-4155.395	260.6848	0.613063	0.443337	0.322225	0.216398	0.0180399	1.656334	2.657263
28242	-3894.298	-4155.14	260.8422	0.7916622	0.46066	0.239802	0.174917	0.124621	1.640346	2.452023
28248	-3893.72	-4154.305	260.5853	0.7916622	0.506273	0.16453	0.192236	0.13696	1.618454	2.625577
28254	-3895.648	-4156.465	260.8172	0.7916622	0.536502	0.174354	0.219213	0.0699314	1.706305	2.426272
28260	-3906.068	-4167.626	261.5582	0.4957698	0.32956	0.407266	0.233878	0.0292957	1.721696	2.140035
28266	-3902.039	-4163.09	261.0504	0.7339447	0.499692	0.302217	0.17604	0.0220509	1.674982	2.336964
28272	-3895.527	-4156.672	261.1445	0.8423403	0.481218	0.27488	0.199622	0.0442801	1.771516	2.140992
28278	-3879.883	-4140.577	260.6939	0.8423403	0.494684	0.20617	0.231465	0.0676812	1.766207	2.432827
28284	-3908.34	-4169.175	260.835	0.7365334	0.460442	0.205402	0.215443	0.118712	1.736112	2.432827
28290	-3889.019	-4149.843	260.8245	0.718613	0.473604	0.260431	0.170038	0.0959265	1.7123	2.46627
28296	-3885.399	-4146.584	261.1849	0.9098652	0.473021	0.260111	0.219667	0.0472011	1.817176	2.038602
28302	-3897.17	-4159.316	262.1466	0.5612556	0.414034	0.315203	0.219723	0.0510399	1.940545	1.537888
28308	-3887.007	-4148.978	261.9704	0.7303351	0.445641	0.332232	0.166083	0.0560437	1.991957	1.498052
28314	-3886.656	-4148.78	262.1247	0.6248458	0.509502	0.209931	0.213803	0.0667641	1.956331	1.492805
28320	-3880.33	-4142.017	261.6865	0.8104564	0.432145	0.279966	0.22054	0.06735	1.865525	1.73428
28326	-3880.672	-4142.246	261.5744	0.5378733	0.465664	0.314452	0.105845	0.114039	1.795123	2.05324
28332	-3880.183	-4141.637	261.4532	0.5378733	0.465664	0.314452	0.105845	0.114039	1.737154	2.170618
28338	-3878.347	-4139.673	261.3259	0.7353667	0.437576	0.339317	0.123418	0.0996891	1.658208	2.169709
28344	-3885.822	-4146.259	260.4375	0.6752014	0.419316	0.330892	0.229964	0.0198279	1.579707	2.815271
28350	-3878.689	-4138.628	259.9389	0.577757	0.46245	0.272084	0.253621	0.0118453	1.606993	3.160009
28356	-3880.452	-4139.76	259.3075	0.6709563	0.432479	0.25445	0.237184	0.075887	1.528998	3.519475
28362	-3888.353	-4146.984	258.6306	0.6709563	0.554912	0.201426	0.179522	0.0641409	1.356206	4.009507
28368	-3904.318	-4163.717	259.3991	0.6843852	0.584466	0.19576	0.172976	0.0467976	1.356206	3.558504
28374	-3901.648	-4160.684	259.0363	0.7386319	0.475572	0.252233	0.194811	0.0773842	1.496974	3.654049
28380	-3887.412	-4147.205	259.793	0.6504505	0.466471	0.247406	0.191083	0.0950403	1.465439	3.284895
28386	-3884.571	-4145.239	260.6677	0.6324829	0.432454	0.319486	0.199093	0.0489666	1.571742	2.707154
28392	-3906.13	-4167.819	261.6888	0.7291846	0.416022	0.320626	0.25414	0.00921131	1.933007	1.745342
28398	-3903.206	-4165.222	262.0156	0.7315156	0.408222	0.318126	0.252158	0.0214939	1.933007	1.507444
28404	-3915.093	-4177.364	262.271	0.5321096	0.361717	0.42257	0.169486	0.0462273	1.919221	1.483294
28410	-3896.391	-4157.221	260.8298	0.6088192	0.398701	0.36948	0.169789	0.0620307	1.605257	2.602011
28416	-3891.064	-4152.242	261.1786	0.450074	0.301561	0.38895	0.226675	0.0828136	1.628748	2.470078
28422	-3880.047	-4141.026	260.9789	0.6305273	0.336391	0.369554	0.215372	0.0786839	1.645106	2.470078
28428	-3895.704	-4156.902	261.198	0.6131122	0.401507	0.24749	0.257062	0.0939411	1.742988	2.280939
28434	-3900.967	-4161.854	260.8863	0.6409695	0.454627	0.249565	0.259217	0.0365905	1.742988	2.459867
28440	-3893.362	-4154.991	261.6286	0.6430397	0.457271	0.255828	0.260725	0.0261757	1.742988	1.978806
28446	-3901.659	-4163.451	261.7919	0.6640645	0.413768	0.295794	0.271821	0.018617	1.914776	1.734132
28452	-3890.825	-4152.834	262.0098	0.5816181	0.475375	0.278216	0.237984	0.00842363	1.914776	1.64109
28458	-3891.328	-4153.192	261.8636	0.7334206	0.484657	0.264853	0.242631	0.00785835	1.920633	1.62664
28464	-3898.536	-4160.909	262.3736	0.4906415	0.358164	0.39604	0.240473	0.00532319	1.977752	1.39168
28470	-3899.407	-4161.539	262.1323	0.6112867	0.370564	0.33171	0.291395	0.00633095	1.977752	1.481657
28476	-3895.168	-4157.261	262.0928	0.5620893	0.4262	0.261433	0.305725	0.00664229	1.976197	1.550695
28482	-3897.389	-4159.525	262.1362	0.5620893	0.370733	0.274682	0.266457	0.0881287	2.024425	1.482342
28488	-3890.124	-4152.516	262.3919	0.5657395	0.368395	0.388696	0.155336	0.0875729	2.024425	1.278679
28494	-3903.486	-4165.354	261.8678	0.752316	0.423065	0.377398	0.133728	0.065809	1.874047	1.642833
28500	-3895.167	-4157.155	261.9878	0.752316	0.522181	0.191684	0.204907	0.0812268	2.032487	1.43647
28506	-3896.978	-4159.049	262.071	0.6790877	0.423351	0.317534	0.216164	0.0429516	1.989994	1.464583
28512	-3902.91	-4164.79	261.8805	0.6086855	0.366681	0.352805	0.240175	0.0403383	1.989994	1.659503
28518	-3914.826	-4176.537	261.7109	0.6905078	0.384436	0.369888	0.154166	0.0915106	1.927001	1.762683
28524	-3888.163	-4149.854	261.6914	0.5896702	0.478653	0.270089	0.179976	0.0712819	1.841624	1.90799
28530	-3896.028	-4157.567	261.5395	0.705085	0.483882	0.274877	0.200756	0.0404857	1.841624	1.92826
28536	-3888.402	-4150.153	261.7515	0.6827544	0.417816	0.306386	0.178791	0.0970066	1.653254	1.92826
28542	-3887.665	-4149.333	261.6687	0.5850941	0.378995	0.348684	0.242248	0.0300728	1.853201	1.918728
28548	-3872.504	-4133.953	261.4492	0.8542933	0.489178	0.296307	0.184176	0.0303394	1.853201	1.875357
28554	-3896.236	-4158.104	261.8684	0.8542933	0.494737	0.290343	0.0963259	0.118594	2.043218	1.437942
28560	-3901.711	-4164.051	262.3401	0.6351023	0.379033	0.331732	0.229206	0.0600287	2.232681	1.079328
28566	-3887.691	-4149.905	262.2147	0.7568646	0.379033	0.331732	0.229206	0.0600287	2.254939	1.055201
28572	-3893.711	-4156.035	262.324	0.6238307	0.434886	0.380616	0.145554	0.0389442	2.209128	1.126512
28578	-3894.251	-4156.448	262.1973	0.7931368	0.544989	0.242993	0.163214	0.048804	2.190832	1.095674
28584	-3894.897	-4156.863	261.9662	0.8142913	0.481777	0.275498	0.185047	0.057679	2.171251	1.292596
28590	-3882.777	-4144.518	261.741	0.7909913	0.474657	0.15524	0.328955	0.041148	1.834494	1.73212
28596	-3883.364	-4144.628	261.2638	0.7398257	0.590179	0.210652	0.175089	0.0240795	1.747839	2.148751
28602	-3905.56	-4167.534	261.9738	0.6948292	0.462578	0.300495	0.177673	0.0592535	2.061067	1.471707
28608	-3888.785	-4150.671	261.8862	0.7685742	0.490144	0.287243	0.159829	0.0627845	2.011283	1.516356
28614	-3890.853	-4152.424	261.5709	0.8162274	0.321152	0.329377	0.274547	0.0749232	1.845641	1.824284
28620	-3891.365	-4153.123	261.7579	0.6379351	0.359765	0.368978	0.222466	0.0487905	1.898573	1.788491
28626	-3895.578	-4157.36	261.7815	0.8022488	0.42603	0.296648	0.22744	0.0498814	1.916081	1.636862
28632	-3890.308	-4152.198	261.8896	0.683495	0.439601	0.29277	0.224467	0.0431621	1.914981	1.650049
28638	-3891.914	-4153.679	261.7645	0.7343943	0.442103	0.294437	0.225745	0.037715	1.872699	1.73062
28644	-3899.654	-4161.664	262.0098	0.5099264	0.435802	0.316631	0.207008	0.0405579	1.96042	1.661149
28650	-3901.635	-4163.426	261.7911	0.6339672	0.522827	0.167258	0.248346	0.0615688	1.994293	1.701087
28656	-3906.613	-4168.282	261.6688	0.8441681	0.570765	0.20873	0.15329	0.0672141	1.895142	1.701087
28662	-3891.158	-4152.635	261.4772	0.8441681	0.491817	0.282026	0.156936	0.0692202	1.837268	1.874312
28668	-3887.097	-4148.363	261.2667	0.811638	0.535746	0.15163	0.210453	0.102171	1.837268	2.038476
28674	-3893.576	-4155.415	261.839	0.7151622	0.62708	0.137101	0.196441	0.0393789	1.866891	1.696531
28680	-3888.549	-4150.258	261.7087	0.7054178	0.405089	0.30334	0.182891	0.10868	1.915787	1.761002
28686	-3889.371	-4151.212	261.841	0.7054178	0.557157	0.274478	0.0785272	0.0898378	1.873566	1.697682
28692	-3873.207	-4134.752	261.5454	0.7370761	0.400709	0.329143	0.178395	0.0917541	1.871771	1.880825
28698	-3896.449	-4158.274	261.8252	0.683751	0.510795	0.262718	0.170452	0.056035	1.938445	1.679103
28704	-3898.613	-4159.978	261.3656	0.8051375	0.534356	0.198204	0.227573	0.0398669	1.840226	1.975211
28710	-3895.26	-4157.039	261.7782	0.7808214	0.536864	0.199134	0.22864	0.0353617	1.84433	1.70647
28716	-3909.351	-4170.738	261.3866	0.7453822	0.494037	0.183249	0.207054	0.11566	1.831953	2.008672
28722	-3896.627	-4157.91	261.2829	0.857247	0.468587	0.192467	0.217469	0.121478	1.71683	2.075981
28728	-3885.9	-4147.022	261.1215	0.857247	0.501917	0.157579	0.247758	0.0927458	1.677497	2.206944
28734	-3881.881	-4142.786	260.905	0.7780557	0.460926	0.206265	0.256839	0.0759699	1.537536	2.486035
28740	-3887.434	-4147.565	260.1305	0.8488468	0.481108	0.171512	0.268085	0.0792961	1.593422	2.882307
28746	-3875.451	-4135.88	260.4292	0.65022	0.322354	0.438905	0.190686	0.0480553	1.503904	2.882307
28752	-3882.467	-4143.699	261.2324	0.4416628	0.306613	0.440466	0.191364	0.061558	1.538082	2.498031
28758	-3884.56	-4145.823	261.2629	0.7040539	0.487823	0.302601	0.174282	0.0352937	1.68501	2.214646
28764	-3908.214	-4170.337	262.1227	0.5324723	0.478251	0.252374	0.255959	0.0134156	2.015462	1.522037
28770	-3908.364	-4168.578	260.2143	0.7590902	0.4814	0.345199	0.117914	0.0554866	1.58545	2.893286
28776	-3899.876	-4160.094	260.2176	0.8868052	0.521028	0.264083	0.119203	0.0956866	1.534416	2.841531
28782	-3895.138	-4155.641	260.5038	0.6614042	0.455741	0.221394	0.236044	0.0868214	1.568238	2.790766
28788	-3900.266	-4161.282	261.0155	0.8420571	0.446921	0.224982	0.239869	0.0882285	1.739628	2.245382
28794	-3893.739	-4155.218	261.479	0.8524276	0.573429	0.289111	0.0629065	0.0745534	1.700801	1.959564
28800	-3908.809	-4170.089	261.2799	0.9535715	0.494694	0.248194	0.192795	0.0643169	1.796187	1.959564
28806	-3900.03	-4161.449	261.4186	0.8558001	0.600373	0.139763	0.223647	0.036218	1.757773	1.959564
28812	-3893.754	-4155.034	261.2792	0.8831745	0.577072	0.173149	0.214967	0.0348123	1.868837	1.959564
28818	-3901.15	-4161.868	260.7174	1.024715	0.541774	0.162558	0.201818	0.0938499	1.63369	2.384516
28824	-3890.894	-4151.285	260.3917	1.097954	0.52151	0.241652	0.124293	0.112545	1.630219	2.545859
28830	-3889.754	-4150.405	260.6507	0.8382606	0.531204	0.267645	0.16456	0.0365911	1.633013	2.545859
28836	-3903.192	-4164.077	260.8845	0.7437824	0.491207	0.251248	0.227585	0.0299591	1.671985	2.437246
28842	-3888.472	-4148.998	260.5257	0.8348174	0.547773	0.177229	0.189546	0.0854513	1.577963	2.659481
28848	-3892.797	-4153.285	260.4884	0.895683	0.645021	0.18938	0.133498	0.032101	1.727925	2.550847
28854	-3897.887	-4158.557	260.6696	0.9676331	0.413888	0.23222	0.28529	0.0686012	1.700512	2.408642
28860	-3892.413	-4153.507	261.0936	0.8551605	0.445634	0.250032	0.230472	0.073863	1.732756	2.190607
28866	-3889.925	-4151.226	261.3008	0.7537837	0.528264	0.15243	0.231748	0.0875588	1.838893	2.055088
28872	-3895.281	-4156.052	260.7709	0.7563564	0.538561	0.155401	0.236265	0.0697733	1.681973	2.49391
28878	-3894.253	-4154.83	260.5773	0.8676643	0.513177	0.257431	0.139826	0.0895655	1.794164	2.472033
28884	-3897.659	-4158.518	260.8585	0.6151936	0.41322	0.333034	0.1828	0.0709463	1.687341	2.529043
28890	-3892.875	-4153.316	260.4414	0.67288	0.388248	0.355819	0.17019	0.0857419	1.559998	2.826359
28896	-3890.875	-4151.412	260.5369	0.6370304	0.376793	0.37418	0.165598	0.0834285	1.590695	2.772645
28902	-3891.889	-4152.067	260.1785	0.8507569	0.600661	0.165164	0.173564	0.060611	1.545788	2.880868
28908	-3896.895	-4156.687	259.7924	0.8308156	0.50272	0.138233	0.30832	0.050728	1.545788	3.124944
28914	-3888.93	-4149.813	260.8828	0.8318834	0.556651	0.208553	0.124015	0.110781	1.647324	2.395556
28920	-3895.213	-4155.501	260.2879	0.9319605	0.553557	0.239555	0.0796392	0.127249	1.55616	2.757354
28926	-3901.084	-4161.432	260.3484	0.7407617	0.452058	0.195631	0.248394	0.103917	1.481285	2.886902
28932	-3894.515	-4155.468	260.9531	0.6343633	0.523285	0.242076	0.185122	0.0495167	1.60702	2.507518
28938	-3896.424	-4157.045	260.6212	0.937671	0.569136	0.201408	0.152056	0.0773997	1.587105	2.529089
28944	-3897.881	-4158.024	260.1426	0.9403497	0.442072	0.232556	0.215618	0.109754	1.617809	2.803152
28950	-3898.112	-4158.69	260.5783	0.6351506	0.373775	0.333038	0.18841	0.104777	1.619943	2.730692
28956	-3909.358	-4170.405	261.0469	0.7633552	0.523837	0.209002	0.24111	0.0260514	1.58534	2.37636
28962	-3899.199	-4159.837	260.6379	0.7959572	0.459484	0.181252	0.316712	0.0425515	1.711995	2.532156
28968	-3899.224	-4159.872	260.6485	0.8826916	0.416133	0.164151	0.286831	0.132885	1.682141	2.487876
28974	-3917.789	-4178.001	260.2122	0.8670573	0.479648	0.218014	0.182904	0.119434	1.576696	2.831472
28980	-3901.822	-4162.133	260.3116	1.094878	0.478207	0.217359	0.185358	0.119075	1.585644	2.625039
28986	-3880.928	-4141.628	260.6997	0.7648966	0.39006	0.322446	0.199088	0.0884063	1.655977	2.548866
28992	-3880.334	-4140.221	259.8872	0.6277558	0.378766	0.377445	0.225087	0.0187015	1.496417	3.225094
28998	-3887.477	-4147.103	259.6251	0.5490729	0.394015	0.289122	0.276594	0.0402686	1.428403	3.467546
29004	-3877.897	-4138.622	260.7244	0.8037607	0.434815	0.207326	0.305235	0.0526241	1.830364	2.398522
29010	-3886.536	-4147.318	260.7817	0.8340829	0.447112	0.21319	0.240844	0.0988541	1.853382	2.327536
29016	-3891.763	-4152.78	261.0165	0.8565351	0.463446	0.254676	0.238728	0.0431505	1.690036	2.266952
29022	-3892.836	-4154.279	261.4432	0.6220157	0.503632	0.218595	0.243576	0.0341977	1.797982	2.080073
29028	-3882.172	-4143.975	261.803	0.704414	0.419579	0.328437	0.184088	0.0678962	1.756159	1.807157
29034	-3895.34	-4155.854	260.5149	0.6493356	0.503877	0.237047	0.221073	0.0380026	1.616329	2.762506
29040	-3899.063	-4159.547	260.4835	0.8060542	0.407145	0.288336	0.245742	0.0587764	1.5816	2.701671
29046	-3887.709	-4148.091	260.382	0.8076026	0.457779	0.324195	0.15194	0.066086	1.46698	2.832591
29052	-3886.127	-4146.69	260.5629	0.5852356	0.459004	0.253169	0.233526	0.054301	1.611244	2.777456
29058	-3884.002	-4145.075	261.0728	0.6357888	0.401225	0.307156	0.237564	0.0540555	1.62162	2.422333
29064	-3880.723	-4141.155	260.4318	0.8011368	0.431442	0.291655	0.225575	0.0513277	1.656239	2.690745
29070	-3884.821	-4144.945	260.1241	0.7687077	0.41928	0.283434	0.219217	0.0780691	1.583435	2.942834
29076	-3880.731	-4141.797	261.0659	0.7265958	0.371284	0.335655	0.189951	0.103111	1.78487	2.261792
29082	-3891.238	-4152.09	260.8526	0.6317519	0.376136	0.366263	0.13548	0.122121	1.644591	2.548472
29088	-3898.979	-4159.237	260.2579	0.5750995	0.406325	0.358808	0.132722	0.102145	1.473904	3.05086
29094	-3901.478	-4163.159	261.6809	0.8044567	0.469313	0.19314	0.188237	0.149311	1.963981	1.67299
29100	-3884.198	-4145.931	261.7324	0.6415387	0.394326	0.282699	0.215804	0.107171	1.772843	1.889779
29106	-3883.399	-4144.566	261.1667	0.5440874	0.331221	0.359771	0.198382	0.110626	1.74352	2.346482
29112	-3898.153	-4159.455	261.3021	0.5864915	0.424431	0.230679	0.254209	0.0906805	1.71671	2.248969
29118	-3892.766	-4154.139	261.3729	0.8561862	0.510271	0.173928	0.239841	0.0759596	1.727218	2.010212
29124	-3912.793	-4173.603	260.8102	0.6771259	0.499195	0.202086	0.231486	0.0672328	1.629045	2.554656
29130	-3902.274	-4162.87	260.5956	0.8816264	0.505306	0.20456	0.234319	0.0558145	1.629045	2.554656
29136	-3911.568	-4171.887	260.319	0.9953468	0.57657	0.13099	0.228754	0.0636861	1.629045	2.654309
29142	-3913.419	-4173.885	260.4664	0.8932879	0.593314	0.14133	0.179119	0.0862373	1.585173	2.654309
29148	-3881.446	-4141.961	260.5153	0.8466945	0.548598	0.213246	0.208815	0.0293415	1.685617	2.591813
29154	-3885.547	-4146.253	260.7061	0.754583	0.499982	0.181842	0.298326	0.0198511	1.638352	2.562646
29160	-3887.356	-4147.345	259.9886	0.63996	0.413511	0.250013	0.319707	0.0167691	1.421514	3.201805
29166	-3900.405	-4160.283	259.8776	0.6523025	0.426822	0.175061	0.382744	0.0153723	1.288115	3.338362
29172	-3887.92	-4147.35	259.4307	0.8255768	0.515034	0.105058	0.365994	0.0139139	1.354216	3.454452
29178	-3892.023	-4152.063	260.0396	0.8584912	0.474813	0.163061	0.322507	0.0396196	1.598932	2.927814
29184	-3892.903	-4153.692	260.7892	0.8464583	0.458243	0.175925	0.302392	0.0634412	1.598932	2.475355
29190	-3911.192	-4172.475	261.2827	0.7572219	0.539051	0.204591	0.189466	0.0668916	1.77939	2.103729
29196	-3912.413	-4173.598	261.1851	0.92549	0.491079	0.171118	0.227368	0.110435	1.77939	2.052949
29202	-3897.482	-4158.567	261.0849	0.7619234	0.381041	0.318709	0.223244	0.0770062	1.687958	2.287838
29208	-3901.172	-4162.518	261.3454	0.7449462	0.533989	0.240163	0.168226	0.0576232	1.834062	2.034916
29214	-3891.229	-4152.801	261.572	0.8402137	0.495634	0.229137	0.161349	0.113879	1.877777	1.784003
29220	-3887.269	-4148.941	261.6715	0.8199762	0.54151	0.193359	0.171195	0.0939364	1.753186	1.815959
29226	-3896.659	-4158.016	261.3564	0.9497159	0.61396	0.13756	0.160444	0.0880372	1.772563	1.926589
29232	-3896.59	-4157.181	260.5913	0.8053041	0.533796	0.187268	0.163993	0.114944	1.609204	2.6188
29238	-3893.649	-4154.316	260.6673	0.7754147	0.503293	0.176567	0.211765	0.108375	1.552339	2.626323
29244	-3891.545	-4152.011	260.4658	0.688193	0.420304	0.264547	0.258815	0.0563333	1.552339	2.806325
29250	-3885.181	-4145.795	260.6136	0.688193	0.402678	0.351327	0.171182	0.0748126	1.531711	2.728711
29256	-3888.884	-4149.352	260.4681	0.7773595	0.649056	0.104042	0.205841	0.0410605	1.582978	2.728711
29262	-3890.04	-4151.151	261.1105	0.9139203	0.505435	0.22911	0.204925	0.0605294	1.767091	2.117828
29268	-3888.757	-4149.881	261.1235	0.8009894	0.511076	0.225672	0.20185	0.0614019	1.727842	2.210995
29274	-3889.898	-4150.379	260.4816	0.7911189	0.486725	0.219117	0.241588	0.0525705	1.618005	2.690104
29280	-3901.438	-4161.829	260.3906	0.9388463	0.485704	0.158857	0.258964	0.0964752	1.58374	2.673196
29286	-3893.479	-4154.102	260.6224	0.8092328	0.446735	0.258482	0.240798	0.0539864	1.664784	2.562536
29292	-3895.53	-4156.602	261.0721	0.6725214	0.463376	0.26811	0.208291	0.0602225	1.660726	2.37351
29298	-3889.746	-4151.328	261.5818	0.5844064	0.366508	0.389516	0.189973	0.0540036	1.854289	1.976927
29304	-3904.723	-4166.809	262.0861	0.6240468	0.365714	0.388672	0.155982	0.0896317	1.771763	1.656954
29310	-3904.291	-4165.137	260.8465	0.7062256	0.529337	0.276751	0.191978	0.00193409	1.7651	2.427514
29316	-3897.052	-4157.943	260.8904	0.6756913	0.538276	0.281425	0.177538	0.00276114	1.7651	2.420241
29322	-3886.985	-4147.336	260.3517	0.7672491	0.412915	0.421519	0.151317	0.0142497	1.716848	2.724528
29328	-3901.508	-4162.28	260.7713	0.7406329	0.551592	0.145154	0.276996	0.0262582	1.653922	2.521499
29334	-3895.239	-4156.077	260.8381	0.7615816	0.361865	0.300966	0.310297	0.0268717	1.605415	2.496262
29340	-3899.831	-4161.098	261.267	0.8609271	0.540195	0.242289	0.174401	0.0431154	1.837728	2.003911
29346	-3901.572	-4162.68	261.1079	0.8604602	0.4823	0.245669	0.202765	0.0692663	1.849516	2.10162
29352	-3898.23	-4159.42	261.1898	0.6616341	0.419676	0.343614	0.176437	0.0602724	1.740088	2.2552
29358	-3892.53	-4154.363	261.8326	0.5086104	0.429932	0.279986	0.255668	0.0344149	1.769225	1.917833
29364	-3900.835	-4162.197	261.3619	0.7981083	0.565814	0.238747	0.140212	0.0552274	1.703363	2.073413
29370	-3886.224	-4147.291	261.0668	0.7317884	0.523755	0.219681	0.225626	0.0309378	1.708422	2.306648
29376	-3894.597	-4156.132	261.5352	0.8017451	0.484485	0.142643	0.271988	0.100884	1.819057	1.87736
29382	-3891.148	-4152.617	261.4687	0.7011107	0.527724	0.114478	0.318696	0.0391023	1.826825	1.988568
29388	-3885.383	-4146.926	261.5425	0.6601162	0.562152	0.121947	0.279173	0.0367283	1.796454	1.988568
29394	-3893.234	-4154.855	261.6208	0.7230402	0.460636	0.260098	0.228758	0.0505074	1.738079	1.930411
29400	-3897.029	-4158.126	261.0977	0.8970863	0.443216	0.217775	0.216305	0.122704	1.772163	2.134206
29406	-3890.524	-4151.312	260.7885	0.8005247	0.558873	0.219004	0.192791	0.0293322	1.724683	2.426903
29412	-3883.185	-4144.461	261.2763	0.6788381	0.526688	0.211014	0.185757	0.076541	1.709758	2.207272
29418	-3883.363	-4145.171	261.8085	0.6879346	0.527903	0.232688	0.208793	0.0306156	1.82056	1.770758
29424	-3878.601	-4140.16	261.5591	0.761553	0.509187	0.321544	0.119045	0.0502242	1.874993	1.85163
29430	-3884.884	-4146.826	261.9418	0.5703287	0.393295	0.330492	0.246115	0.0300987	1.941721	1.678839
29436	-3875.089	-4137.067	261.9771	0.6339667	0.391993	0.329398	0.2453	0.0333086	1.916772	1.623553
29442	-3880.273	-4142.144	261.8709	0.6116732	0.432389	0.363343	0.118762	0.0855064	1.871984	1.747566
29448	-3875.071	-4136.921	261.8502	0.7641268	0.432389	0.363343	0.118762	0.0855064	1.914904	1.617032
29454	-3887.068	-4148.751	261.683	0.8778241	0.478921	0.294828	0.131542	0.0947083	1.871193	1.683255
29460	-3894.078	-4155.587	261.5089	0.8587652	0.509422	0.200548	0.188698	0.101333	1.842321	1.838793
29466	-3899.234	-4160.793	261.5589	0.7436643	0.487592	0.288407	0.119793	0.104209	1.842321	1.887003
29472	-3909.707	-4170.475	260.768	0.9177992	0.513686	0.216576	0.175504	0.094234	1.712764	2.370678
29478	-3896.55	-4157.585	261.0351	0.7759466	0.427375	0.256111	0.233512	0.0830025	1.712764	2.294384
29484	-3900.823	-4161.4	260.5761	0.9915406	0.444661	0.226022	0.242957	0.0863597	1.955875	2.290522
29490	-3891.622	-4153.042	261.4198	0.8157804	0.441198	0.224262	0.241065	0.0934758	1.872575	1.90941
29496	-3903.634	-4165.276	261.6418	0.7860943	0.439833	0.29784	0.240319	0.0220075	1.926513	1.740731
29502	-3879.986	-4141.513	261.5277	0.7860943	0.427565	0.283934	0.243786	0.0447148	1.975803	1.785952
29508	-3883.165	-4144.876	261.7111	0.7272885	0.442866	0.294095	0.237396	0.0256434	1.853616	1.786524
29514	-3887.853	-4148.218	260.3653	0.8083965	0.468421	0.331845	0.088587	0.111146	1.56764	2.780999
29520	-3891.596	-4151.259	259.6625	0.8468122	0.460142	0.343655	0.0870212	0.109182	1.51348	3.211392
29526	-3906.932	-4166.803	259.8715	0.8899542	0.487277	0.325372	0.0918489	0.0955021	1.580035	3.020696
29532	-3911.601	-4171.944	260.3426	0.9281962	0.461514	0.347137	0.100663	0.0906865	1.611137	2.692509
29538	-3906.301	-4166.735	260.4342	0.7410254	0.401775	0.429639	0.125631	0.0429546	1.611154	2.755633
29544	-3902.73	-4164.994	262.2641	0.618022	0.51405	0.247961	0.200079	0.037909	2.168625	1.219341
29550	-3916.272	-4176.752	260.4803	0.8462454	0.476527	0.278108	0.15969	0.0856747	1.608999	2.66101
29556	-3896.006	-4156.413	260.4071	0.8704764	0.544587	0.205511	0.196149	0.0537531	1.617573	2.685333
29562	-3910.559	-4171.53	260.9707	0.8704764	0.456279	0.319489	0.138024	0.0862082	1.617573	2.33329
29568	-3903.562	-4164.506	260.9439	0.7411724	0.425346	0.283096	0.211194	0.0803638	1.7858	2.329362
29574	-3895.609	-4155.897	260.2881	0.8347045	0.471096	0.17905	0.282163	0.0676913	1.604865	2.788591
29580	-3908.211	-4168.252	260.0412	0.849525	0.444617	0.237402	0.266304	0.0516776	1.422695	3.038357
29586	-3881.365	-4140.261	258.8962	0.6855287	0.546677	0.237066	0.143961	0.0722964	1.381256	3.834097
29592	-3892.223	-4150.877	258.6543	0.9112393	0.434589	0.35419	0.139698	0.0715229	1.42365	3.813065
29598	-3903.469	-4162.372	258.9035	0.9715876	0.595486	0.126465	0.233213	0.0448358	1.34328	3.68028
29604	-3895.849	-4154.893	259.0444	0.9715876	0.543048	0.108917	0.293546	0.0544885	1.322418	3.610728
29610	-3889.331	-4149.591	260.2605	0.9060543	0.47419	0.23617	0.242061	0.0475794	1.469042	2.843164
29616	-3880.724	-4140.645	259.9204	0.7158014	0.509983	0.227443	0.227202	0.0353717	1.443145	3.1818
29622	-3889.992	-4150.543	260.5509	0.8133538	0.591486	0.197934	0.190304	0.020276	1.447605	2.73776
29628	-3894.759	-4155.31	260.5512	0.700147	0.412461	0.236463	0.32348	0.0275959	1.566655	2.73776
29634	-3887.645	-4148.127	260.4812	0.9015335	0.445892	0.286142	0.216653	0.0513131	1.551351	2.660833
29640	-3898.326	-4158.452	260.1257	0.6986978	0.561405	0.168777	0.123861	0.145957	1.554413	3.003761
29646	-3894.386	-4153.917	259.5308	0.8695701	0.555146	0.178045	0.12248	0.144329	1.404132	3.339733
29652	-3894.732	-4154.572	259.8404	0.6841714	0.393792	0.321372	0.168323	0.116513	1.446232	3.247146
29658	-3901.05	-4159.472	258.422	0.7352431	0.464496	0.213884	0.198544	0.123077	1.333781	4.102472
29664	-3905.686	-4164.511	258.8244	0.6859343	0.471188	0.220256	0.225476	0.0830803	1.313588	3.913937
29670	-3887.564	-4146.807	259.2438	0.7447549	0.56259	0.170119	0.214963	0.0523282	1.394473	3.589362
29676	-3891.102	-4150.64	259.5374	0.8640239	0.551348	0.102429	0.29494	0.0512826	1.386774	3.349402
29682	-3898.111	-4156.376	258.2651	0.8948993	0.58227	0.161047	0.238772	0.0179112	1.424454	4.045202
29688	-3890.142	-4148.676	258.5345	0.7574611	0.505652	0.183557	0.234705	0.0760862	1.387709	3.994133
29694	-3894.879	-4154.265	259.3855	0.891337	0.459289	0.24297	0.233717	0.0640245	1.41443	3.405769
29700	-3893.349	-4151.463	258.1133	0.8044186	0.480523	0.254203	0.19829	0.0669845	1.302775	4.254019
29706	-3895.482	-4153.588	258.1058	0.8044186	0.44643	0.256298	0.199925	0.0973476	1.310335	4.254019
29712	-3918.609	-4178.551	259.942	0.5699128	0.332479	0.448928	0.155151	0.0634421	1.46995	3.244262
29718	-3907.125	-4168.156	261.0309	0.7651935	0.527606	0.172176	0.221853	0.078366	1.648949	2.344954
29724	-3891.802	-4152.911	261.1099	0.700135	0.442895	0.332913	0.186233	0.0379593	1.687281	2.31402
29730	-3902.471	-4163.311	260.8405	0.7879503	0.436033	0.328245	0.166262	0.0694597	1.57602	2.49584
29736	-3905.664	-4166.41	260.7463	0.973985	0.57633	0.160232	0.193456	0.0699813	1.672856	2.373608
29742	-3887.992	-4149.306	261.3138	0.6016253	0.416596	0.366915	0.132815	0.0836734	1.75909	2.20384
29748	-3869.375	-4130.57	261.1941	0.7611581	0.447057	0.378724	0.134858	0.0393612	1.797862	2.146876
29754	-3883.897	-4144.835	260.9374	0.7611581	0.588016	0.182834	0.177379	0.0517718	1.737633	2.350727
29760	-3896.748	-4157.622	260.8746	0.7698186	0.455133	0.367501	0.137294	0.0400722	1.791292	2.350727
29766	-3893.376	-4154.812	261.4367	0.7091719	0.442433	0.323197	0.133463	0.100908	1.692653	2.09297
29772	-3876.191	-4136.688	260.4964	0.803955	0.534463	0.175945	0.161224	0.128367	1.692653	2.62673
29778	-3883.166	-4143.614	260.448	0.803955	0.435406	0.224344	0.25639	0.0838597	1.679547	2.664662
29784	-3880.276	-4141.183	260.9073	0.803955	0.437973	0.226204	0.258516	0.0773067	1.709837	2.358916
29790	-3892.634	-4153.091	260.4578	0.755164	0.494891	0.252421	0.188222	0.0644665	1.733271	2.65712
29796	-3887.932	-4148.541	260.6099	0.8501635	0.448195	0.204227	0.32942	0.0181573	1.716747	2.511363
29802	-3882.053	-4142.451	260.3985	0.8546952	0.448195	0.204227	0.32942	0.0181573	1.710599	2.643436
29808	-3900.109	-4160.606	260.4975	0.9693029	0.545604	0.248613	0.162234	0.0435493	1.61619	2.56805
29814	-3889.103	-4148.898	259.7946	0.8263086	0.548924	0.125253	0.289409	0.0364141	1.536886	3.131759
29820	-3877.339	-4136.175	258.8353	0.7966761	0.475443	0.0704484	0.390409	0.0636995	1.384505	3.79979
29826	-3882.03	-4140.305	258.2747	0.9375764	0.59316	0.0837829	0.291441	0.031616	1.345391	4.059934
29832	-3878.424	-4136.816	258.3926	0.7018065	0.540004	0.205499	0.216265	0.0382323	1.360663	4.123996
29838	-3877.465	-4136.435	258.9706	0.8989436	0.485569	0.180087	0.237801	0.0965428	1.392262	3.655866
29844	-3884.71	-4143.593	258.8833	0.9356745	0.520622	0.193087	0.254968	0.031322	1.415243	3.671352
29850	-3877.992	-4137.73	259.7379	0.7041396	0.491506	0.275825	0.188829	0.043839	1.474946	3.278253
29856	-3896.029	-4155.6	259.5716	0.9480829	0.4674	0.262297	0.22946	0.0408437	1.406467	3.26694
29862	-3893.533	-4153.057	259.5244	0.7523001	0.423118	0.238469	0.291105	0.0473084	1.441397	3.393608
29868	-3885.269	-4143.915	258.6458	0.7266487	0.51317	0.20963	0.255901	0.0212984	1.326418	3.984123
29874	-3901.373	-4159.778	258.4045	1.038832	0.451726	0.125995	0.328686	0.0935938	1.390512	3.901786
29880	-3914.737	-4173.262	258.5241	1.023351	0.445846	0.220732	0.266078	0.0673444	1.415046	3.827849
29886	-3905.513	-4164.822	259.3091	1.023351	0.339432	0.356338	0.271869	0.0323601	1.485253	3.330672
29892	-3897.394	-4157.16	259.7652	0.9245525	0.488985	0.235026	0.244242	0.0317463	1.392983	3.174514
29898	-3893.003	-4152.822	259.8193	0.7795197	0.555545	0.124586	0.298908	0.0209615	1.379586	3.239476
29904	-3887.727	-4147.421	259.6945	0.8393882	0.492536	0.223873	0.265007	0.0185841	1.379586	3.27621
29910	-3901.699	-4161.019	259.3199	0.9361997	0.49191	0.13009	0.353229	0.0247708	1.4038	3.423555
29916	-3888.337	-4147.82	259.4832	0.7785893	0.438885	0.339626	0.192266	0.0292223	1.4038	3.423555
29922	-3886.567	-4146.838	260.271	0.7994188	0.451978	0.25308	0.248281	0.0466616	1.513074	2.877109
29928	-3899.02	-4158.544	259.5237	0.7787224	0.51813	0.197528	0.252338	0.0320046	1.494713	3.346353
29934	-3900.947	-4161.305	260.3575	0.7787224	0.523112	0.185499	0.255229	0.0361607	1.509984	2.839711
29940	-3906.885	-4167.121	260.2363	0.7787224	0.386099	0.327775	0.188379	0.0977476	1.578253	2.87183
29946	-3905.257	-4164.606	259.349	0.7456404	0.450227	0.231324	0.193786	0.124663	1.423008	3.510998
29952	-3903.895	-4165.574	261.679	0.7825556	0.43469	0.273157	0.276793	0.015361	1.856062	1.766614
29958	-3908.452	-4169.776	261.3236	0.6127213	0.47677	0.2996	0.196364	0.0272664	1.805524	2.159783
29964	-3898.835	-4158.027	259.1915	0.8125149	0.569173	0.0558433	0.35217	0.0228137	1.426075	3.560022
29970	-3886.993	-4147.065	260.0719	0.975011	0.544858	0.171752	0.242577	0.0408127	1.649818	2.805347
29976	-3886.473	-4147.393	260.9198	0.8257799	0.519371	0.163718	0.278007	0.0389036	1.635185	2.38384
29982	-3893.806	-4154.503	260.6972	0.702562	0.5095	0.16708	0.283717	0.0397026	1.60907	2.620383
29988	-3889.738	-4150.079	260.3402	0.8607947	0.537936	0.229434	0.178127	0.054502	1.64571	2.715271
29994	-3873.651	-4134.402	260.7516	0.7737165	0.525845	0.224277	0.174124	0.0757539	1.577056	2.55993
30000	-3880.16	-4140.673	260.5131	0.609375	0.401531	0.289696	0.215164	0.0936088	1.623217	2.785136
30006	-3890.586	-4151.686	261.0998	0.693808	0.468049	0.260755	0.250809	0.0203867	1.736127	2.293548
30012	-3905.645	-4166.409	260.7643	0.9031949	0.518372	0.228641	0.217904	0.035083	1.704572	2.387642
30018	-3904.438	-4165.046	260.6075	0.6869442	0.39437	0.383101	0.187746	0.0347832	1.567867	2.71111
30024	-3906.611	-4167.84	261.2292	0.4795589	0.392803	0.38158	0.187001	0.0386164	1.625527	2.4226
30030	-3891.563	-4152.424	260.8607	0.6831651	0.443116	0.333789	0.16358	0.0595153	1.588127	2.544736
30036	-3898.063	-4158.583	260.5203	0.9208743	0.455567	0.20458	0.274354	0.0654998	1.734016	2.511086
30042	-3893.125	-4154.393	261.2678	0.813788	0.591993	0.177955	0.129474	0.100578	1.682487	2.138059
30048	-3915.935	-4177.526	261.591	0.6643082	0.4394	0.407709	0.0782375	0.0746529	1.729563	1.997842
30054	-3900.751	-4162.227	261.4765	0.8312846	0.408605	0.34481	0.1479	0.0986843	1.826379	1.891334
30060	-3886.884	-4148.595	261.7112	0.7829468	0.472224	0.285083	0.199592	0.0431001	1.882428	1.725287
30066	-3895.185	-4156.782	261.5975	0.6963426	0.403031	0.348509	0.187291	0.0611694	1.916692	1.843978
30072	-3890.082	-4152.151	262.0691	0.7283871	0.403031	0.348509	0.187291	0.0611694	2.1053	1.335666
30078	-3891.248	-4153.285	262.0371	0.7577969	0.513891	0.265659	0.177758	0.0426908	2.050717	1.37964
30084	-3899.428	-4161.362	261.9346	0.7327326	0.5004	0.296329	0.136693	0.066577	2.050717	1.478837
30090	-3906.303	-4167.442	261.1397	0.99568	0.503228	0.201097	0.198553	0.0971223	1.796129	2.024889
30096	-3913.65	-4175.294	261.6439	0.8551121	0.50646	0.195965	0.199829	0.0977461	1.770322	1.797957
30102	-3914.765	-4176.369	261.6045	0.7918628	0.434863	0.243735	0.183755	0.137647	1.864271	1.805857
30108	-3901.065	-4162.842	261.7771	0.6940385	0.481829	0.285619	0.132956	0.0995948	1.794934	1.805857
30114	-3901.605	-4163.377	261.7718	0.6333899	0.445135	0.305846	0.142372	0.106648	1.905784	1.777187
30120	-3922.815	-4184.528	261.7129	0.898947	0.526294	0.248621	0.174488	0.0505968	1.910223	1.6182
30126	-3905.179	-4166.9	261.7206	0.7699415	0.526294	0.248621	0.174488	0.0505968	1.891777	1.721712
30132	-3897.257	-4158.985	261.727	0.7756823	0.394145	0.36091	0.149032	0.0959128	1.964422	1.661289
30138	-3888.646	-4150.122	261.4758	0.7466969	0.44691	0.260207	0.168984	0.1239	1.888566	1.909819
30144	-3901.862	-4163.279	261.4166	0.7480609	0.534294	0.198656	0.158948	0.108103	1.936771	1.916287
30150	-3896.776	-4158.395	261.6184	0.8050712	0.404956	0.120001	0.344339	0.130704	1.943466	1.731285
30156	-3882.738	-4144.39	261.6513	0.7413235	0.390202	0.283471	0.220915	0.105413	1.978386	1.730778
30162	-3899.184	-4160.95	261.7661	0.7387759	0.461904	0.280212	0.190858	0.0670267	1.788933	1.784823
30168	-3887.254	-4148.95	261.6959	0.6957908	0.490912	0.196253	0.202844	0.109992	1.837311	1.831369
30174	-3891.742	-4153.354	261.6125	0.692394	0.3805	0.305311	0.146734	0.167455	1.825655	1.898769
30180	-3893.705	-4155.451	261.7458	0.7320215	0.54155	0.186882	0.176034	0.0955341	1.825655	1.778337
30186	-3890.914	-4152.157	261.2435	0.7416123	0.39066	0.268501	0.220936	0.119902	1.784965	2.136574
30192	-3878.185	-4139.462	261.2777	0.7103977	0.493891	0.256143	0.220871	0.0290958	1.783757	2.136574
30198	-3881.878	-4143.321	261.4434	0.7181323	0.47918	0.288782	0.189042	0.0429965	1.863479	1.968914
30204	-3887.432	-4148.201	260.7695	0.9005154	0.543108	0.131497	0.276662	0.0487327	1.784588	2.335313
30210	-3887.213	-4148.457	261.2442	0.6556238	0.438628	0.26535	0.241569	0.0544532	1.726417	2.233097
30216	-3895.646	-4156.622	260.9758	0.778209	0.444306	0.209028	0.257128	0.0895374	1.726417	2.32202
30222	-3904.481	-4165.612	261.1312	0.6820728	0.505293	0.18218	0.237918	0.0746091	1.771498	2.258782
30228	-3899.025	-4160.125	261.0999	0.6820728	0.450979	0.266604	0.216331	0.0660861	1.736494	2.301197
30234	-3896.539	-4157.04	260.5016	0.8757484	0.444995	0.23859	0.187355	0.12906	1.652076	2.602429
30240	-3893.469	-4153.803	260.3345	0.7032151	0.491293	0.222457	0.174687	0.111562	1.526983	2.891647
30246	-3895.642	-4155.757	260.1153	0.91186	0.468663	0.21221	0.212704	0.106424	1.528174	2.891647
30252	-3885.87	-4146.519	260.6497	0.7606166	0.457504	0.207158	0.231448	0.10389	1.734418	2.534001
30258	-3893.99	-4154.147	260.1572	0.8438699	0.520796	0.226503	0.13911	0.113591	1.455918	2.952278
30264	-3908.972	-4168.159	259.1872	0.620847	0.427322	0.185849	0.293625	0.0932035	1.445188	3.668851
30270	-3905.344	-4164.554	259.2097	0.6686387	0.44136	0.269738	0.208704	0.0801985	1.445188	3.626478
30276	-3918.471	-4178.506	260.035	0.9026418	0.606103	0.0650253	0.249454	0.0794182	1.623469	2.888299
30282	-3900.356	-4161.042	260.6867	0.8121166	0.562924	0.106656	0.248756	0.0816634	1.61613	2.550951
30288	-3907.52	-4168.975	261.4551	0.7927959	0.476209	0.24804	0.207599	0.068152	1.711024	2.010332
30294	-3897.033	-4158.148	261.1152	0.6336856	0.498905	0.19125	0.245518	0.0643274	1.76301	2.307202
30300	-3886.594	-4147.622	261.0279	0.7257957	0.491078	0.236352	0.20377	0.0688001	1.822549	2.262537
30306	-3896.122	-4157.026	260.9038	0.7449708	0.49567	0.238562	0.205675	0.060093	1.732163	2.386268
30312	-3874.535	-4135.559	261.0238	0.7449708	0.489172	0.197311	0.228576	0.0849405	1.678724	2.344105
30318	-3887.111	-4147.968	260.8569	0.7250531	0.53665	0.184625	0.197089	0.0816352	1.583386	2.522406
30324	-3893.368	-4154.115	260.7463	0.7814722	0.469631	0.244916	0.211598	0.0738548	1.663578	2.504257
30330	-3909.262	-4169.511	260.2497	1.040813	0.431953	0.349215	0.162794	0.0560384	1.574969	2.702352
30336	-3914.291	-4173.895	259.6038	0.9487899	0.660192	0.0501261	0.2155	0.0741813	1.624757	3.118001
30342	-3897.363	-4157.573	260.2096	0.896921	0.551413	0.206636	0.179993	0.0619585	1.593942	2.803868
30348	-3893.794	-4155.095	261.3001	0.5330023	0.415155	0.377487	0.144052	0.0633063	1.620998	2.346751
30354	-3901.204	-4162.379	261.1747	0.603454	0.402185	0.359591	0.19863	0.0395945	1.67658	2.344658
30360	-3885.644	-4146.216	260.5718	0.6351539	0.362862	0.367578	0.17921	0.0903503	1.635872	2.724924
30366	-3884.123	-4145.805	261.682	0.6411492	0.387804	0.324108	0.191528	0.0965607	1.754945	1.936292
30372	-3899.922	-4161.969	262.0467	0.5723196	0.419866	0.371103	0.108907	0.100124	1.864329	1.657746
30378	-3885.061	-4146.834	261.7734	0.6060572	0.374509	0.383637	0.17151	0.0703442	1.826904	1.850422
30384	-3897.332	-4158.952	261.6197	0.6353982	0.401569	0.336271	0.150334	0.111826	1.841259	1.92419
30390	-3896.414	-4158.072	261.6576	0.7484222	0.437802	0.366612	0.127614	0.0679717	1.79474	1.848622
30396	-3899.082	-4160.842	261.7596	0.6399659	0.470654	0.234923	0.181391	0.113032	1.808164	1.848213
30402	-3907.482	-4168.96	261.4776	0.7528155	0.473564	0.24797	0.170916	0.10755	1.858346	1.92464
30408	-3885.197	-4146.732	261.5351	0.7848992	0.568519	0.13909	0.205187	0.0872042	1.798848	1.903168
30414	-3893.26	-4154.757	261.4964	0.7104795	0.515835	0.21944	0.185602	0.079123	1.741901	2.020079
30420	-3900.992	-4163.44	262.4483	0.5338939	0.313228	0.405996	0.201894	0.0788825	2.255069	1.055819
30426	-3891.837	-4154.293	262.4556	0.5338939	0.35565	0.460982	0.131332	0.0520365	2.201632	1.09883
30432	-3901.317	-4163.565	262.2486	0.691958	0.433841	0.369853	0.129649	0.0666568	2.201632	1.136199
30438	-3899.335	-4161.613	262.2776	0.6922603	0.414526	0.33891	0.123877	0.122688	2.17224	1.136199
30444	-3907.446	-4169.775	262.3298	0.7270283	0.432441	0.353556	0.12923	0.0847727	2.198514	1.029055
30450	-3902.159	-4164.516	262.3568	0.7270283	0.44511	0.363914	0.133016	0.0579592	2.10538	1.091647
30456	-3920.444	-4182.632	262.1876	0.7417466	0.420317	0.271695	0.17365	0.134339	2.258993	1.091647
30462	-3904.168	-4166.427	262.2593	0.7417466	0.468187	0.22677	0.254965	0.0500781	2.229956	1.051665
30468	-3899.892	-4162.234	262.3423	0.7417466	0.453858	0.247482	0.212604	0.0860564	2.295976	0.8983715
30474	-3911.588	-4173.987	262.3994	0.6817367	0.466686	0.321917	0.122909	0.0884887	2.215941	0.9903716
30480	-3905.634	-4166.684	261.0499	0.8492274	0.609678	0.198377	0.160798	0.0311476	1.801018	2.178697
30486	-3903.06	-4164.987	261.9267	0.4816041	0.385836	0.405357	0.147679	0.0611284	1.794334	1.854964
30492	-3903.027	-4164.477	261.45	0.7674752	0.515358	0.205741	0.197253	0.0816487	1.786866	1.980906
30498	-3898.343	-4159.359	261.0159	0.7240203	0.409721	0.311231	0.132037	0.147011	1.653176	2.379327
30504	-3886.829	-4147.774	260.9451	0.694947	0.416516	0.316393	0.134226	0.132865	1.654776	2.442411
30510	-3892.56	-4154.091	261.531	0.6179144	0.416516	0.316393	0.134226	0.132865	1.777235	2.038626
30516	-3894.29	-4155.773	261.4837	0.6165186	0.433748	0.280541	0.142759	0.142952	1.854242	2.019946
30522	-3877.579	-4138.998	261.4186	0.7713278	0.516965	0.283915	0.139724	0.0593963	1.787404	1.998796
30528	-3884.543	-4145.946	261.4033	0.8051657	0.522438	0.204425	0.213113	0.0600251	1.809978	1.970199
30534	-3886.819	-4148.083	261.2646	0.7996303	0.446839	0.319547	0.182275	0.0513393	1.78674	2.081526
30540	-3891.252	-4152.102	260.8505	0.7668771	0.511232	0.247488	0.162588	0.0786917	1.745286	2.397079
30546	-3898.383	-4159.552	261.1685	0.7668771	0.413505	0.26475	0.215301	0.106443	1.780446	2.170938
30552	-3903.318	-4164.515	261.1974	0.804146	0.42352	0.246942	0.220516	0.109021	1.854872	2.077786
30558	-3904.758	-4166.129	261.3709	0.6818862	0.43006	0.213323	0.238637	0.11798	1.732671	2.128762
30564	-3916.496	-4177.81	261.3138	0.7863243	0.502895	0.186061	0.208141	0.102903	1.67949	2.128762
30570	-3896.423	-4157.674	261.2506	0.7607225	0.540656	0.200032	0.184253	0.0750589	1.76966	2.128762
30576	-3895.921	-4157.682	261.7615	0.7823002	0.354593	0.309212	0.220168	0.116027	1.852853	1.711158
30582	-3902.436	-4164.821	262.3854	0.6270149	0.404119	0.351626	0.203626	0.0406292	2.132295	1.137287
30588	-3897.815	-4160.462	262.6466	0.4369489	0.419343	0.401597	0.132657	0.0464032	2.140102	1.066557
30594	-3906.306	-4168.912	262.6064	0.4435144	0.399587	0.382677	0.173519	0.0442171	2.224437	1.018356
30600	-3917.368	-4178.867	261.4993	0.8277656	0.510758	0.168906	0.298646	0.0216906	1.970452	1.779125
30606	-3918.01	-4180.005	261.9943	0.7197323	0.398463	0.261183	0.226545	0.113809	1.95793	1.514005
30612	-3888.818	-4151.22	262.4028	0.6727283	0.40617	0.297256	0.171789	0.124786	2.30861	0.8982911
30618	-3889.726	-4152.266	262.54	0.5141602	0.356392	0.383366	0.15075	0.109492	2.290352	0.9490494
30624	-3901.596	-4163.503	261.9066	0.697764	0.424648	0.294975	0.237167	0.0432104	2.017157	1.552428
30630	-3903.386	-4165.713	262.3268	0.7732958	0.444466	0.263177	0.18945	0.102907	2.16926	1.01283
30636	-3887.357	-4149.771	262.4138	0.6380887	0.435594	0.300927	0.185669	0.0778097	2.18119	1.055522
30642	-3902.625	-4165.246	262.6216	0.5474534	0.421864	0.346167	0.152355	0.0796145	2.16392	0.9605114
30648	-3910.043	-4172.728	262.6855	0.5336757	0.335991	0.387429	0.121342	0.155238	2.131073	0.9426536
30654	-3911.495	-4173.984	262.4896	0.6061478	0.379082	0.437116	0.136904	0.0468974	2.173632	1.022184
30660	-3889.089	-4151.616	262.527	0.6061478	0.428808	0.305431	0.192549	0.0732126	2.20844	0.9488723
30666	-3897.082	-4159.605	262.5228	0.6061478	0.419725	0.237183	0.250666	0.092426	2.105555	1.05578
30672	-3895.722	-4158.182	262.4606	0.611462	0.405524	0.264293	0.241992	0.0881904	2.222893	0.9965041
30678	-3891.456	-4153.917	262.4616	0.6125998	0.504131	0.204367	0.252342	0.03916	2.30646	0.9060595
30684	-3892.68	-4155.193	262.5135	0.6054108	0.495935	0.201045	0.24824	0.0547796	2.235078	0.9356832
30690	-3896.354	-4158.848	262.4941	0.6007251	0.480164	0.265587	0.228054	0.026195	2.211926	0.9852222
30696	-3894.691	-4157.054	262.3621	0.5464112	0.412626	0.326473	0.228766	0.0321351	2.112003	1.24738
30702	-3890.245	-4152.514	262.2692	0.5063308	0.392991	0.310937	0.265466	0.0306059	1.865932	1.543901
30708	-3890.556	-4152.67	262.1141	0.583065	0.377952	0.338211	0.255307	0.0285296	1.832142	1.624361
30714	-3887.191	-4149.226	262.0352	0.7023687	0.428953	0.309819	0.226174	0.0350544	1.987725	1.474723
30720	-3902.607	-4164.387	261.7796	0.5691321	0.475702	0.361317	0.129374	0.0336072	1.867895	1.844546
30726	-3892.004	-4153.653	261.6484	0.6661536	0.378564	0.366769	0.196408	0.0582593	1.816571	1.89939
30732	-3891.442	-4153.298	261.8555	0.4830488	0.378564	0.366769	0.196408	0.0582593	1.800371	1.898384
30738	-3887.561	-4149.187	261.6259	0.7223931	0.429511	0.333476	0.178579	0.058434	1.825374	1.868182
30744	-3906.633	-4168.283	261.6498	0.7886072	0.434364	0.366021	0.180596	0.0190186	1.803347	1.819025
30750	-3907.663	-4169.732	262.0689	0.7466456	0.639334	0.136631	0.179487	0.0445478	1.851467	1.516562
30756	-3899.286	-4161.575	262.2893	0.5900614	0.470562	0.245491	0.199987	0.0839599	2.035483	1.332317
30762	-3894.456	-4156.178	261.7223	0.7659614	0.496383	0.25258	0.223714	0.0273232	2.036537	1.620224
30768	-3903.06	-4165.115	262.0548	0.7239786	0.476797	0.266167	0.217519	0.0395162	1.943511	1.476
30774	-3903.383	-4165.452	262.0688	0.6356612	0.410276	0.277939	0.197182	0.114602	1.860503	1.596505
30780	-3888.423	-4150.845	262.4212	0.6399879	0.428505	0.350017	0.12075	0.100728	2.023999	1.188921
30786	-3899.067	-4161.311	262.2441	0.6552307	0.369711	0.375183	0.139083	0.116022	1.977216	1.360016
30792	-3892.787	-4155.059	262.2719	0.6153888	0.398955	0.363305	0.150085	0.0876549	1.972904	1.374671
30798	-3902.911	-4165.092	262.1806	0.7411502	0.380153	0.346779	0.189544	0.0835239	2.088318	1.247598
30804	-3904.522	-4166.814	262.2921	0.618609	0.334652	0.262554	0.255291	0.147503	2.137735	1.221282
30810	-3896.928	-4159.298	262.3699	0.5945015	0.283442	0.464879	0.157008	0.0946707	2.097234	1.211118
30816	-3898.151	-4160.46	262.3091	0.5700422	0.488755	0.241569	0.21111	0.0585651	2.038947	1.330425
30822	-3903	-4165.334	262.3338	0.5700422	0.40264	0.3752	0.173914	0.0482463	1.955203	1.377209
30828	-3894.742	-4156.996	262.2538	0.6512501	0.40264	0.3752	0.173914	0.0482463	2.000157	1.337374
30834	-3894.47	-4156.904	262.4341	0.4136384	0.317013	0.436532	0.136929	0.109525	2.058124	1.337374
30840	-3909.143	-4171.47	262.327	0.6204336	0.322809	0.463676	0.139432	0.0740836	2.076116	1.242212
30846	-3892.522	-4154.819	262.2968	0.5779799	0.377886	0.321146	0.226627	0.0743407	2.076116	1.30373
30852	-3885.771	-4148.258	262.4871	0.5622151	0.414662	0.316139	0.2282	0.0409988	2.202999	1.040645
30858	-3888.932	-4151.364	262.4318	0.5312063	0.357178	0.366538	0.250547	0.0257367	2.202999	1.121745
30864	-3901.744	-4164.296	262.5524	0.5219806	0.417838	0.263355	0.253892	0.0649149	2.211084	1.009276
30870	-3896.514	-4159.082	262.5677	0.5409773	0.436535	0.331708	0.107649	0.124108	2.176373	1.009276
30876	-3884.605	-4147.217	262.6111	0.5020644	0.315438	0.471973	0.120559	0.0920303	2.172397	1.009276
30882	-3895.771	-4158.465	262.6942	0.4778027	0.329558	0.493101	0.112675	0.0646653	2.185098	0.9352722
30888	-3898.249	-4160.887	262.6376	0.5312466	0.438862	0.336157	0.155466	0.0695153	2.131323	0.994467
30894	-3898.248	-4159.786	261.5374	0.7791098	0.501183	0.150741	0.279186	0.068889	1.718298	1.960029
30900	-3902.068	-4163.26	261.1914	0.8846067	0.46174	0.214328	0.257214	0.0667185	1.780124	2.07594
30906	-3905.107	-4166.886	261.7788	0.7907599	0.413862	0.273392	0.227642	0.0851047	1.845862	1.697553
30912	-3906.692	-4168.651	261.9594	0.6985807	0.460913	0.307732	0.10913	0.122225	1.914281	1.588533
30918	-3911.275	-4173.142	261.8677	0.6514609	0.434056	0.352503	0.0983376	0.115103	1.752575	1.803663
30924	-3911.1	-4172.967	261.8668	0.6610361	0.50512	0.280584	0.149211	0.0650847	1.759244	1.792697
30930	-3884.782	-4145.814	261.0322	0.6572494	0.50512	0.280584	0.149211	0.0650847	1.739292	2.35926
30936	-3897.87	-4159.629	261.7588	0.6275514	0.523492	0.290789	0.158564	0.0271542	1.82108	1.848919
30942	-3889.38	-4151.077	261.6973	0.5544902	0.523994	0.291068	0.132792	0.0521464	1.859845	1.91645
30948	-3895.189	-4156.587	261.3981	0.572499	0.396263	0.3291	0.193095	0.0815424	1.740378	2.181104
30954	-3887.484	-4148.774	261.2902	0.6527409	0.518495	0.299684	0.136418	0.0454028	1.692373	2.22736
30960	-3890.757	-4151.856	261.0993	0.7836945	0.413339	0.219944	0.270333	0.0963843	1.648275	2.289349
30966	-3898.793	-4159.797	261.0033	0.8345112	0.556841	0.137035	0.226822	0.0793021	1.762724	2.243386
30972	-3896.863	-4157.034	260.1709	0.7872335	0.594739	0.229547	0.121688	0.0540258	1.653731	2.860279
30978	-3883.712	-4143.151	259.4387	0.7872335	0.560275	0.216246	0.193484	0.0299957	1.476766	3.401514
30984	-3884.397	-4145.788	261.3912	0.6365971	0.452152	0.30364	0.212224	0.0319846	1.710864	2.16101
30990	-3879.494	-4139.888	260.3944	0.5982162	0.377833	0.336346	0.211999	0.0738229	1.557457	2.904136
30996	-3872.749	-4133.151	260.4015	0.7222067	0.482663	0.206289	0.272592	0.0384557	1.638712	2.77094
31002	-3878.687	-4139.406	260.7192	0.759143	0.51935	0.221969	0.155013	0.103668	1.509299	2.631466
31008	-3883.927	-4144.639	260.712	0.7149323	0.510905	0.218359	0.18152	0.0892159	1.659921	2.57162
31014	-3907.935	-4168.627	260.6925	0.7595477	0.335321	0.39116	0.180646	0.0928737	1.632249	2.57162
31020	-3914.672	-4175.915	261.2438	0.5554828	0.307548	0.454891	0.153349	0.0842117	1.594677	2.384505
31026	-3900.386	-4160.764	260.3782	0.5345646	0.429247	0.305473	0.202618	0.0626612	1.525705	2.972815
31032	-3901.893	-4163.146	261.2532	0.623672	0.464224	0.271204	0.188181	0.0763913	1.69077	2.271942
31038	-3901.552	-4163.055	261.5027	0.5300914	0.494578	0.225456	0.213294	0.0666711	1.654055	2.197592
31044	-3905.979	-4166.907	260.928	0.712782	0.464942	0.271869	0.200513	0.062676	1.593101	2.480002
31050	-3914.644	-4175.701	261.0568	0.5943078	0.457624	0.253013	0.220454	0.0689091	1.681929	2.421951
31056	-3916.374	-4177.002	260.6283	0.6806832	0.369325	0.41724	0.114045	0.0993907	1.640926	2.657505
31062	-3903.851	-4165.624	261.7723	0.6806832	0.513378	0.227375	0.158528	0.10072	1.836826	1.789966
31068	-3903.098	-4165.078	261.98	0.6259797	0.492075	0.262066	0.149319	0.0965406	1.890519	1.646401
31074	-3903.206	-4165.026	261.8195	0.7596616	0.437525	0.298843	0.227182	0.0364491	1.924631	1.635572
31080	-3926.612	-4188.184	261.5719	0.7556959	0.413063	0.269899	0.282921	0.0341171	2.010466	1.753316
31086	-3919.325	-4180.54	261.2151	0.8230319	0.416008	0.258218	0.284939	0.0408357	1.857628	2.051293
31092	-3924.437	-4186.83	262.3925	0.5803161	0.422829	0.293502	0.183217	0.100452	2.048751	1.245461
31098	-3918.211	-4180.495	262.284	0.6925637	0.4687	0.228687	0.15299	0.149623	1.959956	1.310283
31104	-3900.326	-4162.551	262.225	0.7219513	0.36091	0.26181	0.262067	0.115213	2.128929	1.192743
31110	-3904.532	-4165.937	261.4047	0.9540211	0.480575	0.297366	0.189983	0.032076	2.036669	1.708049
31116	-3892.764	-4154.408	261.6441	0.7736756	0.429836	0.278966	0.205376	0.0858223	2.038926	1.668835
31122	-3895.906	-4158.134	262.2279	0.6492863	0.405364	0.300773	0.179036	0.114827	1.977907	1.377156
31128	-3900.699	-4162.825	262.1264	0.6943716	0.400205	0.279186	0.170997	0.149612	2.0898	1.3311
31134	-3898.409	-4160.602	262.1931	0.5722177	0.335252	0.303211	0.225912	0.135626	2.02382	1.431475
31140	-3909.175	-4171.342	262.1672	0.4978113	0.427369	0.320284	0.236275	0.0160725	1.813871	1.66202
31146	-3899.287	-4161.368	262.081	0.5653312	0.317141	0.386293	0.277677	0.0188888	1.856185	1.644176
31152	-3909.672	-4171.913	262.2413	0.667604	0.448602	0.206873	0.239061	0.105465	1.911381	1.403543
31158	-3917.132	-4178.69	261.5579	0.8664596	0.457003	0.309476	0.197334	0.0361877	1.896825	1.761611
31164	-3898.922	-4160.62	261.6978	0.5208843	0.454226	0.385439	0.116105	0.0442297	1.859447	1.93954
31170	-3903.289	-4165.078	261.7888	0.577838	0.454697	0.271912	0.252067	0.0213237	1.771445	1.897922
31176	-3903.372	-4165.333	261.961	0.654924	0.459284	0.274656	0.250906	0.015154	1.863766	1.657251
31182	-3898.185	-4159.926	261.7409	0.8017814	0.504959	0.245255	0.224047	0.0257387	1.85928	1.706684
31188	-3904.923	-4166.192	261.2692	0.7629615	0.522153	0.208881	0.218491	0.0504754	1.741879	2.133161
31194	-3902.378	-4163.889	261.5109	0.7505174	0.461035	0.301458	0.202793	0.0347147	1.831505	1.92196
31200	-3892.558	-4154.068	261.5103	0.7216321	0.52039	0.188419	0.251335	0.0398566	1.935405	1.872516
31206	-3899.147	-4160.47	261.3236	0.7216321	0.430329	0.264998	0.28534	0.0193338	1.797323	2.089837
31212	-3894.129	-4153.944	259.8149	0.7927457	0.485803	0.148215	0.304484	0.0614981	1.521618	3.149666
31218	-3898.632	-4158.917	260.2854	0.8578153	0.411125	0.173267	0.35595	0.0596577	1.47247	2.856139
31224	-3897.845	-4157.933	260.0881	0.6656716	0.562476	0.237053	0.118851	0.08162	1.457187	3.105296
31230	-3923.502	-4185.604	262.1019	0.5299872	0.408346	0.338914	0.169991	0.0827482	1.811442	1.687227
31236	-3905.566	-4167.001	261.4351	0.7227487	0.380169	0.315529	0.216573	0.0877288	1.794514	2.017185
31242	-3914.696	-4176.755	262.0586	0.6143293	0.350736	0.433943	0.149521	0.0658005	1.858302	1.621871
31248	-3903.584	-4165.605	262.0212	0.4994854	0.411809	0.356155	0.165165	0.0668705	1.872347	1.722933
31254	-3902.245	-4163.837	261.5921	0.6474121	0.406927	0.372062	0.185615	0.0353965	1.904568	1.891384
31260	-3911.778	-4172.329	260.5516	0.9340913	0.458573	0.293707	0.239478	0.00824208	1.785777	2.450637
31266	-3893.967	-4154.556	260.5892	0.7926241	0.529617	0.188438	0.234007	0.0479378	1.646439	2.605284
31272	-3917.849	-4178.274	260.4256	0.9500703	0.459692	0.32055	0.180935	0.0388232	1.623002	2.620379
31278	-3908.892	-4169.861	260.9699	0.6257075	0.407422	0.284102	0.274068	0.0344088	1.651004	2.475212
31284	-3907.383	-4168.426	261.0425	0.6032604	0.353224	0.32272	0.266052	0.0580039	1.602697	2.474851
31290	-3896.133	-4157.137	261.0046	0.6559507	0.472451	0.249435	0.215385	0.0627282	1.649309	2.434417
31296	-3895.463	-4156.435	260.9716	0.7302789	0.488405	0.214692	0.23267	0.0642334	1.608372	2.431432
31302	-3898.948	-4160.57	261.6226	0.8945423	0.510665	0.200768	0.227442	0.0611247	2.021937	1.605991
31308	-3911.048	-4172.832	261.7837	0.8174864	0.462234	0.234789	0.227128	0.0758489	1.976186	1.580091
31314	-3894.862	-4156.788	261.9264	0.6901496	0.377354	0.319908	0.226948	0.0757891	1.976186	1.573903
31320	-3891.826	-4153.597	261.7708	0.6901496	0.377354	0.319908	0.226948	0.0757891	2.015381	1.658159
31326	-3888.675	-4150.759	262.0834	0.682855	0.422999	0.400405	0.104926	0.0716703	2.147241	1.329283
31332	-3897.555	-4159.719	262.1646	0.6712594	0.395496	0.396646	0.146052	0.0618071	2.147241	1.273283
31338	-3895.834	-4157.744	261.9097	0.7776422	0.454228	0.297891	0.206584	0.0412971	2.061613	1.453557
31344	-3912.275	-4174.453	262.1787	0.6245741	0.459797	0.301543	0.155668	0.0829919	1.98833	1.427622
31350	-3905.934	-4168.049	262.1143	0.590336	0.335546	0.417004	0.188602	0.0588471	2.000307	1.494827
31356	-3901.383	-4163.709	262.3265	0.5739409	0.362433	0.315676	0.258328	0.0635624	2.000025	1.344413
31362	-3909.798	-4171.667	261.8691	0.7637223	0.545025	0.219603	0.190742	0.0446301	2.016795	1.528818
31368	-3913.761	-4175.647	261.8857	0.7893214	0.288705	0.520031	0.0910675	0.100197	1.973239	1.528818
31374	-3905.571	-4167.961	262.3899	0.4620454	0.290342	0.410263	0.224729	0.0746654	1.933918	1.434417
31380	-3908.653	-4171.063	262.4103	0.431422	0.371497	0.34418	0.216791	0.0675327	2.008326	1.383067
31386	-3903.931	-4166.421	262.4905	0.553841	0.3821	0.354004	0.246512	0.0173846	2.090317	1.149223
31392	-3910.592	-4172.854	262.2611	0.643105	0.457817	0.264872	0.190647	0.0866637	2.016014	1.325784
31398	-3895.148	-4157.411	262.2626	0.7009417	0.50705	0.264628	0.141738	0.0865841	2.070374	1.229513
31404	-3900.686	-4162.828	262.1418	0.6484366	0.511898	0.198749	0.224324	0.0650288	2.022992	1.409854
31410	-3903.949	-4166.079	262.1296	0.6971666	0.418794	0.324095	0.183524	0.0735861	2.001524	1.395924
31416	-3907.842	-4170.112	262.27	0.7606663	0.422495	0.225195	0.25039	0.10192	2.149044	1.098647
31422	-3904.064	-4166.378	262.3139	0.6595756	0.449849	0.323243	0.167721	0.0591882	2.273012	1.041499
31428	-3891.713	-4154.099	262.3858	0.5896791	0.430031	0.309002	0.204387	0.0565806	2.278852	1.037615
31434	-3900.896	-4163.371	262.4744	0.5322014	0.408878	0.312342	0.229291	0.0494896	2.209187	1.076083
31440	-3903.172	-4165.208	262.0361	0.7912644	0.418877	0.31998	0.210443	0.0506999	2.255455	1.183454
31446	-3910.237	-4172.646	262.4089	0.6519723	0.455588	0.326366	0.162902	0.0551434	2.221946	1.006413
31452	-3918.048	-4180.619	262.5713	0.4919336	0.399541	0.409049	0.186176	0.00523384	2.437248	0.759837
31458	-3910.897	-4173.528	262.6313	0.5084916	0.34738	0.474925	0.172836	0.00485881	2.396191	0.7039293
31464	-3912.408	-4175.058	262.6502	0.5314414	0.290682	0.50751	0.192092	0.00971681	2.238345	0.8646007
31470	-3906.208	-4168.745	262.5366	0.5015936	0.470297	0.30705	0.211753	0.0108992	2.156941	1.095487
31476	-3901.194	-4163.73	262.5354	0.5496138	0.404255	0.338112	0.182018	0.075615	2.156938	1.051004
31482	-3878.971	-4141.452	262.4807	0.6074836	0.404255	0.338112	0.182018	0.075615	2.209169	0.9943453
31488	-3889.042	-4151.57	262.5279	0.558583	0.414545	0.32574	0.201815	0.0579007	2.236233	0.970686
31494	-3890.933	-4153.425	262.4921	0.558583	0.328143	0.403729	0.191626	0.0765023	2.186685	1.055089
31500	-3899.77	-4162.233	262.4632	0.5863086	0.383628	0.288747	0.281774	0.0458516	2.186685	1.055089
31506	-3894.406	-4156.747	262.3412	0.6326781	0.412213	0.268213	0.28636	0.033213	2.091218	1.206456
31512	-3911.764	-4173.323	261.5587	0.799793	0.446137	0.290854	0.187242	0.075767	1.693995	1.947502
31518	-3909.877	-4171.54	261.6626	0.7677653	0.520028	0.218359	0.207427	0.0541861	1.805597	1.823743
31524	-3899.694	-4160.847	261.1528	0.8284856	0.502184	0.210866	0.234623	0.0523268	1.663327	2.215139
31530	-3899.869	-4162.426	262.5571	0.5940106	0.401768	0.381339	0.212397	0.00449564	2.390708	0.6891656
31536	-3883.009	-4145.547	262.5384	0.5866426	0.409958	0.368728	0.216727	0.00458728	2.377836	0.7532199
31542	-3899.687	-4162.242	262.5551	0.5250594	0.36891	0.333757	0.27923	0.0181023	2.429527	0.7460803
31548	-3893.733	-4156.15	262.4173	0.6261727	0.355519	0.372335	0.244071	0.0280745	2.444041	0.7726158
31554	-3905.131	-4165.753	260.622	0.7091635	0.357711	0.373154	0.200876	0.0682587	1.574476	2.68371
31560	-3910.191	-4169.725	259.5341	0.7730494	0.510588	0.244967	0.171338	0.0731063	1.442159	3.374593
31566	-3891.48	-4151.952	260.4719	0.716243	0.51745	0.253822	0.173641	0.055087	1.478771	2.829259
31572	-3888.046	-4148.24	260.1938	0.8879684	0.570563	0.204289	0.165741	0.0594064	1.5135	2.867867
31578	-3891.318	-4151.492	260.1747	0.7856216	0.492682	0.234603	0.174113	0.0986019	1.449924	2.981956
31584	-3898.503	-4158.548	260.0449	0.7856216	0.463742	0.243695	0.199753	0.09281	1.489378	3.036173
31590	-3883.349	-4144.627	261.278	0.6869991	0.497362	0.261362	0.141738	0.0995384	1.583342	2.281923
31596	-3897.353	-4158.597	261.2438	0.6869991	0.466827	0.286625	0.15312	0.0934274	1.632936	2.272076
31602	-3923.594	-4185.237	261.6429	0.6524026	0.376599	0.297736	0.188145	0.137519	1.884816	1.866618
31608	-3914.119	-4175.865	261.7465	0.7036473	0.448965	0.277753	0.224299	0.0489835	1.822929	1.800634
31614	-3906.704	-4168.774	262.0704	0.5865445	0.45623	0.324417	0.16948	0.0498726	1.788853	1.684051
31620	-3904.065	-4164.835	260.7698	0.7657995	0.533449	0.261906	0.163821	0.0408241	1.632445	2.51928
31626	-3898.706	-4159.567	260.8607	0.7758191	0.50754	0.249185	0.155864	0.0874103	1.672837	2.430403
31632	-3910.555	-4171.817	261.2627	0.8230782	0.493952	0.215238	0.239773	0.0510376	1.727615	2.105536
31638	-3908.408	-4170.136	261.7287	0.7158626	0.519475	0.152601	0.282025	0.045898	1.785486	1.829782
31644	-3891.508	-4153.199	261.6907	0.6292293	0.465301	0.310225	0.193055	0.0314185	1.739947	1.949011
31650	-3896.974	-4158.702	261.7278	0.5759903	0.433907	0.304497	0.215259	0.0463376	1.706588	1.983952
31656	-3891.012	-4152.494	261.4818	0.6040866	0.371193	0.440378	0.121414	0.0670157	1.724413	2.1154
31662	-3888.177	-4149.83	261.6526	0.6791151	0.49186	0.231216	0.188123	0.088801	1.690125	1.972572
31668	-3902.563	-4164.243	261.6806	0.549092	0.41001	0.310764	0.197105	0.082121	1.634227	2.081743
31674	-3909.034	-4168.77	259.7355	0.8763729	0.392982	0.348874	0.213686	0.0444578	1.518986	3.146681
31680	-3901.733	-4162.23	260.4966	0.6045045	0.363507	0.365814	0.224062	0.0466165	1.591508	2.817547
31686	-3885.401	-4146.563	261.1617	0.5508341	0.502603	0.269216	0.194843	0.033337	1.61412	2.427059
31692	-3890.346	-4152.591	262.2449	0.5971048	0.400271	0.408671	0.121458	0.0696004	1.989037	1.398178
31698	-3905.997	-4167.863	261.8664	0.7535121	0.480322	0.305502	0.145749	0.0684267	1.972479	1.571471
31704	-3901.754	-4163.747	261.993	0.5974468	0.364061	0.337939	0.233218	0.0647816	1.950464	1.615441
31710	-3902.587	-4164.661	262.0744	0.5387028	0.362812	0.312837	0.253841	0.0705102	1.930077	1.615441
31716	-3885.413	-4147.419	262.0057	0.7140774	0.312982	0.407214	0.218978	0.060826	1.969304	1.501493
31722	-3881.105	-4143.177	262.0713	0.6389101	0.449539	0.216781	0.230668	0.103012	1.963518	1.51623
31728	-3886.978	-4149.152	262.1735	0.7122982	0.446021	0.215436	0.229238	0.109305	2.058947	1.30267
31734	-3911.182	-4173.437	262.2549	0.6625979	0.325664	0.326699	0.267828	0.0798093	2.125746	1.223584
31740	-3898.545	-4160.724	262.1789	0.6228099	0.399959	0.338862	0.178398	0.0827807	2.072063	1.363631
31746	-3897.342	-4159.695	262.3532	0.6763249	0.430222	0.364502	0.116231	0.0890443	2.243216	1.014934
31752	-3884.911	-4147.277	262.3664	0.6571658	0.460657	0.342556	0.0824268	0.11436	2.178847	1.083226
31758	-3892.765	-4154.918	262.1532	0.8255834	0.478291	0.304304	0.100757	0.116647	2.214477	1.083226
31764	-3886.806	-4149.132	262.3255	0.6156069	0.373118	0.37244	0.131559	0.122883	2.070135	1.252633
31770	-3892.14	-4154.453	262.3124	0.5697358	0.527567	0.313597	0.113998	0.0448385	2.025997	1.338414
31776	-3885.37	-4147.387	262.0172	0.7299631	0.406372	0.388288	0.138928	0.0664127	2.003032	1.454552
31782	-3901.342	-4163.266	261.9235	0.791762	0.573912	0.273972	0.102918	0.0491987	2.031623	1.454552
31788	-3910	-4171.938	261.9374	0.791762	0.569429	0.27598	0.104593	0.0499992	1.961576	1.497003
31794	-3897.085	-4158.705	261.6197	0.7727774	0.522983	0.253469	0.167039	0.0565086	1.970801	1.734993
31800	-3890.428	-4152.351	261.9226	0.7674761	0.522985	0.271008	0.153932	0.0520746	1.935473	1.546524
31806	-3901.157	-4163.189	262.0319	0.6770914	0.445718	0.345724	0.151529	0.0570299	1.935473	1.536355
31812	-3909.372	-4171.525	262.1523	0.7460088	0.486999	0.216452	0.226976	0.0695732	2.021312	1.321435
31818	-3911.566	-4173.935	262.3688	0.6678622	0.360608	0.417449	0.169873	0.0520698	2.1233	1.121498
31824	-3890.485	-4152.141	261.6559	0.7488778	0.57711	0.202466	0.147971	0.0724533	1.868428	1.798716
31830	-3896.757	-4157.661	260.9037	0.8267616	0.479319	0.192644	0.265715	0.0623215	1.660954	2.377044
31836	-3911.408	-4172.588	261.18	0.8376162	0.493684	0.168448	0.273679	0.0641892	1.834323	2.079787
31842	-3888.72	-4150.941	262.221	0.658102	0.480011	0.285457	0.163215	0.0713168	1.96348	1.386557
31848	-3884.019	-4146.094	262.0748	0.658102	0.429205	0.294791	0.212236	0.0637683	2.007472	1.465298
31854	-3885.192	-4147.145	261.9526	0.7077501	0.536629	0.230523	0.137731	0.0951168	2.048308	1.487008
31860	-3876.984	-4138.692	261.708	0.7651174	0.503651	0.232074	0.189745	0.0745306	1.973333	1.676421
31866	-3883.642	-4145.465	261.8226	0.7651174	0.521807	0.22786	0.196585	0.0537482	1.866591	1.670843
31872	-3893.342	-4154.989	261.6465	0.7651174	0.443805	0.280684	0.216357	0.0591541	1.852996	1.804027
31878	-3878.598	-4140.284	261.686	0.7054424	0.464913	0.265096	0.223422	0.0465685	1.832186	1.834662
31884	-3885.855	-4147.067	261.2115	0.6754583	0.563433	0.282713	0.0974175	0.0564368	1.702597	2.255912
31890	-3882.64	-4143.504	260.8635	0.6754583	0.430119	0.230379	0.25194	0.0875621	1.676339	2.493043
31896	-3886.71	-4147.251	260.5409	0.5536057	0.374548	0.323869	0.21939	0.0821924	1.551419	2.847253
31902	-3885.02	-4145.596	260.5755	0.5819414	0.383858	0.329317	0.22308	0.0637452	1.520929	2.826864
31908	-3894.767	-4155.372	260.6045	0.8093361	0.378792	0.378433	0.179871	0.0629039	1.642761	2.587238
31914	-3918.416	-4179.296	260.8803	0.7625454	0.54896	0.233539	0.182725	0.0347764	1.609391	2.466745
31920	-3902.188	-4163.046	260.8577	0.7508156	0.525095	0.260152	0.174781	0.0399712	1.615713	2.484711
31926	-3891.093	-4150.805	259.712	0.9271053	0.5332	0.264167	0.140027	0.0626059	1.615713	3.072019
31932	-3910.893	-4172.563	261.6701	0.75033	0.398191	0.198325	0.243373	0.160112	1.819156	1.821888
31938	-3894.702	-4156.332	261.6297	0.7886768	0.464088	0.287052	0.189768	0.0590911	1.819156	1.821888
31944	-3889.428	-4151.173	261.7449	0.7886768	0.535485	0.178996	0.218963	0.0665558	1.778622	1.770138
31950	-3903.985	-4165.329	261.344	0.7568118	0.446715	0.15672	0.358226	0.0383401	1.84255	2.021911
31956	-3911.953	-4173.495	261.542	0.6359873	0.441997	0.158056	0.36128	0.038667	1.77178	2.022299
31962	-3897.125	-4157.611	260.4855	0.6646871	0.534179	0.239154	0.204752	0.0219141	1.643396	2.753991
31968	-3895.728	-4156.223	260.4955	0.7946318	0.563046	0.198038	0.215817	0.0230984	1.60841	2.685214
31974	-3904.231	-4165.146	260.9154	0.8307128	0.482007	0.153159	0.245595	0.119239	1.64253	2.378741
31980	-3880.406	-4141.566	261.1599	0.7708337	0.481051	0.233105	0.225807	0.0600369	1.643829	2.26203
31986	-3883.421	-4144.598	261.1766	0.6389843	0.453229	0.277458	0.212748	0.0565647	1.712718	2.296574
31992	-3900.497	-4160.978	260.481	0.7535391	0.459531	0.24689	0.231918	0.0616614	1.597794	2.727126
31998	-3901.155	-4162.216	261.061	0.7723302	0.468027	0.206927	0.226103	0.0989436	1.686631	2.29699
32004	-3904.478	-4165.931	261.4528	0.719875	0.485793	0.214782	0.234686	0.0647392	1.686631	2.078898
32010	-3900.461	-4161.512	261.0501	0.719875	0.486282	0.16432	0.234922	0.114476	1.585688	2.403185
32016	-3896.038	-4156.594	260.5565	0.7978536	0.546215	0.158415	0.263875	0.0314943	1.641385	2.62522
32022	-3892.492	-4153.229	260.7367	0.8209021	0.561091	0.16273	0.243827	0.032352	1.785609	2.407725
32028	-3906.231	-4167.291	261.0605	0.5590884	0.387829	0.184493	0.394772	0.0329061	1.754981	2.396719
32034	-3905.193	-4166.419	261.2262	0.8262189	0.58545	0.065822	0.306429	0.0422991	1.772012	2.098186
32040	-3901.684	-4163.155	261.4706	0.7461203	0.530946	0.0772394	0.346792	0.0450224	1.677448	2.054855
32046	-3893.498	-4154.6	261.1019	0.7267386	0.478731	0.229283	0.244264	0.047721	1.68372	2.303417
32052	-3889.668	-4150.594	260.926	0.7267386	0.452702	0.317713	0.190873	0.0387119	1.700067	2.404708
32058	-3900.367	-4161.688	261.321	0.7411543	0.505983	0.186229	0.23757	0.0702178	1.741417	2.114655
32064	-3897.972	-4158.98	261.0079	0.7411543	0.374037	0.339915	0.173091	0.112956	1.741417	2.316875
32070	-3899.669	-4160.695	261.0261	0.8113284	0.351178	0.378261	0.165139	0.105422	1.649382	2.316875
32076	-3905.004	-4166.598	261.5944	0.6604752	0.351178	0.378261	0.165139	0.105422	1.628302	2.065487
32082	-3905.453	-4166.44	260.9865	0.6067248	0.385453	0.317578	0.181257	0.115711	1.698353	2.447656
32088	-3898.56	-4159.488	260.9274	0.6580502	0.392049	0.328879	0.21724	0.0618328	1.699256	2.450182
32094	-3895.744	-4155.414	259.6703	0.9456711	0.461418	0.248426	0.204233	0.0859226	1.621201	3.082392
32100	-3902.835	-4163.823	260.9885	0.6509565	0.469116	0.252571	0.222438	0.0558752	1.633295	2.45793
32106	-3905.066	-4166.313	261.2472	0.827624	0.505475	0.168603	0.239679	0.0862439	1.686577	2.139368
32112	-3906.059	-4167.619	261.5599	0.6542173	0.470943	0.290939	0.157765	0.0803522	1.727313	2.027145
32118	-3905.327	-4166.601	261.2734	0.8860956	0.528162	0.173603	0.156263	0.141972	1.727833	2.055298
32124	-3915.117	-4175.705	260.5875	0.9050905	0.651411	0.103231	0.18146	0.063898	1.781485	2.449413
32130	-3906.906	-4167.953	261.0467	0.7118451	0.496576	0.300846	0.125394	0.0771834	1.716837	2.327575
32136	-3883.788	-4144.471	260.6833	0.7860378	0.471057	0.285386	0.170341	0.0732169	1.726519	2.501279
32142	-3900.348	-4161.659	261.3112	0.6149186	0.430878	0.305032	0.182067	0.082023	1.767933	2.190758
32148	-3900.951	-4162.2	261.2491	0.6945495	0.434084	0.292686	0.164367	0.108863	1.745761	2.190758
32154	-3907.406	-4169.801	262.3945	0.6225501	0.394707	0.336753	0.226133	0.0424071	2.452889	0.7970365
32160	-3892.194	-4154.741	262.5472	0.5523702	0.311948	0.417743	0.217333	0.0529764	2.452889	0.6722864
32166	-3886.558	-4149.069	262.5116	0.571947	0.407969	0.359449	0.174226	0.0583558	2.431443	0.7357324
32172	-3888.307	-4150.856	262.5489	0.5407428	0.38702	0.344818	0.167135	0.101027	2.470203	0.6581183
32178	-3901.721	-4164.123	262.4018	0.5391768	0.38304	0.341272	0.17354	0.102148	2.629006	0.6358711
32184	-3925.796	-4186.991	261.1944	0.9405887	0.414327	0.272567	0.205182	0.107924	1.740935	2.062012
32190	-3910.681	-4172.831	262.1496	0.7939446	0.466364	0.34746	0.163851	0.022325	2.63009	0.5897725
32196	-3893.487	-4155.905	262.418	0.5753855	0.344496	0.422661	0.186645	0.0461985	2.578739	0.6277997
32202	-3892.461	-4154.893	262.4317	0.4835112	0.345942	0.361855	0.245811	0.0463924	2.658338	0.6277997
32208	-3885.111	-4147.56	262.4495	0.5804506	0.343484	0.365938	0.231792	0.0587858	2.504463	0.7033315
32214	-3894.284	-4156.78	262.4958	0.5786657	0.288164	0.439207	0.182847	0.0897819	2.413427	0.7754616
32220	-3885.413	-4147.929	262.5158	0.5161861	0.373869	0.364774	0.177365	0.0839919	2.337148	0.9225251
32226	-3891.521	-4154.079	262.5576	0.4781518	0.393816	0.384235	0.186827	0.0351216	2.337148	0.9181726
32232	-3891.226	-4153.799	262.5734	0.5456127	0.360915	0.352135	0.260743	0.0262067	2.370281	0.7751498
32238	-3899.137	-4161.511	262.374	0.6368131	0.340329	0.33205	0.237434	0.0901867	2.394934	0.8760146
32244	-3895.315	-4157.91	262.5959	0.5127713	0.385557	0.303992	0.217372	0.093079	2.323726	0.8499776
32250	-3901.394	-4163.881	262.4871	0.6135562	0.38424	0.302954	0.216629	0.0961775	2.328253	0.8499776
32256	-3888.714	-4151.318	262.6041	0.5819762	0.456127	0.21076	0.263019	0.0700949	2.227356	0.8702782
32262	-3880.516	-4142.421	261.9048	0.5681194	0.439266	0.310953	0.210614	0.0391672	1.945796	1.703818
32268	-3874.656	-4136.265	261.6088	0.6657338	0.474328	0.196902	0.277217	0.0515532	1.826224	1.92002
32274	-3896.086	-4157.771	261.6855	0.6657338	0.58559	0.149716	0.210784	0.0539104	1.856117	1.84742
32280	-3884.08	-4145.435	261.3545	0.7742564	0.473802	0.194434	0.261751	0.0700129	1.797503	2.03261
32286	-3890.101	-4151.59	261.4888	0.7742564	0.445766	0.261519	0.246262	0.0464532	1.785925	1.950736
32292	-3893.341	-4154.32	260.9783	0.7837436	0.494122	0.260371	0.144653	0.100854	1.641711	2.370533
32298	-3880.783	-4142.296	261.5131	0.754428	0.485744	0.257479	0.157633	0.0991441	1.679584	2.01952
32304	-3889.008	-4150.468	261.4597	0.6657272	0.371226	0.313991	0.237212	0.077571	1.752965	2.068405
32310	-3893.254	-4154.316	261.0625	0.6681479	0.350371	0.436163	0.140254	0.0732131	1.719934	2.344987
32316	-3891.307	-4152.964	261.657	0.6415322	0.389495	0.402315	0.161373	0.0468165	1.836743	1.897567
32322	-3911.939	-4174.508	262.5686	0.5196884	0.439859	0.363118	0.148332	0.04869	2.197347	1.009107
32328	-3895.612	-4157.991	262.3784	0.7431535	0.452636	0.302294	0.21192	0.0331503	2.083734	1.075895
32334	-3914.454	-4173.346	258.8923	0.7294112	0.447449	0.352989	0.162781	0.0367818	1.446158	3.772226
32340	-3904.436	-4163.855	259.4195	0.7966843	0.493114	0.304625	0.161726	0.0405356	1.453952	3.420323
32346	-3886.25	-4146.001	259.7507	0.7966843	0.562364	0.170669	0.211743	0.0552248	1.455963	3.224185
32352	-3886.968	-4146.419	259.4514	0.7383651	0.523096	0.275057	0.163753	0.038095	1.525297	3.395808
32358	-3903.396	-4162.324	258.9271	0.9117525	0.525228	0.276178	0.164421	0.0341733	1.382552	3.679074
32364	-3894.006	-4153.607	259.6006	0.735131	0.512828	0.274279	0.123978	0.0889155	1.470758	3.34227
32370	-3908.801	-4168.426	259.6256	0.8948553	0.40207	0.181837	0.33073	0.085364	1.355988	3.296917
32376	-3913.344	-4172.932	259.5883	0.7634736	0.307416	0.31135	0.327817	0.0534168	1.38619	3.381587
32382	-3889.732	-4149.647	259.9155	0.8528381	0.553734	0.219912	0.187566	0.0387882	1.55429	3.032714
32388	-3895.875	-4156.018	260.1436	0.8254064	0.493733	0.195994	0.24221	0.0680633	1.574151	2.900792
32394	-3894.345	-4155.117	260.7722	0.8239921	0.493733	0.195994	0.24221	0.0680633	1.68165	2.448776
32400	-3892.53	-4152.455	259.9247	0.8504403	0.495393	0.196653	0.246968	0.0609856	1.503514	3.059108
32406	-3906.55	-4166.8	260.2506	0.8072806	0.390313	0.384888	0.179559	0.0452404	1.502384	2.890919
32412	-3918.498	-4178.106	259.608	0.7953846	0.50082	0.188193	0.230396	0.0805914	1.49895	3.283928
32418	-3903.451	-4163.988	260.5377	0.8282674	0.386909	0.403804	0.167562	0.0417237	1.622083	2.629085
32424	-3884.742	-4145.673	260.9308	0.6548414	0.357899	0.453479	0.141766	0.0468564	1.733043	2.428901
32430	-3893.418	-4156.067	262.6488	0.4910189	0.416758	0.292104	0.259625	0.0315134	2.034392	1.114554
32436	-3903.37	-4165.856	262.4857	0.5592672	0.427261	0.299466	0.240966	0.0323076	2.138515	1.105206
32442	-3894.871	-4157.134	262.2635	0.5592672	0.353	0.403922	0.199085	0.0439928	2.08307	1.340558
32448	-3907.037	-4169.485	262.4484	0.4325169	0.419349	0.302673	0.239035	0.0389424	1.988958	1.367551
32454	-3902.855	-4165.148	262.2938	0.5634049	0.391597	0.290978	0.279987	0.0374377	2.014392	1.367551
32460	-3900.772	-4163.238	262.4658	0.6179997	0.380026	0.282381	0.307303	0.0302904	2.075792	1.124382
32466	-3903.732	-4166.375	262.6431	0.503436	0.382819	0.381476	0.231792	0.00391336	2.174952	0.9730037
32472	-3893.664	-4156.243	262.5787	0.503436	0.295124	0.432061	0.262529	0.0102862	2.171691	1.040312
32478	-3885.375	-4147.824	262.4486	0.6166529	0.327357	0.406057	0.246728	0.0198588	2.184839	1.040312
32484	-3889.204	-4151.762	262.5573	0.5548714	0.397914	0.344209	0.239825	0.0180509	2.140743	1.040312
32490	-3882.389	-4144.959	262.5704	0.4845587	0.420828	0.345906	0.143029	0.0902367	2.140743	1.094747
32496	-3901.434	-4164.116	262.6818	0.3650814	0.439958	0.359782	0.159123	0.0411371	2.140743	1.089319
32502	-3900.117	-4162.722	262.6052	0.5294282	0.465597	0.333732	0.147602	0.0530694	2.069947	1.08655
32508	-3919.048	-4181.721	262.6731	0.5135584	0.417139	0.409756	0.102079	0.0710261	2.032555	1.073138
32514	-3902.411	-4164.274	261.8625	0.6693684	0.449849	0.294322	0.155	0.100829	1.840593	1.732734
32520	-3912.929	-4175.48	262.5518	0.5592541	0.463988	0.332465	0.164074	0.0394737	2.15366	1.028778
32526	-3906.198	-4168.628	262.4302	0.6952099	0.469752	0.324657	0.165627	0.0399641	2.140425	1.020621
32532	-3893.25	-4155.837	262.5875	0.5439339	0.42053	0.324575	0.160583	0.0943122	2.168721	0.9941252
32538	-3886.915	-4149.553	262.6379	0.4968166	0.408619	0.315382	0.199175	0.0768242	2.208175	0.9507715
32544	-3899.153	-4161.731	262.5788	0.5195256	0.287608	0.490695	0.175333	0.0463648	2.33147	0.8530945
32550	-3904.299	-4166.821	262.5218	0.6286059	0.328918	0.38781	0.224766	0.0585064	2.260269	0.8707028
32556	-3894.123	-4156.749	262.6256	0.5284113	0.444772	0.300026	0.183078	0.0721238	2.286779	0.8394458
32562	-3904.602	-4166.824	262.2212	0.6844771	0.402343	0.469127	0.0855888	0.0429414	2.181434	1.184943
32568	-3893.882	-4156.211	262.3287	0.5942195	0.391923	0.390535	0.166359	0.0511826	2.214172	1.145579
32574	-3904.212	-4166.709	262.4977	0.5118079	0.373011	0.365096	0.227163	0.0347305	2.097607	1.174186
32580	-3904.37	-4166.399	262.0294	0.6777156	0.429477	0.249258	0.25662	0.0646458	2.113247	1.402954
32586	-3903.191	-4165.26	262.0685	0.6812895	0.368356	0.415555	0.15018	0.0659097	1.99375	1.461815
32592	-3908.991	-4170.91	261.919	0.683395	0.522712	0.170649	0.213111	0.0935285	1.893975	1.644092
32598	-3904.792	-4166.83	262.0376	0.6739627	0.393932	0.385997	0.14832	0.0717509	1.867656	1.584477
32604	-3916.622	-4178.972	262.3505	0.6273994	0.363509	0.325329	0.250648	0.0605136	2.148841	1.153232
32610	-3907.407	-4169.692	262.2855	0.5308032	0.443908	0.374252	0.113804	0.0680365	2.021585	1.394724
32616	-3911.34	-4173.584	262.2441	0.564997	0.306081	0.398749	0.240595	0.0545757	2.03328	1.39047
32622	-3911.613	-4173.476	261.8628	0.6716016	0.486431	0.334169	0.147411	0.0319894	1.806603	1.754701
32628	-3930.622	-4192.548	261.9261	0.6038596	0.565364	0.257986	0.131523	0.0451271	1.88234	1.707212
32634	-3921.487	-4183.256	261.7686	0.7277738	0.474609	0.306236	0.156121	0.0630345	1.843116	1.753438
32640	-3914.09	-4176.366	262.2762	0.6690582	0.403666	0.338595	0.149706	0.108033	1.84394	1.427451
32646	-3912.252	-4174.627	262.3752	0.5922803	0.407236	0.278114	0.201312	0.113338	1.815519	1.435461
32652	-3889.451	-4151.424	261.9722	0.6782335	0.562912	0.233407	0.132578	0.0711032	1.890986	1.611785
32658	-3897.545	-4159.595	262.05	0.4796997	0.452342	0.35063	0.155041	0.0419868	1.696425	1.838825
32664	-3902.263	-4163.971	261.7086	0.6591012	0.534194	0.179972	0.245057	0.0407768	1.786497	1.884024
32670	-3895.342	-4156.741	261.3992	0.593883	0.495147	0.218255	0.237147	0.0494508	1.738767	2.166899
32676	-3896.028	-4156.9	260.8726	0.8890628	0.500265	0.248651	0.194746	0.0563376	1.579292	2.407539
32682	-3901.057	-4162.551	261.494	0.7977834	0.50536	0.247943	0.194192	0.0525047	1.608735	2.048924
32688	-3908.506	-4169.232	260.7252	0.76382	0.507931	0.196237	0.24306	0.0527719	1.589868	2.574813
32694	-3899.405	-4160.584	261.1794	0.6218011	0.493455	0.168578	0.289367	0.0486004	1.625357	2.361938
32700	-3891.929	-4152.675	260.7466	0.8877655	0.583755	0.199427	0.179535	0.0372833	1.664517	2.434061
32706	-3895.663	-4156.798	261.1351	0.7624809	0.510214	0.176688	0.280066	0.0330322	1.724495	2.231786
32712	-3886.975	-4149.584	262.6091	0.4594029	0.442055	0.338048	0.202384	0.0175132	2.350438	0.8648364
32718	-3887.867	-4150.466	262.5998	0.4634975	0.468911	0.306763	0.206434	0.017891	2.360725	0.8590325
32724	-3906.487	-4169.291	262.8038	0.3076815	0.477814	0.312588	0.189492	0.0201064	2.360725	0.7484336
32730	-3901.808	-4164.205	262.3971	0.5759812	0.53063	0.225173	0.219146	0.0250506	2.413233	0.9016823
32736	-3915.179	-4177.622	262.4425	0.4565353	0.490593	0.244845	0.246554	0.0180078	2.555469	0.8209861
32742	-3890.126	-4152.159	262.0329	0.686735	0.376401	0.331852	0.233281	0.0584662	1.801568	1.626066
32748	-3903.785	-4165.487	261.7021	0.6051794	0.385415	0.3398	0.214919	0.0598663	1.777497	1.933086
32754	-3892.702	-4154.546	261.844	0.5569413	0.374374	0.330066	0.233904	0.0616565	1.806699	1.85099
32760	-3901.848	-4163.642	261.7938	0.5834407	0.358337	0.365289	0.223884	0.0524905	1.825649	1.853567
32766	-3885.977	-4147.906	261.9293	0.7142074	0.493229	0.256843	0.148154	0.101775	1.856869	1.639901
32772	-3891.749	-4153.347	261.5982	0.7848024	0.498766	0.310985	0.149817	0.0404319	1.823693	1.843264
32778	-3890.571	-4151.861	261.29	0.7335762	0.494204	0.276774	0.171297	0.0577263	1.76179	2.126838
32784	-3893.286	-4155.204	261.9183	0.722107	0.439922	0.283807	0.19456	0.0817108	2.004886	1.533794
32790	-3897.279	-4159.142	261.8633	0.7834242	0.50909	0.17289	0.204103	0.113917	1.995141	1.533794
32796	-3892.714	-4154.708	261.9945	0.759895	0.482671	0.229003	0.182177	0.106149	1.888703	1.533794
32802	-3882.301	-4143.445	261.1434	0.759895	0.485285	0.194567	0.267902	0.0522457	1.796397	2.181659
32808	-3881.901	-4143.153	261.2515	0.7581832	0.482232	0.224868	0.270327	0.0225729	1.757759	2.137664
32814	-3886.21	-4147.994	261.7849	0.6948778	0.490201	0.159284	0.326171	0.0243443	1.803324	1.794044
32820	-3889.28	-4151.171	261.8915	0.6948778	0.442184	0.241635	0.294221	0.0219597	2.106488	1.499443
32826	-3881.638	-4143.516	261.8774	0.6570509	0.332144	0.388052	0.211175	0.0686278	1.991191	1.624136
32832	-3888.651	-4151.196	262.5451	0.5447649	0.441692	0.392932	0.144744	0.0206316	2.010785	1.179263
32838	-3896.542	-4158.625	262.0831	0.678589	0.325413	0.411402	0.234261	0.028924	1.863907	1.550236
32844	-3897.519	-4159.713	262.1935	0.6574444	0.426629	0.241219	0.303619	0.0285333	1.963477	1.408501
32850	-3888.736	-4150.909	262.1723	0.6359888	0.492392	0.206545	0.259974	0.0410886	1.969051	1.438046
32856	-3899.483	-4161.388	261.9046	0.9009167	0.456961	0.234667	0.241267	0.0671046	2.072159	1.349633
32862	-3897.48	-4159.727	262.2474	0.6542161	0.499029	0.17289	0.262544	0.0655369	2.27578	1.106439
32868	-3896.313	-4158.235	261.9222	0.6948572	0.466196	0.252901	0.232201	0.0487017	2.026135	1.536518
32874	-3899.453	-4161.507	262.0542	0.6999158	0.426447	0.35284	0.159174	0.0615383	1.962122	1.481686
32880	-3888.635	-4150.86	262.2251	0.6263139	0.420098	0.36591	0.151769	0.0622225	1.962122	1.4106
32886	-3893.543	-4155.887	262.3442	0.5782962	0.441077	0.306456	0.158763	0.0937038	2.09397	1.249841
32892	-3885.986	-4148.484	262.4979	0.5782962	0.438649	0.304768	0.163395	0.093188	2.156379	1.058869
32898	-3891.415	-4154.018	262.6034	0.4520227	0.387606	0.377404	0.149645	0.0853459	2.149225	1.085366
32904	-3886.929	-4149.246	262.317	0.681338	0.457056	0.224388	0.248164	0.0703921	2.200362	1.085366
32910	-3911.011	-4173.275	262.2635	0.4834071	0.366091	0.28638	0.303346	0.0441833	2.04148	1.433086
32916	-3904.061	-4166.346	262.2848	0.5623951	0.471704	0.288788	0.209058	0.0304499	1.846847	1.503849
32922	-3909.477	-4171.39	261.913	0.7192092	0.453445	0.277609	0.212639	0.0563064	1.946996	1.582555
32928	-3908.99	-4171.325	262.335	0.6309666	0.470202	0.294046	0.185453	0.0502993	2.010437	1.280737
32934	-3880.956	-4142.96	262.0034	0.7049493	0.41878	0.354649	0.15565	0.0709211	1.828697	1.613868
32940	-3880.279	-4142.09	261.8115	0.6925687	0.43925	0.360627	0.163258	0.0368643	1.892635	1.714663
32946	-3877.1	-4138.866	261.7661	0.7801993	0.529121	0.244787	0.189814	0.036277	1.861635	1.703243
32952	-3892.424	-4154.242	261.8179	0.5104327	0.421236	0.278627	0.242592	0.0575443	1.854355	1.868709
32958	-3891.4	-4153.253	261.8528	0.7162642	0.435372	0.345059	0.14337	0.0761989	1.914545	1.651878
32964	-3889.827	-4151.628	261.8001	0.7601154	0.444955	0.296952	0.199961	0.0581319	1.783177	1.749421
32970	-3897.138	-4158.946	261.8083	0.7678333	0.457608	0.253057	0.245419	0.0439154	1.926112	1.636401
32976	-3889.115	-4150.651	261.5355	0.995897	0.484304	0.255817	0.213936	0.0459433	1.975226	1.628382
32982	-3899.256	-4160.998	261.7425	0.6082213	0.443728	0.295903	0.242532	0.0178366	1.902095	1.81844
32988	-3885.243	-4147.425	262.1827	0.6290106	0.443004	0.286337	0.234691	0.0359682	1.96105	1.441904
32994	-3879.476	-4141.666	262.1901	0.6290106	0.408244	0.354068	0.206102	0.0315866	2.082757	1.341072
33000	-3896.244	-4158.317	262.0736	0.6459199	0.45165	0.359332	0.158427	0.0305902	1.992145	1.487491
33006	-3885.472	-4147.588	262.1158	0.6615342	0.397921	0.422724	0.165342	0.0140133	1.933443	1.487491
33012	-3890.686	-4152.637	261.9511	0.7908589	0.4911	0.311387	0.182081	0.0154319	1.961491	1.487491
33018	-3889.651	-4151.65	261.9993	0.8326074	0.462155	0.301691	0.17135	0.0648043	1.961491	1.417486
33024	-3890.442	-4151.863	261.4203	0.660873	0.526573	0.200238	0.26687	0.00632005	1.678527	2.146382
33030	-3898.489	-4159.336	260.8473	0.7573079	0.509048	0.224592	0.257988	0.00837124	1.569738	2.515641
33036	-3892.149	-4153.458	261.309	0.6002257	0.423	0.308219	0.265968	0.00281298	1.677954	2.260183
33042	-3901.531	-4161.935	260.4033	0.6785141	0.524052	0.172761	0.299702	0.00348498	1.653232	2.789192
33048	-3893.885	-4154.531	260.6458	0.7655868	0.515724	0.199895	0.283605	0.000776291	1.641281	2.591034
33054	-3902.787	-4163.944	261.1567	0.5728554	0.46055	0.171712	0.364773	0.00296527	1.655682	2.389611
33060	-3895.412	-4156.303	260.8908	0.6194815	0.465856	0.342655	0.184223	0.00726521	1.689467	2.504746
33066	-3904.884	-4166.473	261.589	0.5691724	0.409677	0.301334	0.279573	0.00941603	1.705489	2.081424
33072	-3909.085	-4170.677	261.5918	0.5738092	0.36116	0.381946	0.246464	0.0104303	1.766974	2.035807
33078	-3896.287	-4158.08	261.7935	0.6318661	0.543712	0.227029	0.19291	0.0363493	1.766974	1.859051
33084	-3885.957	-4147.341	261.384	0.6765754	0.478742	0.228422	0.26317	0.0296663	1.760272	2.105837
33090	-3888.37	-4150.444	262.0743	0.5239478	0.42818	0.350731	0.197355	0.0237347	1.760272	1.747111
33096	-3900.795	-4162.298	261.503	0.5711022	0.408565	0.418652	0.144452	0.0283311	1.66571	2.162402
33102	-3893.215	-4155.231	262.0158	0.6037091	0.42657	0.374962	0.155584	0.0428836	1.820294	1.687718
33108	-3896.513	-4157.577	261.0636	0.631777	0.379049	0.33319	0.249655	0.0381062	1.757958	2.344586
33114	-3897.738	-4159.648	261.9104	0.4669561	0.252473	0.483529	0.207885	0.0561123	1.709379	1.933341
33120	-3895.775	-4157.406	261.631	0.4669561	0.406353	0.2533	0.269025	0.0713226	1.685618	2.134381
33126	-3906.461	-4167.848	261.3865	0.6471265	0.343543	0.390804	0.205355	0.0602983	1.745338	2.134381
33132	-3904.841	-4166.21	261.369	0.624646	0.442819	0.248674	0.247425	0.0610823	1.786549	2.134381
33138	-3904.891	-4166.459	261.5675	0.5600972	0.448452	0.267573	0.250573	0.0334026	1.770233	2.059162
33144	-3888.997	-4151.413	262.4153	0.5689384	0.484524	0.272047	0.184729	0.0586995	2.306632	1.002628
33150	-3894.499	-4156.414	261.9145	0.5224881	0.438251	0.310217	0.212464	0.0390687	1.809934	1.824591
33156	-3890.115	-4151.903	261.7881	0.6199197	0.456429	0.275239	0.217493	0.0508391	1.87758	1.79531
33162	-3892.644	-4154.556	261.912	0.6199197	0.39893	0.346534	0.172017	0.0825187	1.938431	1.665362
33168	-3905.277	-4167.23	261.9527	0.6121824	0.348891	0.369517	0.137433	0.144159	1.92541	1.651373
33174	-3906.719	-4169.368	262.6493	0.4680241	0.377575	0.342373	0.169228	0.110825	2.191428	0.9854266
33180	-3900.139	-4162.533	262.3939	0.464867	0.492899	0.263367	0.151242	0.0924911	1.973747	1.398493
33186	-3898.906	-4161.319	262.4127	0.4976442	0.290486	0.568366	0.0991153	0.0420325	2.027514	1.315718
33192	-3899.24	-4161.63	262.3898	0.4976442	0.325858	0.515806	0.111184	0.0471508	1.99888	1.356874
33198	-3887.623	-4150.056	262.4325	0.5919213	0.524268	0.220989	0.178883	0.0758601	2.019795	1.225994
33204	-3893.322	-4155.511	262.189	0.5936388	0.444925	0.275218	0.249451	0.0304055	1.939016	1.482087
33210	-3902.874	-4165.065	262.1909	0.7363717	0.533723	0.220025	0.159326	0.0869269	1.951415	1.354542
33216	-3901.288	-4163.484	262.1957	0.5188856	0.500973	0.250405	0.181325	0.0672968	1.942352	1.532356
33222	-3902.484	-4164.503	262.0198	0.6725593	0.411553	0.371882	0.153282	0.0632829	1.974195	1.520111
33228	-3891.852	-4153.897	262.0446	0.6934205	0.443611	0.23717	0.245285	0.0739335	1.915368	1.528988
33234	-3894.565	-4156.558	261.993	0.6862248	0.435046	0.243741	0.239355	0.0818589	1.933631	1.55926
33240	-3884.34	-4146.423	262.083	0.6369943	0.46628	0.280877	0.165107	0.0877361	1.843565	1.597516
33246	-3888.569	-4150.388	261.8188	0.8053022	0.496018	0.238082	0.158566	0.107335	1.930008	1.597516
33252	-3889.286	-4151.083	261.7968	0.8085964	0.626802	0.194179	0.104874	0.0741456	1.781674	1.716996
33258	-3882.322	-4143.97	261.6476	0.8925078	0.569093	0.176301	0.1364	0.118206	1.813469	1.738358
33264	-3882.876	-4144.42	261.5442	0.7684169	0.492651	0.164803	0.276957	0.0655885	1.741505	1.947422
33270	-3885.021	-4146.805	261.7835	0.7983386	0.417965	0.334029	0.187709	0.0602959	1.882153	1.662754
33276	-3880.031	-4141.542	261.5108	0.819177	0.443113	0.297594	0.205574	0.0537189	1.854279	1.857517
33282	-3897.243	-4158.849	261.606	0.819177	0.424847	0.285326	0.24963	0.0401975	1.946595	1.727441
33288	-3896.324	-4158.168	261.8441	0.7210561	0.466252	0.240626	0.237174	0.0559472	1.811706	1.727441
33294	-3885.071	-4146.809	261.7376	0.7489723	0.423074	0.276032	0.243463	0.0574308	1.828647	1.769501
33300	-3889.217	-4150.874	261.6572	0.801961	0.471034	0.298508	0.163661	0.0667975	1.853369	1.769501
33306	-3890.334	-4152.313	261.9794	0.632995	0.505771	0.269204	0.168994	0.056032	1.916922	1.622472
33312	-3895.239	-4156.906	261.6669	0.7291222	0.450219	0.21208	0.296242	0.0414587	1.95379	1.746122
33318	-3896.066	-4157.765	261.6994	0.7257073	0.45649	0.258813	0.254971	0.0297251	1.874891	1.781018
33324	-3883.955	-4145.38	261.4258	0.713548	0.3712	0.323033	0.248457	0.0573098	1.828053	2.007576
33330	-3887.764	-4148.518	260.7538	0.8382786	0.427932	0.248482	0.257517	0.0660688	1.766451	2.397558
33336	-3887.353	-4148.837	261.484	0.6897756	0.409565	0.272949	0.252663	0.0648235	1.760951	2.030227
33342	-3895.004	-4156.486	261.4823	0.717117	0.435816	0.254177	0.241029	0.0689784	1.899382	1.919252
33348	-3887.689	-4149.095	261.4065	0.8865617	0.450819	0.263926	0.213631	0.0716241	1.893376	1.854283
33354	-3897.076	-4158.701	261.6259	0.7045461	0.47141	0.252845	0.244086	0.0316586	1.936479	1.804819
33360	-3885.88	-4147.587	261.7069	0.7096371	0.488953	0.314614	0.15358	0.0428539	1.877959	1.785511
33366	-3895.685	-4157.467	261.7825	0.7096371	0.558155	0.240961	0.117626	0.0832583	1.896527	1.719645
33372	-3892.155	-4154.198	262.0433	0.7096371	0.596228	0.143694	0.171141	0.0889376	1.863684	1.55548
33378	-3884.308	-4145.653	261.3446	0.7406492	0.505961	0.175818	0.209401	0.10882	1.674357	2.143431
33384	-3891.28	-4152.006	260.7257	0.7993395	0.56563	0.183664	0.222308	0.0283976	1.757791	2.44637
33390	-3884.821	-4145.879	261.0581	0.7418797	0.562819	0.210498	0.202226	0.0244574	1.781713	2.258509
33396	-3872.996	-4134.214	261.2172	0.7418797	0.541502	0.195159	0.23659	0.0267502	1.781713	2.15564
33402	-3900.574	-4162.294	261.72	0.7926966	0.453998	0.190723	0.246829	0.10845	1.806846	1.764939
33408	-3903.315	-4165.208	261.8931	0.7926966	0.54594	0.231151	0.154865	0.0680435	1.839294	1.619004
33414	-3903.888	-4165.247	261.3588	0.7157577	0.398846	0.283692	0.221861	0.0956016	1.802994	2.067001
33420	-3908.467	-4169.479	261.0126	0.9765781	0.432966	0.307961	0.240841	0.0182318	1.785096	2.128531
33426	-3895.247	-4156.489	261.2419	0.7434433	0.533766	0.160989	0.243432	0.0618126	1.724034	2.175981
33432	-3908.639	-4169.052	260.4133	0.8797034	0.536656	0.161861	0.24475	0.0567332	1.68606	2.633467
33438	-3900.083	-4161.167	261.0837	0.7260741	0.519053	0.147884	0.290622	0.042441	1.655892	2.333236
33444	-3896.342	-4157.388	261.0462	0.6799585	0.530741	0.237779	0.19484	0.0366391	1.653025	2.389783
33450	-3898.667	-4159.528	260.8611	0.862499	0.454134	0.319087	0.166717	0.0600617	1.707729	2.350902
33456	-3905.194	-4165.885	260.6907	0.7322133	0.448062	0.328192	0.164488	0.0592587	1.609071	2.604997
33462	-3892.878	-4153.45	260.5725	0.7403971	0.409074	0.312996	0.221414	0.056515	1.571007	2.69595
33468	-3897.706	-4158.012	260.3061	0.9002361	0.483492	0.21521	0.230509	0.0707887	1.612243	2.73172
33474	-3906.334	-4167.651	261.3166	0.5101685	0.331426	0.358086	0.222145	0.0883424	1.539932	2.402315
33480	-3906.238	-4168.218	261.9798	0.87515	0.600707	0.158823	0.161236	0.0792343	1.903479	1.443144
33486	-3904.588	-4166.509	261.9205	0.6564414	0.554905	0.146713	0.225189	0.0731929	1.951673	1.622015
33492	-3892.529	-4154.06	261.5313	0.6564414	0.536064	0.101351	0.316819	0.0457659	1.632226	2.107182
33498	-3886.571	-4147.902	261.3307	0.70347	0.471478	0.265477	0.215853	0.0471921	1.617568	2.214814
33504	-3889.242	-4150.745	261.5033	0.7591901	0.450244	0.306451	0.193039	0.0502656	1.669326	2.029465
33510	-3918.588	-4179.444	260.8565	0.6077536	0.512836	0.240315	0.200464	0.046384	1.613804	2.580874
33516	-3921.055	-4181.869	260.8144	0.7957526	0.546062	0.250664	0.153885	0.0493891	1.748019	2.39899
33522	-3916.623	-4176.585	259.9619	0.8634783	0.495794	0.235556	0.15151	0.117139	1.479992	3.042833
33528	-3906.172	-4166.234	260.0624	0.8003024	0.461142	0.304884	0.167844	0.06613	1.388208	3.076943
33534	-3909.896	-4169.779	259.8837	0.7882692	0.455396	0.223242	0.219584	0.101778	1.456056	3.150513
33540	-3900.064	-4160.245	260.181	0.6883682	0.52093	0.226361	0.149509	0.1032	1.456697	3.035709
33546	-3894.731	-4155.069	260.338	0.818285	0.522311	0.219342	0.190702	0.0676459	1.553259	2.800114
33552	-3888.687	-4149.942	261.2547	0.8448838	0.590164	0.247837	0.0855661	0.0764337	1.776026	2.063985
33558	-3913.476	-4174.784	261.3079	0.8528401	0.374353	0.270741	0.270167	0.0847394	1.714532	2.063985
33564	-3887.384	-4148.142	260.7575	0.8838435	0.428915	0.311887	0.203215	0.0559825	1.714532	2.398212
33570	-3881.3	-4142.857	261.5576	0.9002475	0.439601	0.28352	0.223777	0.0531019	1.820036	1.791016
33576	-3886.031	-4147.526	261.4954	0.8001683	0.422467	0.301453	0.215054	0.0610255	1.851297	1.883592
33582	-3908.314	-4169.795	261.4817	0.7528304	0.399904	0.382891	0.197617	0.0195879	1.85581	1.923601
33588	-3918.087	-4179.868	261.7809	0.6540466	0.3855	0.3691	0.190499	0.0549015	1.886722	1.768893
33594	-3910.615	-4172.525	261.9098	0.4941546	0.428672	0.361021	0.154677	0.0556301	1.814155	1.844443
33600	-3905.881	-4166.596	260.7154	0.7864173	0.57798	0.206328	0.154977	0.0607147	1.712641	2.489626
33606	-3892.385	-4153.687	261.3025	0.7732677	0.455209	0.171077	0.322316	0.0513974	1.693021	2.136284
33612	-3886.479	-4147.971	261.4922	0.6636723	0.483415	0.278968	0.180582	0.0570346	1.694553	2.08688
33618	-3883.86	-4145.37	261.5098	0.7611587	0.480832	0.273182	0.176837	0.0691484	1.715498	1.993078
33624	-3877.011	-4137.976	260.9644	0.7611587	0.485066	0.319938	0.134401	0.0605956	1.683079	2.36818
33630	-3903.149	-4165.162	262.0125	0.6950098	0.42305	0.307008	0.197593	0.072349	1.999511	1.488855
33636	-3902.314	-4164.259	261.9445	0.6815123	0.510339	0.251932	0.150452	0.0872769	1.957722	1.58083
33642	-3893.62	-4153.5	259.88	0.8823339	0.505243	0.236184	0.189141	0.0694316	1.525978	3.052648
33648	-3900.498	-4160.385	259.8874	0.8823339	0.551513	0.15934	0.227606	0.0615403	1.550028	3.033884
33654	-3890.265	-4149.959	259.6939	0.9613079	0.402318	0.327634	0.222373	0.0476752	1.459552	3.155166
33660	-3893.605	-4153.303	259.6988	0.7175998	0.427777	0.366273	0.16997	0.0359799	1.457165	3.303367
33666	-3895.393	-4155.591	260.1983	0.6880498	0.488188	0.244124	0.244902	0.022786	1.505552	2.996313
33672	-3891.203	-4151.236	260.0324	0.7083952	0.511496	0.184081	0.2761	0.0283229	1.478523	3.098804
33678	-3889.298	-4150.402	261.1039	0.7812677	0.484908	0.201498	0.268149	0.0454446	1.694052	2.258717
33684	-3883.207	-4144.154	260.9467	0.7267829	0.478096	0.204163	0.271696	0.0460457	1.716547	2.381197
33690	-3887.604	-4148.808	261.204	0.7271145	0.584468	0.166978	0.222211	0.0263422	1.74241	2.199806
33696	-3909.378	-4170.854	261.4752	0.8825686	0.547146	0.135787	0.165573	0.151495	1.736199	1.917275
33702	-3894.529	-4155.507	260.9784	0.8918379	0.55067	0.190955	0.160142	0.0982338	1.82052	2.183839
33708	-3888.931	-4150.121	261.1893	0.9208902	0.41186	0.291694	0.135869	0.160577	1.780504	2.052476
33714	-3906.426	-4167.086	260.6607	0.8561328	0.45337	0.1447	0.260979	0.140951	1.525793	2.594708
33720	-3888.519	-4148.662	260.1427	0.8713955	0.490224	0.124345	0.257502	0.12793	1.582253	2.867528
33726	-3885.948	-4146.865	260.9178	0.9343903	0.464314	0.0738345	0.340683	0.121168	1.582253	2.347703
33732	-3894.137	-4153.713	259.5757	0.8756285	0.527985	0.145956	0.240516	0.0855425	1.334794	3.350413
33738	-3887.732	-4147.569	259.8377	0.7272046	0.542698	0.122158	0.247218	0.0879261	1.423562	3.235204
33744	-3908.274	-4168.225	259.9515	0.7997447	0.582214	0.10614	0.229885	0.0817615	1.378171	3.149332
33750	-3900.621	-4160.516	259.8953	0.786339	0.445241	0.143908	0.330857	0.0799946	1.5942	3.06248
33756	-3908.94	-4168.81	259.8704	0.9260586	0.460832	0.113929	0.342443	0.0827958	1.527124	3.0309
33762	-3897.313	-4156.775	259.4627	0.7277066	0.427549	0.260798	0.288355	0.0232986	1.446108	3.442156
33768	-3889.475	-4150.047	260.5714	0.731386	0.427038	0.261681	0.28801	0.0232708	1.488374	2.753045
33774	-3887.185	-4146.683	259.4986	0.7768047	0.489848	0.192085	0.209743	0.108325	1.432402	3.398849
33780	-3891.372	-4151.348	259.9761	0.7059722	0.41571	0.309394	0.181274	0.0936217	1.44685	3.152659
33786	-3897.168	-4157.333	260.1653	0.6696684	0.540972	0.232085	0.17351	0.0534329	1.553731	2.998891
33792	-3884.478	-4145.451	260.9728	0.5952199	0.524748	0.242647	0.180775	0.0518305	1.684616	2.472451
33798	-3899.878	-4160.952	261.0737	0.6966814	0.509767	0.233093	0.175614	0.0815257	1.600371	2.394496
33804	-3896.248	-4157.585	261.3367	0.7181268	0.536676	0.240059	0.180909	0.0423551	1.77612	2.097569
33810	-3881.202	-4142.387	261.1846	0.7277677	0.411962	0.309792	0.233461	0.0447851	1.66238	2.263423
33816	-3879.351	-4140.634	261.2828	0.736269	0.373579	0.245964	0.260043	0.120414	1.69416	2.17377
33822	-3892.17	-4153.159	260.9889	0.7729114	0.496147	0.209561	0.194037	0.100256	1.689427	2.340772
33828	-3893.049	-4153.368	260.3192	0.7812174	0.471602	0.191941	0.244631	0.0918264	1.590423	2.81256
33834	-3900.313	-4162.07	261.757	0.7657981	0.546953	0.186335	0.228964	0.0377477	1.933922	1.669118
33840	-3905.323	-4167.198	261.8745	0.7225394	0.516069	0.190524	0.23953	0.053877	1.933922	1.617455
33846	-3901.705	-4163.741	262.0365	0.6633709	0.445615	0.326944	0.20572	0.0217205	1.920328	1.554904
33852	-3910.775	-4171.512	260.7372	0.7885133	0.53231	0.205906	0.23161	0.0301744	1.535762	2.584824
33858	-3915.838	-4175.978	260.1398	0.8167516	0.542585	0.20988	0.132119	0.115416	1.492648	2.957665
33864	-3908.554	-4167.203	258.6487	0.7649251	0.508901	0.19685	0.110979	0.18327	1.324481	3.960499
33870	-3938.872	-4198.871	259.9991	0.5378262	0.344173	0.258589	0.368563	0.0286754	1.435595	3.250376
33876	-3920.675	-4179.669	258.9943	0.6503089	0.568413	0.157183	0.22696	0.0474441	1.379768	3.799997
33882	-3906.343	-4168.043	261.6999	0.8621917	0.569632	0.179127	0.141855	0.109386	1.93726	1.635412
33888	-3898.22	-4160.299	262.0793	0.470321	0.452325	0.310632	0.133838	0.103205	1.791187	1.759171
33894	-3900.444	-4161.692	261.2478	0.616031	0.436151	0.282589	0.181746	0.0995142	1.691267	2.280199
33900	-3909.525	-4168.506	258.9809	0.7002295	0.376444	0.319026	0.218892	0.0856382	1.331995	3.804742
33906	-3903.83	-4162.198	258.3676	0.6185576	0.546344	0.23875	0.117935	0.0969703	1.275074	4.236846
33912	-3919.815	-4181.777	261.9628	0.745932	0.563257	0.195637	0.167539	0.0735673	1.835568	1.606822
33918	-3902.982	-4164.838	261.8559	0.8028327	0.494804	0.2263	0.193798	0.0850978	1.882663	1.606822
33924	-3897.574	-4159.454	261.8795	0.6978383	0.480744	0.226444	0.184333	0.10848	1.858578	1.686686
33930	-3903.559	-4165.614	262.0551	0.649954	0.561287	0.152594	0.201507	0.0846118	1.859382	1.596333
33936	-3902.958	-4164.865	261.9069	0.7604735	0.368178	0.312717	0.224738	0.0943666	1.859382	1.618963
33942	-3894.082	-4155.877	261.7953	0.7377939	0.4256	0.363127	0.106846	0.104427	1.846325	1.724976
33948	-3887.247	-4148.953	261.7055	0.6247672	0.419979	0.358331	0.105435	0.116256	1.750983	1.934789
33954	-3905.801	-4166.765	260.9642	0.7684452	0.39477	0.336822	0.220809	0.0475985	1.702267	2.351283
33960	-3882.223	-4143.619	261.3966	0.6337779	0.425032	0.362642	0.104102	0.108224	1.728072	2.148219
33966	-3887.391	-4148.875	261.4846	0.6277616	0.393734	0.311448	0.255592	0.0392251	1.683624	2.123943
33972	-3878.732	-4139.818	261.086	0.6646132	0.464419	0.340844	0.149294	0.0454426	1.75384	2.31085
33978	-3892.154	-4153.308	261.1542	0.819482	0.411462	0.390763	0.1501	0.0476752	1.812585	2.12336
33984	-3892.04	-4153.57	261.5309	0.5343196	0.392037	0.372314	0.190548	0.0451004	1.735653	2.12336
33990	-3887.206	-4148.71	261.5036	0.5574688	0.3861	0.366676	0.232236	0.0149868	1.959048	1.977927
33996	-3887.002	-4148.319	261.3169	0.6619036	0.356391	0.386586	0.244846	0.0121766	1.81352	2.125099
34002	-3890.933	-4152.407	261.4743	0.8245108	0.441588	0.310737	0.193134	0.0545417	1.77832	1.930089
34008	-3881.634	-4143.057	261.4228	0.7434181	0.503456	0.193134	0.230041	0.0733688	1.878829	1.954455
34014	-3888.346	-4149.88	261.5344	0.7471721	0.445239	0.316186	0.171115	0.0674603	1.916209	1.850713
34020	-3898.436	-4159.931	261.4949	0.6327953	0.563745	0.146617	0.235146	0.0544919	1.785911	2.046447
34026	-3903.335	-4164.472	261.1371	0.7897817	0.562323	0.146247	0.234552	0.0568781	1.655809	2.256199
34032	-3895.099	-4156.612	261.5126	0.8837636	0.578168	0.0787617	0.258014	0.0850565	1.855941	1.809045
34038	-3896.113	-4158.029	261.916	0.7315293	0.473764	0.341991	0.122844	0.0614015	1.833347	1.65321
34044	-3899.253	-4161.161	261.9079	0.7315293	0.465266	0.353793	0.120641	0.0603002	1.841401	1.65321
34050	-3900.166	-4162.347	262.1815	0.7943434	0.458192	0.270255	0.257672	0.0138803	2.006083	1.26861
34056	-3883.343	-4145.284	261.9408	0.7377687	0.398214	0.337453	0.223942	0.0403908	1.953046	1.543251
34062	-3898.247	-4160.166	261.9188	0.652164	0.499085	0.31449	0.157198	0.0292272	1.907762	1.658051
34068	-3910.956	-4172.036	261.0794	0.7441287	0.416433	0.346167	0.215799	0.0216015	1.863053	2.190732
34074	-3906.457	-4167.821	261.3639	0.7734461	0.498773	0.275817	0.2049	0.0205105	1.882541	1.970289
34080	-3879.876	-4140.442	260.5663	0.8530567	0.550032	0.200979	0.208233	0.0407569	1.71699	2.536557
34086	-3895.624	-4156.422	260.7982	0.8635951	0.456395	0.245264	0.274183	0.0241575	1.720987	2.38166
34092	-3905.526	-4166.939	261.4124	0.7667753	0.495805	0.174495	0.297859	0.031841	1.720377	2.050561
34098	-3892.069	-4153.207	261.1385	0.8779594	0.449071	0.210313	0.286467	0.0541484	1.786915	2.110741
34104	-3893.741	-4155.053	261.3114	0.8414593	0.526847	0.242478	0.168246	0.0624296	1.773233	2.03066
34110	-3895.984	-4157.437	261.4532	0.7117958	0.477755	0.281049	0.152569	0.0886272	1.771502	2.028143
34116	-3893.077	-4154.653	261.5763	0.7117958	0.424841	0.305035	0.205207	0.0649175	1.843463	1.89727
34122	-3887.618	-4148.738	261.1194	0.7434474	0.341777	0.386466	0.219533	0.0522249	1.834448	2.183829
34128	-3892.698	-4153.801	261.1032	0.874625	0.407247	0.366248	0.175996	0.05051	1.644879	2.228207
34134	-3911.342	-4172.55	261.2081	0.8294225	0.491856	0.16706	0.196361	0.144723	1.667078	2.176316
34140	-3894.56	-4156.194	261.6342	0.8159618	0.425182	0.279969	0.169743	0.125105	1.798816	1.813136
34146	-3895.503	-4156.84	261.3371	0.818752	0.406693	0.317569	0.137454	0.138283	1.822986	1.996249
34152	-3912.132	-4173.373	261.2407	0.822537	0.376471	0.328745	0.163334	0.13145	1.860682	2.032679
34158	-3898.406	-4159.772	261.366	0.730045	0.412774	0.265111	0.209778	0.112337	1.913424	1.978864
34164	-3906.361	-4168.187	261.8259	0.6387617	0.394283	0.274081	0.215498	0.116138	1.796654	1.811361
34170	-3899.62	-4161.672	262.0517	0.5805534	0.374091	0.287614	0.228104	0.11019	1.939695	1.593514
34176	-3892.5	-4154.671	262.1713	0.5805534	0.338579	0.321152	0.217995	0.122274	1.969064	1.483147
34182	-3911.184	-4173.387	262.2029	0.4645984	0.421177	0.323793	0.131751	0.123279	1.953297	1.558551
34188	-3903.136	-4164.853	261.7174	0.6332049	0.400303	0.355196	0.17225	0.0722503	1.998985	1.750215
34194	-3905.286	-4167.249	261.9631	0.6332049	0.309785	0.384493	0.20381	0.101912	2.010904	1.565749
34200	-3909.272	-4171.132	261.86	0.7776725	0.364271	0.287878	0.239657	0.108194	2.043397	1.504828
34206	-3889.111	-4151.153	262.0426	0.5755288	0.370446	0.292758	0.226768	0.110028	1.951111	1.595595
34212	-3893.493	-4155.715	262.222	0.5041906	0.410343	0.304998	0.225019	0.0596402	2.006494	1.475675
34218	-3905.986	-4168.111	262.1254	0.5980294	0.453448	0.322723	0.180848	0.0429805	2.006494	1.475675
34224	-3888.646	-4150.344	261.6985	0.8448576	0.623057	0.110622	0.200817	0.0655042	1.81655	1.73505
34230	-3888.592	-4150.579	261.9865	0.6732458	0.4777	0.250411	0.182566	0.0893227	1.904756	1.595296
34236	-3878.2	-4140.229	262.0286	0.6732458	0.400133	0.324976	0.158971	0.11592	1.954657	1.527555
34242	-3871.764	-4133.806	262.0418	0.5349174	0.465962	0.320498	0.187867	0.025673	1.914743	1.652753
34248	-3874.334	-4136.577	262.2431	0.5052751	0.366731	0.385068	0.189881	0.0583198	1.956979	1.49628
34254	-3887.613	-4149.445	261.8318	0.5561615	0.372011	0.390806	0.178024	0.0591594	1.861354	1.822416
34260	-3893.991	-4156.355	262.3644	0.5917541	0.321092	0.39997	0.218391	0.0605466	2.208784	1.120829
34266	-3888.45	-4150.886	262.4354	0.5917541	0.467524	0.264166	0.210071	0.0582398	2.162104	1.098664
34272	-3904.031	-4166.467	262.4362	0.5526673	0.451463	0.264506	0.225716	0.0583148	2.217068	1.084741
34278	-3899.093	-4161.462	262.3688	0.6050285	0.401731	0.358366	0.200852	0.0390509	2.239891	1.075431
34284	-3920.435	-4182.859	262.4239	0.6338029	0.322323	0.386201	0.215652	0.0758243	2.361207	0.8606416
34290	-3899.391	-4161.795	262.4038	0.63516	0.43499	0.261153	0.224813	0.0790453	2.387073	0.8519626
34296	-3892.45	-4155.003	262.5538	0.5115969	0.444212	0.329446	0.167462	0.0588804	2.481487	0.6844493
34302	-3884.758	-4147.321	262.5626	0.5115969	0.43585	0.338538	0.172083	0.0535293	2.454725	0.7158688
34308	-3905.842	-4168.404	262.562	0.551229	0.400259	0.422822	0.134943	0.0419761	2.414202	0.7170872
34314	-3904.106	-4166.711	262.6043	0.5200665	0.326961	0.425874	0.204885	0.0422791	2.414202	0.6992203
34320	-3882.571	-4145.119	262.5486	0.5107047	0.420135	0.31417	0.220246	0.0454488	2.480359	0.6974738
34326	-3892.999	-4155.529	262.5299	0.5248454	0.413764	0.32561	0.217937	0.0426885	2.484725	0.6974738
34332	-3894.517	-4157.113	262.5964	0.4863048	0.366925	0.32151	0.264702	0.046863	2.456789	0.6974738
34338	-3900.396	-4163.007	262.6108	0.5323786	0.335568	0.379493	0.242081	0.0428582	2.398399	0.6934953
34344	-3909.929	-4172.593	262.6646	0.4497504	0.328278	0.434695	0.205752	0.0312746	2.326703	0.8373716
34350	-3898.752	-4161.361	262.6096	0.4594453	0.444051	0.302895	0.224125	0.028929	2.353802	0.8602704
34356	-3898.387	-4161.012	262.6251	0.4594453	0.379286	0.404568	0.191436	0.0247097	2.341924	0.8558283
34362	-3887.127	-4149.143	262.0165	0.6740407	0.464923	0.233387	0.225692	0.0759974	2.025009	1.483379
34368	-3900.145	-4162.187	262.0416	0.7212589	0.500347	0.245073	0.1879	0.0666797	2.054561	1.40329
34374	-3881.645	-4143.844	262.1989	0.6872223	0.524751	0.185873	0.211117	0.0782585	2.100147	1.269908
34380	-3876.146	-4138.404	262.2578	0.6732333	0.585968	0.207557	0.133296	0.073179	2.100147	1.233204
34386	-3877.403	-4139.662	262.2587	0.6682808	0.513035	0.193115	0.214258	0.0795924	2.129601	1.211973
34392	-3891.731	-4154.092	262.3608	0.6613768	0.463425	0.316606	0.130771	0.0891975	2.212998	1.0522
34398	-3888.457	-4150.917	262.4603	0.641883	0.412475	0.350848	0.179624	0.0570537	2.203246	0.9842433
34404	-3891.433	-4153.655	262.2224	0.6938848	0.412475	0.350848	0.179624	0.0570537	2.085349	1.256884
34410	-3886.76	-4148.843	262.0833	0.5812655	0.316188	0.396662	0.20308	0.08407	1.901056	1.598056
34416	-3901.754	-4163.028	261.274	0.5422402	0.41037	0.300685	0.216597	0.0723481	1.702762	2.305306
34422	-3891.05	-4152.212	261.1626	0.7129424	0.413495	0.250858	0.201046	0.134601	1.634646	2.305306
34428	-3893.525	-4154.375	260.8503	0.7611472	0.392343	0.259905	0.208296	0.139456	1.636036	2.469796
34434	-3885.918	-4146.387	260.4698	0.8120128	0.505591	0.293041	0.101935	0.0994323	1.609921	2.688842
34440	-3891.542	-4152.831	261.2887	0.8120128	0.491804	0.28505	0.137855	0.0852915	1.7618	2.073576
34446	-3891.394	-4152.818	261.4248	0.6881808	0.391457	0.23164	0.336109	0.0407949	1.755679	2.073921
34452	-3897.098	-4159.248	262.1497	0.7133844	0.460924	0.221971	0.226471	0.0906346	2.095445	1.291426
34458	-3903.423	-4165.565	262.1416	0.7584232	0.450347	0.241347	0.209759	0.0985464	2.155248	1.208664
34464	-3905.391	-4167.571	262.1795	0.8577912	0.511994	0.18574	0.269837	0.0324292	2.105359	1.128239
34470	-3894.921	-4157.231	262.3104	0.6322059	0.390312	0.237536	0.345085	0.027067	2.064276	1.255535
34476	-3889.681	-4152.1	262.4195	0.6554798	0.330152	0.355057	0.291896	0.0228951	2.088429	1.119023
34482	-3897.851	-4159.892	262.0407	0.6728455	0.365449	0.348367	0.282421	0.00376233	2.009085	1.478018
34488	-3888.767	-4151.006	262.2391	0.5561547	0.386655	0.354487	0.257591	0.00126734	2.02356	1.409058
34494	-3887.811	-4150.144	262.3325	0.5520321	0.295548	0.343773	0.359442	0.00123746	1.982078	1.371835
34500	-3890.954	-4153.256	262.3015	0.567293	0.343613	0.346102	0.305266	0.0050194	1.997284	1.371835
34506	-3895.194	-4157.428	262.2338	0.6225159	0.356365	0.381673	0.257728	0.00423313	1.906624	1.449642
34512	-3894.066	-4155.435	261.3683	0.7809033	0.493175	0.103076	0.400524	0.00322499	1.78138	2.029553
34518	-3898.042	-4159.597	261.5547	0.7252912	0.448101	0.130782	0.417508	0.00360858	1.69765	2.000267
34524	-3891.816	-4152.403	260.5869	0.8950463	0.517722	0.191532	0.284243	0.00650337	1.69765	2.508736
34530	-3880.49	-4141.769	261.2799	0.7530344	0.526775	0.194881	0.265005	0.0133393	1.725196	2.143914
34536	-3891.503	-4153.124	261.6209	0.8259751	0.476115	0.244822	0.252773	0.0262895	1.881656	1.75759
34542	-3902.533	-4164.943	262.4095	0.6438769	0.514017	0.264312	0.193288	0.0283823	1.953402	1.255047
34548	-3893.513	-4155.968	262.4557	0.7022043	0.407462	0.317521	0.209259	0.0657579	2.163343	0.9643632
34554	-3894.701	-4156.982	262.2806	0.6906315	0.45471	0.317935	0.153972	0.073383	2.09186	1.205246
34560	-3898.175	-4160.335	262.1603	0.6708089	0.470297	0.328833	0.159249	0.0416206	1.962461	1.424059
34566	-3895.715	-4157.772	262.0565	0.79317	0.43178	0.301902	0.188056	0.0782614	2.058031	1.328937
34572	-3887.208	-4149.224	262.0164	0.6502723	0.433291	0.307948	0.162073	0.0966871	1.938076	1.566835
34578	-3898.972	-4160.99	262.0184	0.6742686	0.369848	0.323497	0.187055	0.119599	1.978774	1.516422
34584	-3917.075	-4179.329	262.254	0.6437052	0.374883	0.368939	0.135156	0.121022	1.951454	1.382095
34590	-3913.84	-4176.172	262.3319	0.4195555	0.341465	0.3184	0.263867	0.0762683	1.934868	1.507278
34596	-3926.187	-4188.474	262.2876	0.5182086	0.469558	0.261105	0.216384	0.0529533	2.016036	1.407328
34602	-3909.846	-4172.031	262.1846	0.6302432	0.385271	0.269254	0.271905	0.0735704	1.908406	1.479432
34608	-3911.069	-4172.894	261.8247	0.8519221	0.437958	0.306075	0.172337	0.0836313	1.920045	1.564903
34614	-3893.957	-4155.639	261.6823	0.8519221	0.609982	0.133918	0.192008	0.0640915	1.844963	1.721278
34620	-3909.878	-4171.311	261.4331	1.046359	0.542444	0.099063	0.262623	0.0958701	1.892077	1.724838
34626	-3895.098	-4156.997	261.8996	0.8437978	0.509698	0.0930828	0.339504	0.0577154	1.892077	1.536517
34632	-3903.724	-4165.766	262.0418	0.7698513	0.447131	0.195272	0.294142	0.0634547	1.841086	1.526285
34638	-3896.767	-4158.763	261.9957	0.7698513	0.458861	0.200395	0.301858	0.0388847	1.943255	1.484259
34644	-3899.678	-4161.821	262.1432	0.7698513	0.521926	0.165015	0.269952	0.0431079	1.898049	1.406085
34650	-3888.754	-4150.558	261.8049	0.7178785	0.538149	0.13906	0.278343	0.0444478	1.84531	1.733782
34656	-3890.879	-4152.604	261.7253	0.7585218	0.504431	0.158228	0.260903	0.0764382	1.881972	1.733782
34662	-3902.446	-4163.953	261.5075	0.7913088	0.378836	0.396786	0.151465	0.072914	1.85011	1.882481
34668	-3902.881	-4163.91	261.0282	0.7559693	0.528024	0.328372	0.107187	0.0364172	1.757512	2.283633
34674	-3911.345	-4172.2	260.8547	0.9332505	0.453452	0.279139	0.147182	0.120227	1.746989	2.283633
34680	-3920.618	-4181.906	261.2883	0.6758347	0.484662	0.332642	0.137493	0.0452031	1.745022	2.178719
34686	-3912.651	-4173.985	261.334	0.8398864	0.348023	0.361211	0.28622	0.00454537	1.992558	1.869099
34692	-3922.344	-4183.603	261.2587	0.6021243	0.39293	0.215921	0.340494	0.0506563	1.666835	2.298239
34698	-3900.829	-4161.987	261.1575	0.7023349	0.411637	0.306527	0.228767	0.0530681	1.700659	2.273553
34704	-3904.9	-4166.061	261.161	0.8540805	0.470066	0.15869	0.271188	0.100056	1.741546	2.141816
34710	-3907.517	-4168.409	260.892	0.8661345	0.495357	0.157545	0.220017	0.127081	1.635303	2.374805
34716	-3889.797	-4150.986	261.1891	0.7440666	0.463535	0.211664	0.205884	0.118917	1.682552	2.236523
34722	-3893.878	-4155.126	261.2481	0.7393819	0.436156	0.299753	0.214594	0.0494969	1.712672	2.182103
34728	-3893.699	-4155.375	261.676	0.7517084	0.436156	0.299753	0.214594	0.0494969	1.734103	1.875148
34734	-3904.335	-4165.666	261.3311	0.8095493	0.44077	0.33459	0.17462	0.0500204	1.816753	2.01077
34740	-3897.398	-4156.873	259.4746	0.7898632	0.484563	0.221448	0.24854	0.045449	1.459228	3.389159
34746	-3898.564	-4158.367	259.8036	0.7898632	0.51457	0.215918	0.226111	0.0434004	1.480215	3.182743
34752	-3904.318	-4164.566	260.2474	0.6713473	0.488038	0.256053	0.214452	0.0414568	1.470968	2.998201
34758	-3887.357	-4147.612	260.2552	0.7752156	0.480926	0.252321	0.211327	0.0554263	1.566813	2.869561
34764	-3881.03	-4141.407	260.3763	0.6585631	0.453649	0.23801	0.256058	0.0522827	1.569076	2.869561
34770	-3889.853	-4150.64	260.7871	0.5650054	0.453983	0.269381	0.256247	0.0203886	1.587445	2.667631
34776	-3907.838	-4168.145	260.3074	0.7176434	0.428275	0.32788	0.241736	0.00210877	1.625515	2.839155
34782	-3896.421	-4156.643	260.2219	0.6011798	0.457174	0.302582	0.197806	0.0424384	1.47941	3.05282
34788	-3903.017	-4164.275	261.2582	0.6229462	0.437968	0.324215	0.197161	0.0406556	1.64348	2.299459
34794	-3923.211	-4185.345	262.1336	0.7137384	0.452306	0.262444	0.224049	0.0612008	1.95954	1.411743
34800	-3901.685	-4163.485	261.8003	0.8358973	0.357971	0.326025	0.169572	0.146432	1.776454	1.698054
34806	-3886.086	-4148.008	261.922	0.7618672	0.510578	0.174847	0.237282	0.0772926	1.920412	1.562402
34812	-3886.235	-4148.003	261.7678	0.7367916	0.478393	0.285183	0.192954	0.04347	1.793305	1.782046
34818	-3894.879	-4156.866	261.9867	0.5191815	0.452903	0.329151	0.182673	0.0352728	1.793305	1.788539
34824	-3876.09	-4137.935	261.8448	0.6424867	0.494175	0.261819	0.230268	0.0137373	1.82364	1.776872
34830	-3895.91	-4157.841	261.9304	0.6510441	0.602511	0.126647	0.178676	0.0921659	1.82364	1.710468
34836	-3901.259	-4163.378	262.1183	0.7003005	0.487673	0.265266	0.140377	0.106684	2.043022	1.36962
34842	-3895.794	-4158.01	262.216	0.5424812	0.464928	0.267339	0.168045	0.0996884	1.939509	1.501403
34848	-3900.007	-4162.537	262.5302	0.4705781	0.424526	0.281831	0.237491	0.0561523	1.939509	1.313283
34854	-3900.772	-4163.162	262.3895	0.5286013	0.47185	0.299598	0.177328	0.051224	1.931581	1.385532
34860	-3894.306	-4156.365	262.0592	0.5955939	0.412033	0.34978	0.200946	0.0372416	1.91285	1.596091
34866	-3894.187	-4156.158	261.9707	0.6194822	0.462137	0.268489	0.154245	0.115129	1.799591	1.722525
34872	-3900.037	-4162.42	262.383	0.4427399	0.354692	0.38083	0.218783	0.0456945	1.875165	1.498047
34878	-3905.924	-4168.145	262.2206	0.5680846	0.374271	0.342761	0.204039	0.0789291	1.955112	1.466241
34884	-3888.311	-4150.515	262.2043	0.5417757	0.395575	0.416996	0.0914053	0.0960234	2.001298	1.464172
34890	-3898.573	-4161.118	262.5449	0.4589942	0.349323	0.333344	0.232538	0.0847959	2.001909	1.259309
34896	-3895.3	-4157.874	262.5742	0.4266274	0.367522	0.35071	0.244652	0.0371157	2.002492	1.259309
34902	-3893.902	-4156.537	262.635	0.4021287	0.357845	0.343995	0.239968	0.0581924	1.963134	1.259309
34908	-3887.712	-4149.944	262.2321	0.708903	0.400638	0.385676	0.144367	0.0693194	1.958226	1.339424
34914	-3890.252	-4152.543	262.2904	0.708903	0.512283	0.226518	0.190539	0.0706597	2.117677	1.157625
34920	-3898.347	-4160.787	262.4404	0.4886202	0.326562	0.417059	0.205799	0.0505805	2.040977	1.289558
34926	-3892.297	-4154.434	262.1373	0.6694315	0.46277	0.222047	0.291637	0.0235453	2.010653	1.405682
34932	-3908.499	-4171.034	262.5349	0.5172877	0.349902	0.347687	0.252361	0.0500497	2.113065	1.122623
34938	-3906.647	-4169.298	262.6513	0.465311	0.406338	0.357551	0.177989	0.0581223	2.163363	1.014096
34944	-3897.109	-4159.107	261.9988	0.6927105	0.298698	0.364773	0.258558	0.0779718	2.046275	1.46571
34950	-3878.295	-4140.611	262.316	0.5985341	0.368733	0.404173	0.1407	0.0863938	2.084302	1.263683
34956	-3882.655	-4145.004	262.3488	0.6152032	0.366353	0.415297	0.181484	0.0368661	2.026456	1.269867
34962	-3884.636	-4146.926	262.2896	0.5835554	0.378198	0.351748	0.22703	0.0430233	2.118903	1.269867
34968	-3883.668	-4146.297	262.6294	0.4630511	0.388877	0.333443	0.233441	0.0442382	2.214301	0.9871496
34974	-3880.142	-4142.778	262.6357	0.5158256	0.364115	0.405543	0.185398	0.0449442	2.214666	0.9257586
34980	-3890.845	-4153.437	262.5924	0.4750527	0.366552	0.42103	0.167173	0.045245	2.293891	0.9306317
34986	-3889.066	-4151.607	262.5415	0.423404	0.351052	0.431591	0.205055	0.0123016	2.142273	1.170799
34992	-3898.328	-4160.552	262.2237	0.5484076	0.445286	0.291398	0.260099	0.00321766	2.022064	1.428264
34998	-3874.631	-4136.987	262.3558	0.6291528	0.396424	0.367967	0.231558	0.00405166	2.022064	1.255536
35004	-3874.065	-4136.197	262.1324	0.6066311	0.406842	0.361616	0.227561	0.00398172	1.959602	1.498967
35010	-3888.201	-4150.285	262.0842	0.5918407	0.345271	0.39309	0.251758	0.00988168	1.973282	1.536227
35016	-3904.014	-4166.21	262.1953	0.4752222	0.376191	0.267496	0.336967	0.0193462	1.859094	1.625257
35022	-3893.79	-4156.117	262.3262	0.4604076	0.461527	0.365145	0.134541	0.0387872	1.891274	1.516066
35028	-3886.265	-4148.129	261.8643	0.5247266	0.474867	0.322044	0.138429	0.0646601	1.773949	1.882076
35034	-3886.645	-4148.885	262.2396	0.5162516	0.44932	0.358517	0.130982	0.0611815	1.789389	1.614265
35040	-3888.71	-4150.798	262.0876	0.6126253	0.435787	0.268945	0.247758	0.0475099	1.919538	1.557333
35046	-3882.051	-4144.195	262.1438	0.7515062	0.38998	0.345789	0.221715	0.0425159	2.098715	1.260439
35052	-3896.194	-4157.706	261.5115	0.6493396	0.383802	0.339337	0.216968	0.0598922	1.791984	2.019795
35058	-3885.248	-4146.118	260.87	0.8364014	0.415883	0.345089	0.183232	0.0557962	1.784059	2.31385
35064	-3883.249	-4144.105	260.8556	0.8364014	0.568171	0.134145	0.250329	0.0473551	1.69897	2.377119
35070	-3876.33	-4136.98	260.6509	0.7408292	0.536488	0.25276	0.166136	0.0446165	1.552473	2.658882
35076	-3890.94	-4151.686	260.7456	0.6508823	0.401778	0.299756	0.266432	0.032034	1.496002	2.693913
35082	-3873.471	-4134.157	260.6857	0.7644142	0.422886	0.221891	0.28043	0.0747931	1.587905	2.600148
35088	-3878.44	-4138.714	260.2743	0.6817454	0.416241	0.288675	0.231255	0.0638298	1.672937	2.853496
35094	-3882.719	-4143.29	260.5712	0.8124033	0.545623	0.228715	0.183222	0.04244	1.51687	2.683481
35100	-3889.184	-4149.864	260.6795	0.6424663	0.487988	0.235692	0.253511	0.0228087	1.519073	2.725779
35106	-3902.396	-4163.199	260.8027	0.8953775	0.465375	0.207907	0.296861	0.029857	1.620548	2.421547
35112	-3895.881	-4156.694	260.8132	0.7658882	0.552675	0.241632	0.172699	0.0329938	1.701061	2.44909
35118	-3899.429	-4160.72	261.2904	0.6856562	0.521296	0.201516	0.23722	0.0399671	1.724488	2.183883
35124	-3892.739	-4153.662	260.9236	0.7165508	0.483372	0.259606	0.219962	0.0370595	1.736806	2.389842
35130	-3913.088	-4175.444	262.3567	0.4112277	0.359033	0.390263	0.200419	0.0502841	1.947138	1.484919
35136	-3901.309	-4163.495	262.1865	0.5061571	0.34742	0.417076	0.209829	0.0256747	1.792049	1.657879
35142	-3897.969	-4159.995	262.0262	0.5061571	0.453451	0.319624	0.214354	0.0125722	1.917556	1.682712
35148	-3892.668	-4155.01	262.3417	0.4762349	0.459179	0.266362	0.24934	0.0251178	1.842993	1.529131
35154	-3892.845	-4155.125	262.2797	0.5419537	0.495572	0.319857	0.147558	0.0370128	1.820583	1.542879
35160	-3896.521	-4158.567	262.0466	0.7807078	0.464669	0.319072	0.147195	0.0690638	1.998689	1.394034
35166	-3904.704	-4166.927	262.223	0.6909311	0.450755	0.314822	0.142787	0.0916359	1.986286	1.339474
35172	-3898.155	-4160.325	262.17	0.6909311	0.581852	0.223126	0.118788	0.0762339	2.039345	1.339474
35178	-3907.056	-4169.207	262.1505	0.5193726	0.327617	0.391142	0.177217	0.104024	1.968999	1.545686
35184	-3916.602	-4178.299	261.6968	0.5889169	0.525497	0.260409	0.144838	0.0692557	1.673701	2.017561
35190	-3897.983	-4159.331	261.3473	0.8750806	0.378203	0.319162	0.218801	0.0838344	1.822574	1.950516
35196	-3904.588	-4166.259	261.6714	0.5616457	0.42423	0.302232	0.197763	0.0757739	1.745533	2.005555
35202	-3921.212	-4182.977	261.7654	0.7625496	0.3768	0.293963	0.259653	0.0695836	1.883084	1.70172
35208	-3906.829	-4168.36	261.5316	0.8270214	0.414745	0.323567	0.222566	0.0391219	1.857006	1.835744
35214	-3903.801	-4165.275	261.4744	0.7194793	0.557637	0.193976	0.203392	0.0449957	1.753002	2.020957
35220	-3901.276	-4162.517	261.2413	0.7817842	0.557637	0.193976	0.203392	0.0449957	1.839822	2.074241
35226	-3904.484	-4165.919	261.4346	0.7646743	0.384787	0.368575	0.215589	0.0310485	1.692893	2.055531
35232	-3911.062	-4172.17	261.1081	0.6441737	0.374456	0.249648	0.349245	0.0266508	1.674812	2.360835
35238	-3899.023	-4160.244	261.221	0.5595754	0.397027	0.319583	0.255133	0.0282572	1.640725	2.367136
35244	-3887.94	-4149.131	261.1918	0.6545733	0.406711	0.30641	0.16952	0.117359	1.730341	2.264983
35250	-3884.359	-4145.577	261.2187	0.7964108	0.423794	0.31928	0.134637	0.122289	1.737939	2.145771
35256	-3882.641	-4143.489	260.8473	0.8365986	0.566279	0.212289	0.155066	0.0663657	1.769835	2.337256
35262	-3885.361	-4146.607	261.2466	0.62362	0.468236	0.213921	0.262968	0.0548754	1.748589	2.239026
35268	-3902.696	-4163.738	261.0426	0.7768555	0.5136	0.227274	0.198933	0.060192	1.790598	2.239026
35274	-3903.669	-4164.708	261.0394	0.8540884	0.529419	0.240412	0.197732	0.0324365	1.741278	2.220876
35280	-3897.467	-4158.87	261.4031	0.7807055	0.485134	0.200778	0.241474	0.0726142	1.789866	2.000913
35286	-3904.506	-4166.175	261.6682	0.7807055	0.51504	0.198326	0.25636	0.0302735	1.855541	1.775842
35292	-3898.347	-4159.299	260.9519	0.7617636	0.486488	0.207096	0.254337	0.0520791	1.714232	2.355955
35298	-3888.238	-4149.174	260.9365	0.8600204	0.472219	0.230353	0.246877	0.0505516	1.824283	2.229719
35304	-3890.687	-4151.858	261.1706	0.6862279	0.489044	0.249672	0.169025	0.0922585	1.772798	2.229719
35310	-3896.307	-4158.714	262.4067	0.635167	0.393056	0.221538	0.366205	0.0192012	2.076821	1.159966
35316	-3887.364	-4149.97	262.6065	0.528952	0.39531	0.383727	0.215582	0.00538125	2.120755	1.0378
35322	-3882.63	-4145.059	262.4286	0.5943443	0.434347	0.188319	0.368239	0.00909521	2.130814	1.130793
35328	-3889.938	-4152.052	262.1141	0.6352944	0.337932	0.355641	0.286499	0.0199284	1.973808	1.479284
35334	-3888.426	-4149.803	261.3769	0.5504752	0.506531	0.236208	0.230659	0.026601	1.801552	2.169953
35340	-3893.334	-4155.076	261.7422	0.8147661	0.463217	0.215105	0.264487	0.0571915	1.97362	1.614252
35346	-3898.74	-4160.923	262.1831	0.6415907	0.492185	0.317448	0.149478	0.04089	2.091368	1.329142
35352	-3912.321	-4173.416	261.0947	0.905008	0.564165	0.108115	0.239608	0.0881125	1.701625	2.17675
35358	-3899.532	-4160.9	261.3674	0.7229475	0.427707	0.362026	0.138405	0.0718623	1.66715	2.145446
35364	-3887.056	-4148.419	261.3634	0.7267399	0.478505	0.320865	0.132061	0.0685686	1.66715	2.145446
35370	-3887.283	-4148.693	261.4099	0.8143118	0.487293	0.303116	0.144815	0.0647756	1.696933	2.034742
35376	-3897.905	-4159.325	261.4205	0.6568539	0.517475	0.160177	0.221243	0.101105	1.909165	1.99706
35382	-3904.296	-4166.072	261.7763	0.621308	0.365247	0.410788	0.156751	0.0672141	1.813542	1.84659
35388	-3894.513	-4156.268	261.7551	0.6589953	0.43482	0.325124	0.186609	0.0534481	1.794941	1.84659
35394	-3915.6	-4177.898	262.2988	0.707015	0.530163	0.218844	0.238487	0.0125062	1.914665	1.322546
35400	-3912.396	-4174.295	261.899	0.8232978	0.686876	0.103722	0.192048	0.0173541	1.816324	1.608141
35406	-3913.733	-4175.73	261.9971	0.7378484	0.500441	0.24603	0.21931	0.0342191	1.808016	1.608141
35412	-3905.504	-4166.989	261.4843	0.7378484	0.492817	0.242282	0.21597	0.0489312	1.801158	1.969253
35418	-3896.02	-4157.832	261.8124	0.7378484	0.435184	0.320023	0.190713	0.0540801	1.781619	1.758352
35424	-3889.646	-4151.417	261.7706	0.697635	0.398966	0.356922	0.190183	0.0539298	1.706847	1.868246
35430	-3887.528	-4148.703	261.1746	0.6450574	0.384591	0.266188	0.285312	0.0639087	1.650892	2.333163
35436	-3898.209	-4158.718	260.5086	0.6853154	0.509937	0.195216	0.243985	0.0508613	1.582796	2.76352
35442	-3883.961	-4144.846	260.8854	0.7843157	0.525868	0.201315	0.192864	0.0799538	1.628488	2.437178
35448	-3885.149	-4145.895	260.7461	0.8389857	0.509177	0.212824	0.200583	0.077416	1.62737	2.489359
35454	-3895.372	-4156.278	260.9059	0.7512479	0.557432	0.216622	0.204162	0.0217839	1.626764	2.447268
35460	-3894.315	-4155.063	260.7475	0.6620222	0.436952	0.330038	0.160036	0.072975	1.490221	2.68902
35466	-3894.634	-4154.85	260.2162	0.6826707	0.462174	0.304469	0.169274	0.0640834	1.389434	3.058543
35472	-3886.437	-4146.087	259.6498	0.6354455	0.387892	0.298632	0.251598	0.0618793	1.396234	3.419032
35478	-3875.283	-4135.637	260.3537	0.6354455	0.453545	0.289963	0.229619	0.0268733	1.577671	2.892827
35484	-3883.874	-4144.304	260.4295	0.7793493	0.390348	0.367781	0.231374	0.0104977	1.523152	2.787518
35490	-3881.37	-4142.132	260.7616	0.6347272	0.356081	0.38577	0.242691	0.015457	1.62358	2.615973
35496	-3871.088	-4131.959	260.8712	0.6019725	0.376712	0.408121	0.191554	0.0236128	1.61509	2.574759
35502	-3868.356	-4129.605	261.2495	0.6672739	0.403175	0.251963	0.317449	0.0274124	1.713296	2.230157
35508	-3882.982	-4144.69	261.7079	0.5286534	0.376158	0.30209	0.296177	0.0255755	1.713296	2.025251
35514	-3884.158	-4145.799	261.6404	0.7465259	0.468182	0.21179	0.282308	0.0377203	1.87124	1.809206
35520	-3895.423	-4157.075	261.6516	0.7622157	0.524535	0.21143	0.225762	0.0382728	1.692916	1.912161
35526	-3875.842	-4137.346	261.5049	0.6671179	0.494336	0.199257	0.25905	0.0473573	1.734639	2.049724
35532	-3890.025	-4150.619	260.5935	0.6883403	0.406699	0.351637	0.220451	0.0212126	1.607767	2.694323
35538	-3883.947	-4144.437	260.4906	0.7321871	0.413804	0.323648	0.158588	0.10396	1.497246	2.796424
35544	-3880.972	-4141.722	260.7503	0.771048	0.405948	0.317345	0.174772	0.101935	1.588096	2.555583
35550	-3906.38	-4164.179	257.7994	0.9341656	0.52723	0.0980591	0.263298	0.111413	1.245086	4.388366
35556	-3908.577	-4166.321	257.7437	1.103035	0.555894	0.10339	0.277613	0.0631034	1.232825	4.33188
35562	-3905.919	-4167.226	261.3074	0.7060298	0.365777	0.288823	0.286438	0.0589628	1.651087	2.206447
35568	-3890.954	-4152.224	261.2695	0.6249028	0.477216	0.229391	0.227496	0.0658964	1.774923	2.206447
35574	-3895.048	-4156.682	261.6343	0.607391	0.347	0.439822	0.163864	0.0493131	1.751507	1.994417
35580	-3895.443	-4156.787	261.3439	0.7001145	0.420514	0.235547	0.263537	0.0804017	1.728439	2.136536
35586	-3881.386	-4142.657	261.2712	0.7001145	0.44875	0.251363	0.238669	0.0612178	1.733865	2.180348
35592	-3907.765	-4168.743	260.9775	0.5577107	0.451036	0.238222	0.22826	0.082482	1.688983	2.491254
35598	-3907.098	-4167.578	260.4794	0.6087335	0.523066	0.24861	0.20434	0.0239844	1.599041	2.820746
35604	-3890.969	-4151.613	260.6434	0.7482274	0.517802	0.246108	0.202283	0.0338057	1.50076	2.690444
35610	-3897.563	-4158.019	260.4558	0.820207	0.51061	0.284383	0.175653	0.0293551	1.529768	2.741334
35616	-3886.034	-4146.691	260.6573	0.5605078	0.390541	0.32811	0.214203	0.0671463	1.50499	2.800377
35622	-3887.645	-4147.245	259.5999	0.9145523	0.473261	0.269999	0.207746	0.0489941	1.469356	3.233215
35628	-3887.052	-4147.331	260.279	0.7854792	0.527631	0.114098	0.264951	0.0933202	1.492622	2.893496
35634	-3895.432	-4155.903	260.4707	0.9231121	0.52956	0.0860725	0.313969	0.0703981	1.540511	2.660399
35640	-3891.14	-4152.003	260.8625	0.7942154	0.550702	0.0774298	0.326504	0.0453644	1.690777	2.405769
35646	-3899.102	-4159.854	260.7521	0.7194264	0.551455	0.0775357	0.326951	0.0440583	1.672836	2.535691
35652	-3887.916	-4148.776	260.8608	0.6911808	0.416363	0.265011	0.207471	0.111155	1.655285	2.497494
35658	-3884.915	-4145.928	261.0129	0.5999251	0.464149	0.295427	0.219258	0.0211666	1.614919	2.48787
35664	-3881.762	-4143.126	261.3641	0.5194015	0.447487	0.325681	0.206863	0.01997	1.652984	2.294399
35670	-3897.771	-4158.818	261.0473	0.5329189	0.417987	0.358936	0.202409	0.0206681	1.670591	2.474991
35676	-3902.476	-4164.147	261.6709	0.5287073	0.499207	0.224402	0.267925	0.0084656	1.739806	2.032161
35682	-3892.347	-4154.009	261.6618	0.5620008	0.515989	0.210857	0.26387	0.0092842	1.713267	2.033111
35688	-3900.937	-4162.32	261.3839	0.7865215	0.46618	0.307147	0.176044	0.0506293	1.754491	2.033111
35694	-3900.692	-4162.02	261.3274	0.7234791	0.453953	0.340666	0.171427	0.0339543	1.727065	2.132111
35700	-3909.74	-4171.707	261.9671	0.5576202	0.319481	0.382393	0.261613	0.0365135	1.896409	1.702395
35706	-3897.672	-4159.188	261.5157	0.6275934	0.392129	0.366052	0.206865	0.0349533	1.827673	2.008513
35712	-3919.655	-4181.353	261.6978	0.5949304	0.377757	0.389287	0.199283	0.0336722	1.798348	1.929164
35718	-3906.666	-4168.249	261.5827	0.5562348	0.473408	0.251296	0.227244	0.0480524	1.678723	2.111954
35724	-3895.985	-4157.35	261.3653	0.6492085	0.357992	0.315119	0.200086	0.126803	1.718997	2.163907
35730	-3904.063	-4165.169	261.1058	0.5216591	0.248288	0.491739	0.172028	0.087945	1.640038	2.464668
35736	-3897.092	-4157.797	260.7056	0.6303027	0.384969	0.318277	0.196367	0.100388	1.619959	2.655652
35742	-3899.747	-4159.966	260.2194	0.840887	0.385171	0.318443	0.19647	0.0999159	1.588512	2.836427
35748	-3909.403	-4170.926	261.523	0.6494674	0.35506	0.343587	0.209248	0.092105	1.836732	1.982177
35754	-3902.361	-4163.896	261.5352	0.6848841	0.506621	0.224758	0.132589	0.136032	1.86841	1.927529
35760	-3896.828	-4158.447	261.6192	0.7556101	0.500433	0.222013	0.143184	0.13437	1.8947	1.800993
35766	-3906.32	-4167.444	261.1237	0.8437871	0.515426	0.220465	0.134543	0.129566	1.947767	2.037826
35772	-3894.379	-4156.116	261.7375	0.6711446	0.450534	0.230883	0.182895	0.135688	1.827417	1.827504
35778	-3897.713	-4159.296	261.5828	0.6747294	0.461582	0.249207	0.194762	0.0944494	1.724833	1.999114
35784	-3909.431	-4170.975	261.5447	0.5816836	0.452825	0.263451	0.191067	0.0926575	1.822766	2.024569
35790	-3909.427	-4171.059	261.6329	0.5772748	0.33848	0.409153	0.180131	0.0722356	1.812944	1.97538
35796	-3912.793	-4174.535	261.7424	0.5458502	0.308914	0.442946	0.164397	0.083743	1.944047	1.834354
35802	-3905.307	-4166.629	261.3222	0.524552	0.487833	0.280617	0.165696	0.0658538	1.719381	2.275356
35808	-3893.277	-4154.628	261.35	0.7413845	0.493819	0.284731	0.160912	0.0605379	1.689272	2.129618
35814	-3861.219	-4122.501	261.2824	0.735203	0.417046	0.292202	0.218869	0.071882	1.674688	2.187378
35820	-3876.448	-4137.273	260.8248	0.8713352	0.441089	0.260874	0.195072	0.102965	1.584064	2.446159
35826	-3873.472	-4133.66	260.1879	0.6324662	0.464802	0.221138	0.205559	0.108501	1.525523	3.025839
35832	-3889.409	-4149.438	260.0285	0.8686502	0.447971	0.21313	0.198115	0.140784	1.475254	3.002589
35838	-3891.145	-4152.096	260.9514	0.7456366	0.506124	0.182831	0.223834	0.0872112	1.616005	2.429119
35844	-3890.842	-4151.463	260.6207	0.7250377	0.461748	0.202198	0.247544	0.0885111	1.618427	2.647133
35850	-3901.794	-4162.91	261.1164	0.7919499	0.506603	0.124697	0.271591	0.0971093	1.729354	2.220732
35856	-3892.55	-4153.792	261.2418	0.818537	0.530185	0.174998	0.186993	0.107824	1.772746	2.092717
35862	-3893.121	-4153.858	260.7372	0.7992235	0.481163	0.154111	0.300587	0.0641387	1.71525	2.465928
35868	-3891.826	-4153.41	261.584	0.5164872	0.408739	0.347207	0.186184	0.0578692	1.804455	2.055142
35874	-3905.628	-4167.05	261.422	0.6409958	0.487743	0.242835	0.222171	0.04725	1.796306	2.081925
35880	-3891.597	-4152.167	260.57	0.6851144	0.462977	0.277155	0.218721	0.0411473	1.716124	2.644224
35886	-3891.263	-4152.218	260.9551	0.8312145	0.478781	0.204545	0.259714	0.0569592	1.779988	2.265483
35892	-3885.961	-4147.68	261.7195	0.6607059	0.475114	0.202978	0.257725	0.0641835	1.863807	1.822423
35898	-3897.049	-4158.889	261.8401	0.7528323	0.522179	0.236635	0.16636	0.0748261	1.930572	1.621631
35904	-3890.195	-4151.762	261.5665	0.7341231	0.45423	0.349352	0.14737	0.0490482	1.837749	1.89178
35910	-3898.663	-4160.228	261.5649	0.6425322	0.421312	0.261885	0.230115	0.0866892	1.798393	1.984705
35916	-3888.696	-4150.37	261.674	0.6979258	0.490616	0.262203	0.179543	0.0676379	1.80999	1.863532
35922	-3883.89	-4145.511	261.6206	0.6979258	0.537554	0.212939	0.181232	0.0682742	1.709152	1.967895
35928	-3892.33	-4153.504	261.1743	0.7025641	0.428286	0.317522	0.196068	0.0581235	1.708698	2.257438
35934	-3889.285	-4150.637	261.3519	0.6875077	0.426767	0.319943	0.195373	0.0579173	1.686312	2.167483
35940	-3880.432	-4141.775	261.3431	0.6512597	0.473481	0.314846	0.163272	0.0484011	1.83625	2.100383
35946	-3879.509	-4140.597	261.0883	0.5612856	0.420429	0.34657	0.179723	0.0532781	1.668881	2.432008
35952	-3871.969	-4132.651	260.6817	0.5372077	0.481242	0.22251	0.228508	0.06774	1.673322	2.697287
35958	-3888.567	-4149.284	260.7173	0.6690653	0.410464	0.265714	0.242929	0.0808928	1.689361	2.580207
35964	-3876.828	-4137.522	260.6938	0.5998262	0.494354	0.277589	0.208269	0.0197882	1.630485	2.676165
35970	-3898.816	-4159.454	260.6378	0.7407626	0.417193	0.348873	0.150999	0.0829342	1.487693	2.706786
35976	-3907.6	-4168.148	260.5477	0.7304772	0.401704	0.365344	0.104416	0.128536	1.588669	2.706786
35982	-3889.423	-4150.841	261.419	0.5311546	0.385799	0.282185	0.22341	0.108606	1.619302	2.273193
35988	-3900.349	-4161.608	261.2593	0.7230801	0.551137	0.192528	0.178716	0.0776196	1.703986	2.19164
35994	-3886.811	-4148.413	261.6017	0.643082	0.374894	0.428693	0.136938	0.0594747	1.778836	1.972812
36000	-3894.889	-4156.195	261.3068	0.6594613	0.393422	0.414964	0.143706	0.0479089	1.74803	2.17598
36006	-3897.424	-4159.036	261.6125	0.6899615	0.442699	0.328452	0.111481	0.117368	1.762404	1.943258
36012	-3901.948	-4163.404	261.4566	0.7601932	0.459822	0.290692	0.17167	0.0778159	1.746077	2.008828
36018	-3889.832	-4150.24	260.4078	0.9643843	0.601041	0.0693361	0.227908	0.101715	1.569283	2.655566
36024	-3886.193	-4146.56	260.3676	0.7244668	0.476563	0.216743	0.153178	0.153515	1.654402	2.780582
36030	-3887.056	-4147.459	260.4031	0.7244668	0.498255	0.197687	0.192577	0.111482	1.465297	2.873867
36036	-3891.68	-4152.139	260.4589	0.6685116	0.443977	0.295417	0.161269	0.0993375	1.484763	2.864178
36042	-3892.103	-4152.543	260.4402	0.7166086	0.456078	0.247392	0.184894	0.111637	1.530668	2.816786
36048	-3894.581	-4155.379	260.7984	0.6772867	0.441081	0.239257	0.254627	0.0650344	1.571801	2.597371
36054	-3888.855	-4149.904	261.049	0.8191061	0.378232	0.347655	0.218345	0.0557677	1.808616	2.194688
36060	-3889.869	-4151.8	261.9308	0.7497123	0.447912	0.36703	0.0757399	0.109319	1.846032	1.619543
36066	-3886.027	-4147.99	261.963	0.6977488	0.415887	0.361917	0.120694	0.101503	1.945076	1.563961
36072	-3885.727	-4147.261	261.5335	0.727653	0.483965	0.318213	0.108577	0.0892456	1.8847	1.886957
36078	-3899.776	-4161.762	261.9855	0.5880777	0.407546	0.335826	0.181474	0.0751536	1.782771	1.747122
36084	-3902.739	-4164.54	261.801	0.4872209	0.369762	0.354305	0.20385	0.0720827	1.759758	1.959808
36090	-3892.773	-4154.093	261.3193	0.7383595	0.487922	0.286319	0.130641	0.0951173	1.677989	2.159111
36096	-3887.553	-4148.755	261.202	0.6906169	0.442178	0.353229	0.118393	0.0861997	1.731548	2.233066
36102	-3899.52	-4161.056	261.5363	0.7180857	0.435676	0.313921	0.160338	0.0900651	1.827309	1.930766
36108	-3887.853	-4149.408	261.5549	0.7180857	0.42629	0.331832	0.169486	0.0723922	1.807815	1.93136
36114	-3890.605	-4151.619	261.0136	0.7180857	0.406467	0.312867	0.166229	0.114437	1.748938	2.323964
36120	-3892.087	-4153.67	261.5832	0.6754743	0.549891	0.199633	0.172976	0.0774993	1.728198	1.996068
36126	-3884.626	-4146.523	261.8973	0.6754743	0.391892	0.272265	0.23894	0.0969035	1.859273	1.690381
36132	-3888.349	-4149.781	261.4321	0.8429338	0.507657	0.248848	0.121219	0.122276	1.881025	1.876078
36138	-3882.177	-4143.903	261.7263	0.6535781	0.482231	0.335428	0.0820442	0.100297	1.91427	1.788043
36144	-3890.783	-4152.389	261.6059	0.7546866	0.619237	0.157991	0.159736	0.063037	1.927676	1.788043
36150	-3908.047	-4169.575	261.5284	0.7893373	0.524456	0.235445	0.146158	0.0939409	1.8981	1.836792
36156	-3895.01	-4156.838	261.8283	0.7893373	0.397641	0.219948	0.258654	0.123757	1.971785	1.572288
36162	-3896.958	-4159.045	262.0872	0.642844	0.441737	0.244339	0.247677	0.0662472	1.971785	1.495081
36168	-3900.518	-4162.532	262.0137	0.7121988	0.573356	0.211472	0.145882	0.0692897	1.971785	1.495081
36174	-3904.787	-4167.013	262.2263	0.7121988	0.466312	0.275452	0.167983	0.090253	1.934087	1.360441
36180	-3894.007	-4156.323	262.3152	0.7470985	0.524613	0.244409	0.13776	0.0932183	2.085432	1.128335
36186	-3891.991	-4154.222	262.2309	0.7497384	0.544244	0.233626	0.113361	0.108769	2.166918	1.128335
36192	-3906.715	-4169.123	262.4082	0.6493289	0.455021	0.397792	0.0460187	0.101169	2.166918	1.063008
36198	-3897.52	-4159.927	262.4066	0.6493289	0.386538	0.438537	0.0507322	0.124193	2.050939	1.169571
36204	-3898.587	-4160.912	262.3244	0.6493289	0.38122	0.432503	0.0637922	0.122484	2.100213	1.198094
36210	-3893.576	-4155.293	261.7171	0.797519	0.362756	0.411555	0.161057	0.064633	2.019513	1.612294
36216	-3886.538	-4149.034	262.4955	0.632582	0.359969	0.434553	0.182754	0.0227235	2.158656	1.00363
36222	-3880.668	-4143.073	262.4048	0.6839097	0.406574	0.385008	0.178169	0.0302493	2.196339	1.002276
36228	-3894.762	-4156.866	262.1044	0.8392929	0.392495	0.411631	0.165513	0.030361	2.18665	1.139841
36234	-3895.893	-4158.167	262.2742	0.7526693	0.451058	0.27258	0.233525	0.0428368	2.18665	1.067631
36240	-3886.317	-4148.681	262.3637	0.7117961	0.450033	0.352491	0.101279	0.0961972	2.203796	1.006406
36246	-3888.517	-4150.919	262.4022	0.6572992	0.484567	0.270811	0.141042	0.103579	2.203796	1.025313
36252	-3881.202	-4143.396	262.1944	0.7561994	0.463847	0.283775	0.201314	0.0510653	2.306968	1.025313
36258	-3880.573	-4142.999	262.4262	0.5962852	0.476728	0.291655	0.206904	0.0247123	2.197117	1.070343
36264	-3903.132	-4165.463	262.3311	0.6822389	0.480651	0.291248	0.208607	0.0194944	2.180577	1.089702
36270	-3920.966	-4181.598	260.6319	0.7310292	0.512163	0.245411	0.219535	0.0228907	1.65067	2.616405
36276	-3905.106	-4165.764	260.6581	0.5562411	0.555298	0.167771	0.266301	0.0106297	1.65067	2.713603
36282	-3902.709	-4163.104	260.3951	0.6966956	0.392359	0.217127	0.386196	0.00431903	1.553382	2.843156
36288	-3900.233	-4161.128	260.8954	0.6046795	0.410858	0.218996	0.365041	0.00510436	1.559494	2.592463
36294	-3917.1	-4178.016	260.9156	0.8361823	0.432048	0.229429	0.334945	0.00357812	1.645453	2.373114
36300	-3906.32	-4168.754	262.4342	0.613143	0.398601	0.440691	0.123584	0.0371245	2.201738	1.041493
36306	-3887.981	-4150.472	262.4913	0.5396276	0.377988	0.453977	0.13862	0.0294149	2.070305	1.178923
36312	-3883.888	-4146.321	262.433	0.5620811	0.404115	0.375162	0.180092	0.0406315	2.015217	1.255513
36318	-3898.61	-4160.943	262.3334	0.6568284	0.431534	0.359896	0.15409	0.0544796	2.015217	1.255513
36324	-3888.303	-4150.757	262.4542	0.5285891	0.410006	0.313003	0.192086	0.0849055	1.985389	1.290933
36330	-3905.232	-4167.552	262.3199	0.6024764	0.440981	0.315326	0.158157	0.0855358	1.993561	1.33096
36336	-3901.771	-4163.901	262.1301	0.7084344	0.435273	0.339417	0.16296	0.0623491	2.058047	1.341582
36342	-3903.188	-4164.983	261.7956	0.6823759	0.4254	0.399612	0.105551	0.0694379	1.909898	1.721347
36348	-3905.555	-4167.468	261.9128	0.6712321	0.4069	0.336433	0.201254	0.0554134	1.882289	1.666169
36354	-3895.938	-4158.484	262.5459	0.5734238	0.369308	0.386964	0.225933	0.0177947	2.34993	0.8012086
36360	-3889.962	-4152.545	262.5828	0.5339623	0.424821	0.352904	0.206047	0.0162284	2.353795	0.8012086
36366	-3890.007	-4152.311	262.3042	0.7496893	0.440496	0.323875	0.189098	0.0465319	2.369523	0.8470906
36372	-3884.647	-4147.067	262.4191	0.6398653	0.520081	0.266214	0.121335	0.0923707	2.369523	0.8487436
36378	-3888.078	-4150.48	262.4022	0.6453073	0.437318	0.36664	0.114495	0.0815463	2.282136	0.9591218
36384	-3888.92	-4151.293	262.3731	0.7220283	0.414289	0.284857	0.223601	0.0772522	2.202404	0.9874726
36390	-3886.646	-4148.842	262.1957	0.6320022	0.507818	0.284652	0.150164	0.0573662	2.124542	1.300433
36396	-3872.129	-4134.337	262.2083	0.6249438	0.398621	0.386006	0.155138	0.0602348	2.119332	1.300433
36402	-3895.317	-4157.51	262.1928	0.6249438	0.365875	0.354297	0.211024	0.068804	2.059528	1.360785
36408	-3891.025	-4152.99	261.9649	0.6417573	0.376161	0.332842	0.198245	0.0927517	1.983555	1.577864
36414	-3899.952	-4161.642	261.6894	0.7149258	0.38389	0.339682	0.202318	0.07411	1.972309	1.727876
36420	-3886.266	-4148.047	261.7807	0.7163503	0.401551	0.355309	0.13326	0.10988	1.879548	1.727876
36426	-3881.566	-4143.149	261.5835	0.7323441	0.467182	0.279544	0.209216	0.0440588	1.817992	1.894896
36432	-3890.685	-4151.946	261.2603	0.7911298	0.546715	0.206753	0.154738	0.0917948	1.800807	2.080939
36438	-3890.733	-4152.187	261.4533	0.8959063	0.500349	0.214411	0.179033	0.106207	1.757984	1.908085
36444	-3899.42	-4160.864	261.4446	0.8094634	0.443486	0.217207	0.298879	0.0404294	1.783768	1.957016
36450	-3894.831	-4156.285	261.4539	0.7947651	0.442844	0.222107	0.264755	0.0702936	1.789929	1.957016
36456	-3898.627	-4159.897	261.2701	0.8257293	0.451303	0.168397	0.303494	0.0768064	1.825543	2.034239
36462	-3889.11	-4149.189	260.0786	0.7265752	0.350423	0.364078	0.225307	0.0601922	1.463603	3.068623
36468	-3907.533	-4167.795	260.2626	0.9772273	0.533098	0.107612	0.319445	0.0398453	1.604686	2.715084
36474	-3892.118	-4153.564	261.4468	0.9390669	0.481027	0.247778	0.206006	0.0651891	1.853235	1.817246
36480	-3894.059	-4155.043	260.984	0.9301939	0.459957	0.241854	0.234558	0.0636306	1.780043	2.180975
36486	-3892.763	-4153.978	261.2151	0.9043977	0.437962	0.260602	0.240848	0.0605878	1.756276	2.062594
36492	-3890.188	-4151.74	261.5518	0.9953457	0.437962	0.260602	0.240848	0.0605878	1.734231	1.78767
36498	-3889.329	-4151.061	261.7327	0.7702693	0.582985	0.165219	0.197288	0.0545076	1.785026	1.78767
36504	-3887.692	-4149.396	261.7043	0.7230473	0.37216	0.326883	0.25244	0.0485171	1.90504	1.75861
36510	-3904.407	-4166.231	261.8241	0.6450113	0.37216	0.326883	0.25244	0.0485171	1.84203	1.776597
36516	-3906.137	-4167.944	261.8065	0.6593561	0.529883	0.185031	0.257326	0.0277602	1.8787	1.752702
36522	-3910.015	-4171.632	261.6171	0.7897785	0.491225	0.231012	0.203085	0.0746783	1.8787	1.78863
36528	-3908.57	-4169.913	261.343	0.8456512	0.456494	0.246782	0.216948	0.0797761	1.825867	1.971601
36534	-3904.249	-4165.738	261.4892	0.8312877	0.444005	0.312679	0.145997	0.09732	1.832487	1.878485
36540	-3899.513	-4161.21	261.6975	0.7326073	0.498427	0.234436	0.189355	0.0777826	1.856211	1.790246
36546	-3906.978	-4168.623	261.6447	0.6305618	0.489562	0.248051	0.185988	0.0763993	1.783708	1.949543
36552	-3893.78	-4155.148	261.3681	0.8840506	0.49178	0.249174	0.194666	0.0643801	1.793741	1.949692
36558	-3899.635	-4161.126	261.4911	0.8840506	0.462882	0.224841	0.269461	0.0428161	1.855373	1.824045
36564	-3907.614	-4168.85	261.2365	0.6534968	0.433958	0.210791	0.252623	0.102628	1.807975	2.186789
36570	-3910.642	-4171.456	260.8138	0.7211018	0.394395	0.373001	0.139332	0.0932721	1.695538	2.481889
36576	-3909.336	-4170.287	260.9513	0.7100287	0.449973	0.354631	0.101368	0.0940279	1.653758	2.429103
36582	-3912.102	-4173.02	260.918	0.7107682	0.550739	0.248183	0.0862303	0.114848	1.728209	2.402704
36588	-3900.552	-4161.415	260.8636	0.797746	0.340609	0.356828	0.13744	0.165123	1.606949	2.455547
36594	-3898.711	-4159	260.2893	0.9148833	0.580767	0.204289	0.12346	0.0914843	1.613856	2.731853
36600	-3908.328	-4168.617	260.2894	0.9148833	0.459702	0.154424	0.316721	0.0691538	1.562129	2.763409
36606	-3905.07	-4164.733	259.6634	0.8680145	0.40582	0.253535	0.279597	0.0610482	1.537993	3.183331
36612	-3901.619	-4162.08	260.4612	0.8680145	0.502965	0.260733	0.128553	0.107748	1.516237	2.715875
36618	-3905.786	-4166.896	261.1107	0.8278102	0.475963	0.303178	0.197627	0.0232312	1.575198	2.299259
36624	-3905.811	-4167.692	261.8812	0.7426584	0.558937	0.181703	0.232079	0.0272811	1.959856	1.57826
36630	-3894.524	-4156.523	261.9992	0.6456604	0.424428	0.286575	0.194387	0.0946105	1.902307	1.609015
36636	-3887.587	-4149.453	261.8658	0.7336385	0.461718	0.31579	0.170408	0.0520838	1.799353	1.711486
36642	-3878.139	-4139.531	261.3918	0.691316	0.461718	0.31579	0.170408	0.0520838	1.658348	2.157116
36648	-3899.811	-4160.274	260.4631	0.7493526	0.477273	0.299618	0.176149	0.04696	1.568418	2.758711
36654	-3887.919	-4149.522	261.6033	0.5847374	0.386044	0.353822	0.204678	0.0554557	1.700659	2.06451
36660	-3889.977	-4151.672	261.6951	0.5847374	0.44318	0.238197	0.236152	0.0824714	1.866738	1.891902
36666	-3885.418	-4146.377	260.9591	0.7609727	0.494068	0.265548	0.166427	0.0739571	1.659069	2.386868
36672	-3893.054	-4153.818	260.7632	0.7782972	0.517855	0.202129	0.202056	0.0779595	1.699234	2.473407
36678	-3899.566	-4160.815	261.2489	0.5679567	0.498305	0.194498	0.232181	0.0750163	1.596875	2.371697
36684	-3889.308	-4150.633	261.3252	0.6650602	0.346879	0.36726	0.25373	0.0321306	1.603132	2.253858
36690	-3898.661	-4160.029	261.3684	0.6633971	0.365855	0.387351	0.212906	0.0338883	1.697908	2.165805
36696	-3907.246	-4168.565	261.3185	0.5152681	0.400589	0.385439	0.192226	0.0217465	1.617708	2.348595
36702	-3901.608	-4163.557	261.949	0.4773839	0.370181	0.409283	0.202679	0.0178582	1.737052	1.881631
36708	-3906.595	-4168.448	261.8532	0.4795137	0.405499	0.346252	0.233634	0.0146152	1.746672	1.938594
36714	-3901.204	-4162.813	261.6087	0.655736	0.385256	0.34024	0.221971	0.0525335	1.809316	1.938594
36720	-3898.01	-4160.123	262.1126	0.5621851	0.364867	0.43594	0.14944	0.0497534	1.809316	1.657484
36726	-3914.037	-4176.399	262.3622	0.5014151	0.469806	0.322804	0.151031	0.0563603	1.82261	1.5106
36732	-3902.32	-4164.239	261.9195	0.5449341	0.406191	0.4145	0.13058	0.0487288	1.85888	1.771376
36738	-3910.424	-4172.637	262.2122	0.6713286	0.46302	0.255942	0.241946	0.0390916	1.85888	1.463167
36744	-3889.038	-4151.089	262.0508	0.66227	0.352012	0.423672	0.186183	0.0381326	2.025079	1.466788
36750	-3899.886	-4162.071	262.185	0.7082076	0.414169	0.389757	0.125307	0.0707675	2.129574	1.238555
36756	-3891.126	-4152.989	261.8632	0.8419136	0.527506	0.170301	0.212061	0.0901329	2.069824	1.431404
36762	-3892.335	-4154.557	262.222	0.7441498	0.423697	0.30556	0.229729	0.0410139	2.127288	1.17644
36768	-3890.5	-4152.82	262.3203	0.6435375	0.427679	0.376182	0.156025	0.0401142	2.233887	1.088308
36774	-3910.411	-4172.77	262.3594	0.6375512	0.515883	0.223058	0.219469	0.0415906	2.273262	1.019659
36780	-3901.587	-4161.929	260.3419	0.9354478	0.540241	0.232019	0.172747	0.0549939	1.58784	2.702701
36786	-3901.366	-4162.261	260.894	0.826098	0.518198	0.294625	0.102269	0.0849078	1.6641	2.381638
36792	-3892.955	-4154.105	261.1505	0.826098	0.512658	0.139507	0.274151	0.0736833	1.664917	2.217263
36798	-3897.454	-4159.315	261.8613	0.5954146	0.455446	0.288026	0.211729	0.0447989	1.840804	1.787905
36804	-3899.748	-4161.817	262.0695	0.6249638	0.423977	0.273795	0.214553	0.0876741	1.960895	1.530487
36810	-3895.426	-4157.461	262.0347	0.7777429	0.453249	0.236097	0.216927	0.0937273	2.016165	1.39213
36816	-3913.654	-4175.838	262.1841	0.7329317	0.362365	0.329129	0.216965	0.0915411	2.12528	1.220811
36822	-3928.529	-4189.377	260.8485	0.7598671	0.477309	0.189992	0.319253	0.0134462	1.673147	2.448432
36828	-3913.533	-4174.624	261.0904	0.6950008	0.429892	0.305131	0.258315	0.00666161	1.646836	2.355612
36834	-3916.223	-4178.584	262.3604	0.610379	0.466232	0.220569	0.240827	0.0723721	2.079474	1.220134
36840	-3910.727	-4173.089	262.3625	0.5990901	0.474694	0.281806	0.161862	0.0816382	1.998013	1.295892
36846	-3910.216	-4172.769	262.5534	0.5387536	0.447413	0.320116	0.152667	0.0798038	2.102731	1.095339
36852	-3907.836	-4170.323	262.4875	0.6114505	0.364531	0.397098	0.189381	0.0489911	2.169223	1.023093
36858	-3893.376	-4155.945	262.569	0.5684813	0.336252	0.396754	0.174689	0.0923052	2.123102	1.032418
36864	-3902.824	-4165.324	262.4993	0.5744194	0.467603	0.311683	0.0923515	0.128363	2.299626	0.916259
36870	-3898.708	-4161.263	262.5546	0.5636718	0.320159	0.435101	0.16655	0.0781903	2.255429	0.916259
36876	-3897.865	-4160.336	262.4703	0.6239472	0.420436	0.350053	0.16754	0.0619712	2.270295	0.9231848
36882	-3905.142	-4167.529	262.3864	0.6721102	0.459494	0.276999	0.222859	0.0406476	2.303218	0.9231848
36888	-3919.873	-4182.234	262.3609	0.7045193	0.429399	0.355963	0.138759	0.0758793	2.302127	0.9146722
36894	-3891.366	-4153.576	262.2103	0.6952347	0.472009	0.240904	0.225909	0.0611784	1.967127	1.361164
36900	-3904.656	-4166.704	262.0476	0.7159169	0.399964	0.395466	0.136938	0.0676314	1.976881	1.462671
36906	-3900.18	-4162.583	262.4029	0.4865474	0.539751	0.280678	0.116536	0.0630354	2.06451	1.302578
36912	-3900.238	-4162.802	262.564	0.4081067	0.464889	0.241748	0.217977	0.0753859	2.14939	1.156542
36918	-3898.821	-4161.282	262.4615	0.5645982	0.49346	0.274616	0.17007	0.0618536	2.141987	1.119011
36924	-3894.392	-4156.809	262.4179	0.6336671	0.404763	0.272869	0.271633	0.0507357	2.176177	1.060767
36930	-3908.467	-4170.86	262.3926	0.6325	0.287516	0.411417	0.157618	0.143448	2.463641	0.7704292
36936	-3910.198	-4172.723	262.5243	0.6009862	0.325587	0.450556	0.172613	0.0512444	2.351689	0.7891356
36942	-3895.298	-4157.853	262.5546	0.5344966	0.466445	0.262976	0.208653	0.0619265	2.351689	0.8393256
36948	-3905.067	-4167.589	262.5217	0.558921	0.512725	0.247647	0.171557	0.0680708	2.431851	0.7403788
36954	-3905.88	-4168.404	262.5238	0.6089805	0.467432	0.22577	0.232699	0.0740994	2.402955	0.698595
36960	-3901.317	-4163.79	262.4734	0.5661677	0.443381	0.247247	0.27715	0.0322222	2.498123	0.698595
36966	-3895.134	-4157.589	262.4545	0.5661677	0.439318	0.26375	0.27461	0.0223213	2.554151	0.6219321
36972	-3907.711	-4169.984	262.2731	0.5115323	0.378638	0.334562	0.253687	0.0331131	1.923368	1.494243
36978	-3903.914	-4166.221	262.3074	0.590333	0.426579	0.360838	0.175277	0.0373057	1.949358	1.385908
36984	-3910.469	-4172.906	262.4375	0.6131457	0.49531	0.231478	0.249548	0.0236643	1.998912	1.220565
36990	-3912.819	-4175.325	262.5057	0.5649004	0.436855	0.297836	0.220547	0.0447616	2.428564	0.7601265
36996	-3898.498	-4161.028	262.53	0.577606	0.443876	0.34454	0.179587	0.0319961	2.345517	0.822036
37002	-3911.05	-4173.722	262.6727	0.4361555	0.460659	0.349344	0.157555	0.0324422	2.400235	0.74315
37008	-3901.827	-4164.452	262.6253	0.4860978	0.504021	0.270342	0.172386	0.0532508	2.400235	0.74315
37014	-3903.572	-4166.24	262.668	0.4658454	0.421837	0.31906	0.214535	0.0445679	2.400235	0.7058159
37020	-3885.723	-4148.334	262.6111	0.4658454	0.444338	0.339534	0.199863	0.0162641	2.512662	0.5793076
37026	-3892.866	-4155.45	262.5842	0.5931266	0.41082	0.294224	0.265415	0.0295407	2.259894	0.8410189
37032	-3885.125	-4147.615	262.4894	0.6174204	0.412383	0.295343	0.266424	0.0258501	2.166742	1.017509
37038	-3894.98	-4157.431	262.4508	0.6174204	0.448851	0.321461	0.201552	0.0281361	2.331547	0.8840944
37044	-3908.045	-4170.696	262.6517	0.4142135	0.266347	0.367975	0.280016	0.0856618	2.234323	0.9896683
37050	-3902.074	-4164.717	262.6427	0.4142135	0.371494	0.386589	0.208157	0.0337601	2.27408	0.9580737
37056	-3883.084	-4145.555	262.4707	0.5937775	0.439683	0.314375	0.184454	0.0614883	2.27408	0.9526567
37062	-3892.61	-4155.07	262.4603	0.5947151	0.394549	0.366627	0.179115	0.0597087	2.28354	0.9526567
37068	-3896.229	-4158.918	262.6888	0.4011269	0.360115	0.365661	0.219727	0.0544976	2.283267	0.9106332
37074	-3893.244	-4155.914	262.671	0.4708014	0.368313	0.367192	0.163161	0.101335	2.290828	0.8490629
37080	-3904.928	-4167.651	262.7233	0.4548883	0.373621	0.361554	0.148218	0.116608	2.290828	0.8018881
37086	-3903.833	-4166.457	262.6244	0.5353863	0.382203	0.394276	0.0981654	0.125355	2.29274	0.8245871
37092	-3908.626	-4171.21	262.5842	0.5338848	0.407995	0.28574	0.213244	0.093021	2.37264	0.7735158
37098	-3897.798	-4160.329	262.531	0.6212019	0.382814	0.384793	0.186709	0.0456839	2.2787	0.8470206
37104	-3906.779	-4169.344	262.5654	0.5620002	0.399624	0.33115	0.229912	0.0393151	2.253963	0.9078269
37110	-3909.546	-4171.983	262.4372	0.5633502	0.36805	0.383995	0.211746	0.0362089	2.290011	1.00319
37116	-3914.909	-4177.357	262.4482	0.6547153	0.466117	0.276962	0.179787	0.0771341	2.224485	0.960887
37122	-3914.114	-4176.647	262.533	0.6271954	0.485214	0.265044	0.172051	0.0776907	2.224485	0.9006693
37128	-3916.595	-4178.986	262.391	0.7264805	0.478848	0.25696	0.166803	0.0973894	2.224485	0.9411167
37134	-3908.831	-4171.186	262.3555	0.7225266	0.424455	0.333561	0.177885	0.0640992	2.205453	1.001628
37140	-3928.414	-4190.834	262.4203	0.6445917	0.407911	0.342438	0.184328	0.0653225	2.088746	1.128454
37146	-3920.678	-4183.143	262.4652	0.629117	0.403866	0.339042	0.1825	0.0745926	2.055483	1.132629
37152	-3919.618	-4182.019	262.401	0.7370414	0.426846	0.224092	0.26682	0.0822415	2.198732	0.9459503
37158	-3917.393	-4179.732	262.3385	0.735376	0.58155	0.172405	0.205278	0.0407673	2.271259	0.937155
37164	-3916.55	-4179.122	262.5718	0.5412393	0.24983	0.449388	0.205053	0.0957296	2.337183	0.8272529
37170	-3912.809	-4175.17	262.361	0.5969597	0.410195	0.321594	0.158782	0.109428	2.151901	1.169491
37176	-3904.198	-4166.307	262.1094	0.8103324	0.374835	0.403206	0.101308	0.12065	2.080786	1.252536
37182	-3911.052	-4173.306	262.2537	0.6807977	0.509766	0.324959	0.081648	0.0836275	2.0077	1.306212
37188	-3930.188	-4192.515	262.3273	0.611232	0.484144	0.289801	0.14663	0.0794243	2.097453	1.232115
37194	-3903.608	-4165.937	262.3284	0.6605211	0.389588	0.310603	0.205134	0.094675	2.113107	1.173216
37200	-3902.502	-4165.093	262.5912	0.5643423	0.430353	0.328266	0.141323	0.100059	2.281569	0.8427092
37206	-3912.254	-4174.478	262.2244	0.7970038	0.404829	0.308797	0.19225	0.0941243	2.339967	0.9159083
37212	-3900.513	-4162.901	262.3874	0.6452593	0.49701	0.309498	0.070068	0.123423	2.355698	0.8954406
37218	-3903.327	-4165.749	262.4223	0.6704765	0.434499	0.268575	0.108815	0.188111	2.14779	1.046555
37224	-3907.304	-4169.928	262.6241	0.5108425	0.292108	0.419246	0.18942	0.099226	2.347304	0.7857464
37230	-3908.327	-4170.96	262.6331	0.5108425	0.401337	0.309825	0.26025	0.0285889	2.330388	0.7965739
37236	-3910.356	-4172.931	262.5745	0.535131	0.428583	0.330858	0.210029	0.0305297	2.364306	0.7965739
37242	-3909.538	-4172.078	262.5402	0.5166257	0.329579	0.381424	0.256401	0.0325958	2.368736	0.8581264
37248	-3907.983	-4170.412	262.429	0.6525963	0.332924	0.375146	0.259004	0.0329266	2.356611	0.8358842
37254	-3916.57	-4178.865	262.2951	0.6156558	0.312672	0.410621	0.200199	0.0765081	1.980933	1.349778
37260	-3907.113	-4168.991	261.8775	0.7746651	0.483489	0.276876	0.157179	0.0824566	1.980568	1.540904
37266	-3905.979	-4168.101	262.1218	0.6518203	0.400018	0.382187	0.142853	0.0749412	2.015045	1.428639
37272	-3898.667	-4159.627	260.9603	0.8107893	0.442237	0.24091	0.266205	0.0506478	1.855426	2.227326
37278	-3896.801	-4158.095	261.2935	0.7483442	0.40979	0.223234	0.246674	0.120301	1.780143	2.102327
37284	-3912.848	-4174.127	261.279	0.5605656	0.419918	0.255939	0.216832	0.107311	1.572444	2.372977
37290	-3905.455	-4165.518	260.0628	0.8770994	0.554445	0.184166	0.157254	0.104135	1.657213	2.866992
37296	-3907.918	-4168.78	260.8623	0.6691938	0.474031	0.174638	0.2623	0.0890318	1.625659	2.529555
37302	-3917.961	-4177.694	259.7331	0.753054	0.49725	0.159151	0.253928	0.0896715	1.505617	3.23237
37308	-3889.174	-4149.535	260.3606	0.7495024	0.485046	0.140265	0.276904	0.0977852	1.47673	2.876653
37314	-3886.067	-4144.945	258.8786	0.8299438	0.531901	0.152025	0.30012	0.0159536	1.467915	3.706634
37320	-3890.439	-4150.024	259.5849	0.8007	0.471359	0.277375	0.234463	0.0168035	1.472333	3.309932
37326	-3892.431	-4151.781	259.3504	0.8007	0.565182	0.0823661	0.334966	0.0174863	1.444063	3.464099
37332	-3899.439	-4159.351	259.9122	0.8481767	0.397212	0.217165	0.366492	0.019132	1.618216	2.999326
37338	-3905.408	-4166.089	260.6804	0.8111696	0.460469	0.251749	0.265604	0.0221789	1.777654	2.454546
37344	-3904.412	-4166.564	262.1527	0.5787584	0.371335	0.431506	0.120549	0.0766101	2.010965	1.466943
37350	-3892.19	-4154.39	262.2003	0.6274659	0.363648	0.359958	0.175212	0.101182	2.093729	1.325456
37356	-3903.683	-4165.873	262.1897	0.7682226	0.462818	0.329566	0.107243	0.100373	2.074885	1.227253
37362	-3913.464	-4174.243	260.7791	0.9163386	0.35378	0.267367	0.330775	0.0480777	1.724995	2.3568
37368	-3917.61	-4179.146	261.5358	0.6854873	0.347605	0.2627	0.325001	0.0646942	1.747748	2.007553
37374	-3897.772	-4159.46	261.6882	0.720976	0.412577	0.338338	0.172299	0.0767864	1.799678	1.844143
37380	-3901.288	-4162.825	261.537	0.720976	0.484128	0.24186	0.198926	0.0750859	1.90551	1.875219
37386	-3892.936	-4154.557	261.622	0.8629801	0.470081	0.234842	0.193154	0.101924	1.942581	1.686791
37392	-3892.906	-4154.519	261.6131	0.9186728	0.470951	0.230098	0.193511	0.105439	2.042216	1.580081
37398	-3899.749	-4160.655	260.9053	0.821959	0.497985	0.167431	0.292082	0.042503	1.725167	2.338483
37404	-3894.711	-4156.339	261.6283	0.8827865	0.440448	0.174596	0.31901	0.065946	1.750356	1.802768
37410	-3904.376	-4166.123	261.7474	0.6617336	0.358325	0.335409	0.259529	0.0467361	1.88754	1.786013
37416	-3907.113	-4169.34	262.2276	0.6557965	0.484651	0.224655	0.227482	0.0632126	2.005353	1.350313
37422	-3908.938	-4171.016	262.0785	0.7093278	0.356263	0.510348	0.0733934	0.0599964	2.003657	1.42385
37428	-3904.697	-4166.696	261.999	0.7958151	0.508849	0.190716	0.214742	0.0856927	1.99199	1.42385
37434	-3901.169	-4163.703	262.5342	0.4504658	0.383846	0.354758	0.218929	0.0424661	2.280954	1.027336
37440	-3898.65	-4161.255	262.6047	0.4955788	0.333681	0.393998	0.243145	0.0291761	2.232391	0.9614023
37446	-3900.194	-4162.619	262.4246	0.5507152	0.333838	0.396151	0.241083	0.0289287	2.428335	0.8830425
37452	-3895.102	-4157.605	262.5032	0.5469953	0.334966	0.397489	0.241897	0.0256484	2.364949	0.8698076
37458	-3903.209	-4165.687	262.4784	0.5802202	0.324853	0.385488	0.234594	0.055066	2.364949	0.8584111
37464	-3901.118	-4163.664	262.5458	0.4916536	0.437094	0.297936	0.236658	0.0283118	2.350235	0.902029
37470	-3887.221	-4149.859	262.6384	0.4350482	0.40945	0.385347	0.176851	0.0283527	2.350235	0.857223
37476	-3900.062	-4162.439	262.3775	0.6395313	0.387777	0.36495	0.211871	0.0354023	2.411585	0.8485805
37482	-3896.113	-4158.56	262.4479	0.6829021	0.444775	0.299966	0.211372	0.0438867	2.334874	0.7980738
37488	-3893.717	-4156.262	262.5446	0.5492197	0.396623	0.377859	0.188488	0.0370305	2.30327	0.8906566
37494	-3887.154	-4149.664	262.5101	0.5824536	0.34943	0.450771	0.176815	0.0229835	2.30327	0.8906566
37500	-3880.838	-4143.253	262.4144	0.5948073	0.393194	0.296845	0.275805	0.0341556	2.211963	1.068871
37506	-3887.165	-4149.622	262.4563	0.5723068	0.349558	0.37111	0.253193	0.0261389	2.218928	1.044849
37512	-3882.487	-4144.92	262.4328	0.6076115	0.42201	0.321119	0.203046	0.0538244	2.210721	1.039773
37518	-3898.463	-4160.965	262.5023	0.538986	0.386513	0.313714	0.254286	0.045487	2.171783	1.078489
37524	-3892.924	-4155.368	262.4439	0.5588553	0.439988	0.323366	0.183366	0.0532796	2.171783	1.113318
37530	-3901.802	-4164.302	262.5001	0.5808901	0.342874	0.424045	0.159219	0.0738617	2.302563	0.9046072
37536	-3897.111	-4159.662	262.5511	0.573376	0.345676	0.440201	0.137447	0.0766759	2.259397	0.9046072
37542	-3901.909	-4164.235	262.3253	0.7407339	0.468941	0.336183	0.136318	0.0585577	2.259397	0.9576342
37548	-3914.041	-4176.514	262.4729	0.6777458	0.471927	0.334263	0.167381	0.0264285	2.174012	0.9623379
37554	-3903.15	-4165.467	262.3166	0.5505596	0.429201	0.314169	0.244677	0.0119533	2.108894	1.284095
37560	-3915.712	-4177.882	262.1701	0.7855214	0.487065	0.313777	0.146833	0.0523257	2.099043	1.207896
37566	-3910.788	-4173.041	262.2535	0.6729299	0.442451	0.264583	0.226532	0.0664346	2.13239	1.209828
37572	-3905.188	-4167.345	262.1568	0.6969457	0.423897	0.278848	0.289102	0.00815355	2.053468	1.333627
37578	-3903.256	-4165.197	261.9409	0.6526728	0.388011	0.367786	0.210992	0.0332101	2.022393	1.558484
37584	-3917.994	-4179.473	261.479	0.6631821	0.377247	0.326238	0.205139	0.0913756	1.827481	2.008063
37590	-3909.989	-4171.904	261.9157	0.6171801	0.386304	0.33407	0.210064	0.0695621	1.871883	1.712046
37596	-3911.304	-4173.098	261.7936	0.6595744	0.427377	0.351877	0.173072	0.0476743	1.949259	1.712046
37602	-3904.068	-4166.079	262.0119	0.6620666	0.504273	0.276277	0.202952	0.0164979	1.934686	1.563411
37608	-3897.274	-4159.046	261.772	0.5836224	0.424499	0.3442	0.218798	0.0125024	1.908703	1.811283
37614	-3898.265	-4160.06	261.7949	0.7043866	0.407429	0.330359	0.21	0.0522126	1.803906	1.779661
37620	-3903.483	-4164.309	260.8267	0.8144919	0.516408	0.194184	0.23178	0.0576279	1.644767	2.443927
37626	-3908.18	-4169.531	261.3512	0.7076406	0.517413	0.234363	0.198797	0.0494273	1.674063	2.162042
37632	-3899.082	-4160.337	261.2551	0.5129101	0.427581	0.343996	0.191788	0.0366353	1.659123	2.364087
37638	-3898.51	-4159.85	261.3402	0.4764323	0.412757	0.356374	0.195503	0.0353652	1.610075	2.364087
37644	-3891.776	-4152.863	261.0877	0.697827	0.473977	0.240328	0.252829	0.0328668	1.754745	2.286702
37650	-3886.962	-4148.575	261.6131	0.7353139	0.431932	0.33082	0.230401	0.00684587	1.840826	1.85707
37656	-3886.788	-4148.36	261.572	0.7960025	0.457757	0.234621	0.297492	0.0101291	1.817917	1.85707
37662	-3906.208	-4167.94	261.7314	0.8166436	0.471152	0.341485	0.0854514	0.101911	1.737404	1.787856
37668	-3899.15	-4160.944	261.7937	0.7809967	0.475917	0.344938	0.0863155	0.0928295	1.879646	1.670235
37674	-3896.498	-4158.2	261.7025	0.8284896	0.519046	0.25096	0.110815	0.119178	1.814808	1.745402
37680	-3891.482	-4153.252	261.7706	0.7518852	0.478978	0.29234	0.179854	0.0488269	1.889807	1.701235
37686	-3906.24	-4167.665	261.4252	0.7518852	0.432096	0.324733	0.221508	0.0216636	1.782863	2.011068
37692	-3904.852	-4167.073	262.221	0.7570745	0.479898	0.225139	0.209459	0.0855045	2.162085	1.134614
37698	-3895.956	-4158.206	262.25	0.7308201	0.553401	0.214893	0.199926	0.0317801	2.145083	1.148661
37704	-3884.497	-4146.808	262.3108	0.7308201	0.527821	0.192617	0.240905	0.0386569	2.145083	1.093754
37710	-3891.019	-4153.409	262.39	0.6173901	0.345125	0.367278	0.247829	0.039768	2.183959	1.095542
37716	-3879.523	-4141.956	262.4332	0.5922403	0.33404	0.355482	0.304208	0.00626986	2.157506	1.104464
37722	-3893.253	-4155.75	262.4964	0.5667259	0.375099	0.399176	0.213491	0.0122345	2.250241	0.979973
37728	-3889.401	-4151.797	262.3959	0.6625768	0.540078	0.249659	0.16777	0.0424935	2.250003	0.979973
37734	-3892.167	-4154.563	262.3959	0.6625768	0.40974	0.270063	0.211803	0.108393	2.250003	0.979973
37740	-3896.405	-4158.896	262.4912	0.6564944	0.540983	0.240054	0.122615	0.0963484	2.126117	1.015079
37746	-3890.766	-4153.206	262.4402	0.6258562	0.44858	0.371439	0.153735	0.0262454	2.20949	1.015079
37752	-3897.961	-4160.476	262.5146	0.6186673	0.399665	0.36098	0.130829	0.108526	2.327041	0.8100764
37758	-3895.545	-4158.045	262.5003	0.5782131	0.475073	0.35364	0.128169	0.0431183	2.318524	0.8894432
37764	-3897.423	-4159.887	262.4635	0.6412894	0.440469	0.336715	0.125332	0.0974842	2.318524	0.8549081
37770	-3897.851	-4160.261	262.4094	0.6412894	0.452579	0.345973	0.117267	0.0841807	2.455415	0.7441199
37776	-3898.356	-4160.765	262.4094	0.6412894	0.461532	0.352817	0.119587	0.0660646	2.455415	0.7441199
37782	-3906.268	-4168.662	262.3937	0.6532539	0.463679	0.291295	0.190481	0.0545447	2.446618	0.7617167
37788	-3897.916	-4160.288	262.3721	0.661191	0.395229	0.371579	0.156211	0.0769814	2.44391	0.784278
37794	-3896.542	-4158.972	262.4298	0.644367	0.404595	0.370696	0.15629	0.0684189	2.321058	0.8876547
37800	-3902.004	-4164.504	262.5005	0.6595194	0.463809	0.278596	0.179163	0.0784322	2.114557	1.014135
37806	-3885.953	-4148.389	262.4361	0.7058904	0.433365	0.28556	0.200682	0.0803927	2.177666	0.9657984
37812	-3892.852	-4154.65	261.7974	0.6820409	0.450242	0.287253	0.180816	0.081689	1.954921	1.688484
37818	-3907.338	-4169.232	261.8944	0.6465259	0.438945	0.323985	0.114066	0.123004	1.954921	1.646074
37824	-3904.422	-4166.486	262.0649	0.7042458	0.532439	0.261288	0.106869	0.0994039	2.093549	1.368645
37830	-3901.295	-4162.816	261.5209	0.8127652	0.43293	0.350854	0.127864	0.0883518	1.925534	1.806164
37836	-3901.386	-4162.902	261.5154	0.7732301	0.416101	0.348515	0.127012	0.108372	1.897559	1.857732
37842	-3887.26	-4149.295	262.0343	0.6831335	0.443478	0.353627	0.160464	0.0424305	1.983903	1.493627
37848	-3890.233	-4152.4	262.1666	0.6331681	0.494894	0.319646	0.135794	0.0496662	1.973605	1.441239
37854	-3902.669	-4163.831	261.1617	0.6617017	0.447948	0.348439	0.148571	0.0550414	1.694959	2.302065
37860	-3906.045	-4167.954	261.9091	0.4852391	0.383367	0.316041	0.219335	0.0812574	1.752737	1.892906
37866	-3911.944	-4173.286	261.3421	0.6629268	0.386272	0.327984	0.184556	0.101188	1.768611	2.137258
37872	-3899.084	-4160.388	261.3041	0.7332431	0.406139	0.326821	0.194048	0.0729925	1.777023	2.107868
37878	-3896.996	-4158.089	261.0937	0.8096453	0.403383	0.328991	0.192731	0.0748951	1.661299	2.267203
37884	-3904.078	-4164.79	260.7117	0.8096453	0.400546	0.330555	0.193647	0.0752512	1.520119	2.596566
37890	-3899.838	-4160.175	260.3371	0.8209103	0.490234	0.290742	0.170167	0.0488574	1.649806	2.740062
37896	-3891.771	-4152.806	261.0358	0.8209103	0.512093	0.26658	0.14056	0.0807665	1.649806	2.304037
37902	-3904.265	-4164.991	260.7256	0.8209103	0.43733	0.261914	0.147042	0.153715	1.585159	2.540293
37908	-3913.765	-4174.664	260.8984	0.9719634	0.56241	0.196882	0.12516	0.115548	1.701038	2.259947
37914	-3903.221	-4165.436	262.2151	0.693521	0.375602	0.240415	0.295227	0.0887565	1.998028	1.334256
37920	-3889.82	-4151.922	262.1018	0.6339495	0.39923	0.386832	0.113856	0.100082	1.998028	1.471363
37926	-3887.179	-4149.434	262.2549	0.6297447	0.335214	0.383795	0.196956	0.0840343	2.097406	1.27616
37932	-3883.241	-4145.517	262.2762	0.6297447	0.295832	0.376409	0.237852	0.0899079	2.12655	1.234278
37938	-3879.892	-4142.254	262.3625	0.6913105	0.382895	0.32987	0.208444	0.0787917	2.143365	1.086215
37944	-3888.342	-4150.695	262.353	0.6156114	0.373956	0.374629	0.163523	0.0878913	2.23295	1.086215
37950	-3888.972	-4151.333	262.3603	0.6156114	0.336574	0.401836	0.160149	0.10144	2.23295	1.079434
37956	-3883.501	-4145.989	262.4888	0.5554888	0.411374	0.331422	0.195741	0.0614637	2.21422	1.03487
37962	-3892.068	-4154.5	262.4319	0.5779115	0.386382	0.311288	0.2446	0.0577298	2.144317	1.131056
37968	-3895.135	-4156.997	261.8615	0.7903393	0.430765	0.393379	0.14997	0.0258858	1.987461	1.535447
37974	-3884.618	-4146.13	261.5121	0.7499789	0.41391	0.313881	0.229475	0.0427336	1.811786	1.934853
37980	-3888.161	-4149.812	261.6503	0.7082978	0.459995	0.296056	0.206849	0.0370996	1.717665	1.934853
37986	-3896.619	-4157.534	260.9143	0.7082978	0.38008	0.330558	0.251044	0.038318	1.641636	2.461147
37992	-3902.825	-4163.767	260.9418	0.6885628	0.43733	0.259247	0.259334	0.0440896	1.635049	2.461147
37998	-3896.13	-4156.741	260.6106	0.8423616	0.442934	0.232805	0.24787	0.0763913	1.622697	2.574526
38004	-3893.645	-4154.474	260.8291	0.7368029	0.490007	0.257546	0.217236	0.0352103	1.675354	2.4745
38010	-3909.043	-4169.575	260.532	0.8947307	0.444154	0.258935	0.178374	0.118536	1.696472	2.543875
38016	-3900.578	-4160.654	260.0761	0.902543	0.45	0.30226	0.20822	0.0395193	1.516539	2.928151
38022	-3900.041	-4159.469	259.4279	0.777685	0.436048	0.292889	0.201764	0.0692996	1.453842	3.427183
38028	-3890.062	-4149.736	259.6741	0.7753615	0.462128	0.333466	0.122669	0.081736	1.453842	3.28392
38034	-3910.859	-4171.103	260.2438	0.5686058	0.388484	0.377442	0.141559	0.0925149	1.477781	3.061059
38040	-3897.262	-4157.701	260.4392	0.6995566	0.466967	0.301368	0.153927	0.0777372	1.576062	2.800739
38046	-3906.573	-4166.843	260.2702	0.7609582	0.468139	0.302124	0.176973	0.0527637	1.653545	2.816894
38052	-3894.133	-4155.397	261.2645	0.6666034	0.358636	0.379665	0.176959	0.0847393	1.702792	2.227712
38058	-3893.495	-4154.854	261.3589	0.6294038	0.433931	0.334482	0.156933	0.0746546	1.613496	2.249763
38064	-3903.494	-4164.337	260.8436	0.7859262	0.409189	0.31541	0.147985	0.127416	1.632873	2.459599
38070	-3905.597	-4167.216	261.6185	0.571195	0.394728	0.345668	0.132491	0.127113	1.717152	2.052892
38076	-3913.891	-4174.869	260.9784	0.728298	0.412941	0.315477	0.138604	0.132978	1.618715	2.421976
38082	-3909.721	-4170.875	261.1543	0.52371	0.363129	0.377463	0.221331	0.0380766	1.668206	2.415163
38088	-3907.362	-4168.458	261.0958	0.6476692	0.412818	0.327907	0.18324	0.0760347	1.683016	2.361075
38094	-3906.438	-4167.662	261.2239	0.5404679	0.366189	0.403823	0.162542	0.0674463	1.666987	2.361075
38100	-3907.824	-4169.17	261.3459	0.6958473	0.388903	0.366843	0.172625	0.0716299	1.704447	2.153843
38106	-3911.143	-4172.015	260.8721	0.6668953	0.382446	0.360752	0.217476	0.0393255	1.622048	2.527216
38112	-3915.877	-4177.194	261.3173	0.5146815	0.401434	0.244774	0.292331	0.0614613	1.726695	2.280229
38118	-3904.834	-4166.174	261.34	0.5775107	0.429977	0.262178	0.285276	0.0225697	1.732989	2.220092
38124	-3899.806	-4160.882	261.0762	0.6246937	0.394007	0.308596	0.276858	0.0205395	1.632545	2.420701
38130	-3891.489	-4152.221	260.7322	0.8373269	0.47955	0.265034	0.237776	0.0176401	1.752356	2.420701
38136	-3891.129	-4152.224	261.0948	0.6841067	0.475988	0.222495	0.23601	0.0655078	1.749781	2.294592
38142	-3901.172	-4159.639	258.4666	0.7413571	0.550522	0.113684	0.199204	0.13659	1.338403	4.0707
38148	-3901.048	-4159.481	258.4337	0.7875073	0.492179	0.0939816	0.315079	0.0987599	1.313276	4.0761
38154	-3906.767	-4165.129	258.3626	0.8869956	0.409477	0.23232	0.283689	0.0745136	1.35396	4.034409
38160	-3893.929	-4152.724	258.7951	0.7547527	0.486386	0.218499	0.246025	0.04909	1.333774	3.877401
38166	-3902.15	-4161.761	259.611	0.7519486	0.567557	0.131901	0.243292	0.0572498	1.300379	3.425687
38172	-3906.72	-4166.925	260.2052	0.7810478	0.517548	0.257307	0.178116	0.0470282	1.610319	2.869726
38178	-3910.011	-4170.573	260.5622	0.6665861	0.569055	0.190471	0.195842	0.0446315	1.517287	2.782925
38184	-3904.975	-4165.158	260.1827	0.6296616	0.422032	0.362193	0.0968248	0.11895	1.517287	3.035624
38190	-3905.476	-4165.946	260.47	0.5300269	0.465148	0.285881	0.106717	0.142254	1.517287	2.925387
38196	-3896.216	-4156.565	260.3492	0.7424482	0.492131	0.250827	0.134804	0.122237	1.519512	2.862191
38202	-3893.544	-4153.88	260.3351	0.7804214	0.44899	0.330637	0.0812583	0.139115	1.49198	2.863149
38208	-3889.158	-4149.572	260.4136	0.7498632	0.482821	0.253897	0.156455	0.106827	1.53716	2.807609
38214	-3888.621	-4149.029	260.4082	0.6608121	0.476343	0.250491	0.177582	0.0955843	1.53716	2.868098
38220	-3874.336	-4134.532	260.1963	0.8797958	0.527255	0.195974	0.18468	0.0920899	1.519124	2.868098
38226	-3891.324	-4152.2	260.8761	0.6460619	0.492068	0.189182	0.238421	0.0803304	1.64755	2.522559
38232	-3905.124	-4166.522	261.398	0.615053	0.479424	0.226367	0.261377	0.0328318	1.805392	2.10969
38238	-3910.871	-4172.32	261.4488	0.6090571	0.498376	0.193835	0.276003	0.0317862	1.611006	2.207233
38244	-3904.086	-4165.409	261.3234	0.8301027	0.501393	0.179617	0.214949	0.104041	1.698834	2.079745
38250	-3896.689	-4158.438	261.7489	0.6523948	0.559439	0.135722	0.192906	0.111933	1.766863	1.874781
38256	-3890.179	-4151.365	261.186	0.7604852	0.440051	0.272869	0.231006	0.0560739	1.641465	2.253778
38262	-3898.597	-4160.092	261.4952	0.7120577	0.520225	0.203747	0.207572	0.0684567	1.770914	2.000413
38268	-3898.189	-4159.619	261.4303	0.8115625	0.460998	0.183707	0.29533	0.0599659	1.731002	2.000413
38274	-3891.273	-4152.928	261.6547	0.6874696	0.49808	0.217849	0.140559	0.143512	1.757187	1.920082
38280	-3899.366	-4160.505	261.1393	0.7665131	0.479997	0.231237	0.188962	0.0998034	1.787042	2.185899
38286	-3890.032	-4151.839	261.8078	0.693351	0.511019	0.182562	0.194815	0.111603	1.877642	1.727288
38292	-3895.499	-4157.451	261.9511	0.6627152	0.550618	0.239402	0.142334	0.0676464	1.950342	1.595958
38298	-3890.275	-4152.266	261.9904	0.652746	0.538277	0.29263	0.140565	0.0285275	1.921641	1.595958
38304	-3896.746	-4158.423	261.6769	0.5569927	0.412362	0.352959	0.179913	0.0547658	1.95863	1.861331
38310	-3919.037	-4178.875	259.8387	0.9282816	0.486735	0.271388	0.219366	0.0225109	1.428786	3.107256
38316	-3911.715	-4172.139	260.4237	0.5783453	0.455929	0.277467	0.225046	0.0415588	1.391803	2.9987
38322	-3907.07	-4167.554	260.4838	0.7953596	0.499582	0.237303	0.19097	0.0721447	1.666594	2.656142
38328	-3915.819	-4176.33	260.5112	0.6894127	0.509525	0.212809	0.18734	0.0903258	1.691299	2.692853
38334	-3910.594	-4172.04	261.4463	0.4774643	0.387664	0.35491	0.220626	0.0368	1.507249	2.361368
38340	-3919.804	-4180.786	260.9828	0.6079168	0.348139	0.377595	0.234727	0.0395386	1.501879	2.571861
38346	-3924.434	-4185.132	260.6975	0.8023409	0.535719	0.244201	0.151804	0.0682759	1.519038	2.610784
38352	-3904.01	-4163.815	259.8043	0.7444052	0.462976	0.25865	0.178551	0.0998237	1.519038	3.187688
38358	-3898.921	-4158.821	259.8999	0.7154485	0.457291	0.253863	0.18485	0.103996	1.454036	3.187688
38364	-3903.91	-4163.799	259.8893	0.7581855	0.482249	0.267719	0.158859	0.0911721	1.419483	3.187688
38370	-3898.114	-4157.6	259.4863	0.9041221	0.526563	0.244356	0.196797	0.0322841	1.560464	3.252828
38376	-3897.885	-4157.758	259.8733	0.6273918	0.432168	0.244133	0.221758	0.101941	1.434836	3.269949
38382	-3899.89	-4160.054	260.1643	0.6087445	0.419849	0.23832	0.314268	0.0275635	1.554485	3.03758
38388	-3897.087	-4158.084	260.9972	0.6779121	0.399721	0.199749	0.299202	0.101328	1.666534	2.413607
38394	-3881.814	-4142.931	261.1175	0.6020574	0.43461	0.259074	0.249932	0.0563831	1.626301	2.413607
38400	-3877.546	-4138.841	261.2947	0.5602525	0.471512	0.281072	0.186246	0.0611704	1.746659	2.252006
38406	-3888.965	-4150.439	261.4737	0.5925393	0.511559	0.20216	0.212586	0.0736952	1.749914	2.111977
38412	-3891.808	-4153.673	261.8653	0.6669081	0.467777	0.264103	0.194391	0.0737281	1.817568	1.748728
38418	-3895.428	-4157.317	261.8891	0.588904	0.487468	0.244286	0.219377	0.0488685	1.876069	1.748728
38424	-3887.872	-4149.508	261.6357	0.8201833	0.510614	0.245409	0.220386	0.0235906	1.859281	1.76705
38430	-3931.962	-4193.994	262.032	0.6758194	0.38843	0.281004	0.161262	0.169304	1.961669	1.517777
38436	-3926.612	-4188.716	262.1038	0.5103597	0.364064	0.367405	0.199816	0.0687154	1.82932	1.687267
38442	-3904.016	-4166.212	262.1962	0.5533759	0.388256	0.356502	0.217519	0.0377232	1.995636	1.465541
38448	-3893.036	-4155.23	262.1935	0.6259155	0.430678	0.301848	0.222554	0.0449206	1.975134	1.425262
38454	-3901.183	-4163.346	262.1636	0.7214521	0.358295	0.340224	0.250849	0.0506317	2.129586	1.244684
38460	-3881.647	-4142.899	261.2521	0.7167141	0.435895	0.239237	0.322432	0.00243565	1.768807	2.158604
38466	-3877.603	-4139.285	261.6819	0.8124765	0.437879	0.268121	0.281677	0.0123226	1.835708	1.756903
38472	-3881.429	-4143.348	261.919	0.6567682	0.47766	0.242544	0.273607	0.00618959	1.850394	1.695356
38478	-3881.79	-4143.769	261.9787	0.6818405	0.476038	0.241721	0.272678	0.00956265	1.8429	1.639078
38484	-3891.922	-4153.889	261.9676	0.6190765	0.500642	0.257661	0.226571	0.0151257	1.874288	1.672126
38490	-3898.79	-4160.445	261.6551	0.7954168	0.417737	0.312896	0.236843	0.0325243	1.734991	1.857402
38496	-3883.391	-4145.472	262.0813	0.6514625	0.417381	0.31263	0.239434	0.0305547	1.999268	1.47187
38502	-3880.246	-4142.214	261.9685	0.7526657	0.532992	0.238262	0.194952	0.0337936	2.049308	1.438126
38508	-3888.811	-4151.054	262.2433	0.6637709	0.442542	0.252627	0.235406	0.0694251	2.001145	1.33441
38514	-3884.059	-4146.35	262.2909	0.618758	0.34094	0.326028	0.279546	0.053486	2.001145	1.33441
38520	-3873.425	-4135.528	262.1026	0.618758	0.439505	0.187025	0.360362	0.0131073	2.081415	1.419209
38526	-3877.966	-4140.098	262.1313	0.618758	0.465696	0.193036	0.325588	0.0156804	2.000327	1.459392
38532	-3881.116	-4143.602	262.4863	0.567751	0.499551	0.207069	0.26901	0.0243703	1.999304	1.219199
38538	-3887.942	-4150.13	262.188	0.7252169	0.503372	0.208653	0.271068	0.0169074	2.001391	1.326356
38544	-3893.802	-4155.813	262.0111	0.5944975	0.511884	0.212181	0.254392	0.0215429	1.938669	1.613106
38550	-3908.768	-4170.86	262.0924	0.6158531	0.472116	0.173981	0.334033	0.0198693	1.938669	1.537107
38556	-3904.722	-4166.763	262.0406	0.6095451	0.412237	0.22329	0.336632	0.0278413	1.899677	1.60858
38562	-3898.007	-4159.791	261.7842	0.7766132	0.576527	0.157391	0.248041	0.018041	1.903913	1.66295
38568	-3897.131	-4159.055	261.9232	0.6557763	0.513178	0.182232	0.287191	0.0173988	1.892741	1.66295
38574	-3901.301	-4162.995	261.6943	0.6939692	0.548611	0.167742	0.264355	0.0192915	1.719523	1.914083
38580	-3895.5	-4156.703	261.2031	0.6791289	0.542651	0.185327	0.258378	0.013644	1.68465	2.27037
38586	-3880.988	-4141.937	260.9492	0.6845974	0.473526	0.193838	0.327451	0.00518457	1.661097	2.442789
38592	-3894.374	-4156.407	262.0336	0.5780445	0.522382	0.22086	0.251039	0.00571948	1.822276	1.692775
38598	-3893.997	-4156.26	262.2633	0.5030364	0.520655	0.22013	0.25055	0.00866495	1.846292	1.565156
38604	-3897.128	-4159.4	262.2716	0.6176504	0.458548	0.2697	0.263797	0.00795569	1.915073	1.418084
38610	-3889.674	-4152.069	262.3944	0.5925667	0.45777	0.245351	0.288188	0.00869127	2.077115	1.209109
38616	-3910.852	-4173.448	262.5961	0.4359086	0.51115	0.259651	0.218996	0.0102017	2.124278	1.128432
38622	-3904.46	-4167.072	262.6122	0.4485607	0.57389	0.249291	0.160344	0.0164744	2.124278	1.10325
38628	-3906.42	-4168.987	262.5669	0.4951792	0.550333	0.209835	0.192482	0.0473496	2.175374	1.055951
38634	-3918.549	-4180.811	262.2614	0.7674565	0.494733	0.246721	0.126671	0.131875	2.132021	1.115477
38640	-3917.381	-4179.834	262.4531	0.5707566	0.442799	0.217779	0.173649	0.165773	2.260844	1.008642
38646	-3915.834	-4178.425	262.5909	0.4603465	0.481191	0.2845	0.188705	0.0456044	2.287671	0.9539268
38652	-3901.469	-4164.083	262.6138	0.5348455	0.477761	0.282473	0.18736	0.0524068	2.287671	0.8448174
38658	-3902.117	-4164.666	262.5492	0.5051563	0.389474	0.354718	0.189997	0.0658104	2.287671	0.9516329
38664	-3925.298	-4187.608	262.3094	0.748148	0.494091	0.285832	0.188126	0.0319508	2.242605	0.9833624
38670	-3911.682	-4174.172	262.49	0.5800079	0.534892	0.260206	0.137664	0.0672392	2.179778	1.042398
38676	-3916.33	-4178.836	262.5054	0.5652233	0.526854	0.213766	0.19361	0.0657701	2.179778	1.042398
38682	-3905.899	-4168.268	262.3689	0.6161681	0.429775	0.259135	0.244411	0.066679	2.278672	1.027154
38688	-3904.153	-4166.577	262.4244	0.5871751	0.417066	0.267091	0.237184	0.0786592	2.242367	1.038083
38694	-3916.346	-4178.935	262.5892	0.5578716	0.440323	0.281985	0.25041	0.0272826	2.186428	0.9595644
38700	-3901.069	-4163.657	262.588	0.5220826	0.402262	0.277437	0.303464	0.0168371	2.233472	0.949939
38706	-3894.606	-4157.259	262.6531	0.4994357	0.414317	0.255783	0.312558	0.0173416	2.272487	0.8588698
38712	-3902.638	-4165.288	262.6505	0.5051625	0.405422	0.401932	0.115514	0.0771325	2.160725	0.9782927
38718	-3890.606	-4153.057	262.4508	0.6147085	0.508153	0.284057	0.146022	0.0617675	2.354222	0.8609368
38724	-3884.223	-4146.691	262.468	0.5711694	0.425093	0.268964	0.185677	0.120266	2.346477	0.9027292
38730	-3879.635	-4142.205	262.5704	0.5495375	0.361788	0.435753	0.121789	0.0806703	2.274248	0.8939385
38736	-3888.44	-4150.927	262.4873	0.5743541	0.36782	0.443018	0.123819	0.0653423	2.261245	0.9699217
38742	-3893.784	-4156.236	262.4527	0.6527603	0.321033	0.386666	0.23527	0.0570307	2.212909	0.9704217
38748	-3901.242	-4163.716	262.4744	0.5109487	0.359995	0.368298	0.245318	0.0263887	2.199647	1.104723
38754	-3892.492	-4155.082	262.5898	0.6055002	0.381348	0.390144	0.200554	0.0279539	2.184417	0.9075494
38760	-3906.684	-4169.199	262.5146	0.52068	0.388553	0.393893	0.133869	0.083685	2.321803	0.9355932
38766	-3900.171	-4162.646	262.4757	0.5195113	0.318616	0.432233	0.1469	0.102251	2.20364	1.091964
38772	-3900.114	-4162.175	262.0611	0.695946	0.537731	0.222892	0.16538	0.0739964	1.838488	1.571605
38778	-3899.821	-4161.736	261.9143	0.6188765	0.379017	0.446685	0.122279	0.0520189	1.898643	1.692827
38784	-3911.572	-4173.506	261.9337	0.7184472	0.528824	0.176112	0.16225	0.132814	1.870686	1.623521
38790	-3912.161	-4174.644	262.4825	0.5370855	0.441031	0.25926	0.28797	0.0117389	2.350967	0.9206431
38796	-3910.298	-4172.784	262.4861	0.5370855	0.405347	0.363574	0.190457	0.0406218	2.34529	0.9229485
38802	-3909.955	-4172.346	262.3919	0.6809244	0.516093	0.231505	0.245822	0.00657993	2.452387	0.7096544
38808	-3901.911	-4164.449	262.538	0.5947736	0.387045	0.378629	0.210668	0.0236579	2.405754	0.6948854
38814	-3905.221	-4167.801	262.5794	0.5289704	0.392415	0.375312	0.208822	0.0234506	2.413623	0.7267131
38820	-3889.856	-4152.458	262.6015	0.486527	0.419602	0.381566	0.181272	0.0175613	2.467777	0.6669225
38826	-3894.114	-4156.778	262.6637	0.486527	0.520331	0.296022	0.140632	0.0430158	2.43599	0.5928235
38832	-3901.056	-4163.618	262.5621	0.5460294	0.47349	0.269373	0.215121	0.0420159	2.455607	0.6495463
38838	-3909.798	-4172.46	262.6623	0.4642967	0.429411	0.366111	0.130146	0.074332	2.455607	0.603238
38844	-3903.971	-4166.356	262.3856	0.6705548	0.429411	0.366111	0.130146	0.074332	2.510786	0.6280418
38850	-3914.208	-4176.669	262.4614	0.5827096	0.394154	0.336052	0.15356	0.116234	2.527552	0.6280418
38856	-3904.297	-4166.78	262.4828	0.5827096	0.426669	0.363774	0.166228	0.0433294	2.506878	0.6263229
38862	-3904.484	-4167.063	262.5787	0.4963972	0.415901	0.39874	0.140849	0.0445098	2.506878	0.6060122
38868	-3912.286	-4174.746	262.4603	0.6106296	0.429555	0.41183	0.112643	0.045971	2.250367	0.9698426
38874	-3893.572	-4155.764	262.1917	0.6440768	0.404814	0.340482	0.196579	0.0581254	1.991883	1.398824
38880	-3902.402	-4164.916	262.5141	0.6009539	0.312975	0.451611	0.160257	0.0751565	2.185233	0.9916838
38886	-3923.054	-4185.334	262.2799	0.7522341	0.339368	0.463056	0.18124	0.016336	2.023579	1.208543
38892	-3910.617	-4173.002	262.3847	0.5567325	0.327549	0.371203	0.258936	0.0423116	2.050747	1.270647
38898	-3911.252	-4173.568	262.316	0.6234393	0.378505	0.42895	0.14776	0.0447849	2.05489	1.266346
38904	-3906.239	-4168.647	262.4075	0.6626689	0.489415	0.315039	0.190175	0.00537183	2.121798	1.092576
38910	-3889.039	-4151.548	262.5089	0.5713428	0.407918	0.377006	0.168235	0.0468414	2.096488	1.110918
38916	-3906.909	-4169.26	262.3504	0.6051868	0.476755	0.333174	0.148675	0.0413955	2.124619	1.194815
38922	-3890.203	-4152.421	262.2172	0.6482254	0.42949	0.261782	0.24149	0.0672378	2.136717	1.258732
38928	-3899.489	-4161.697	262.2088	0.7356967	0.401405	0.356765	0.176771	0.0650593	2.024672	1.281675
38934	-3889.611	-4151.61	261.9993	0.7187902	0.526239	0.166578	0.224542	0.0826412	1.984552	1.491074
38940	-3906.808	-4169.035	262.2273	0.5931601	0.334883	0.36253	0.27386	0.0287274	1.962815	1.435247
38946	-3892.242	-4154.496	262.2541	0.5407022	0.327604	0.427687	0.200925	0.0437845	1.875356	1.522208
38952	-3893.797	-4155.813	262.016	0.5230265	0.4117	0.291819	0.252502	0.0439779	2.052358	1.580633
38958	-3906.502	-4168.609	262.1066	0.6186827	0.472457	0.334884	0.188199	0.0044596	2.047092	1.442608
38964	-3922.953	-4185.139	262.1862	0.6350528	0.389114	0.424379	0.161454	0.0250533	2.055255	1.360912
38970	-3898.134	-4160.336	262.2022	0.6312159	0.491377	0.279915	0.217864	0.0108444	2.104052	1.312401
38976	-3886.919	-4149.132	262.2124	0.6312159	0.422627	0.3308	0.237246	0.00932712	2.093885	1.312401
38982	-3885.802	-4147.982	262.1799	0.6996726	0.446305	0.301064	0.227045	0.0255853	2.053852	1.312401
38988	-3896.598	-4158.837	262.2389	0.5621549	0.32194	0.435076	0.223022	0.0199616	2.139781	1.312401
38994	-3901.26	-4163.065	261.8053	0.6989607	0.508603	0.27924	0.172939	0.0392178	2.01599	1.626241
39000	-3899.855	-4161.54	261.6849	0.7065433	0.470221	0.372686	0.137973	0.0191195	1.854678	1.819102
39006	-3900.855	-4162.261	261.4059	0.645045	0.436139	0.345673	0.196962	0.0212258	1.698448	2.153722
39012	-3903.969	-4165.292	261.3232	0.4572506	0.507929	0.274296	0.118248	0.0995269	1.62548	2.37681
39018	-3892.931	-4153.526	260.5942	0.7535429	0.581043	0.149054	0.21582	0.0540835	1.579581	2.66883
39024	-3903.431	-4163.664	260.2331	0.7318015	0.415022	0.208315	0.249587	0.127075	1.472465	2.967413
39030	-3891.992	-4152.63	260.6379	0.9010223	0.432422	0.217049	0.260051	0.0904786	1.713807	2.462868
39036	-3891.941	-4153.044	261.1023	0.7401182	0.505959	0.25396	0.208773	0.0313074	1.564904	2.36975
39042	-3881.377	-4143.04	261.663	0.7239733	0.425134	0.277355	0.26332	0.0341914	1.714407	1.917269
39048	-3891.982	-4153.248	261.2654	0.5320101	0.447419	0.291894	0.193737	0.0669505	1.671967	2.337089
39054	-3880.698	-4141.572	260.8736	0.6568369	0.437513	0.307572	0.189447	0.0654681	1.723665	2.469405
39060	-3891.724	-4153.18	261.4562	0.7655437	0.448264	0.290557	0.194102	0.0670768	1.794341	1.973061
39066	-3899.931	-4160.743	260.812	0.8496053	0.494796	0.291402	0.198031	0.0157707	1.631344	2.438636
39072	-3896.95	-4158.237	261.2863	0.5745284	0.516626	0.266732	0.208352	0.00828966	1.623197	2.326904
39078	-3904.475	-4166.226	261.7514	0.694795	0.522503	0.269767	0.200135	0.00759546	1.727468	1.869279
39084	-3893.225	-4155.296	262.0717	0.6674833	0.522503	0.269767	0.200135	0.00759546	1.810487	1.606269
39090	-3891.676	-4153.213	261.5374	0.7382465	0.503804	0.260112	0.192972	0.0431122	1.802741	1.932193
39096	-3900.28	-4161.568	261.2875	0.6979804	0.53363	0.259205	0.164203	0.0429619	1.794447	2.131765
39102	-3893.718	-4155.078	261.3604	0.7969311	0.509157	0.247318	0.156672	0.0868526	1.747339	2.046186
39108	-3903.016	-4164.308	261.2922	0.777947	0.540992	0.155607	0.228284	0.0751166	1.880999	2.015961
39114	-3889.05	-4150.375	261.3254	0.7476017	0.555462	0.171935	0.245327	0.0272763	1.79583	2.071547
39120	-3890.431	-4151.059	260.6277	0.6100026	0.51638	0.205063	0.250686	0.0278721	1.613775	2.720441
39126	-3882.989	-4143.631	260.642	0.6650157	0.367618	0.426421	0.192268	0.0136922	1.614483	2.675571
39132	-3873.143	-4133.706	260.5631	0.6246826	0.500765	0.237337	0.243247	0.0186513	1.539756	2.795656
39138	-3892.275	-4152.796	260.521	0.5831777	0.414889	0.286417	0.274406	0.0242878	1.555461	2.838201
39144	-3889.608	-4150.621	261.0129	0.607928	0.465262	0.265305	0.238376	0.0310571	1.580374	2.504243
39150	-3900.868	-4161.559	260.6908	0.6816148	0.494312	0.198494	0.25326	0.0539341	1.649251	2.613222
39156	-3889.327	-4150.804	261.477	0.6816148	0.571125	0.251509	0.118199	0.0591668	1.691556	2.086347
39162	-3890.917	-4152.492	261.5749	0.6625802	0.55996	0.246592	0.107574	0.085874	1.902134	1.893818
39168	-3881.84	-4143.89	262.0506	0.7247644	0.515893	0.227186	0.189765	0.0671565	1.874824	1.530044
39174	-3886.387	-4148.24	261.8531	0.6370706	0.476991	0.244179	0.227731	0.0510991	1.938842	1.694164
39180	-3889.086	-4151.106	262.0205	0.6065063	0.476991	0.244179	0.227731	0.0510991	1.937228	1.598188
39186	-3898.293	-4160.526	262.2329	0.5796717	0.441516	0.25418	0.223418	0.080885	1.922636	1.472339
39192	-3895.17	-4157.47	262.2996	0.608787	0.545996	0.206629	0.181622	0.0657532	2.003746	1.333721
39198	-3900.337	-4162.684	262.3469	0.6156657	0.542109	0.161217	0.180328	0.116345	2.026851	1.270702
39204	-3902.792	-4165.296	262.504	0.5502913	0.464719	0.278313	0.157324	0.0996443	1.957836	1.254311
39210	-3905.473	-4167.852	262.3795	0.6550296	0.539175	0.216901	0.18253	0.0613941	1.995561	1.235014
39216	-3916.233	-4178.724	262.4915	0.528667	0.526944	0.211981	0.201074	0.0600014	1.953064	1.286802
39222	-3900.812	-4161.87	261.058	0.6716916	0.470407	0.275944	0.191109	0.0625399	1.649963	2.389799
39228	-3905.14	-4166.476	261.3355	0.6356588	0.429391	0.292754	0.221589	0.0562665	1.733936	2.182836
39234	-3912.832	-4173.947	261.1142	0.6690056	0.384054	0.303416	0.290457	0.0220723	1.80907	2.254414
39240	-3915.575	-4177.043	261.4689	0.6584998	0.475443	0.174496	0.331304	0.0187562	1.868773	1.990523
39246	-3899.135	-4160.188	261.0532	0.6710546	0.393903	0.316073	0.274484	0.0155395	1.729396	2.342921
39252	-3902.441	-4164.064	261.6237	0.6315119	0.39597	0.36774	0.228758	0.00753139	1.743677	1.989751
39258	-3907.275	-4168.984	261.7085	0.4598856	0.349557	0.50122	0.142614	0.00660874	1.760041	2.038943
39264	-3893.119	-4154.283	261.1632	0.7228154	0.542579	0.218369	0.185404	0.0536482	1.671937	2.274425
39270	-3881.901	-4142.771	260.8701	0.8816152	0.48482	0.248168	0.219075	0.0479371	1.700865	2.336949
39276	-3893.175	-4154.247	261.0715	0.720845	0.43507	0.309521	0.208883	0.0465257	1.61789	2.368599
39282	-3884.664	-4146.096	261.4324	0.720845	0.438376	0.264157	0.21047	0.0869975	1.692863	2.08749
39288	-3897.855	-4159.612	261.7567	0.7492962	0.462632	0.278773	0.222116	0.0364786	1.81484	1.765594
39294	-3894.209	-4155.94	261.7318	0.7492962	0.544506	0.174489	0.261425	0.0195799	1.81484	1.782923
39300	-3906.593	-4167.994	261.4003	0.7860128	0.515261	0.184788	0.281423	0.0185283	1.647068	2.093523
39306	-3894.279	-4155.671	261.3916	0.6974411	0.511138	0.182471	0.277896	0.0284955	1.795382	2.063177
39312	-3903.859	-4165.044	261.1858	0.65546	0.368505	0.387143	0.226597	0.017754	1.771857	2.241563
39318	-3905.417	-4166.474	261.057	0.7497677	0.446623	0.201578	0.312172	0.0396266	1.769091	2.261959
39324	-3897.943	-4159.823	261.879	0.6288877	0.525012	0.164862	0.263545	0.0465816	1.881023	1.722772
39330	-3895.957	-4158.068	262.1115	0.7063411	0.425614	0.365241	0.153965	0.0551797	1.926503	1.460057
39336	-3900.754	-4162.932	262.1774	0.6455107	0.42736	0.36674	0.154596	0.0513035	1.968301	1.426964
39342	-3905.588	-4167.768	262.1794	0.4842993	0.303798	0.423483	0.213477	0.0592414	1.936253	1.574266
39348	-3911.269	-4173.527	262.2573	0.6401574	0.378781	0.375819	0.206691	0.0387091	2.084399	1.275838
39354	-3912.724	-4175.066	262.3419	0.6401574	0.435174	0.240608	0.160084	0.164133	2.032927	1.248429
39360	-3905.961	-4168.479	262.5186	0.637555	0.472997	0.261521	0.173998	0.0914839	2.122946	1.010888
39366	-3894.575	-4156.912	262.337	0.6763519	0.406544	0.3208	0.160436	0.112221	2.06721	1.191067
39372	-3908.116	-4168.248	260.132	0.660459	0.551954	0.268301	0.100955	0.0787905	1.421031	3.103977
39378	-3915.667	-4175.334	259.6668	0.7414237	0.420242	0.290973	0.232692	0.0560922	1.41876	3.329981
39384	-3889.456	-4151.784	262.3288	0.623559	0.414262	0.337712	0.215175	0.0328505	2.212856	1.11905
39390	-3888.576	-4151.13	262.5546	0.6212421	0.454816	0.330196	0.0980342	0.116954	2.154876	0.9594243
39396	-3897.848	-4160.346	262.4983	0.5555858	0.464	0.337685	0.100014	0.0983017	2.199286	1.040073
39402	-3912.155	-4174.73	262.5752	0.5315527	0.339549	0.358319	0.234022	0.0681098	2.199286	0.988545
39408	-3897.64	-4160.017	262.3768	0.7644467	0.410123	0.447823	0.083343	0.0587111	2.167145	0.9739478
39414	-3912.62	-4175.031	262.4114	0.7232812	0.446749	0.317502	0.171795	0.0639543	2.195322	0.9539102
39420	-3901.639	-4164.187	262.5476	0.6067244	0.446749	0.317502	0.171795	0.0639543	2.195322	0.9403011
39426	-3906.827	-4169.181	262.3536	0.7277379	0.435089	0.354334	0.139204	0.0713734	2.075681	1.120966
39432	-3900.726	-4163.02	262.2934	0.6885072	0.441044	0.295716	0.190889	0.0723504	2.089455	1.19831
39438	-3894.375	-4156.655	262.2809	0.6546573	0.454726	0.290972	0.196811	0.0574912	2.172315	1.168454
39444	-3895.814	-4158.33	262.5167	0.6216328	0.454726	0.290972	0.196811	0.0574912	2.184752	0.9673712
39450	-3887.795	-4150.189	262.3935	0.6659544	0.464484	0.291982	0.23057	0.0129641	2.229007	0.9999325
39456	-3891.649	-4154.062	262.4123	0.6466874	0.396616	0.338798	0.234119	0.0304669	2.285982	0.9429058
39462	-3883.427	-4145.975	262.5476	0.5702585	0.462941	0.35666	0.160341	0.0200573	2.247833	0.9247795
39468	-3895.401	-4157.906	262.5055	0.6471847	0.41444	0.354567	0.1594	0.0715926	2.236716	0.8940343
39474	-3895.922	-4156.616	260.6938	0.6538649	0.495953	0.222491	0.22721	0.0543467	1.639547	2.635509
39480	-3893.285	-4154.485	261.2	0.6290698	0.482193	0.216318	0.220906	0.0805828	1.649835	2.328391
39486	-3886.126	-4147.167	261.0409	0.7614919	0.353659	0.333071	0.257448	0.0558219	1.595208	2.375157
39492	-3890.408	-4152.113	261.7045	1.016118	0.463707	0.227902	0.264107	0.0442839	1.777891	1.63429
39498	-3881.054	-4142.865	261.8112	0.6625869	0.420881	0.256362	0.283834	0.0389227	1.812644	1.793065
39504	-3909.73	-4171.562	261.8321	0.6847024	0.398175	0.242531	0.322471	0.0368229	1.767709	1.793464
39510	-3902.113	-4163.816	261.7027	0.7372454	0.343361	0.337549	0.295098	0.0239915	1.822208	1.806829
39516	-3909.681	-4171.415	261.7342	0.7727472	0.496153	0.26411	0.220965	0.0187717	1.865175	1.72879
39522	-3893.201	-4155.115	261.9139	0.7548968	0.543714	0.193568	0.242147	0.0205712	1.853506	1.62243
39528	-3897.154	-4158.813	261.6594	0.7915802	0.526997	0.187617	0.265447	0.0199387	1.848448	1.778983
39534	-3894.659	-4156.714	262.0547	0.7135471	0.406917	0.31883	0.224225	0.0500276	2.029889	1.418538
39540	-3896.903	-4159.415	262.5118	0.5951936	0.422437	0.28536	0.256145	0.0360584	2.073885	1.106174
39546	-3895.94	-4158.289	262.3495	0.5970581	0.422437	0.28536	0.256145	0.0360584	2.073885	1.245804
39552	-3902.333	-4164.742	262.409	0.6265737	0.389515	0.305013	0.267776	0.0376958	2.149685	1.100714
39558	-3906.055	-4168.551	262.4961	0.5770136	0.414737	0.324763	0.220363	0.0401367	2.178375	1.040891
39564	-3904.703	-4167.095	262.3921	0.5698296	0.485212	0.310328	0.175629	0.0288312	2.08106	1.227865
39570	-3909.49	-4171.923	262.4334	0.5160439	0.443139	0.335691	0.189983	0.0311876	2.094954	1.227865
39576	-3898.92	-4161.32	262.4006	0.5610054	0.386696	0.357852	0.214797	0.0406549	2.106421	1.20694
39582	-3903.771	-4166.336	262.5648	0.4006195	0.456276	0.315718	0.191719	0.036287	2.116881	1.189767
39588	-3898.497	-4160.868	262.3707	0.4641657	0.329378	0.457399	0.181395	0.0318285	2.084591	1.329824
39594	-3905.186	-4167.594	262.4073	0.4255257	0.348882	0.455367	0.180589	0.0151623	2.121934	1.299072
39600	-3904.982	-4167.507	262.5253	0.5093257	0.384971	0.35309	0.210219	0.0517197	2.168334	1.088306
39606	-3900.9	-4163.583	262.6826	0.3978184	0.407969	0.363757	0.222777	0.00549808	2.115211	1.088306
39612	-3909.14	-4171.585	262.4454	0.4908885	0.409173	0.334305	0.250343	0.00617843	2.073072	1.257183
39618	-3901.796	-4164.156	262.3597	0.4887307	0.397868	0.325069	0.271055	0.00600773	2.010427	1.37841
39624	-3917.565	-4178.975	261.4097	0.8211325	0.470038	0.306892	0.118593	0.104477	1.738666	2.002383
39630	-3907.275	-4168.724	261.449	0.8900333	0.555922	0.150079	0.211778	0.082221	1.915042	1.80771
39636	-3918.319	-4179.848	261.5296	0.844135	0.54864	0.155945	0.210243	0.0851728	1.820734	1.849774
39642	-3912.13	-4174.086	261.9555	0.6525961	0.510087	0.192399	0.195469	0.102045	1.820734	1.693653
39648	-3910.783	-4172.43	261.6473	0.7266023	0.486299	0.212582	0.17948	0.12164	1.836283	1.843014
39654	-3910.976	-4172.796	261.8204	0.5994178	0.344693	0.354416	0.261287	0.0396034	1.910337	1.765078
39660	-3900.976	-4161.564	260.5881	0.9981508	0.505584	0.156234	0.311557	0.0266251	1.676054	2.456017
39666	-3903.541	-4164.101	260.5593	0.7987158	0.460275	0.276078	0.248003	0.0156434	1.632802	2.628243
39672	-3906.21	-4166.203	259.9932	0.6897439	0.491922	0.29506	0.193052	0.0199653	1.474864	3.136078
39678	-3892.714	-4151.788	259.0734	0.7807062	0.446621	0.267888	0.227611	0.05788	1.570802	3.563893
39684	-3903.357	-4163.146	259.789	0.8208894	0.589353	0.129349	0.223147	0.0581504	1.579659	3.112965
39690	-3902.605	-4161.975	259.3696	0.8620686	0.560367	0.122988	0.212172	0.104474	1.551128	3.352624
39696	-3898.078	-4157.693	259.615	0.9298751	0.569638	0.108477	0.215682	0.106203	1.567701	3.156741
39702	-3897.679	-4156.64	258.9607	0.8425332	0.537654	0.158611	0.203495	0.100239	1.439116	3.668198
39708	-3894.299	-4153.385	259.086	0.7205749	0.491245	0.231238	0.18593	0.091587	1.446866	3.665314
39714	-3897.831	-4156.582	258.7513	0.8640535	0.480436	0.135212	0.29478	0.0895718	1.461166	3.763519
39720	-3906.764	-4165.814	259.0498	0.798211	0.51893	0.0850344	0.339704	0.0563315	1.263558	3.744939
39726	-3901.71	-4160.192	258.482	0.7416114	0.485672	0.114935	0.346672	0.0527213	1.34313	4.059124
39732	-3894.686	-4154.867	260.1806	0.6358455	0.526099	0.127951	0.275464	0.0704858	1.527002	3.027199
39738	-3897.764	-4157.809	260.0454	0.7192989	0.567176	0.0679741	0.296972	0.0678773	1.600303	3.011289
39744	-3893.513	-4154.518	261.0047	0.7548318	0.452913	0.256544	0.237144	0.0533987	1.67254	2.353556
39750	-3892.43	-4152.703	260.2724	0.7581155	0.372179	0.372983	0.167692	0.0871452	1.630811	2.831208
39756	-3897.191	-4157.342	260.1517	0.77477	0.618058	0.122336	0.216618	0.0429884	1.710927	2.845206
39762	-3896.907	-4158.01	261.1027	0.7341671	0.534047	0.132903	0.2779	0.05515	1.693555	2.291593
39768	-3910.059	-4171.232	261.1731	0.7437289	0.576184	0.0967578	0.299826	0.0272323	1.708296	2.230498
39774	-3909.28	-4170.329	261.0484	0.7437289	0.580105	0.0720636	0.213028	0.134803	1.624952	2.36344
39780	-3902.046	-4163.247	261.2014	0.8326737	0.514917	0.199419	0.176586	0.109078	1.813067	2.083044
39786	-3900.368	-4161.508	261.1397	0.8411177	0.448916	0.306135	0.186319	0.0586299	1.866046	2.083044
39792	-3891.9	-4153.15	261.2505	0.6016549	0.48364	0.329815	0.168487	0.018058	1.904515	2.150552
39798	-3899.15	-4160.988	261.8378	0.6273927	0.545248	0.239881	0.189949	0.024921	2.053313	1.630523
39804	-3901.845	-4162.69	260.8452	0.8121014	0.567791	0.180659	0.128047	0.123504	1.636851	2.438861
39810	-3911.011	-4172.175	261.1647	0.717966	0.481165	0.225072	0.149534	0.144229	1.635134	2.300308
39816	-3896.95	-4158.266	261.3162	0.7826326	0.481165	0.225072	0.149534	0.144229	1.769542	2.070635
39822	-3892.846	-4154.38	261.5341	0.7682232	0.519809	0.243149	0.161544	0.0754984	1.688362	1.989956
39828	-3923.911	-4184.815	260.9042	0.8179252	0.529841	0.247841	0.145363	0.0769554	1.613557	2.412533
39834	-3898.588	-4160.299	261.7111	0.9322845	0.451855	0.17818	0.278146	0.0918196	2.099691	1.453765
39840	-3882.54	-4144.7	262.1604	0.6121632	0.409196	0.340068	0.204818	0.0459181	2.119581	1.349529
39846	-3881.388	-4143.535	262.1471	0.7227174	0.412324	0.342668	0.206714	0.038294	2.01589	1.349529
39852	-3893.002	-4155.114	262.1121	0.681522	0.54728	0.168266	0.24394	0.0405129	1.982289	1.437106
39858	-3892.371	-4154.295	261.9238	0.7582085	0.504036	0.136391	0.240053	0.11952	2.038778	1.475683
39864	-3887.53	-4149.373	261.8433	0.7713635	0.521072	0.205669	0.233318	0.0399413	2.044553	1.521399
39870	-3882.851	-4145.171	262.3197	0.6393732	0.370082	0.316644	0.274044	0.0392304	1.99895	1.295388
39876	-3889.347	-4151.706	262.3595	0.5578146	0.450074	0.27796	0.240564	0.0314021	2.044614	1.295388
39882	-3898.633	-4160.74	262.1071	0.6996344	0.419675	0.256643	0.238466	0.0852159	2.064787	1.361882
39888	-3897.441	-4159.542	262.1008	0.5915315	0.390602	0.26815	0.25073	0.0905175	1.929354	1.556707
39894	-3891.582	-4153.817	262.2349	0.6007042	0.389796	0.267596	0.250212	0.0923959	2.020451	1.378503
39900	-3923.971	-4185.172	261.2011	0.9189671	0.48175	0.197565	0.220566	0.100118	1.882318	1.978267
39906	-3911.286	-4172.942	261.6561	0.9227324	0.477244	0.233784	0.218503	0.0704693	1.879327	1.663786
39912	-3898.1	-4160.045	261.9448	0.6984851	0.489354	0.241024	0.191607	0.0780148	1.898872	1.610376
39918	-3901.247	-4162.88	261.6334	0.9329678	0.514503	0.25341	0.202815	0.0292723	1.96579	1.610376
39924	-3905.562	-4167.669	262.1069	0.7751695	0.556775	0.201739	0.213112	0.0283736	2.051655	1.308731
39930	-3906.393	-4168.645	262.2515	0.7571875	0.502658	0.246904	0.220675	0.0297627	2.064372	1.193438
39936	-3911.58	-4173.529	261.9492	0.7501728	0.556126	0.273167	0.156936	0.0137707	2.050428	1.453982
39942	-3899.659	-4161.509	261.8499	0.703332	0.425762	0.362246	0.191388	0.0206041	1.92981	1.652816
39948	-3902.544	-4164.235	261.6901	0.7739489	0.494872	0.258725	0.222454	0.0239486	1.975603	1.680979
39954	-3896.202	-4157.665	261.4626	0.7739489	0.563336	0.236549	0.187075	0.0130406	1.938558	1.865281
39960	-3907.582	-4169.525	261.9429	0.8148017	0.602066	0.154116	0.199936	0.043882	2.022384	1.428316
39966	-3912.749	-4174.675	261.9256	0.7735984	0.374516	0.253922	0.329415	0.0421468	2.018241	1.477646
39972	-3912.663	-4174.738	262.0755	0.7593345	0.381555	0.322926	0.241919	0.0536002	2.018241	1.373713
39978	-3899.117	-4160.953	261.8369	0.8302228	0.420862	0.222869	0.267023	0.0892459	2.152627	1.397132
39984	-3894.627	-4156.857	262.2299	0.7424664	0.397332	0.231341	0.344339	0.0269885	2.152627	1.14885
39990	-3891.389	-4153.386	261.9962	0.7424664	0.338785	0.350939	0.293601	0.0166757	2.177419	1.324368
39996	-3886.364	-4148.415	262.0515	0.7424664	0.421521	0.266656	0.275537	0.036285	2.110256	1.333927
40002	-3886.274	-4148.265	261.9917	0.7565419	0.522335	0.203075	0.229627	0.0449632	2.089083	1.386182
40008	-3889.422	-4151.542	262.1203	0.6914276	0.546332	0.200616	0.189255	0.063797	2.050038	1.369946
40014	-3893.478	-4155.395	261.9167	0.7639165	0.352562	0.437381	0.108266	0.101791	1.950464	1.542524
40020	-3889.514	-4151.445	261.9314	0.6074182	0.389566	0.395503	0.174331	0.0406002	1.923194	1.67182
40026	-3888.829	-4150.815	261.9858	0.6635389	0.492872	0.277079	0.201053	0.0289959	2.069328	1.481459
40032	-3896.677	-4158.944	262.2675	0.5911358	0.399084	0.300985	0.176777	0.123154	2.205511	1.209159
40038	-3904.641	-4167.063	262.4223	0.5911358	0.329555	0.376973	0.204823	0.0886485	2.157369	1.115505
40044	-3887.579	-4149.911	262.3321	0.5487172	0.312562	0.41571	0.189647	0.0820803	2.124837	1.25975
40050	-3898.762	-4161.039	262.277	0.5817706	0.505335	0.268379	0.157932	0.0683537	2.119993	1.280833
40056	-3892.449	-4154.262	261.8126	0.6574259	0.480645	0.24647	0.2304	0.0424838	2.015568	1.652948
40062	-3894.115	-4156.01	261.895	0.7831199	0.463673	0.285062	0.222576	0.0286895	2.127221	1.409957
40068	-3899.336	-4161.358	262.0217	0.635697	0.434956	0.323683	0.219681	0.0216802	2.127221	1.432513
40074	-3904.048	-4166.07	262.0219	0.7107541	0.396898	0.332553	0.203475	0.0670747	1.975902	1.487
40080	-3896.376	-4158.496	262.1206	0.5945805	0.459875	0.339318	0.179026	0.0217812	1.973234	1.507063
40086	-3901.363	-4163.439	262.0769	0.7368804	0.466633	0.237093	0.294774	0.00149971	2.186182	1.256211
40092	-3894.156	-4156.527	262.3706	0.6080707	0.498207	0.253135	0.247767	0.000890698	2.210534	1.097934
40098	-3908.587	-4170.938	262.3507	0.636802	0.553132	0.181604	0.256316	0.00894847	2.238456	1.062273
40104	-3894.146	-4156.471	262.3247	0.6614284	0.491256	0.167472	0.330436	0.0108353	2.238456	1.062273
40110	-3892.003	-4154.112	262.1086	0.7642816	0.476674	0.162501	0.320628	0.0401977	2.305463	1.099734
40116	-3896.606	-4158.461	261.8549	0.7134203	0.44077	0.22508	0.296478	0.0376716	2.078067	1.533305
40122	-3903.698	-4165.856	262.158	0.6835652	0.476152	0.208333	0.285988	0.0295268	2.078067	1.324285
40128	-3906.81	-4168.583	261.7735	0.7098381	0.46638	0.204057	0.300643	0.0289207	2.035989	1.626462
40134	-3921.162	-4183.439	262.2769	0.6404873	0.489998	0.234373	0.198672	0.0769564	2.037135	1.29818
40140	-3911.072	-4171.873	260.8004	0.7535571	0.563734	0.211787	0.211947	0.0125317	1.639467	2.503868
40146	-3916.486	-4177.085	260.5986	0.7553677	0.566833	0.180721	0.243917	0.00852938	1.549828	2.683238
40152	-3921.74	-4183.549	261.8086	0.8372863	0.430863	0.289726	0.241069	0.0383425	1.973964	1.548266
40158	-3908.359	-4170.326	261.9667	0.6251566	0.509237	0.213735	0.220176	0.0568521	1.997227	1.579326
40164	-3915.9	-4177.564	261.6638	0.6054487	0.461419	0.275325	0.175588	0.0876684	1.900815	1.875272
40170	-3904.86	-4166.616	261.7561	0.5293354	0.390943	0.407957	0.169909	0.0311909	1.825765	1.917184
40176	-3915.59	-4177.19	261.6007	0.8099944	0.450513	0.317744	0.195799	0.0359437	1.911813	1.762269
40182	-3896.946	-4158.58	261.6337	0.6771827	0.442508	0.312098	0.19232	0.053074	1.980752	1.788842
40188	-3893.685	-4154.792	261.1077	0.9943394	0.521176	0.205495	0.201001	0.0723285	1.826931	2.02663
40194	-3885.25	-4146.63	261.3806	0.8824349	0.466597	0.363914	0.144034	0.0254554	1.876095	1.886642
40200	-3883.991	-4145.693	261.7015	0.7128299	0.480729	0.284073	0.167898	0.0673	1.900567	1.771194
40206	-3892.013	-4153.199	261.1856	0.9505046	0.415623	0.289216	0.21493	0.0802313	1.949759	1.921755
40212	-3889.669	-4151.232	261.5637	0.7591488	0.460149	0.276675	0.203699	0.0594766	1.952965	1.79652
40218	-3887.777	-4149.133	261.3555	0.7428892	0.511844	0.307758	0.159251	0.0211479	1.844302	2.022832
40224	-3894.7	-4156.123	261.4238	0.7428892	0.417702	0.251153	0.314228	0.0169169	1.871741	1.958938
40230	-3901.86	-4163.444	261.5846	0.7428892	0.439414	0.264208	0.224869	0.0715102	1.871741	1.849933
40236	-3908.379	-4170.007	261.6281	0.7508569	0.364148	0.427008	0.186352	0.0224919	1.868998	1.816077
40242	-3905.042	-4166.58	261.538	0.651825	0.432439	0.224497	0.284792	0.0582721	1.774993	2.011735
40248	-3911.129	-4172.511	261.3824	0.6385434	0.32112	0.404162	0.21148	0.0632377	1.680973	2.184809
40254	-3908.844	-4170.228	261.3836	0.6527354	0.32112	0.404162	0.21148	0.0632377	1.680973	2.174315
40260	-3915.303	-4176.346	261.0435	0.7990057	0.457443	0.306932	0.170939	0.0646862	1.766382	2.239082
40266	-3896.793	-4158.214	261.4212	0.7990057	0.57487	0.108083	0.286317	0.0307307	1.842785	1.940413
40272	-3901.017	-4162.906	261.8891	0.7525434	0.500747	0.17687	0.277491	0.0448931	1.891295	1.614802
40278	-3896.828	-4158.546	261.7177	0.7984215	0.481183	0.222011	0.242589	0.0542168	1.937189	1.670374
40284	-3885.791	-4147.327	261.5364	0.8793615	0.473501	0.235669	0.237478	0.0533512	1.843331	1.804483
40290	-3900.42	-4159.401	258.9811	0.8947371	0.432027	0.24616	0.215613	0.1062	1.46236	3.611616
40296	-3893.882	-4154.224	260.3418	0.690294	0.37273	0.385897	0.186019	0.0553534	1.672789	2.807128
40302	-3893.629	-4154.769	261.1399	0.5756656	0.410742	0.354879	0.173381	0.0609984	1.670717	2.38885
40308	-3895.391	-4156.246	260.8543	0.5756656	0.41839	0.373392	0.142788	0.0654293	1.673766	2.565888
40314	-3901.405	-4162.791	261.3861	0.6943533	0.409883	0.365799	0.183085	0.0412327	1.719243	2.119006
40320	-3889.379	-4150.515	261.1362	0.5871591	0.380567	0.34777	0.259478	0.0121845	1.688448	2.372385
40326	-3881.593	-4143.341	261.7489	0.4914715	0.497808	0.269368	0.209371	0.0234527	1.943859	1.867664
40332	-3903.702	-4165.834	262.1322	0.3825782	0.439086	0.38985	0.139832	0.0312323	1.898801	1.701287
40338	-3892.151	-4154.44	262.2889	0.4665605	0.399656	0.316776	0.253537	0.0300313	2.026072	1.437931
40344	-3885.433	-4147.479	262.0464	0.6001642	0.345529	0.387539	0.253129	0.013803	1.972864	1.558033
40350	-3898.574	-4160.742	262.1678	0.7167433	0.359455	0.401045	0.2151	0.0243999	2.039992	1.318756
40356	-3876.61	-4138.741	262.1312	0.6676625	0.441734	0.312599	0.200593	0.045074	2.053896	1.378191
40362	-3890.459	-4152.843	262.384	0.583941	0.437136	0.336253	0.198505	0.0281063	2.053896	1.245157
40368	-3895.215	-4157.23	262.0153	0.6178708	0.421446	0.324183	0.227274	0.0270974	1.980139	1.561903
40374	-3877.884	-4139.972	262.0874	0.7087321	0.456717	0.231863	0.249531	0.0618891	2.000536	1.419886
40380	-3882.852	-4144.785	261.9328	0.693146	0.4503	0.228605	0.246025	0.0750696	1.938463	1.594431
40386	-3909.931	-4171.777	261.8467	0.7255595	0.528349	0.184257	0.23571	0.0516845	1.865602	1.684155
40392	-3913.77	-4175.312	261.542	0.7255595	0.493126	0.238432	0.244425	0.024017	1.820936	1.925884
40398	-3900.369	-4161.96	261.5909	0.7255595	0.418029	0.286582	0.210532	0.084857	1.75926	1.934524
40404	-3901.708	-4163.02	261.3117	0.7194219	0.439921	0.295799	0.176694	0.0875863	1.711781	2.155079
40410	-3897.473	-4158.59	261.1172	0.7194219	0.411415	0.279615	0.239049	0.0699206	1.67328	2.305276
40416	-3891.648	-4152.505	260.8577	0.7018562	0.443485	0.301411	0.196282	0.058822	1.654715	2.492658
40422	-3899.349	-4160.674	261.3244	0.6097744	0.437094	0.259772	0.249345	0.0537894	1.770147	2.184276
40428	-3890.441	-4151.471	261.0298	0.5621089	0.525337	0.237312	0.217607	0.019744	1.58095	2.52321
40434	-3890.853	-4152.102	261.2482	0.5816408	0.56959	0.23447	0.158405	0.037534	1.569463	2.380457
40440	-3892.495	-4154.02	261.5254	0.6665782	0.542519	0.268067	0.150877	0.0385375	1.734353	2.036699
40446	-3884.923	-4146.285	261.3617	0.6749983	0.443351	0.32565	0.182824	0.0481742	1.702335	2.159351
40452	-3891.028	-4152.133	261.1046	0.6876487	0.462792	0.209698	0.223678	0.103833	1.750112	2.285707
40458	-3898.493	-4159.579	261.0859	0.745022	0.464661	0.206505	0.224581	0.104252	1.779459	2.23994
40464	-3890.348	-4151.612	261.2648	0.720911	0.505977	0.251657	0.123083	0.119283	1.768503	2.147631
40470	-3897.144	-4158.782	261.6375	0.6681607	0.474842	0.261112	0.171758	0.0922872	1.959164	1.807779
40476	-3907.997	-4169.564	261.5675	0.6681607	0.454251	0.285511	0.239669	0.0205683	1.848607	1.931071
40482	-3903.832	-4165.695	261.8634	0.6681607	0.441011	0.264647	0.232683	0.0616587	1.808912	1.75519
40488	-3900.088	-4161.774	261.6869	0.6681607	0.498289	0.218905	0.223564	0.0592423	1.889029	1.822111
40494	-3896.086	-4157.558	261.4718	0.6808328	0.453603	0.293031	0.203516	0.0498504	1.704902	2.081534
40500	-3896.796	-4158.449	261.6529	0.6717524	0.432643	0.335282	0.186413	0.0456612	1.818945	1.890684
40506	-3916.095	-4177.608	261.514	0.791671	0.498674	0.236828	0.214864	0.0496342	1.913588	1.834404
40512	-3890.593	-4152.189	261.5965	0.791671	0.491698	0.285096	0.104429	0.118776	1.900659	1.78634
40518	-3883.579	-4145.21	261.6304	0.6430694	0.551626	0.217519	0.150683	0.0801715	1.743437	1.977272
40524	-3880.507	-4141.776	261.2693	0.8679449	0.545768	0.193027	0.165098	0.0961075	1.86807	1.977272
40530	-3885.016	-4146.947	261.9304	0.8679449	0.543092	0.196983	0.164288	0.0956363	1.978176	1.429408
40536	-3884.098	-4146.366	262.2674	0.6706788	0.446104	0.309093	0.15999	0.084812	2.167205	1.169857
40542	-3881.601	-4143.59	261.9888	0.7908619	0.458759	0.245422	0.219485	0.0763349	2.146255	1.314384
40548	-3878.56	-4140.542	261.9826	0.6305604	0.38618	0.373062	0.184761	0.0559974	2.036642	1.534379
40554	-3887.597	-4149.811	262.2145	0.5861389	0.381491	0.312031	0.223375	0.083102	1.952933	1.458229
40560	-3889.177	-4151.49	262.313	0.6397835	0.414113	0.338714	0.159702	0.0874715	2.032888	1.272731
40566	-3890.129	-4152.269	262.1397	0.5452502	0.367948	0.318716	0.235616	0.0777201	2.085203	1.446714
40572	-3893.591	-4155.228	261.6373	0.7264156	0.400507	0.435813	0.099107	0.0645731	1.938212	1.779654
40578	-3897.942	-4160.243	262.3009	0.6384188	0.460481	0.399087	0.0914277	0.0490047	2.043725	1.274971
40584	-3889.217	-4151.345	262.1285	0.6384188	0.41257	0.287531	0.192936	0.106963	2.119751	1.352709
40590	-3894.591	-4156.631	262.0397	0.6546908	0.382462	0.316332	0.269713	0.0314929	1.943476	1.542203
40596	-3896.101	-4157.772	261.671	0.6885147	0.478404	0.329768	0.168513	0.0233141	2.071167	1.690777
40602	-3890.779	-4152.985	262.2057	0.680671	0.403462	0.284446	0.221253	0.0908397	2.091428	1.277236
40608	-3900.67	-4162.727	262.0572	0.7941482	0.249711	0.411104	0.254007	0.0851772	2.161454	1.242946
40614	-3902.954	-4164.803	261.8487	0.788762	0.480845	0.218084	0.239467	0.0616037	2.046428	1.502293
40620	-3897.635	-4159.55	261.915	0.6871983	0.495332	0.229486	0.222032	0.0531491	1.998543	1.568151
40626	-3898.516	-4160.28	261.7648	0.8750983	0.514128	0.199488	0.231071	0.0553128	1.93655	1.57917
40632	-3886.646	-4148.254	261.6081	0.7391969	0.418947	0.334727	0.158698	0.0876286	1.913779	1.807516
40638	-3888.407	-4149.979	261.5716	0.8664151	0.534119	0.256192	0.16952	0.0401691	1.913779	1.740199
40644	-3881.914	-4143.604	261.6908	0.6839217	0.457234	0.298472	0.197496	0.0467983	1.897613	1.801932
40650	-3890.568	-4152.261	261.6927	0.7673976	0.482739	0.237361	0.241381	0.0385193	1.914278	1.727376
40656	-3886.807	-4148.045	261.2381	0.8106729	0.518288	0.218587	0.222288	0.040837	1.812554	2.074369
40662	-3897.307	-4158.896	261.5892	0.584925	0.372074	0.372438	0.177559	0.0779288	1.79752	2.00951
40668	-3899.517	-4161.248	261.7309	0.5080293	0.425859	0.270281	0.247307	0.0565534	1.814474	1.956267
40674	-3901.856	-4163.565	261.7082	0.6335744	0.484814	0.25724	0.197111	0.0608351	1.783371	1.904735
40680	-3894.087	-4155.786	261.6992	0.6549802	0.400427	0.364976	0.162802	0.0717945	1.769795	1.904735
40686	-3883.601	-4145.458	261.8561	0.6310206	0.521914	0.205381	0.212195	0.060511	1.872017	1.743637
40692	-3880.87	-4142.845	261.9749	0.6102256	0.488306	0.280398	0.198531	0.0327653	1.87539	1.672777
40698	-3888.869	-4150.831	261.9624	0.5484222	0.488455	0.300942	0.177828	0.0327753	1.919864	1.695887
40704	-3883.271	-4145.01	261.739	0.5484222	0.442752	0.277948	0.264169	0.0151308	1.761083	1.959117
40710	-3881.811	-4142.738	260.9272	0.5570847	0.452241	0.219291	0.319759	0.00870856	1.723749	2.501371
40716	-3887.72	-4149.292	261.5719	0.7268068	0.547732	0.265595	0.126696	0.0599774	2.00788	1.776433
40722	-3884.837	-4146.398	261.5606	0.5874536	0.475618	0.354524	0.115283	0.0545749	1.721701	2.076945
40728	-3902.923	-4164.454	261.531	0.6063776	0.409439	0.319874	0.243316	0.0273702	1.805561	2.027936
40734	-3928.429	-4190.661	262.2322	0.6829982	0.443968	0.331287	0.191934	0.0328112	1.940186	1.375412
40740	-3909.379	-4171.684	262.3052	0.6047094	0.371948	0.379848	0.190296	0.0579079	1.962455	1.3655
40746	-3899.435	-4161.714	262.2791	0.5741036	0.396941	0.425084	0.11317	0.0648042	2.044585	1.346497
40752	-3887.907	-4150.063	262.1559	0.6508476	0.400999	0.403002	0.149141	0.0468582	2.058836	1.368867
40758	-3887.76	-4150.125	262.3654	0.5656272	0.461937	0.298377	0.214192	0.0254932	2.104638	1.234147
40764	-3898.217	-4160.519	262.3025	0.6246852	0.505267	0.227108	0.190579	0.0770463	2.063783	1.269082
40770	-3901.619	-4163.57	261.9507	0.8228993	0.536645	0.17911	0.202414	0.0818311	2.032833	1.407665
40776	-3911.019	-4173.08	262.0607	0.7726213	0.527879	0.182498	0.206243	0.0833791	2.032833	1.362832
40782	-3898.297	-4160.369	262.0723	0.8199233	0.499246	0.256064	0.174246	0.0704436	2.032833	1.314019
40788	-3899.427	-4161.343	261.9157	0.7487579	0.467183	0.258509	0.17591	0.0983975	2.009695	1.511119
40794	-3915.146	-4177.205	262.0588	0.6105544	0.36669	0.360325	0.17094	0.102044	1.880667	1.608381
40800	-3907.97	-4170.087	262.1163	0.5379757	0.386667	0.379955	0.180253	0.0531253	1.90594	1.603133
40806	-3909.563	-4171.51	261.947	0.6716253	0.480236	0.227536	0.225707	0.0665218	1.967513	1.579557
40812	-3918.709	-4180.757	262.0482	0.8060483	0.342262	0.371219	0.234529	0.0519899	1.884954	1.459924
40818	-3895.94	-4157.814	261.8748	0.6620758	0.536691	0.253732	0.181848	0.0277284	1.884954	1.698185
40824	-3901.926	-4163.724	261.7984	0.669403	0.499015	0.23592	0.239283	0.0257819	1.906724	1.731291
40830	-3901.617	-4163.675	262.0573	0.7902196	0.544742	0.22698	0.136669	0.0916093	1.964278	1.404696
40836	-3912.171	-4174.017	261.8459	0.7952876	0.453608	0.266224	0.172719	0.107448	2.028747	1.512458
40842	-3905.312	-4167.322	262.0107	0.8284427	0.395394	0.248135	0.315389	0.0410822	2.066252	1.329514
40848	-3892.252	-4154.469	262.2164	0.6657552	0.395394	0.248135	0.315389	0.0410822	2.101267	1.273327
40854	-3887.908	-4150.215	262.3067	0.6657552	0.363858	0.29474	0.290234	0.0511691	2.123964	1.177821
40860	-3886.734	-4149.225	262.4912	0.6479162	0.500581	0.18645	0.265183	0.0477857	2.168153	0.982068
40866	-3882.073	-4144.441	262.368	0.6899022	0.44262	0.328902	0.179988	0.0484901	2.221665	1.007446
40872	-3899.201	-4161.536	262.335	0.6337294	0.419099	0.329123	0.207087	0.0446921	2.341535	0.9797714
40878	-3892.638	-4155.168	262.5306	0.5914262	0.470101	0.336503	0.152445	0.0409515	2.341535	0.8076317
40884	-3896.979	-4159.406	262.427	0.6398246	0.499762	0.306711	0.145647	0.0478802	2.394241	0.8076317
40890	-3923.818	-4186.257	262.4394	0.5210535	0.431616	0.328851	0.183165	0.0563685	2.641211	0.50225
40896	-3910.775	-4173.229	262.454	0.504223	0.429654	0.22904	0.255218	0.086088	2.641211	0.5347737
40902	-3895.024	-4157.445	262.4217	0.6797069	0.474077	0.221851	0.228414	0.0756587	2.397148	0.7520845
40908	-3901.603	-4164.07	262.4678	0.6634358	0.438317	0.350593	0.127636	0.0834543	2.363911	0.7584714
40914	-3895.773	-4158.306	262.5329	0.5842733	0.404408	0.292377	0.233619	0.0695965	2.399492	0.7323476
40920	-3896.145	-4158.644	262.4995	0.6227652	0.399346	0.393553	0.180929	0.0261716	2.404515	0.7127829
40926	-3906.475	-4168.893	262.4177	0.7103455	0.57299	0.210147	0.175855	0.0410083	2.393587	0.7127829
40932	-3912.848	-4175.111	262.263	0.8277226	0.531958	0.183787	0.176301	0.107953	2.382495	0.7772199
40938	-3905.955	-4168.316	262.3612	0.7356358	0.540321	0.170956	0.179073	0.10965	2.415552	0.725525
40944	-3909.976	-4172.313	262.3375	0.757495	0.577805	0.157509	0.191496	0.0731902	2.395629	0.7571146
40950	-3909.771	-4171.995	262.2242	0.8537747	0.53937	0.147031	0.178758	0.13484	2.395629	0.7751851
40956	-3904.399	-4166.865	262.4661	0.6323531	0.437762	0.32737	0.145083	0.0897855	2.395629	0.7627427
40962	-3896.077	-4158.555	262.478	0.6556113	0.415863	0.335208	0.137825	0.111103	2.359087	0.7627427
40968	-3893.758	-4156.042	262.2843	0.7575742	0.423442	0.341317	0.209671	0.0255692	2.354239	0.8789518
40974	-3901.274	-4163.691	262.4171	0.6310242	0.434982	0.350619	0.188133	0.026266	2.323397	0.9151537
40980	-3909.383	-4171.817	262.434	0.5969949	0.428112	0.28154	0.22208	0.068268	2.444472	0.7913933
40986	-3916.915	-4179.477	262.5615	0.5851949	0.333863	0.352921	0.212797	0.100419	2.363786	0.7419109
40992	-3920.27	-4182.608	262.3378	0.6405404	0.453795	0.238789	0.174067	0.133349	2.495629	0.790274
40998	-3929.294	-4191.888	262.5942	0.4641526	0.386141	0.358044	0.156235	0.0995802	2.470364	0.7147747
41004	-3914.489	-4176.837	262.3475	0.5738921	0.474079	0.315796	0.184165	0.0259612	2.261547	1.105146
41010	-3916.692	-4179.169	262.4765	0.5882744	0.440811	0.367195	0.127726	0.0642683	2.471946	0.6986879
41016	-3905.984	-4168.417	262.4328	0.6048479	0.462936	0.296628	0.187668	0.0527679	2.469709	0.745243
41022	-3922.287	-4184.838	262.5509	0.514691	0.34144	0.345679	0.247446	0.0654349	2.456645	0.7267439
41028	-3895.49	-4157.96	262.4706	0.6326467	0.477493	0.233374	0.225691	0.0634424	2.32031	0.8551694
41034	-3900.471	-4162.919	262.4485	0.6326467	0.403571	0.36998	0.190751	0.0356984	2.294149	0.9108829
41040	-3892.256	-4154.714	262.4584	0.6696533	0.389554	0.35713	0.184126	0.0691909	2.258233	0.8961137
41046	-3890.246	-4152.653	262.4079	0.6582089	0.484808	0.290229	0.13291	0.0920537	2.259496	0.9625277
41052	-3917.099	-4178.54	261.4406	0.6934072	0.496358	0.182848	0.270431	0.0503639	1.764097	2.054323
41058	-3905.658	-4167.191	261.5334	0.7463397	0.523586	0.171496	0.285265	0.0196523	1.835819	1.906809
41064	-3904.604	-4166.276	261.6716	0.8121658	0.525069	0.193591	0.228477	0.0528633	1.826975	1.770394
41070	-3882.832	-4144.701	261.8696	0.8886895	0.555846	0.165312	0.241869	0.0369728	1.997541	1.444784
41076	-3895.41	-4157.076	261.6657	0.760112	0.500438	0.225026	0.217759	0.0567767	1.923625	1.74521
41082	-3910.577	-4172.581	262.0039	0.7311148	0.421486	0.332123	0.153046	0.0933455	2.062882	1.417916
41088	-3895.913	-4158.009	262.0958	0.6730447	0.435092	0.213572	0.258537	0.0927993	1.982452	1.456336
41094	-3892.368	-4154.412	262.0437	0.7009102	0.467688	0.229572	0.264781	0.0379588	1.982452	1.473458
41100	-3885.949	-4148.211	262.2616	0.6374397	0.349404	0.380059	0.177087	0.0934505	1.980756	1.358232
41106	-3898.467	-4160.353	261.886	0.8502019	0.407253	0.304518	0.177806	0.110424	1.932298	1.51175
41112	-3889.593	-4151.685	262.0926	0.6037023	0.395289	0.325296	0.172583	0.106832	2.078608	1.441265
41118	-3889.009	-4151.179	262.1703	0.7715595	0.539654	0.218044	0.12702	0.115282	2.054897	1.257251
41124	-3899.684	-4161.908	262.224	0.7854455	0.512096	0.202925	0.187355	0.0976241	2.123157	1.140034
41130	-3897.574	-4159.838	262.264	0.7661421	0.56642	0.151729	0.185299	0.0965525	2.135073	1.111605
41136	-3904.754	-4166.955	262.2007	0.6601848	0.402884	0.377367	0.157927	0.0618228	2.087133	1.30253
41142	-3907.496	-4169.72	262.2244	0.686128	0.411297	0.385247	0.135425	0.0680314	2.092294	1.256233
41148	-3897.409	-4159.55	262.1413	0.7133501	0.5525	0.24246	0.113653	0.0913873	2.092294	1.300833
41154	-3919.798	-4182.066	262.2684	0.6171036	0.391994	0.332129	0.156253	0.119624	2.092294	1.280206
41160	-3919.044	-4179.972	260.9286	0.5762285	0.352358	0.422431	0.197931	0.0272803	1.776981	2.454723
41166	-3896.163	-4157.412	261.2489	0.4567943	0.364526	0.365726	0.242392	0.027356	1.742821	2.349771
41172	-3907.631	-4168.881	261.2502	0.582114	0.372596	0.373822	0.22562	0.0279616	1.758353	2.258459
41178	-3905.397	-4165.609	260.2121	0.9564615	0.50076	0.297624	0.164204	0.037413	1.668738	2.719631
41184	-3917.272	-4179.441	262.1697	0.8134776	0.437944	0.267596	0.151661	0.142799	2.062085	1.214806
41190	-3912.528	-4174.694	262.1666	0.7907109	0.441554	0.313473	0.156889	0.0880834	2.132823	1.177212
41196	-3925.308	-4187.32	262.0118	0.821278	0.586935	0.139675	0.178457	0.0949337	2.048107	1.349071
41202	-3917.634	-4179.895	262.2605	0.739948	0.54883	0.130607	0.27492	0.0456437	2.055861	1.20859
41208	-3895.007	-4157.312	262.3041	0.6975212	0.349755	0.311302	0.321877	0.0170662	2.057175	1.20859
41214	-3903.794	-4165.914	262.1191	0.7579452	0.405708	0.434244	0.143519	0.0165292	1.987091	1.365057
41220	-3911.391	-4172.821	261.4307	0.7135164	0.403427	0.290007	0.283361	0.023205	1.743728	2.060261
41226	-3898.843	-4159.58	260.7369	0.7853967	0.43158	0.310245	0.183523	0.0746521	1.640186	2.522137
41232	-3909.912	-4172.008	262.0956	0.6556663	0.517686	0.240513	0.237388	0.00441254	2.123861	1.361129
41238	-3920.885	-4183.174	262.2896	0.6288429	0.573888	0.183648	0.226098	0.0163663	2.183775	1.174676
41244	-3933.568	-4195.924	262.3561	0.6368288	0.439189	0.216979	0.295128	0.0487043	2.183775	1.107964
41250	-3906.68	-4168.609	261.9298	0.7224903	0.520688	0.257243	0.164327	0.0577422	1.918198	1.588751
41256	-3896.79	-4158.683	261.8931	0.9298683	0.504766	0.125382	0.287976	0.0818757	1.931357	1.445189
41262	-3904.435	-4166.189	261.7547	0.696323	0.464447	0.253218	0.242687	0.0396478	1.862847	1.772582
41268	-3899.601	-4161.233	261.6326	0.7945628	0.434318	0.231091	0.261056	0.0735355	1.795907	1.831688
41274	-3911.09	-4171.515	260.4251	0.5612414	0.537047	0.287932	0.165912	0.00910917	1.498479	2.944446
41280	-3909.103	-4171.06	261.9568	0.785655	0.480629	0.294491	0.170218	0.0546616	2.010027	1.450498
41286	-3924.21	-4186.153	261.9428	0.7893834	0.452443	0.277221	0.214833	0.0555039	2.051818	1.426264
41292	-3916.705	-4178.348	261.6425	0.9638899	0.599733	0.100311	0.244559	0.0553973	1.921851	1.612871
41298	-3908.213	-4169.635	261.4223	0.8651951	0.477763	0.219131	0.194822	0.108285	1.944812	1.823253
41304	-3894.483	-4156.127	261.6439	0.8227569	0.525338	0.240952	0.177077	0.0566327	1.913507	1.721449
41310	-3891.438	-4152.646	261.2086	0.9448761	0.462227	0.222034	0.222561	0.0931778	1.904043	1.94093
41316	-3898.933	-4160.04	261.1073	1.102083	0.533468	0.223408	0.169868	0.0732566	1.877966	1.92154
41322	-3884.488	-4145.446	260.9577	0.7979598	0.433885	0.267319	0.241331	0.0574647	1.779554	2.286354
41328	-3892.009	-4153.044	261.0354	0.875674	0.463322	0.285456	0.20727	0.0439518	1.720964	2.222132
41334	-3915.743	-4175.999	260.2557	0.6278102	0.524058	0.183073	0.206926	0.0859422	1.537158	2.981107
41340	-3928.995	-4190.056	261.061	0.7431647	0.437739	0.342323	0.127207	0.0927316	1.558546	2.397909
41346	-3911.297	-4172.158	260.8614	0.7008982	0.483891	0.326547	0.148982	0.0405802	1.55174	2.555209
41352	-3907.028	-4166.947	259.9182	0.9456054	0.602539	0.185603	0.166068	0.04579	1.460733	3.030144
41358	-3914.905	-4175.789	260.8841	0.9954232	0.411883	0.241307	0.326101	0.020709	1.581486	2.33043
41364	-3910.744	-4172.152	261.408	0.6924041	0.390646	0.232261	0.319952	0.0571405	1.74847	2.086776
41370	-3904.316	-4165.203	260.8865	0.9161095	0.508094	0.135087	0.291987	0.0648323	1.724245	2.288981
41376	-3913.748	-4174.616	260.8684	0.9203937	0.562554	0.149566	0.216098	0.0717814	1.753793	2.278897
41382	-3903.263	-4164.857	261.5949	0.7692814	0.567324	0.142355	0.21793	0.07239	1.79649	1.875266
41388	-3897.689	-4159.436	261.7461	0.8379934	0.466731	0.162827	0.28443	0.086011	1.901981	1.645674
41394	-3914.377	-4175.521	261.1443	0.8208258	0.558978	0.286508	0.132251	0.0222631	1.771404	2.15579
41400	-3900.824	-4161.803	260.9784	0.7296139	0.441619	0.226355	0.314437	0.0175889	1.834303	2.284182
41406	-3897.66	-4159.297	261.637	0.8475487	0.398508	0.287712	0.304077	0.00970298	1.840654	1.759252
41412	-3907.691	-4169.265	261.5739	0.8176917	0.353882	0.380563	0.216761	0.0487944	1.804881	1.849181
41418	-3899.984	-4161.673	261.6898	0.6635544	0.413687	0.194275	0.281025	0.111013	1.798138	1.885706
41424	-3889.982	-4151.261	261.2791	0.6489542	0.350035	0.402318	0.193106	0.0545402	1.765816	2.189659
41430	-3895.884	-4157.352	261.4687	0.5225211	0.378855	0.34087	0.274209	0.00606637	1.765816	2.152066
41436	-3899.801	-4161.513	261.7125	0.5210536	0.489266	0.300498	0.195211	0.0150238	1.73901	2.010247
41442	-3894.215	-4155.942	261.7272	0.4281169	0.463187	0.372706	0.134294	0.0298124	1.73901	2.059949
41448	-3897.53	-4158.324	260.7946	0.586325	0.380905	0.429834	0.154879	0.034382	1.730794	2.560664
41454	-3901.285	-4162.569	261.2841	0.7801416	0.489248	0.266401	0.203392	0.0409593	1.696219	2.14148
41460	-3899.67	-4161.478	261.8085	0.5433126	0.339842	0.400784	0.181948	0.0774257	1.857898	1.849856
41466	-3896.967	-4158.565	261.5981	0.5133548	0.435299	0.342832	0.155639	0.0662302	1.836015	2.026962
41472	-3898.371	-4157.932	259.5612	1.03244	0.370744	0.237425	0.358472	0.0333594	1.528971	3.150411
41478	-3910.82	-4170.732	259.9117	1.087342	0.501583	0.177455	0.300275	0.0206861	1.549387	2.895853
41484	-3895.081	-4155.489	260.4073	0.8022394	0.442254	0.223672	0.264758	0.0693165	1.579003	2.75234
41490	-3900.106	-4160.434	260.3285	0.6591496	0.480255	0.266156	0.167767	0.0858217	1.578135	2.892591
41496	-3897.15	-4157.521	260.3716	0.7664282	0.356339	0.411081	0.167737	0.064844	1.655579	2.75036
41502	-3898.677	-4159.959	261.2815	0.6127692	0.366112	0.422355	0.144911	0.0666224	1.655579	2.283719
41508	-3894.67	-4156.216	261.5453	0.7227686	0.444503	0.245042	0.229567	0.0808875	1.64521	2.043097
41514	-3897.119	-4157.743	260.6242	0.8614166	0.484806	0.240978	0.20277	0.0714457	1.621037	2.55482
41520	-3898.168	-4159.096	260.9279	0.7761233	0.420152	0.342202	0.175729	0.0619176	1.611791	2.426361
41526	-3898.01	-4158.995	260.9855	0.7761233	0.496736	0.286891	0.143169	0.0732039	1.642601	2.370506
41532	-3886.112	-4145.526	259.4144	0.8910688	0.442252	0.326181	0.204386	0.0271808	1.444609	3.371305
41538	-3902.284	-4161.636	259.3526	0.8695464	0.504847	0.228052	0.231201	0.0359001	1.418834	3.435628
41544	-3907.219	-4166.842	259.6222	0.8695464	0.45679	0.240334	0.18026	0.122616	1.4463	3.261021
41550	-3890.136	-4149.6	259.4645	0.8525761	0.497511	0.263815	0.149494	0.0891789	1.45864	3.357016
41556	-3892.514	-4152.102	259.5886	0.7649606	0.455657	0.241622	0.271462	0.0312591	1.361079	3.395199
41562	-3896.273	-4156.042	259.7696	0.9207314	0.500262	0.218395	0.245367	0.0359752	1.539083	3.087251
41568	-3893.594	-4153.959	260.3653	0.9040703	0.470211	0.221282	0.246815	0.061692	1.761275	2.601148
41574	-3902.986	-4164.091	261.1043	0.9651359	0.489615	0.260197	0.167864	0.0823245	1.737643	2.107086
41580	-3908.622	-4169.824	261.2026	0.8001636	0.418469	0.313602	0.179766	0.0881618	1.787092	2.121628
41586	-3902.508	-4163.194	260.6856	0.9711756	0.536528	0.263403	0.150991	0.0490783	1.616833	2.44901
41592	-3884.189	-4142.496	258.3069	0.7365859	0.477188	0.30547	0.132207	0.0851341	1.330381	4.169042
41598	-3898.586	-4158.519	259.9323	0.6195147	0.438538	0.280728	0.165427	0.115307	1.335768	3.298459
41604	-3899.239	-4158.988	259.7486	0.6195147	0.384012	0.360845	0.199364	0.0557789	1.431351	3.350322
41610	-3911.142	-4172.023	260.8804	0.6545483	0.436293	0.273828	0.226506	0.0633729	1.563079	2.566893
41616	-3909.719	-4170.331	260.6114	0.7689594	0.602292	0.196775	0.143169	0.0577638	1.549035	2.667049
41622	-3916.306	-4176.479	260.1724	0.7209445	0.418731	0.300244	0.240866	0.0401591	1.657552	2.899402
41628	-3902.891	-4163.939	261.0474	0.8163242	0.516488	0.136878	0.297098	0.0495347	1.748994	2.23609
41634	-3918.726	-4180.624	261.8979	0.6617298	0.378258	0.325375	0.217584	0.0787827	1.754091	1.774154
41640	-3899.414	-4161.936	262.5222	0.5097316	0.430452	0.316264	0.189073	0.0642112	2.261946	1.001031
41646	-3896.078	-4158.664	262.5866	0.4533133	0.438526	0.347423	0.192619	0.0214311	2.254702	0.9988756
41652	-3900.142	-4162.613	262.4714	0.5537709	0.478752	0.33851	0.173364	0.0093736	2.180189	1.085237
41658	-3906.439	-4168.859	262.4198	0.5190459	0.414617	0.360939	0.184851	0.0395935	2.230456	1.118934
41664	-3904.181	-4166.628	262.4474	0.6181895	0.429018	0.316636	0.234143	0.0202029	2.185829	1.038995
41670	-3916.125	-4177.735	261.6102	0.9134197	0.505546	0.199005	0.270796	0.024653	2.004277	1.613752
41676	-3903.381	-4165.169	261.788	0.744575	0.431071	0.180099	0.359527	0.0293025	1.981748	1.628597
41682	-3892.986	-4152.281	259.2946	0.8128854	0.466762	0.237697	0.235731	0.0598103	1.425783	3.499896
41688	-3895.919	-4155.194	259.2746	0.8360131	0.580446	0.147498	0.216999	0.0550577	1.444825	3.486359
41694	-3888.904	-4149.315	260.4106	0.7952885	0.544603	0.128055	0.275685	0.0516578	1.560777	2.765917
41700	-3890.556	-4151.109	260.5536	0.5426458	0.476757	0.293286	0.184734	0.0452224	1.537454	2.854827
41706	-3901.89	-4162.394	260.5039	0.6057585	0.490139	0.300059	0.140555	0.0692468	1.580696	2.818888
41712	-3907.158	-4166.946	259.7878	0.7241242	0.48401	0.20496	0.242649	0.0683809	1.600662	3.16178
41718	-3901.94	-4162.367	260.4266	0.6854229	0.482056	0.252882	0.192142	0.072921	1.537668	2.840807
41724	-3919.652	-4181.924	262.2715	0.6696488	0.434179	0.29535	0.214995	0.0554756	2.035434	1.278747
41730	-3894.617	-4156.999	262.3815	0.6099673	0.466654	0.296035	0.197802	0.0395088	2.04346	1.23308
41736	-3893.495	-4155.678	262.1836	0.6099673	0.457587	0.312415	0.136141	0.0938572	2.131742	1.323129
41742	-3908.416	-4166.675	258.2586	0.8739291	0.499327	0.296842	0.161215	0.0426162	1.284845	4.14069
41748	-3904.478	-4163.4	258.9222	0.9210751	0.431585	0.22216	0.217206	0.129049	1.417328	3.656237
41754	-3896.681	-4158.162	261.4815	0.7200465	0.398107	0.352354	0.194165	0.0553731	1.820753	1.970665
41760	-3891.653	-4153.189	261.5359	0.6715039	0.34136	0.393309	0.217851	0.0474801	1.817725	1.970665
41766	-3898.671	-4160.275	261.6038	0.6306726	0.335646	0.338723	0.217951	0.107679	1.793076	1.970665
41772	-3888.162	-4150.121	261.9588	0.5837266	0.294306	0.411555	0.199272	0.094868	1.838721	1.729853
41778	-3899.01	-4161.003	261.993	0.5837266	0.35807	0.367196	0.186125	0.0886093	1.933598	1.637991
41784	-3897.199	-4159.09	261.8915	0.6377531	0.434321	0.314662	0.208372	0.0426447	2.010262	1.614937
41790	-3889.787	-4151.756	261.9689	0.5994176	0.470585	0.29449	0.195014	0.0399108	1.891486	1.673667
41796	-3901.891	-4163.844	261.9528	0.6372631	0.429311	0.311072	0.205995	0.0536216	1.867805	1.673607
41802	-3895.923	-4157.608	261.6845	0.6709323	0.429311	0.311072	0.205995	0.0536216	1.742033	1.922
41808	-3894.165	-4155.876	261.7118	0.7444374	0.522361	0.213414	0.193222	0.0710032	1.789385	1.817948
41814	-3891.938	-4153.452	261.514	0.6719442	0.501695	0.204971	0.210893	0.0824417	1.788838	2.0043
41820	-3896.589	-4158.205	261.6162	0.6939975	0.469418	0.240424	0.235485	0.0546732	1.759686	1.939716
41826	-3903.334	-4164.733	261.3988	0.6124281	0.48039	0.246044	0.217615	0.0559512	1.66376	2.203191
41832	-3900.118	-4160.889	260.7718	0.624155	0.486332	0.249087	0.196753	0.0678284	1.66376	2.591692
41838	-3899.182	-4160.269	261.0867	0.624155	0.428311	0.331136	0.173279	0.0672744	1.682516	2.382865
41844	-3897.291	-4158.083	260.7928	0.7987789	0.410088	0.297537	0.231926	0.0604485	1.654448	2.469478
41850	-3924.361	-4185.775	261.4143	0.90585	0.559077	0.233717	0.119206	0.0879996	1.750125	1.93287
41856	-3913.477	-4174.717	261.2395	0.6971358	0.502845	0.21021	0.207796	0.0791487	1.750125	2.192395
41862	-3906.758	-4167.969	261.2115	0.8419017	0.517042	0.0888139	0.301077	0.0930672	1.878773	2.026618
41868	-3903.697	-4165.387	261.6897	0.5732634	0.414374	0.30633	0.225339	0.053957	1.912426	1.872661
41874	-3904.784	-4166.138	261.3538	0.5732634	0.463818	0.266973	0.239961	0.0292478	1.750557	2.202663
41880	-3900.762	-4162.227	261.4651	0.7281366	0.462161	0.200127	0.268829	0.0688834	1.849597	1.95657
41886	-3897.993	-4159.39	261.3971	0.7608366	0.472119	0.232105	0.274622	0.0211539	1.827409	1.993791
41892	-3891.645	-4153.104	261.4591	0.8655681	0.509279	0.217452	0.245386	0.0278827	1.866389	1.851601
41898	-3892.751	-4154.066	261.3156	0.7693774	0.464509	0.198337	0.175485	0.161669	1.817021	2.048863
41904	-3887.543	-4148.938	261.3949	0.7845713	0.427351	0.302219	0.133105	0.137325	1.885097	1.939865
41910	-3888.194	-4149.692	261.4978	0.7462938	0.466709	0.330053	0.145364	0.0578738	1.868153	1.909001
41916	-3885.97	-4147.516	261.5464	0.6463309	0.434954	0.388406	0.123197	0.0534436	1.90853	1.920426
41922	-3901.146	-4162.804	261.658	0.8232227	0.489691	0.301114	0.159251	0.0499437	1.990772	1.65618
41928	-3892.338	-4153.901	261.5637	0.8160549	0.48738	0.299694	0.1585	0.0544265	1.879169	1.806256
41934	-3902.315	-4163.924	261.6082	0.7736182	0.488853	0.27806	0.158979	0.0741087	1.879169	1.806256
41940	-3894.38	-4155.956	261.5764	0.8570121	0.478182	0.275613	0.164418	0.0817873	1.989481	1.690246
41946	-3902.163	-4163.811	261.6474	0.7140717	0.457188	0.308295	0.186847	0.0476698	1.943701	1.777946
41952	-3899.221	-4160.156	260.9349	0.5540473	0.46179	0.325925	0.180456	0.0318296	1.619733	2.563318
41958	-3901.343	-4162.405	261.0621	0.5603793	0.499352	0.231992	0.233019	0.0356367	1.613643	2.483747
41964	-3901.922	-4163.47	261.5477	0.5603793	0.44614	0.329147	0.169922	0.0547909	1.769168	2.072708
41970	-3896.121	-4157.246	261.1248	0.5579615	0.414526	0.356925	0.157881	0.0706672	1.679475	2.404478
41976	-3903.857	-4164.53	260.6728	0.618752	0.493568	0.339047	0.142928	0.0244565	1.520449	2.744314
41982	-3894.989	-4155.303	260.3133	0.617837	0.403504	0.342025	0.217499	0.0369721	1.558288	2.940098
41988	-3911.869	-4172.652	260.7827	0.6031646	0.481919	0.235417	0.259767	0.0228971	1.591759	2.643154
41994	-3898.263	-4160.33	262.067	0.6193522	0.519892	0.280434	0.171153	0.0285208	2.083636	1.444376
42000	-3910.847	-4171.169	260.3224	0.6023581	0.52312	0.266036	0.184004	0.0268399	1.625025	2.904199
42006	-3894.313	-4154.731	260.4188	0.6621242	0.560937	0.195914	0.212196	0.0309523	1.605683	2.819281
42012	-3889.459	-4151.891	262.4313	0.5209171	0.354136	0.411567	0.180977	0.0533194	2.193461	1.140095
42018	-3896.872	-4159.384	262.512	0.513115	0.401152	0.386979	0.162482	0.0493871	2.173377	1.092394
42024	-3912.841	-4175.161	262.3206	0.6347309	0.371368	0.44072	0.17246	0.0154514	2.173377	1.151102
42030	-3901.952	-4164.495	262.543	0.4630913	0.372045	0.441523	0.172774	0.013658	2.097064	1.176861
42036	-3891.814	-4154.387	262.5728	0.4170685	0.288804	0.379999	0.239381	0.0918157	2.203796	1.092589
42042	-3896.827	-4159.22	262.3925	0.5992036	0.399193	0.387436	0.176282	0.0370885	2.203796	1.092589
42048	-3900.623	-4163.01	262.3869	0.6154757	0.378427	0.283884	0.221661	0.116028	2.260886	1.027668
42054	-3901.539	-4162.757	261.2184	0.6346404	0.372477	0.3393	0.253815	0.0344078	1.712658	2.272751
42060	-3903.712	-4165.115	261.403	0.4795862	0.31406	0.36622	0.251949	0.0677709	1.687507	2.272751
42066	-3907.771	-4168.944	261.173	0.6537062	0.456073	0.267197	0.151744	0.124985	1.657634	2.324035
42072	-3892.338	-4154.063	261.7241	0.5011652	0.428582	0.298447	0.228492	0.0444791	1.696502	2.044014
42078	-3892.276	-4153.21	260.9338	0.6284107	0.410168	0.288588	0.293605	0.00763938	1.561949	2.551589
42084	-3908.932	-4171.236	262.3038	0.6660667	0.406156	0.286265	0.272806	0.0347732	2.389272	0.9264141
42090	-3907.983	-4170.486	262.5029	0.6883779	0.394563	0.278094	0.265019	0.0623249	2.275725	0.795923
42096	-3899.343	-4161.723	262.3795	0.683659	0.418691	0.251914	0.278304	0.051091	2.295735	0.9255928
42102	-3890.278	-4152.867	262.5888	0.5549583	0.449759	0.318236	0.151348	0.0806565	2.183488	0.9661934
42108	-3910.321	-4172.697	262.3752	0.6049689	0.568856	0.19604	0.197312	0.037792	2.344919	0.9661934
42114	-3900.566	-4161.815	261.2488	0.4912526	0.378602	0.434518	0.166309	0.0205706	1.657022	2.383043
42120	-3897.619	-4158.27	260.6507	0.7374112	0.373388	0.333487	0.198428	0.0946967	1.610913	2.625172
42126	-3889.621	-4150.744	261.123	0.7028752	0.459257	0.299383	0.16015	0.0812091	1.692094	2.300712
42132	-3898.144	-4159.088	260.9434	0.6089519	0.457639	0.261482	0.238189	0.0426889	1.692094	2.477149
42138	-3884.932	-4145.819	260.8871	0.6865013	0.490858	0.295592	0.177137	0.0364132	1.666389	2.477149
42144	-3900.056	-4162.353	262.2968	0.7068276	0.455497	0.284424	0.226301	0.0337771	2.366154	0.9120996
42150	-3893.376	-4156.031	262.6552	0.4797432	0.43716	0.272974	0.259791	0.0300756	2.252226	0.9023225
42156	-3890.633	-4153.306	262.6736	0.5095425	0.486944	0.269993	0.209563	0.0335006	2.293344	0.7937131
42162	-3889.29	-4151.908	262.6186	0.5095425	0.463024	0.269864	0.209463	0.057649	2.406909	0.705554
42168	-3890.101	-4152.77	262.6691	0.4430764	0.443336	0.283499	0.200557	0.0726078	2.406909	0.7285598
42174	-3894.257	-4156.849	262.5921	0.5093233	0.407352	0.309876	0.219217	0.0635561	2.455899	0.6641903
42180	-3903.457	-4166.054	262.5972	0.5093233	0.426238	0.313595	0.211075	0.0490932	2.455899	0.6536967
42186	-3898.535	-4160.976	262.4416	0.571407	0.359496	0.395277	0.232992	0.0122341	2.438341	0.8245854
42192	-3912.728	-4174.259	261.531	0.7428521	0.436546	0.271567	0.245517	0.0463694	1.78337	1.946323
42198	-3914.085	-4175.97	261.8851	0.5385358	0.489584	0.304561	0.153852	0.052003	1.843562	1.810407
42204	-3917.291	-4179.19	261.8999	0.4848546	0.430544	0.321576	0.194277	0.053603	1.819172	1.854124
42210	-3901.838	-4163.28	261.4416	0.4848546	0.466349	0.292163	0.205496	0.0359929	1.876656	2.121982
42216	-3910.342	-4171.823	261.4815	0.5078086	0.391803	0.348024	0.244786	0.0153872	1.813932	2.121982
42222	-3904.048	-4165.646	261.5982	0.6207877	0.468463	0.262366	0.198018	0.0711527	1.818981	1.96403
42228	-3915.02	-4177.042	262.0224	0.6207877	0.325581	0.449421	0.175547	0.049451	1.879722	1.627623
42234	-3921.086	-4182.76	261.674	0.429708	0.335445	0.452947	0.144132	0.0674758	1.850639	2.02027
42240	-3910.334	-4171.909	261.5745	0.5033848	0.34516	0.448349	0.165651	0.0408402	1.750204	2.105739
42246	-3896.099	-4158.081	261.9818	0.62356	0.376756	0.427941	0.176471	0.0188317	1.913645	1.630347
42252	-3907.629	-4170.227	262.5984	0.5170575	0.468108	0.310399	0.195025	0.0264677	2.325829	0.8390546
42258	-3913.011	-4175.424	262.4139	0.6061566	0.438138	0.342643	0.1893	0.0299188	2.325829	0.9443315
42264	-3895.235	-4157.668	262.4326	0.592766	0.449138	0.318407	0.194052	0.0384026	2.235216	1.031339
42270	-3898.372	-4160.931	262.5587	0.5097657	0.406673	0.263481	0.270404	0.0594415	2.184848	1.040758
42276	-3898.788	-4161.106	262.3181	0.5724878	0.463179	0.243899	0.240135	0.0527875	2.0711	1.295106
42282	-3909.705	-4171.528	261.8226	0.7849534	0.381923	0.299455	0.251443	0.0671784	2.012602	1.549786
42288	-3906.791	-4169.048	262.2574	0.7493002	0.423585	0.262415	0.247796	0.0662038	2.039458	1.216831
42294	-3901.752	-4164.137	262.385	0.7332699	0.453183	0.263733	0.24904	0.0340447	2.140974	1.024929
42300	-3902.154	-4164.489	262.3348	0.5499246	0.425284	0.247497	0.287225	0.0399937	2.083662	1.29038
42306	-3904.598	-4167.072	262.4736	0.5014366	0.461075	0.226686	0.279075	0.0331636	2.057317	1.238066
42312	-3903.06	-4165.371	262.3115	0.5110274	0.445222	0.25783	0.286317	0.0106313	2.098465	1.32923
42318	-3890.374	-4152.749	262.3751	0.4544744	0.44217	0.339423	0.209156	0.00925194	2.091003	1.32852
42324	-3910.546	-4172.979	262.4329	0.405719	0.446706	0.342905	0.201043	0.00934686	2.09773	1.311988
42330	-3900.166	-4162.694	262.5285	0.4568243	0.399876	0.340412	0.248968	0.010744	2.043919	1.239669
42336	-3911.705	-4174.195	262.4902	0.4568243	0.394922	0.337388	0.246757	0.0209327	1.905272	1.382754
42342	-3906.303	-4168.337	262.0339	0.5272863	0.3902	0.333354	0.243807	0.0326386	1.907252	1.66934
42348	-3898.148	-4160.107	261.9585	0.5316008	0.376236	0.385309	0.209186	0.0292697	1.9349	1.700197
42354	-3891.261	-4153.611	262.3494	0.5803883	0.344927	0.391976	0.259008	0.00408974	2.065311	1.267436
42360	-3895.936	-4158.52	262.5849	0.4680199	0.431981	0.284907	0.276454	0.00665852	2.031637	1.193145
42366	-3893.848	-4156.135	262.2863	0.5105138	0.336223	0.333907	0.270528	0.059342	1.951817	1.463593
42372	-3886.942	-4148.808	261.8663	0.5887662	0.468851	0.272998	0.175401	0.0827504	1.932759	1.725063
42378	-3894.952	-4156.944	261.9919	0.4582447	0.39567	0.310611	0.199567	0.0941516	1.916334	1.740843
42384	-3897.355	-4159.334	261.9796	0.5281823	0.495854	0.282511	0.161272	0.0603626	1.859623	1.740843
42390	-3898.422	-4160.163	261.7417	0.6938016	0.402642	0.319581	0.123607	0.154171	1.9239	1.740843
42396	-3899.665	-4161.374	261.7093	0.6956856	0.415088	0.421263	0.117435	0.0462138	1.84216	1.818841
42402	-3912.213	-4173.786	261.5724	0.7548556	0.378848	0.384484	0.140708	0.0959604	1.900178	1.830052
42408	-3895.239	-4156.856	261.6167	0.7548556	0.400908	0.252216	0.272967	0.0739086	1.817818	1.85623
42414	-3909.359	-4170.85	261.4909	0.7327431	0.437961	0.258773	0.227419	0.0758467	1.803801	1.966692
42420	-3912.696	-4175.055	262.3588	0.5784573	0.452624	0.267437	0.235034	0.0449056	1.886748	1.404361
42426	-3900.946	-4162.897	261.9514	0.6226053	0.493558	0.169862	0.270835	0.065744	1.853651	1.695688
42432	-3910.859	-4172.692	261.8333	0.7210821	0.454886	0.210125	0.307151	0.0278377	1.961132	1.628711
42438	-3902.344	-4164.344	262.0006	0.6759957	0.379382	0.264199	0.333201	0.0232171	1.950692	1.549077
42444	-3901.125	-4163.211	262.0863	0.617108	0.434936	0.302886	0.220156	0.0420219	1.938024	1.541168
42450	-3895.509	-4157.504	261.9945	0.6262617	0.416049	0.329175	0.210596	0.0441801	1.877407	1.645207
42456	-3890.5	-4152.611	262.111	0.5281845	0.390527	0.342011	0.221559	0.0459029	1.842553	1.659828
42462	-3902.719	-4162.822	260.1025	0.6018428	0.443617	0.256587	0.272961	0.0268353	1.522374	3.098019
42468	-3900.348	-4160.593	260.2455	0.586752	0.449245	0.314907	0.212969	0.0228781	1.585291	2.984252
42474	-3885.966	-4145.25	259.2848	0.6808455	0.456182	0.265005	0.24871	0.0301025	1.544802	3.517386
42480	-3882.787	-4142.071	259.2834	0.6808455	0.4619	0.239269	0.265528	0.0333026	1.418054	3.59195
42486	-3897.01	-4156.824	259.8144	0.6434444	0.389519	0.320172	0.223919	0.0663895	1.474861	3.271078
42492	-3890.362	-4150.459	260.0973	0.6766614	0.439845	0.361538	0.123649	0.0749671	1.474861	3.082345
42498	-3892.79	-4153.052	260.2619	0.688732	0.384994	0.396941	0.135757	0.082308	1.491353	2.966179
42504	-3886.272	-4146.816	260.5441	0.688732	0.449104	0.212141	0.247813	0.0909415	1.699441	2.668047
42510	-3897.05	-4157.582	260.5319	0.7970235	0.51288	0.233692	0.216983	0.0364448	1.597422	2.668047
42516	-3896.268	-4156.901	260.6324	0.701699	0.500188	0.278069	0.186201	0.0355428	1.597422	2.668047
42522	-3906.734	-4167.296	260.562	0.7773471	0.449661	0.24998	0.265605	0.0347536	1.704348	2.596166
42528	-3891.239	-4151.175	259.9361	0.6532071	0.479375	0.266499	0.232885	0.0212411	1.572995	3.134728
42534	-3917.748	-4177.527	259.7792	0.8059743	0.487699	0.271126	0.219566	0.0216099	1.485005	3.184366
42540	-3911.844	-4173.546	261.7018	0.4890241	0.421977	0.3269	0.175911	0.0752127	1.805693	1.994291
42546	-3897.837	-4159.324	261.4864	0.6649105	0.421977	0.3269	0.175911	0.0752127	1.838911	1.994291
42552	-3902.462	-4163.698	261.2358	0.7991058	0.439849	0.289112	0.143689	0.12735	1.77804	2.106495
42558	-3905.334	-4167.201	261.867	0.695459	0.473011	0.301726	0.149958	0.0753046	1.939904	1.639247
42564	-3905.049	-4166.902	261.8528	0.6781776	0.398481	0.309291	0.215035	0.0771927	1.943401	1.660075
42570	-3894.214	-4156.119	261.9042	0.7020158	0.457041	0.298608	0.170957	0.0733944	1.882891	1.648518
42576	-3902.24	-4164.103	261.8633	0.6471007	0.376766	0.380509	0.182397	0.0603269	1.907728	1.70145
42582	-3907.748	-4169.805	262.0569	0.5045392	0.410385	0.258867	0.220195	0.110554	1.863269	1.700566
42588	-3886.085	-4147.793	261.7072	0.708679	0.500169	0.268164	0.207571	0.0240963	1.848217	1.806586
42594	-3891.006	-4152.707	261.7017	0.708679	0.351213	0.354754	0.249244	0.0447895	1.862997	1.800177
42600	-3896.643	-4158.539	261.8959	0.5875569	0.318195	0.425657	0.21557	0.0405787	1.787953	1.806287
42606	-3901.367	-4163.598	262.2319	0.5287808	0.326101	0.42769	0.147451	0.098758	1.866567	1.554226
42612	-3915.999	-4175.736	259.7368	0.8528918	0.444983	0.263689	0.214379	0.0769481	1.460005	3.195347
42618	-3916.463	-4176.856	260.3933	0.6817285	0.506975	0.221019	0.244245	0.0277613	1.45774	2.911731
42624	-3897.652	-4160.184	262.5321	0.5234512	0.384427	0.398364	0.152316	0.0648926	2.167307	1.069637
42630	-3890.078	-4152.498	262.4199	0.6186798	0.47984	0.251017	0.196554	0.0725884	2.180564	1.069637
42636	-3894.447	-4156.902	262.455	0.6186798	0.47984	0.251017	0.196554	0.0725884	2.2697	0.9462079
42642	-3893.582	-4156.114	262.5319	0.5834337	0.412566	0.321513	0.168997	0.0969241	2.2697	0.9027389
42648	-3907.767	-4170.448	262.6819	0.4557046	0.459846	0.311876	0.188364	0.0399141	2.202288	0.9526476
42654	-3896.249	-4158.914	262.6652	0.4806036	0.459846	0.311876	0.188364	0.0399141	2.19506	0.9526476
42660	-3901.616	-4164.277	262.6606	0.4813467	0.30168	0.429052	0.251402	0.0178664	2.198857	0.9526476
42666	-3891.662	-4154.351	262.6887	0.4249018	0.428754	0.404394	0.115277	0.0515741	2.211001	0.9660081
42672	-3915.356	-4178.043	262.6868	0.3634083	0.508006	0.287733	0.177792	0.0264681	2.197174	1.032354
